id,x,y,primary_school_students,secondary_school_students,district,parlimen,dun,bandar_luarbandar
0,109.643721,2.002174,4.239164791775654,3.633569821521989,Lundu,P.193 Santubong,N.03 Tanjong Datu,Luar Bandar
1,109.643721,2.010514,4.380814140945049,3.754983549381472,Lundu,P.193 Santubong,N.03 Tanjong Datu,Luar Bandar
2,109.648269,1.98405,5.364026212150666,4.597736753271999,Lundu,P.193 Santubong,N.03 Tanjong Datu,Luar Bandar
3,109.660892,1.897477,1.609238235868504,1.3793470593158608,Lundu,P.193 Santubong,N.03 Tanjong Datu,Luar Bandar
4,109.677046,1.618532,30.34036312514924,26.006025535842205,Lundu,P.192 Mas Gading,N.01 Opar,Luar Bandar
5,109.677046,1.877854,2.1223953659593016,1.8191960279651163,Lundu,P.193 Santubong,N.03 Tanjong Datu,Luar Bandar
6,109.67779,1.614986,3.230646236120237,2.7691253452459175,Lundu,P.192 Mas Gading,N.01 Opar,Luar Bandar
7,109.685377,1.618532,33.41490643306908,28.641348371202064,Lundu,P.192 Mas Gading,N.01 Opar,Luar Bandar
8,109.685377,1.626872,15.208761253745791,13.036081074639252,Lundu,P.192 Mas Gading,N.01 Opar,Luar Bandar
9,109.688401,1.616385,3.436084648794905,2.945215413252776,Lundu,P.192 Mas Gading,N.01 Opar,Luar Bandar
10,109.693708,1.635212,7.446607393327151,6.382806337137558,Lundu,P.192 Mas Gading,N.01 Opar,Luar Bandar
11,109.69999,1.838425,0.7625996228259555,0.6536568195651047,Lundu,P.193 Santubong,N.03 Tanjong Datu,Luar Bandar
12,109.702039,1.643552,3.937121403922952,3.374675489076816,Lundu,P.192 Mas Gading,N.01 Opar,Luar Bandar
13,109.704,1.832945,28.298525572679345,24.255879062296586,Lundu,P.193 Santubong,N.03 Tanjong Datu,Luar Bandar
14,109.705492,1.829739,9.025327343657326,7.735994865991994,Lundu,P.193 Santubong,N.03 Tanjong Datu,Luar Bandar
15,109.71037,1.835373,1.1235358232385695,0.9630307056330596,Lundu,P.193 Santubong,N.03 Tanjong Datu,Luar Bandar
16,109.7138,1.82177,2.662491791418014,2.282135821215441,Lundu,P.193 Santubong,N.03 Tanjong Datu,Luar Bandar
17,109.71415,1.803842,7.047123239983897,6.040391348557627,Lundu,P.192 Mas Gading,N.01 Opar,Luar Bandar
18,109.716489,1.655422,10.626838254770579,9.108718504089069,Lundu,P.192 Mas Gading,N.01 Opar,Luar Bandar
19,109.718249,1.647486,7.620739410612023,6.532062351953163,Lundu,P.192 Mas Gading,N.01 Opar,Luar Bandar
20,109.718701,1.585172,8.117701359895054,6.958029737052904,Lundu,P.192 Mas Gading,N.01 Opar,Luar Bandar
21,109.718701,1.660232,6.988815851116627,5.990413586671395,Lundu,P.192 Mas Gading,N.01 Opar,Luar Bandar
22,109.723946,1.727585,3.0858907106822113,2.6450491805847527,Lundu,P.192 Mas Gading,N.01 Opar,Luar Bandar
23,109.72401,1.613876,5.811758989513023,4.981507705296877,Lundu,P.192 Mas Gading,N.01 Opar,Luar Bandar
24,109.7252,1.8336,1.2069774003226508,1.034552057419415,Lundu,P.193 Santubong,N.03 Tanjong Datu,Luar Bandar
25,109.727032,1.643552,7.211836559374053,6.181574193749189,Lundu,P.192 Mas Gading,N.01 Opar,Luar Bandar
26,109.727032,1.651892,3.468879193020978,2.97332502258941,Lundu,P.192 Mas Gading,N.01 Opar,Luar Bandar
27,109.727032,1.660232,18.96030567271746,16.251690576614966,Lundu,P.192 Mas Gading,N.01 Opar,Luar Bandar
28,109.727032,1.726952,5.253407971970291,4.5029211188316784,Lundu,P.192 Mas Gading,N.01 Opar,Luar Bandar
29,109.727032,1.802013,1.242071784768057,1.0646329583726202,Lundu,P.193 Santubong,N.03 Tanjong Datu,Luar Bandar
30,109.7292,1.82976,1.8948249864045565,1.6241357026324772,Lundu,P.193 Santubong,N.03 Tanjong Datu,Luar Bandar
31,109.735363,1.635212,7.212996602450696,6.182568516386311,Lundu,P.192 Mas Gading,N.01 Opar,Luar Bandar
32,109.735363,1.643552,3.6115235505119916,3.0955916147245643,Lundu,P.192 Mas Gading,N.01 Opar,Luar Bandar
33,109.735363,1.735293,59.816881737141,51.27161291754943,Lundu,P.192 Mas Gading,N.01 Opar,Luar Bandar
34,109.735363,1.802013,7.405309556786374,6.347408191531178,Lundu,P.193 Santubong,N.03 Tanjong Datu,Luar Bandar
35,109.735363,1.810353,4.000051970778191,3.428615974952736,Lundu,P.193 Santubong,N.03 Tanjong Datu,Luar Bandar
36,109.736971,1.830286,0.8661992559735642,0.7424565051201979,Lundu,P.193 Santubong,N.03 Tanjong Datu,Luar Bandar
37,109.743694,1.743633,18.020193896751916,15.445880482930217,Lundu,P.192 Mas Gading,N.01 Opar,Luar Bandar
38,109.743694,1.768653,6.4540762275912185,5.532065337935331,Lundu,P.192 Mas Gading,N.01 Opar,Luar Bandar
39,109.743694,1.776993,2.558644680568556,2.193124011915905,Lundu,P.192 Mas Gading,N.01 Opar,Luar Bandar
40,109.743694,1.802013,4.527801360916158,3.8809725950709932,Lundu,P.193 Santubong,N.03 Tanjong Datu,Luar Bandar
41,109.747581,1.746427,6.136230303184973,5.259625974158549,Lundu,P.192 Mas Gading,N.01 Opar,Luar Bandar
42,109.74968,1.827079,2.899662469905747,2.4854249742049257,Lundu,P.193 Santubong,N.03 Tanjong Datu,Luar Bandar
43,109.752025,1.635212,9.829859441044876,8.425593806609895,Lundu,P.192 Mas Gading,N.01 Opar,Luar Bandar
44,109.752025,1.643552,6.841458453484827,5.864107245844139,Lundu,P.192 Mas Gading,N.01 Opar,Luar Bandar
45,109.752025,1.751973,6.267415457105931,5.372070391805084,Lundu,P.192 Mas Gading,N.01 Opar,Luar Bandar
46,109.752025,1.760313,12.229035205676714,10.482030176294327,Lundu,P.192 Mas Gading,N.01 Opar,Luar Bandar
47,109.752025,1.768653,9.81485926058121,8.41273650906961,Lundu,P.192 Mas Gading,N.01 Opar,Luar Bandar
48,109.752025,1.785333,1.7859162143611211,1.530785326595247,Lundu,P.192 Mas Gading,N.01 Opar,Luar Bandar
49,109.752025,1.802013,16.827513750581872,14.423583214784461,Lundu,P.193 Santubong,N.03 Tanjong Datu,Luar Bandar
50,109.752025,1.818693,7.637127825863688,6.546109565026018,Lundu,P.193 Santubong,N.03 Tanjong Datu,Luar Bandar
51,109.760356,1.643552,3.3827408856807732,2.8994921877263775,Lundu,P.192 Mas Gading,N.01 Opar,Luar Bandar
52,109.760356,1.802013,53.64549101333218,45.98184943999902,Lundu,P.193 Santubong,N.03 Tanjong Datu,Luar Bandar
53,109.760356,1.818693,2.0553578502561205,1.7617353002195322,Lundu,P.193 Santubong,N.03 Tanjong Datu,Luar Bandar
54,109.761389,1.82295,2.3292901014698004,1.9965343726884004,Lundu,P.193 Santubong,N.03 Tanjong Datu,Luar Bandar
55,109.76728,1.741194,4.064308513711627,3.4836930117528233,Lundu,P.192 Mas Gading,N.01 Opar,Luar Bandar
56,109.768687,1.626872,6.438797261407643,5.518969081206551,Lundu,P.192 Mas Gading,N.01 Opar,Luar Bandar
57,109.768687,1.710272,11.802444544918593,10.116381038501652,Lundu,P.192 Mas Gading,N.01 Opar,Luar Bandar
58,109.768687,1.743633,14.738851567825101,12.63330134385009,Lundu,P.192 Mas Gading,N.01 Opar,Luar Bandar
59,109.768687,1.793673,7.8727499161851675,6.748071356730144,Lundu,P.193 Santubong,N.03 Tanjong Datu,Luar Bandar
60,109.768687,1.802013,89.39848180144836,76.62727011552718,Lundu,P.193 Santubong,N.03 Tanjong Datu,Luar Bandar
61,109.768687,1.810353,49.74046572419488,42.63468490645275,Lundu,P.193 Santubong,N.03 Tanjong Datu,Luar Bandar
62,109.768687,1.818693,4.462623258470591,3.8251056501176492,Lundu,P.193 Santubong,N.03 Tanjong Datu,Luar Bandar
63,109.772623,1.553292,3.2865453744503483,2.8170388923860123,Lundu,P.192 Mas Gading,N.01 Opar,Luar Bandar
64,109.772741,1.549388,6.3922484180218815,5.479070072590185,Lundu,P.192 Mas Gading,N.01 Opar,Luar Bandar
65,109.773545,1.721247,3.377654756765776,2.8951326486563795,Lundu,P.192 Mas Gading,N.01 Opar,Luar Bandar
66,109.77393,1.711874,11.75653075243762,10.077026359232246,Lundu,P.192 Mas Gading,N.01 Opar,Luar Bandar
67,109.776536,1.815718,0.2532197590781009,0.22966656397022112,Kuching,P.193 Santubong,N.03 Tanjong Datu,Luar Bandar
68,109.777018,1.618532,3.028420823891186,2.5957892776210163,Lundu,P.192 Mas Gading,N.01 Opar,Luar Bandar
69,109.777018,1.635212,10.006593969817015,8.577080545557441,Lundu,P.192 Mas Gading,N.01 Opar,Luar Bandar
70,109.777018,1.701932,3.3946825248174877,2.9097278784149894,Lundu,P.192 Mas Gading,N.01 Opar,Luar Bandar
71,109.777018,1.710272,62.4508215170797,53.52927558606831,Lundu,P.192 Mas Gading,N.01 Opar,Luar Bandar
72,109.777018,1.718612,7.147528004838861,6.126452575576167,Lundu,P.192 Mas Gading,N.01 Opar,Luar Bandar
73,109.777018,1.726952,4.085359344065132,3.501736580627256,Lundu,P.192 Mas Gading,N.01 Opar,Luar Bandar
74,109.777018,1.751973,5.889997522511576,5.048569305009923,Lundu,P.192 Mas Gading,N.01 Opar,Luar Bandar
75,109.777018,1.793673,11.911617618989505,10.209957959133861,Lundu,P.193 Santubong,N.03 Tanjong Datu,Luar Bandar
76,109.777018,1.802013,74.82619618414998,64.13673958641427,Lundu,P.193 Santubong,N.03 Tanjong Datu,Luar Bandar
77,109.777018,1.810353,37.68396087569466,32.30053789345257,Lundu,P.193 Santubong,N.03 Tanjong Datu,Luar Bandar
78,109.778684,1.803809,0.9488454403722901,0.8132960917476773,Lundu,P.193 Santubong,N.03 Tanjong Datu,Luar Bandar
79,109.780819,1.578141,5.346214495088724,4.582469567218906,Lundu,P.192 Mas Gading,N.01 Opar,Luar Bandar
80,109.780841,1.643625,3.357204224451236,2.877603620958203,Lundu,P.192 Mas Gading,N.01 Opar,Luar Bandar
81,109.78157,1.60462,2.9058794947565114,2.4907538526484383,Lundu,P.192 Mas Gading,N.01 Opar,Luar Bandar
82,109.783072,1.800389,0.9317542145339717,0.7986464696005471,Lundu,P.193 Santubong,N.03 Tanjong Datu,Luar Bandar
83,109.785349,1.635212,6.6166086786088,5.671378867378971,Lundu,P.192 Mas Gading,N.01 Opar,Luar Bandar
84,109.785349,1.693592,10.321771005183637,8.847232290157404,Lundu,P.192 Mas Gading,N.01 Opar,Luar Bandar
85,109.785349,1.701932,6.6826079857104,5.7279497020374865,Lundu,P.192 Mas Gading,N.01 Opar,Luar Bandar
86,109.785349,1.743633,12.561561200314426,10.767052457412364,Lundu,P.192 Mas Gading,N.01 Opar,Luar Bandar
87,109.785349,1.793673,11.733532706381999,10.057313748327427,Lundu,P.193 Santubong,N.03 Tanjong Datu,Luar Bandar
88,109.787643,1.80574,1.0678393395226031,0.9152908624479457,Lundu,P.193 Santubong,N.03 Tanjong Datu,Luar Bandar
89,109.789252,1.650746,26.117387007753916,22.386331720931928,Lundu,P.192 Mas Gading,N.01 Opar,Luar Bandar
90,109.793681,1.660232,12.787432646097315,10.960656553797698,Lundu,P.192 Mas Gading,N.01 Opar,Luar Bandar
91,109.793681,1.685252,31.61820618316205,27.101319585567474,Lundu,P.192 Mas Gading,N.01 Opar,Luar Bandar
92,109.793681,1.693592,10.117045359707895,8.671753165463908,Lundu,P.192 Mas Gading,N.01 Opar,Luar Bandar
93,109.793681,1.743633,5.539862178326201,4.748453295708173,Lundu,P.193 Santubong,N.03 Tanjong Datu,Luar Bandar
94,109.800711,1.757901,1.1269995624958056,0.9659996249964049,Lundu,P.193 Santubong,N.03 Tanjong Datu,Luar Bandar
95,109.802012,1.668572,43.04820936929139,36.89846517367834,Lundu,P.192 Mas Gading,N.01 Opar,Luar Bandar
96,109.802012,1.676912,3.985649274744521,3.416270806923875,Lundu,P.192 Mas Gading,N.01 Opar,Luar Bandar
97,109.802012,1.743633,1.5701897489069119,1.345876927634496,Lundu,P.193 Santubong,N.03 Tanjong Datu,Luar Bandar
98,109.802012,1.760313,1.340017046839494,1.148586040148138,Lundu,P.193 Santubong,N.03 Tanjong Datu,Luar Bandar
99,109.810343,1.526791,3.336236848050942,2.859631584043665,Lundu,P.192 Mas Gading,N.01 Opar,Luar Bandar
100,109.810343,1.660232,3.5227290005197256,3.019482000445479,Lundu,P.192 Mas Gading,N.01 Opar,Luar Bandar
101,109.818674,1.651892,3.177033660264622,2.723171708798248,Lundu,P.192 Mas Gading,N.01 Opar,Luar Bandar
102,109.818674,1.660232,3.4453503782871397,2.9531574671032628,Lundu,P.192 Mas Gading,N.01 Opar,Luar Bandar
103,109.827005,1.660232,37.79669009002374,32.39716293430607,Lundu,P.193 Santubong,N.03 Tanjong Datu,Luar Bandar
104,109.835336,1.651892,1.5149080368774452,1.2984926030378101,Lundu,P.193 Santubong,N.03 Tanjong Datu,Luar Bandar
105,109.835336,1.660232,73.47004617125714,62.974325289648974,Lundu,P.193 Santubong,N.03 Tanjong Datu,Luar Bandar
106,109.835336,1.668572,78.80937327133174,67.5508913754272,Lundu,P.193 Santubong,N.03 Tanjong Datu,Luar Bandar
107,109.835654,1.770244,1.8074043162201296,1.5492036996172542,Lundu,P.193 Santubong,N.03 Tanjong Datu,Luar Bandar
108,109.837811,1.77285,1.7612737286429558,1.5096631959796762,Lundu,P.193 Santubong,N.03 Tanjong Datu,Luar Bandar
109,109.838626,1.766438,1.8946770089128395,1.624008864782434,Lundu,P.193 Santubong,N.03 Tanjong Datu,Luar Bandar
110,109.843667,1.543471,30.335597366542665,26.001940599893715,Lundu,P.192 Mas Gading,N.01 Opar,Luar Bandar
111,109.843667,1.610192,2.289354728291535,1.9623040528213158,Lundu,P.192 Mas Gading,N.01 Opar,Luar Bandar
112,109.843667,1.643552,18.607921624082465,15.949647106356396,Lundu,P.192 Mas Gading,N.01 Opar,Luar Bandar
113,109.843667,1.668572,131.82655805721356,112.9941926204688,Lundu,P.193 Santubong,N.03 Tanjong Datu,Luar Bandar
114,109.843667,1.676912,45.11411026110161,38.66923736665852,Lundu,P.193 Santubong,N.03 Tanjong Datu,Luar Bandar
115,109.843667,1.693592,7.706578549345162,6.605638756581568,Lundu,P.193 Santubong,N.03 Tanjong Datu,Luar Bandar
116,109.845512,1.60648,4.517156546119817,3.8718484681027006,Lundu,P.192 Mas Gading,N.01 Opar,Luar Bandar
117,109.845986,1.458599,2.9058794947565114,2.4907538526484383,Lundu,P.192 Mas Gading,N.01 Opar,Luar Bandar
118,109.848036,1.542652,45.48317197123553,38.985575975344744,Lundu,P.192 Mas Gading,N.01 Opar,Luar Bandar
119,109.850868,1.545956,14.927652573769986,12.795130777517132,Lundu,P.192 Mas Gading,N.01 Opar,Luar Bandar
120,109.851998,1.643552,13.317567710322294,11.415058037419112,Lundu,P.192 Mas Gading,N.01 Opar,Luar Bandar
121,109.851998,1.660232,22.045635277843775,18.896258809580377,Lundu,P.193 Santubong,N.03 Tanjong Datu,Luar Bandar
122,109.851998,1.668572,115.20785141797184,98.74958692969014,Lundu,P.193 Santubong,N.03 Tanjong Datu,Luar Bandar
123,109.851998,1.676912,132.97398996212866,113.97770568182459,Lundu,P.193 Santubong,N.03 Tanjong Datu,Luar Bandar
124,109.851998,1.685252,60.42485752122474,51.79273501819263,Lundu,P.193 Santubong,N.03 Tanjong Datu,Luar Bandar
125,109.851998,1.693592,13.276917504855447,11.380215004161814,Lundu,P.193 Santubong,N.03 Tanjong Datu,Luar Bandar
126,109.851998,1.701932,1.5133266414311084,1.2971371212266642,Lundu,P.193 Santubong,N.03 Tanjong Datu,Luar Bandar
127,109.854096,1.603475,14.702871156803191,12.602460991545593,Lundu,P.192 Mas Gading,N.01 Opar,Luar Bandar
128,109.855857,1.673439,2.072827032563839,1.776708885054719,Lundu,P.193 Santubong,N.03 Tanjong Datu,Luar Bandar
129,109.860329,1.643552,12.969438412667083,11.116661496571787,Lundu,P.192 Mas Gading,N.01 Opar,Luar Bandar
130,109.860329,1.651892,30.845311992937248,26.438838851089074,Lundu,P.193 Santubong,N.03 Tanjong Datu,Luar Bandar
131,109.860329,1.676912,25.70428112496216,22.032240964253283,Lundu,P.193 Santubong,N.03 Tanjong Datu,Luar Bandar
132,109.860329,1.693592,2.427562748272278,2.0807680699476663,Lundu,P.193 Santubong,N.03 Tanjong Datu,Luar Bandar
133,109.860329,1.701932,1.2305364440943762,1.0547455235094654,Lundu,P.193 Santubong,N.03 Tanjong Datu,Luar Bandar
134,109.860329,1.710272,5.259021277893108,4.50773252390838,Lundu,P.193 Santubong,N.03 Tanjong Datu,Luar Bandar
135,109.860329,1.718612,2.820143964642879,2.4172662554081823,Lundu,P.193 Santubong,N.03 Tanjong Datu,Luar Bandar
136,109.860329,1.751973,4.201620438656157,3.6013889474195633,Lundu,P.193 Santubong,N.03 Tanjong Datu,Luar Bandar
137,109.860329,1.760313,7.505353055018766,6.433159761444657,Lundu,P.193 Santubong,N.03 Tanjong Datu,Luar Bandar
138,109.861173,1.659889,24.729836997840994,21.19700314100657,Lundu,P.193 Santubong,N.03 Tanjong Datu,Luar Bandar
139,109.862471,1.763371,1.315107698792931,1.127235170393941,Lundu,P.193 Santubong,N.03 Tanjong Datu,Luar Bandar
140,109.863667,1.652827,18.476988398086057,15.837418626930909,Lundu,P.193 Santubong,N.03 Tanjong Datu,Luar Bandar
141,109.865062,1.54202,5.971495942321397,5.118425093418341,Lundu,P.192 Mas Gading,N.01 Opar,Luar Bandar
142,109.86866,1.735293,2.1306782946472382,1.8262956811262048,Lundu,P.193 Santubong,N.03 Tanjong Datu,Luar Bandar
143,109.86866,1.751973,23.699681076754114,20.31401235150353,Lundu,P.193 Santubong,N.03 Tanjong Datu,Luar Bandar
144,109.86866,1.760313,5.574683539037885,4.778300176318188,Lundu,P.193 Santubong,N.03 Tanjong Datu,Luar Bandar
145,109.873012,1.548937,8.910357491814537,7.637449278698176,Lundu,P.192 Mas Gading,N.01 Opar,Luar Bandar
146,109.876177,1.74781,2.0168272152210562,1.7287090416180482,Lundu,P.193 Santubong,N.03 Tanjong Datu,Luar Bandar
147,109.876991,1.635212,1.7117279852480047,1.4671954159268612,Lundu,P.193 Santubong,N.03 Tanjong Datu,Luar Bandar
148,109.876991,1.643552,1.8132457963211055,1.5542106825609476,Lundu,P.193 Santubong,N.03 Tanjong Datu,Luar Bandar
149,109.878066,1.656205,4.270936202725366,3.660802459478886,Lundu,P.193 Santubong,N.03 Tanjong Datu,Luar Bandar
150,109.879353,1.553195,8.910357491814537,7.637449278698176,Lundu,P.192 Mas Gading,N.01 Opar,Luar Bandar
151,109.885222,1.61764,1.5956216804046035,1.367675726061089,Lundu,P.193 Santubong,N.03 Tanjong Datu,Luar Bandar
152,109.885322,1.560151,11.181674670634932,9.584292574829941,Lundu,P.192 Mas Gading,N.01 Opar,Luar Bandar
153,109.885322,1.718612,1.548034818837208,1.3268869875747495,Lundu,P.193 Santubong,N.03 Tanjong Datu,Luar Bandar
154,109.88946,1.462568,15.673094702210017,13.434081173322873,Lundu,P.192 Mas Gading,N.01 Opar,Luar Bandar
155,109.889717,1.647336,1.227137248989111,1.0518319277049522,Lundu,P.193 Santubong,N.03 Tanjong Datu,Luar Bandar
156,109.892185,1.55845,19.109307854807945,16.379406732692527,Lundu,P.192 Mas Gading,N.01 Opar,Luar Bandar
157,109.893653,1.460071,16.110790636227495,13.809249116766424,Lundu,P.192 Mas Gading,N.01 Opar,Luar Bandar
158,109.893653,1.560151,2.8089077112366767,2.4076351810600087,Lundu,P.192 Mas Gading,N.01 Opar,Luar Bandar
159,109.893653,1.585172,19.729405641299717,16.910919121114045,Lundu,P.192 Mas Gading,N.01 Opar,Luar Bandar
160,109.893653,1.593512,48.91575511538002,41.92779009889717,Lundu,P.193 Santubong,N.03 Tanjong Datu,Luar Bandar
161,109.893653,1.601852,4.789009908033096,4.10486563545694,Lundu,P.193 Santubong,N.03 Tanjong Datu,Luar Bandar
162,109.893653,1.643552,1.2710276295959337,1.0894522539393718,Lundu,P.193 Santubong,N.03 Tanjong Datu,Luar Bandar
163,109.902297,1.541575,14.786592959455533,12.674222536676174,Lundu,P.192 Mas Gading,N.01 Opar,Luar Bandar
164,109.910315,1.443391,42.42095004278479,36.360814322386965,Lundu,P.192 Mas Gading,N.01 Opar,Luar Bandar
165,109.910315,1.485091,18.565758474965335,15.913507264256001,Lundu,P.192 Mas Gading,N.01 Opar,Luar Bandar
166,109.910315,1.510111,19.282787291469983,16.528103392688557,Lundu,P.192 Mas Gading,N.01 Opar,Luar Bandar
167,109.910315,1.710272,1.5525431720337144,1.3307512903146126,Lundu,P.193 Santubong,N.03 Tanjong Datu,Luar Bandar
168,109.913492,1.439744,11.244074087042042,9.637777788893178,Lundu,P.192 Mas Gading,N.01 Opar,Luar Bandar
169,109.916303,1.521492,10.592173101472646,9.079005515547983,Lundu,P.192 Mas Gading,N.01 Opar,Luar Bandar
170,109.917119,1.524388,10.883382043208087,9.328613179892647,Lundu,P.192 Mas Gading,N.01 Opar,Luar Bandar
171,109.918647,1.485091,33.26636118599974,28.514023873714073,Lundu,P.192 Mas Gading,N.01 Opar,Luar Bandar
172,109.918647,1.493431,31.904334668259263,27.346572572793654,Lundu,P.192 Mas Gading,N.01 Opar,Luar Bandar
173,109.922934,1.489016,12.557414858980946,10.763498450555097,Lundu,P.192 Mas Gading,N.01 Opar,Luar Bandar
174,109.926978,1.485091,12.152946849151512,10.41681158498701,Lundu,P.192 Mas Gading,N.01 Opar,Luar Bandar
175,109.926978,1.601852,3.42235930491114,2.933450832780977,Lundu,P.193 Santubong,N.03 Tanjong Datu,Luar Bandar
176,109.929317,1.501672,15.738038885920016,13.489747616502871,Lundu,P.192 Mas Gading,N.01 Opar,Luar Bandar
177,109.933491,1.603773,17.54919165747107,15.042164277832345,Lundu,P.193 Santubong,N.03 Tanjong Datu,Luar Bandar
178,109.938941,1.494979,9.172279240914424,7.861953635069508,Lundu,P.192 Mas Gading,N.01 Opar,Luar Bandar
179,109.94364,1.485091,12.451417268456423,10.672643372962648,Lundu,P.192 Mas Gading,N.01 Opar,Luar Bandar
180,109.94364,1.493431,33.11913161945986,28.387827102394162,Lundu,P.192 Mas Gading,N.01 Opar,Luar Bandar
181,109.94364,1.610192,5.541147302611277,4.749554830809665,Lundu,P.193 Santubong,N.03 Tanjong Datu,Luar Bandar
182,109.94364,1.618532,10.62597366013508,9.107977422972926,Lundu,P.193 Santubong,N.03 Tanjong Datu,Luar Bandar
183,109.95159,1.591729,1.9123273081880081,1.6391376927325787,Lundu,P.193 Santubong,N.03 Tanjong Datu,Luar Bandar
184,109.951971,1.476751,8.410055125163284,7.208618678711387,Lundu,P.192 Mas Gading,N.01 Opar,Luar Bandar
185,109.951971,1.485091,32.53339180429168,27.885764403678586,Lundu,P.192 Mas Gading,N.01 Opar,Luar Bandar
186,109.951971,1.610192,1.0918460883141887,0.9358680756978763,Lundu,P.193 Santubong,N.03 Tanjong Datu,Luar Bandar
187,109.951971,1.618532,8.693520197112184,7.451588740381872,Lundu,P.193 Santubong,N.03 Tanjong Datu,Luar Bandar
188,109.954541,1.462761,41.04153224309131,35.17845620836398,Lundu,P.192 Mas Gading,N.01 Opar,Luar Bandar
189,109.957266,1.644505,3.6472088642136837,3.126179026468872,Lundu,P.193 Santubong,N.03 Tanjong Datu,Luar Bandar
190,109.960302,1.476751,8.629955928636466,7.3971050816884,Lundu,P.192 Mas Gading,N.01 Opar,Luar Bandar
191,109.960302,1.485091,16.98822341966679,14.561334359714394,Lundu,P.192 Mas Gading,N.01 Opar,Luar Bandar
192,109.968633,1.476751,17.88662816789011,15.331395572477238,Lundu,P.192 Mas Gading,N.01 Opar,Luar Bandar
193,109.968633,1.485091,24.653817930948172,21.131843940812722,Lundu,P.192 Mas Gading,N.01 Opar,Luar Bandar
194,109.976964,1.38501,1.3976851240758823,1.4295957433470212,Bau,P.192 Mas Gading,N.02 Tasik Biru,Luar Bandar
195,109.976964,1.476751,37.185580983224604,31.87335512847823,Lundu,P.192 Mas Gading,N.01 Opar,Luar Bandar
196,109.98368,1.387918,13.135550142031626,13.43544854710084,Bau,P.192 Mas Gading,N.02 Tasik Biru,Luar Bandar
197,109.98368,1.394053,1.5003854363728857,1.5346408116325407,Bau,P.192 Mas Gading,N.02 Tasik Biru,Luar Bandar
198,109.985295,1.39335,24.313055477818615,24.86814806863639,Bau,P.192 Mas Gading,N.02 Tasik Biru,Luar Bandar
199,109.985295,1.476751,64.83718677152942,55.574731518453795,Lundu,P.192 Mas Gading,N.01 Opar,Luar Bandar
200,109.985295,1.485091,32.46001516511104,27.82287014152375,Lundu,P.192 Mas Gading,N.01 Opar,Luar Bandar
201,109.985295,1.493431,53.41265573425305,45.78227634364547,Lundu,P.192 Mas Gading,N.01 Opar,Luar Bandar
202,109.993626,1.32663,7.210334738357636,7.374954252932012,Bau,P.192 Mas Gading,N.02 Tasik Biru,Luar Bandar
203,109.993626,1.41837,4.866600903888974,4.977710513566804,Bau,P.192 Mas Gading,N.02 Tasik Biru,Luar Bandar
204,109.993626,1.493431,14.537796845815166,12.460968724984426,Lundu,P.192 Mas Gading,N.01 Opar,Luar Bandar
205,109.993626,1.660232,5.780386658811533,4.954617136124171,Lundu,P.193 Santubong,N.03 Tanjong Datu,Luar Bandar
206,109.993626,1.668572,11.505602825671652,9.86194527914713,Lundu,P.193 Santubong,N.03 Tanjong Datu,Luar Bandar
207,109.995911,1.32292,22.472579311302077,22.985651898318107,Bau,P.192 Mas Gading,N.02 Tasik Biru,Luar Bandar
208,109.998341,1.618401,3.377276098177452,2.8948080841521024,Lundu,P.193 Santubong,N.03 Tanjong Datu,Luar Bandar
209,109.998465,1.588705,1.5467167222188638,1.3257571904733119,Lundu,P.193 Santubong,N.03 Tanjong Datu,Luar Bandar
210,110.001957,1.32663,72.63472664952509,74.29305374198,Bau,P.192 Mas Gading,N.02 Tasik Biru,Luar Bandar
211,110.001957,1.41003,5.928849913356401,6.064211783524355,Bau,P.192 Mas Gading,N.02 Tasik Biru,Luar Bandar
212,110.001957,1.41837,6.063094251965142,6.201521061370738,Bau,P.192 Mas Gading,N.02 Tasik Biru,Luar Bandar
213,110.001957,1.660232,3.5958290888407873,3.0821392190063897,Lundu,P.193 Santubong,N.03 Tanjong Datu,Luar Bandar
214,110.001957,1.668572,30.12493820119924,25.82137560102792,Lundu,P.193 Santubong,N.03 Tanjong Datu,Luar Bandar
215,110.00546,1.328926,4.088521813907895,4.181867060800769,Bau,P.192 Mas Gading,N.02 Tasik Biru,Luar Bandar
216,110.006704,1.39171,0.6438062500696468,0.6585050229022871,Bau,P.192 Mas Gading,N.02 Tasik Biru,Luar Bandar
217,110.010288,1.32663,4.453132023545802,4.554801704448673,Bau,P.192 Mas Gading,N.02 Tasik Biru,Luar Bandar
218,110.010288,1.485091,1.963073278508447,2.0078923031319276,Bau,P.192 Mas Gading,N.01 Opar,Luar Bandar
219,110.010288,1.693592,7.668450476935988,6.572957551659419,Lundu,P.193 Santubong,N.03 Tanjong Datu,Luar Bandar
220,110.010813,1.373631,11.624930077785393,11.89033944029191,Bau,P.192 Mas Gading,N.02 Tasik Biru,Luar Bandar
221,110.011253,1.371014,8.768806030481482,8.969007081405717,Bau,P.192 Mas Gading,N.02 Tasik Biru,Luar Bandar
222,110.01386,1.686276,2.5211516112367267,2.1609870953457664,Lundu,P.193 Santubong,N.03 Tanjong Datu,Luar Bandar
223,110.01651,1.690233,9.756955666282158,8.36310485681328,Lundu,P.193 Santubong,N.03 Tanjong Datu,Luar Bandar
224,110.018619,1.660232,6.937405186227447,5.946347302480669,Lundu,P.193 Santubong,N.03 Tanjong Datu,Luar Bandar
225,110.018619,1.693592,5.043010826365008,4.322580708312864,Lundu,P.193 Santubong,N.03 Tanjong Datu,Luar Bandar
226,110.019021,1.481337,3.8760444638293854,3.964538629670239,Bau,P.192 Mas Gading,N.01 Opar,Luar Bandar
227,110.019836,1.656302,3.1907033945417638,2.7348886238929406,Lundu,P.193 Santubong,N.03 Tanjong Datu,Luar Bandar
228,110.024793,1.372287,1.2876125001392937,1.3170100458045744,Bau,P.192 Mas Gading,N.02 Tasik Biru,Luar Bandar
229,110.02695,1.693592,17.253068570504166,14.788344489003572,Lundu,P.193 Santubong,N.03 Tanjong Datu,Luar Bandar
230,110.027347,1.338515,1.5930557526817115,1.6294268885876861,Bau,P.192 Mas Gading,N.02 Tasik Biru,Luar Bandar
231,110.032639,1.342569,4.16767116501242,4.2628234747158995,Bau,P.192 Mas Gading,N.02 Tasik Biru,Luar Bandar
232,110.035282,1.34331,1.6088997832923253,1.6456326550569902,Bau,P.192 Mas Gading,N.02 Tasik Biru,Luar Bandar
233,110.035282,1.37667,12.150413031316742,12.42781972152945,Bau,P.192 Mas Gading,N.02 Tasik Biru,Luar Bandar
234,110.035282,1.485091,57.488135709098515,58.80065022300488,Bau,P.192 Mas Gading,N.01 Opar,Luar Bandar
235,110.035282,1.493431,3.7170743344995287,3.8019390453328503,Bau,P.192 Mas Gading,N.01 Opar,Luar Bandar
236,110.035509,1.561276,14.522643884378237,12.447980472324204,Lundu,P.192 Mas Gading,N.01 Opar,Luar Bandar
237,110.039588,1.38454,4.617463313928802,4.7228848507764924,Bau,P.192 Mas Gading,N.02 Tasik Biru,Luar Bandar
238,110.043613,1.34331,44.08130010444758,45.087722481261444,Bau,P.192 Mas Gading,N.02 Tasik Biru,Luar Bandar
239,110.043613,1.37667,26.843711516119818,27.45658164205863,Bau,P.192 Mas Gading,N.02 Tasik Biru,Luar Bandar
240,110.043613,1.485091,103.48587683820202,105.84856809021576,Bau,P.192 Mas Gading,N.01 Opar,Luar Bandar
241,110.043613,1.493431,3.6923821474861667,3.7766831097575406,Bau,P.192 Mas Gading,N.01 Opar,Luar Bandar
242,110.051944,1.30995,9.841416583381791,10.066106459714709,Bau,P.198 Puncak Borneo,N.18 Serembu,Luar Bandar
243,110.051944,1.37667,1.1051127572395947,1.1303436421080786,Bau,P.192 Mas Gading,N.02 Tasik Biru,Luar Bandar
244,110.054212,1.274288,8.677986458954983,8.876114003679982,Bau,P.198 Puncak Borneo,N.18 Serembu,Luar Bandar
245,110.054297,1.344994,3.135750161899212,3.2073426313489657,Bau,P.192 Mas Gading,N.02 Tasik Biru,Luar Bandar
246,110.057194,1.313781,7.639678290425165,7.814100169201996,Bau,P.198 Puncak Borneo,N.18 Serembu,Luar Bandar
247,110.059791,1.571728,2.698902176248431,2.3133447224986554,Lundu,P.192 Mas Gading,N.01 Opar,Luar Bandar
248,110.059898,1.612396,4.342238139962971,3.7219184056825467,Lundu,P.193 Santubong,N.03 Tanjong Datu,Luar Bandar
249,110.060275,1.30995,5.94389519554621,6.079600565307539,Bau,P.198 Puncak Borneo,N.18 Serembu,Luar Bandar
250,110.060275,1.31829,1.9442488624994791,1.9886381059355405,Bau,P.198 Puncak Borneo,N.18 Serembu,Luar Bandar
251,110.060275,1.35165,6.175008830691624,6.315990767465405,Bau,P.192 Mas Gading,N.02 Tasik Biru,Luar Bandar
252,110.060275,1.37667,1.5367930706047186,1.5718796703902145,Bau,P.192 Mas Gading,N.02 Tasik Biru,Luar Bandar
253,110.065949,1.614208,5.716226657331796,4.899622849141539,Lundu,P.193 Santubong,N.03 Tanjong Datu,Luar Bandar
254,110.066164,1.573465,7.2911165334306105,6.249528457226239,Lundu,P.192 Mas Gading,N.01 Opar,Luar Bandar
255,110.068606,1.35165,28.999734965666676,29.66182937127551,Bau,P.192 Mas Gading,N.02 Tasik Biru,Luar Bandar
256,110.068606,1.35999,7.811135870459694,7.9894723058583175,Bau,P.192 Mas Gading,N.02 Tasik Biru,Luar Bandar
257,110.068606,1.443391,47.92585450838562,49.02005209990128,Bau,P.192 Mas Gading,N.01 Opar,Luar Bandar
258,110.068606,1.693592,1.3242936236991985,1.1351088203135988,Lundu,P.193 Santubong,N.03 Tanjong Datu,Luar Bandar
259,110.070047,1.438457,22.91496349277204,23.43813617525542,Bau,P.192 Mas Gading,N.01 Opar,Luar Bandar
260,110.074339,1.439551,47.9594386232171,49.054402975345354,Bau,P.192 Mas Gading,N.01 Opar,Luar Bandar
261,110.076937,1.36833,11.203861604813593,11.459657531864131,Bau,P.192 Mas Gading,N.02 Tasik Biru,Luar Bandar
262,110.076937,1.443391,26.115099604885067,26.711334755681527,Bau,P.192 Mas Gading,N.01 Opar,Luar Bandar
263,110.085268,1.26825,8.364831155318397,8.555809035576807,Bau,P.198 Puncak Borneo,N.18 Serembu,Luar Bandar
264,110.085268,1.28493,10.003171408653142,10.231554317526502,Bau,P.198 Puncak Borneo,N.18 Serembu,Luar Bandar
265,110.085268,1.36833,14.301315240352611,14.627829286936002,Bau,P.192 Mas Gading,N.02 Tasik Biru,Luar Bandar
266,110.085268,1.443391,90.594665700246,92.66303706326532,Bau,P.192 Mas Gading,N.01 Opar,Luar Bandar
267,110.086935,1.301221,2.2905364033805555,2.3428317550559106,Bau,P.198 Puncak Borneo,N.18 Serembu,Luar Bandar
268,110.088801,1.265363,8.508511037155575,8.702769280013008,Bau,P.198 Puncak Borneo,N.18 Serembu,Luar Bandar
269,110.093599,1.259909,21.56936775228344,22.061819070828726,Bau,P.198 Puncak Borneo,N.18 Serembu,Luar Bandar
270,110.093599,1.28493,3.952355697807528,4.042592129264321,Bau,P.198 Puncak Borneo,N.18 Serembu,Luar Bandar
271,110.093599,1.476751,1.6825853193587899,1.7210005092984884,Bau,P.192 Mas Gading,N.01 Opar,Luar Bandar
272,110.093599,1.485091,30.76070452334239,31.46300371337304,Bau,P.192 Mas Gading,N.01 Opar,Luar Bandar
273,110.093599,1.693592,1.711334281172736,1.4668579552909167,Lundu,P.193 Santubong,N.03 Tanjong Datu,Luar Bandar
274,110.097384,1.472263,8.772581367985888,8.972868613830316,Bau,P.192 Mas Gading,N.01 Opar,Luar Bandar
275,110.10193,1.31829,10.115001786462747,10.345937900308929,Bau,P.198 Puncak Borneo,N.18 Serembu,Luar Bandar
276,110.10193,1.35165,1.7981362508130458,1.8391895898727046,Bau,P.198 Puncak Borneo,N.18 Serembu,Luar Bandar
277,110.10193,1.443391,5.309624570585074,5.430848875849573,Bau,P.192 Mas Gading,N.01 Opar,Luar Bandar
278,110.10193,1.476751,7.042991893934822,7.203790795622833,Bau,P.192 Mas Gading,N.01 Opar,Luar Bandar
279,110.10193,1.485091,1.8312623071842813,1.8730719489008174,Bau,P.192 Mas Gading,N.01 Opar,Luar Bandar
280,110.10193,1.693592,1.1796400635325126,1.0111200544564394,Lundu,P.193 Santubong,N.03 Tanjong Datu,Luar Bandar
281,110.105131,1.690995,2.466377292890496,2.1140376796204254,Lundu,P.193 Santubong,N.03 Tanjong Datu,Luar Bandar
282,110.110261,1.33497,25.938438488651247,26.530640280629587,Bau,P.198 Puncak Borneo,N.18 Serembu,Luar Bandar
283,110.110261,1.34331,10.976501380897734,11.227106435256129,Bau,P.198 Puncak Borneo,N.18 Serembu,Luar Bandar
284,110.110261,1.35165,1.797982880313036,1.8390327177631054,Bau,P.198 Puncak Borneo,N.18 Serembu,Luar Bandar
285,110.110261,1.35999,1.7642588570293203,1.8045387396098986,Bau,P.198 Puncak Borneo,N.18 Serembu,Luar Bandar
286,110.110261,1.38501,10.587000313767547,10.828712649698314,Bau,P.192 Mas Gading,N.02 Tasik Biru,Luar Bandar
287,110.110261,1.40169,47.31024179918239,48.39038430601303,Bau,P.192 Mas Gading,N.02 Tasik Biru,Luar Bandar
288,110.110261,1.443391,5.689557735497992,5.819456313934019,Bau,P.192 Mas Gading,N.01 Opar,Luar Bandar
289,110.110261,1.476751,2.5697060033901775,2.62837509022557,Bau,P.192 Mas Gading,N.02 Tasik Biru,Luar Bandar
290,110.118592,1.35165,22.388489949476572,22.899642688049095,Bau,P.198 Puncak Borneo,N.18 Serembu,Luar Bandar
291,110.118592,1.35999,12.841359559150542,13.134541284245302,Bau,P.198 Puncak Borneo,N.18 Serembu,Luar Bandar
292,110.118592,1.36833,40.1018421681729,41.01740934096224,Bau,P.198 Puncak Borneo,N.18 Serembu,Luar Bandar
293,110.118592,1.37667,9.355748917585728,9.569350491046588,Bau,P.192 Mas Gading,N.02 Tasik Biru,Luar Bandar
294,110.118592,1.39335,4.395015131183138,4.495357942397366,Bau,P.192 Mas Gading,N.02 Tasik Biru,Luar Bandar
295,110.118592,1.40169,29.596943633141095,30.272672939833818,Bau,P.192 Mas Gading,N.02 Tasik Biru,Luar Bandar
296,110.118592,1.426711,9.306333794193817,9.51880716849048,Bau,P.192 Mas Gading,N.02 Tasik Biru,Luar Bandar
297,110.118592,1.451731,3.9796587806159343,4.070518570127713,Bau,P.192 Mas Gading,N.01 Opar,Luar Bandar
298,110.118592,1.460071,4.3067586037369665,4.405086425740094,Bau,P.192 Mas Gading,N.02 Tasik Biru,Luar Bandar
299,110.118592,1.485091,1.4016633644904315,1.4336648111682952,Bau,P.192 Mas Gading,N.02 Tasik Biru,Luar Bandar
300,110.118592,1.660232,2.2410843624329124,1.9209294535139252,Lundu,P.193 Santubong,N.03 Tanjong Datu,Luar Bandar
301,110.118592,1.693592,1.2694349729260472,1.0880871196508977,Lundu,P.193 Santubong,N.03 Tanjong Datu,Luar Bandar
302,110.120988,1.674822,1.5713127227157022,1.346839476613459,Lundu,P.193 Santubong,N.03 Tanjong Datu,Luar Bandar
303,110.126923,1.36833,7.129924337742578,7.2927079984216325,Bau,P.198 Puncak Borneo,N.18 Serembu,Luar Bandar
304,110.126923,1.37667,10.977491136947876,11.228118788476367,Bau,P.198 Puncak Borneo,N.18 Serembu,Luar Bandar
305,110.126923,1.38501,6.811874333052906,6.967396578099777,Bau,P.192 Mas Gading,N.02 Tasik Biru,Luar Bandar
306,110.126923,1.40169,32.8893973938709,33.64029687774923,Bau,P.192 Mas Gading,N.02 Tasik Biru,Luar Bandar
307,110.126923,1.426711,9.040599423123133,9.247005802646495,Bau,P.192 Mas Gading,N.02 Tasik Biru,Luar Bandar
308,110.126923,1.443391,27.710309037148633,28.34296449461778,Bau,P.192 Mas Gading,N.02 Tasik Biru,Luar Bandar
309,110.126923,1.451731,37.43003872401485,38.28460581817045,Bau,P.192 Mas Gading,N.02 Tasik Biru,Luar Bandar
310,110.126923,1.460071,10.915965536263197,11.16518849371213,Bau,P.192 Mas Gading,N.02 Tasik Biru,Luar Bandar
311,110.131191,1.684592,4.270936202725366,3.660802459478886,Lundu,P.193 Santubong,N.03 Tanjong Datu,Luar Bandar
312,110.135254,1.37667,3.6407245086951177,3.723846072820577,Bau,P.198 Puncak Borneo,N.18 Serembu,Luar Bandar
313,110.135254,1.38501,5.127841657459124,5.244915667903396,Bau,P.198 Puncak Borneo,N.18 Serembu,Luar Bandar
314,110.135254,1.40169,24.01963794016381,24.568031500441524,Bau,P.192 Mas Gading,N.02 Tasik Biru,Luar Bandar
315,110.135254,1.41003,43.70941388370897,44.70734570753794,Bau,P.192 Mas Gading,N.02 Tasik Biru,Luar Bandar
316,110.135254,1.41837,1.2220152029990785,1.2499150934785095,Bau,P.192 Mas Gading,N.02 Tasik Biru,Luar Bandar
317,110.135254,1.426711,10.634666370091516,10.877466972148401,Bau,P.192 Mas Gading,N.02 Tasik Biru,Luar Bandar
318,110.135254,1.435051,2.7452268620744844,2.807903274450614,Bau,P.192 Mas Gading,N.02 Tasik Biru,Luar Bandar
319,110.135254,1.443391,4.135060541023355,4.2294683159325634,Bau,P.192 Mas Gading,N.02 Tasik Biru,Luar Bandar
320,110.135254,1.451731,22.388640071312118,22.899796237323812,Bau,P.192 Mas Gading,N.02 Tasik Biru,Luar Bandar
321,110.135254,1.468411,1.298210176795115,1.3278496785484282,Bau,P.192 Mas Gading,N.02 Tasik Biru,Luar Bandar
322,110.143036,1.623356,1.3999778160573753,1.1999809851920362,Lundu,P.193 Santubong,N.03 Tanjong Datu,Luar Bandar
323,110.143585,1.40169,5.228999661591109,5.348383215508715,Bau,P.192 Mas Gading,N.02 Tasik Biru,Luar Bandar
324,110.143585,1.41003,86.01918600090679,87.98309435709187,Bau,P.192 Mas Gading,N.02 Tasik Biru,Luar Bandar
325,110.143585,1.41837,50.132598170041774,51.2771780369377,Bau,P.192 Mas Gading,N.02 Tasik Biru,Luar Bandar
326,110.143585,1.426711,100.67853334379825,102.97712999548315,Bau,P.192 Mas Gading,N.02 Tasik Biru,Luar Bandar
327,110.143585,1.435051,14.073170810556993,14.394476080204413,Bau,P.192 Mas Gading,N.02 Tasik Biru,Luar Bandar
328,110.143585,1.443391,1.2334664354060174,1.2616277695477072,Bau,P.192 Mas Gading,N.02 Tasik Biru,Luar Bandar
329,110.143585,1.451731,10.155073333763387,10.386924323118714,Bau,P.192 Mas Gading,N.02 Tasik Biru,Luar Bandar
330,110.143585,1.476751,5.297835091713112,5.41879023079332,Bau,P.192 Mas Gading,N.02 Tasik Biru,Luar Bandar
331,110.143585,1.485091,36.4552141855084,37.287525011661565,Bau,P.192 Mas Gading,N.02 Tasik Biru,Luar Bandar
332,110.143585,1.501771,1.239240569492298,1.2675337331793368,Bau,P.192 Mas Gading,N.02 Tasik Biru,Luar Bandar
333,110.144452,1.62045,1.3924638597061354,1.1935404511766876,Lundu,P.193 Santubong,N.03 Tanjong Datu,Luar Bandar
334,110.144758,1.649749,50.221922618437304,43.04736224437484,Lundu,P.193 Santubong,N.04 Pantai Damai,Luar Bandar
335,110.145686,1.648087,14.073281275990063,12.062812522277198,Lundu,P.193 Santubong,N.04 Pantai Damai,Luar Bandar
336,110.149634,1.352888,2.2905364033805555,2.3428317550559106,Bau,P.198 Puncak Borneo,N.18 Serembu,Luar Bandar
337,110.151916,1.41003,60.98295733214043,62.37526229406146,Bau,P.192 Mas Gading,N.02 Tasik Biru,Luar Bandar
338,110.151916,1.41837,109.23310638075431,111.7270129191277,Bau,P.192 Mas Gading,N.02 Tasik Biru,Luar Bandar
339,110.151916,1.426711,93.67983045432617,95.81863936880849,Bau,P.192 Mas Gading,N.02 Tasik Biru,Luar Bandar
340,110.151916,1.451731,9.413185480569753,9.628098391085045,Bau,P.192 Mas Gading,N.02 Tasik Biru,Luar Bandar
341,110.151916,1.460071,15.337067876964909,15.687229244018901,Bau,P.192 Mas Gading,N.02 Tasik Biru,Luar Bandar
342,110.151916,1.468411,6.54805057935249,6.697549451027205,Bau,P.192 Mas Gading,N.02 Tasik Biru,Luar Bandar
343,110.151916,1.476751,5.585791573754401,5.713321061739661,Bau,P.192 Mas Gading,N.02 Tasik Biru,Luar Bandar
344,110.151916,1.485091,5.1208003052489985,5.237713554227286,Bau,P.192 Mas Gading,N.02 Tasik Biru,Luar Bandar
345,110.151916,1.501771,2.506770213520069,2.5640024101757786,Bau,P.192 Mas Gading,N.02 Tasik Biru,Luar Bandar
346,110.151916,1.510111,1.2749126557272321,1.3040202506068492,Bau,P.192 Mas Gading,N.02 Tasik Biru,Luar Bandar
347,110.151916,1.518451,8.516138711593712,8.710571102269368,Bau,P.192 Mas Gading,N.02 Tasik Biru,Luar Bandar
348,110.151916,1.626872,7.344980858439733,6.295697878662629,Lundu,P.193 Santubong,N.04 Pantai Damai,Luar Bandar
349,110.151916,1.643552,23.415432869008345,20.070371030578585,Lundu,P.193 Santubong,N.04 Pantai Damai,Luar Bandar
350,110.151941,1.613071,13.408115059350429,11.492670050871796,Lundu,P.193 Santubong,N.04 Pantai Damai,Luar Bandar
351,110.155717,1.619023,24.068564745238763,20.6301983530618,Lundu,P.193 Santubong,N.04 Pantai Damai,Luar Bandar
352,110.160248,1.41003,133.22471773520408,136.266377957469,Bau,P.192 Mas Gading,N.02 Tasik Biru,Luar Bandar
353,110.160248,1.41837,114.53275880166825,117.14766197065612,Bau,P.192 Mas Gading,N.02 Tasik Biru,Luar Bandar
354,110.160248,1.426711,2.5725744119624814,2.6313089875780635,Bau,P.192 Mas Gading,N.02 Tasik Biru,Luar Bandar
355,110.160248,1.435051,6.087750662610722,6.226740403766217,Bau,P.192 Mas Gading,N.02 Tasik Biru,Luar Bandar
356,110.160248,1.451731,62.14714402355425,63.56602859030206,Bau,P.192 Mas Gading,N.02 Tasik Biru,Luar Bandar
357,110.160248,1.460071,100.48770717547822,102.78194706532933,Bau,P.192 Mas Gading,N.02 Tasik Biru,Luar Bandar
358,110.160248,1.468411,5.603567809846461,5.731503147970809,Bau,P.192 Mas Gading,N.02 Tasik Biru,Luar Bandar
359,110.160248,1.476751,13.492683606930509,13.800735744075041,Bau,P.192 Mas Gading,N.02 Tasik Biru,Luar Bandar
360,110.160248,1.485091,3.4525569263155775,3.53138242691639,Bau,P.192 Mas Gading,N.02 Tasik Biru,Luar Bandar
361,110.160248,1.510111,1.2853958919592663,1.314742830131852,Bau,P.192 Mas Gading,N.02 Tasik Biru,Luar Bandar
362,110.160248,1.518451,22.127704026851582,22.632902748925815,Bau,P.192 Mas Gading,N.02 Tasik Biru,Luar Bandar
363,110.160248,1.643552,2.415734530090001,2.1910353718442064,Kuching,P.193 Santubong,N.04 Pantai Damai,Luar Bandar
364,110.163281,1.408662,33.881602557254425,34.655155127054755,Bau,P.192 Mas Gading,N.02 Tasik Biru,Luar Bandar
365,110.168579,1.40169,47.067462938697744,48.14206254917029,Bau,P.192 Mas Gading,N.02 Tasik Biru,Luar Bandar
366,110.168579,1.41003,97.49411704467191,99.7200101278836,Bau,P.192 Mas Gading,N.02 Tasik Biru,Luar Bandar
367,110.168579,1.41837,55.896065919017886,57.17223180757994,Bau,P.192 Mas Gading,N.02 Tasik Biru,Luar Bandar
368,110.168579,1.426711,7.121227118363059,7.283812212389613,Bau,P.192 Mas Gading,N.02 Tasik Biru,Luar Bandar
369,110.168579,1.435051,8.160033012554374,8.346335136128676,Bau,P.192 Mas Gading,N.02 Tasik Biru,Luar Bandar
370,110.168579,1.443391,7.18196367123338,7.3459354445492115,Bau,P.192 Mas Gading,N.02 Tasik Biru,Luar Bandar
371,110.168579,1.451731,12.643717434684794,12.932386782508647,Bau,P.192 Mas Gading,N.02 Tasik Biru,Luar Bandar
372,110.168579,1.468411,22.418449897329847,22.930286652976648,Bau,P.192 Mas Gading,N.02 Tasik Biru,Luar Bandar
373,110.168579,1.476751,9.178058411880691,9.387603124480709,Bau,P.192 Mas Gading,N.02 Tasik Biru,Luar Bandar
374,110.168579,1.493431,2.729428021512175,2.791743729765878,Bau,P.192 Mas Gading,N.02 Tasik Biru,Luar Bandar
375,110.168579,1.518451,1.2536396535875745,1.2822615634868344,Bau,P.192 Mas Gading,N.02 Tasik Biru,Luar Bandar
376,110.168579,1.651892,39.06755515423336,35.43369280365863,Kuching,P.193 Santubong,N.04 Pantai Damai,Luar Bandar
377,110.17691,1.40169,16.788099539531068,17.17138948335598,Bau,P.192 Mas Gading,N.02 Tasik Biru,Luar Bandar
378,110.17691,1.41003,5.262257814961789,5.3824006874495005,Bau,P.192 Mas Gading,N.02 Tasik Biru,Luar Bandar
379,110.17691,1.41837,44.47846699354886,45.493957107556824,Bau,P.192 Mas Gading,N.02 Tasik Biru,Luar Bandar
380,110.17691,1.426711,45.600179481819204,46.641279469988596,Bau,P.192 Mas Gading,N.02 Tasik Biru,Luar Bandar
381,110.17691,1.435051,6.066222604392779,6.204720837369784,Bau,P.192 Mas Gading,N.02 Tasik Biru,Luar Bandar
382,110.17691,1.443391,3.6366696530247204,3.7196986405367003,Bau,P.192 Mas Gading,N.02 Tasik Biru,Luar Bandar
383,110.17691,1.451731,8.88516273069607,9.088020327287305,Bau,P.192 Mas Gading,N.02 Tasik Biru,Luar Bandar
384,110.17691,1.468411,25.515120967057715,26.097657975438032,Bau,P.192 Mas Gading,N.02 Tasik Biru,Luar Bandar
385,110.17691,1.493431,7.603618613070619,7.777217211542553,Bau,P.192 Mas Gading,N.02 Tasik Biru,Luar Bandar
386,110.17691,1.501771,2.6386939666641718,2.6989381211542214,Bau,P.192 Mas Gading,N.02 Tasik Biru,Luar Bandar
387,110.17691,1.518451,1.2770957312587246,1.3062531680454534,Bau,P.192 Mas Gading,N.02 Tasik Biru,Luar Bandar
388,110.185241,1.35999,26.82783385405233,27.440341476290964,Bau,P.198 Puncak Borneo,N.18 Serembu,Luar Bandar
389,110.185241,1.36833,5.137737699334922,5.255037646808322,Bau,P.198 Puncak Borneo,N.18 Serembu,Luar Bandar
390,110.185241,1.39335,3.9687972840110257,4.059409094148263,Bau,P.192 Mas Gading,N.02 Tasik Biru,Luar Bandar
391,110.185241,1.40169,1.2344890907315529,1.2626737731683466,Bau,P.192 Mas Gading,N.02 Tasik Biru,Luar Bandar
392,110.185241,1.41003,3.2765750315375337,3.3513826806593956,Bau,P.192 Mas Gading,N.02 Tasik Biru,Luar Bandar
393,110.185241,1.41837,12.095176004472606,12.371321575350974,Bau,P.198 Puncak Borneo,N.18 Serembu,Luar Bandar
394,110.185241,1.426711,27.671720771273833,28.30349521810657,Bau,P.192 Mas Gading,N.02 Tasik Biru,Luar Bandar
395,110.185241,1.435051,15.369493262444482,15.72039493510303,Bau,P.192 Mas Gading,N.02 Tasik Biru,Luar Bandar
396,110.185241,1.443391,15.985901056367975,16.35087596633071,Bau,P.192 Mas Gading,N.02 Tasik Biru,Luar Bandar
397,110.185241,1.451731,14.35765162215008,14.685451887495972,Bau,P.192 Mas Gading,N.02 Tasik Biru,Luar Bandar
398,110.185241,1.468411,18.858278539690204,19.288832844249345,Bau,P.192 Mas Gading,N.02 Tasik Biru,Luar Bandar
399,110.185241,1.476751,2.6324685546554853,2.692570576451273,Bau,P.192 Mas Gading,N.02 Tasik Biru,Luar Bandar
400,110.185241,1.485091,1.3503512048210995,1.3811811410042296,Bau,P.192 Mas Gading,N.02 Tasik Biru,Luar Bandar
401,110.185241,1.493431,1.2412385932181083,1.2695773738851883,Bau,P.192 Mas Gading,N.02 Tasik Biru,Luar Bandar
402,110.185241,1.510111,4.775408701705877,4.884436297635235,Bau,P.192 Mas Gading,N.02 Tasik Biru,Luar Bandar
403,110.185241,1.526791,2.4460136736847153,2.5018587347277452,Bau,P.192 Mas Gading,N.02 Tasik Biru,Luar Bandar
404,110.185241,1.626872,2.662279601477359,2.414648093124235,Kuching,P.193 Santubong,N.04 Pantai Damai,Bandar
405,110.185241,1.635212,7.876839260955768,7.144176325716669,Kuching,P.193 Santubong,N.04 Pantai Damai,Bandar
406,110.185241,1.643552,33.16497390449318,30.08013919821206,Kuching,P.193 Santubong,N.04 Pantai Damai,Luar Bandar
407,110.185241,1.651892,43.75637277121182,39.68638080515991,Kuching,P.193 Santubong,N.04 Pantai Damai,Luar Bandar
408,110.186734,1.396949,2.329352657200426,2.3825342247164176,Bau,P.192 Mas Gading,N.02 Tasik Biru,Luar Bandar
409,110.187818,1.67523,5.097970879380509,4.623783939097922,Kuching,P.193 Santubong,N.04 Pantai Damai,Luar Bandar
410,110.188671,1.517502,2.3689394656271037,2.423024841554663,Bau,P.192 Mas Gading,N.02 Tasik Biru,Luar Bandar
411,110.189159,1.373031,8.303782839975572,8.493366923080037,Bau,P.198 Puncak Borneo,N.18 Serembu,Luar Bandar
412,110.190682,1.371937,1.7570891383238392,1.79720532869653,Bau,P.198 Puncak Borneo,N.18 Serembu,Luar Bandar
413,110.193572,1.37667,11.798692316602176,12.068068853510898,Bau,P.198 Puncak Borneo,N.18 Serembu,Luar Bandar
414,110.193572,1.39335,6.157252997788095,6.297829550249011,Bau,P.198 Puncak Borneo,N.18 Serembu,Luar Bandar
415,110.193572,1.41003,2.747302998741722,2.810026811498383,Bau,P.198 Puncak Borneo,N.18 Serembu,Luar Bandar
416,110.193572,1.41837,5.077261705052968,5.19318092206331,Bau,P.198 Puncak Borneo,N.18 Serembu,Luar Bandar
417,110.193572,1.426711,29.789774120420915,30.46990594965427,Bau,P.198 Puncak Borneo,N.18 Serembu,Luar Bandar
418,110.193572,1.435051,14.608848111447744,14.942383456457966,Bau,P.198 Puncak Borneo,N.18 Serembu,Luar Bandar
419,110.193572,1.443391,3.0700203076273334,3.1401120954727064,Bau,P.192 Mas Gading,N.02 Tasik Biru,Luar Bandar
420,110.193572,1.451731,5.006894697751613,5.121207362083842,Bau,P.192 Mas Gading,N.02 Tasik Biru,Luar Bandar
421,110.193572,1.468411,24.581022214871105,25.142232767722042,Bau,P.192 Mas Gading,N.02 Tasik Biru,Luar Bandar
422,110.193572,1.476751,2.7626041230638947,2.8256772765585043,Bau,P.192 Mas Gading,N.02 Tasik Biru,Luar Bandar
423,110.193572,1.510111,2.3999247849408856,2.454717588250038,Bau,P.192 Mas Gading,N.02 Tasik Biru,Luar Bandar
424,110.193572,1.526791,15.203503619869398,15.550615574660938,Bau,P.192 Mas Gading,N.02 Tasik Biru,Luar Bandar
425,110.193572,1.543471,10.751893132036168,10.997370144183112,Bau,P.194 Petra Jaya,N.06 Tupong,Luar Bandar
426,110.193572,1.626872,27.748820418004282,25.167768355960455,Kuching,P.193 Santubong,N.04 Pantai Damai,Bandar
427,110.193572,1.635212,90.1105499457537,81.72893165546827,Kuching,P.193 Santubong,N.04 Pantai Damai,Bandar
428,110.193572,1.643552,35.17215179215117,31.90061975791923,Kuching,P.193 Santubong,N.04 Pantai Damai,Bandar
429,110.193572,1.668572,4.985066648032522,4.52138147664477,Kuching,P.193 Santubong,N.04 Pantai Damai,Luar Bandar
430,110.193572,1.676912,2.4614512606565384,2.232499768080089,Kuching,P.193 Santubong,N.04 Pantai Damai,Luar Bandar
431,110.194588,1.532024,2.3689394656271037,2.423024841554663,Bau,P.192 Mas Gading,N.02 Tasik Biru,Luar Bandar
432,110.194888,1.70278,8.668513433522058,7.862213052626232,Kuching,P.193 Santubong,N.04 Pantai Damai,Luar Bandar
433,110.196283,1.502444,0.7138449406759654,0.6474467684885882,Kuching,P.192 Mas Gading,N.02 Tasik Biru,Luar Bandar
434,110.197624,1.176699,2.8689691800171424,2.6021124738049073,Kuching,P.198 Puncak Borneo,N.19 Mambong,Luar Bandar
435,110.197742,1.177021,2.921484327501509,2.649742933303939,Kuching,P.198 Puncak Borneo,N.19 Mambong,Luar Bandar
436,110.199952,1.492942,1.2876125001392937,1.3170100458045744,Bau,P.192 Mas Gading,N.02 Tasik Biru,Luar Bandar
437,110.200274,1.654221,149.2349505969495,135.35388570248116,Kuching,P.193 Santubong,N.04 Pantai Damai,Luar Bandar
438,110.200875,1.655487,10.854488138142157,9.844859672162233,Kuching,P.193 Santubong,N.04 Pantai Damai,Luar Bandar
439,110.201903,1.41003,2.9928727885051156,3.061203217466419,Bau,P.198 Puncak Borneo,N.18 Serembu,Luar Bandar
440,110.201903,1.41837,2.706878460918564,2.7686793390217272,Bau,P.198 Puncak Borneo,N.18 Serembu,Luar Bandar
441,110.201903,1.426711,1.3511452204574457,1.3819932848514513,Bau,P.198 Puncak Borneo,N.18 Serembu,Luar Bandar
442,110.201903,1.435051,13.782313692642543,14.096978388821597,Bau,P.198 Puncak Borneo,N.18 Serembu,Luar Bandar
443,110.201903,1.443391,1.6981859500254122,1.7369573187474534,Bau,P.198 Puncak Borneo,N.18 Serembu,Luar Bandar
444,110.201903,1.451731,2.1558712086829095,2.2050920125341174,Bau,P.192 Mas Gading,N.02 Tasik Biru,Luar Bandar
445,110.201903,1.468411,1.289669946538179,1.3191144658655345,Bau,P.192 Mas Gading,N.02 Tasik Biru,Luar Bandar
446,110.201903,1.485091,4.003731727947329,4.095141128128775,Bau,P.192 Mas Gading,N.02 Tasik Biru,Luar Bandar
447,110.201903,1.526791,13.01599237605591,11.805311941511443,Kuching,P.194 Petra Jaya,N.06 Tupong,Luar Bandar
448,110.201903,1.626872,8.64932717816663,7.844811403722612,Kuching,P.193 Santubong,N.04 Pantai Damai,Bandar
449,110.201903,1.635212,24.51989679212506,22.239182541102206,Kuching,P.193 Santubong,N.04 Pantai Damai,Luar Bandar
450,110.201903,1.643552,10.266845344143961,9.311876378003896,Kuching,P.193 Santubong,N.04 Pantai Damai,Luar Bandar
451,110.201903,1.651892,30.90296377441591,28.028529576071758,Kuching,P.193 Santubong,N.04 Pantai Damai,Luar Bandar
452,110.201903,1.660232,15.922931499529762,14.44186259059775,Kuching,P.193 Santubong,N.04 Pantai Damai,Luar Bandar
453,110.201903,1.668572,11.886118886969735,10.780533453038782,Kuching,P.193 Santubong,N.04 Pantai Damai,Luar Bandar
454,110.201903,1.676912,19.09300674375652,17.317073796545003,Kuching,P.193 Santubong,N.04 Pantai Damai,Luar Bandar
455,110.203911,1.365866,3.9002686533802358,3.989315882909465,Bau,P.198 Puncak Borneo,N.18 Serembu,Luar Bandar
456,110.206883,1.401797,8.635570901376646,8.832730054376114,Bau,P.198 Puncak Borneo,N.18 Serembu,Luar Bandar
457,110.207714,1.688657,2.2152872698653527,2.009232681245955,Kuching,P.193 Santubong,N.04 Pantai Damai,Luar Bandar
458,110.210234,1.37667,23.208579264585058,23.738455503502525,Bau,P.198 Puncak Borneo,N.18 Serembu,Luar Bandar
459,110.210234,1.40169,22.850517086180762,23.372218389518224,Bau,P.198 Puncak Borneo,N.18 Serembu,Luar Bandar
460,110.210234,1.426711,17.406037989036637,17.803436116640214,Bau,P.198 Puncak Borneo,N.18 Serembu,Luar Bandar
461,110.210234,1.443391,150.6854410817324,154.12574795574457,Bau,P.198 Puncak Borneo,N.18 Serembu,Luar Bandar
462,110.210234,1.451731,1.101554188653154,1.1267038276635,Bau,P.198 Puncak Borneo,N.18 Serembu,Luar Bandar
463,110.210234,1.476751,19.492386967976664,19.937418633912205,Bau,P.198 Puncak Borneo,N.18 Serembu,Luar Bandar
464,110.210234,1.485091,13.803816179480492,14.118971800016578,Bau,P.198 Puncak Borneo,N.18 Serembu,Luar Bandar
465,110.210234,1.526791,2.4766332379355753,2.2462695961876773,Kuching,P.192 Mas Gading,N.02 Tasik Biru,Luar Bandar
466,110.210234,1.543471,23.16144532633903,21.007087219618388,Kuching,P.194 Petra Jaya,N.06 Tupong,Luar Bandar
467,110.210234,1.551811,23.845505737554976,21.627519861857685,Kuching,P.194 Petra Jaya,N.06 Tupong,Luar Bandar
468,110.210234,1.560151,17.493805464544476,15.866621966756592,Kuching,P.194 Petra Jaya,N.06 Tupong,Luar Bandar
469,110.210234,1.568491,6.005228390746333,5.446653039164065,Kuching,P.192 Mas Gading,N.02 Tasik Biru,Luar Bandar
470,110.210234,1.610192,2.6909637398796984,2.440664181012857,Kuching,P.193 Santubong,N.04 Pantai Damai,Bandar
471,110.210234,1.618532,18.107172405759783,16.422936680721687,Kuching,P.193 Santubong,N.04 Pantai Damai,Bandar
472,110.210234,1.626872,20.955928002925546,19.006715734828603,Kuching,P.193 Santubong,N.04 Pantai Damai,Bandar
473,110.210234,1.635212,17.001322570518784,15.41994728980097,Kuching,P.193 Santubong,N.04 Pantai Damai,Luar Bandar
474,110.210234,1.660232,57.81827029366991,52.4403131943311,Kuching,P.193 Santubong,N.04 Pantai Damai,Luar Bandar
475,110.210234,1.668572,151.9159181230331,137.78548346591418,Kuching,P.193 Santubong,N.04 Pantai Damai,Luar Bandar
476,110.210316,1.675369,60.69014885386915,55.04506443278903,Kuching,P.193 Santubong,N.04 Pantai Damai,Luar Bandar
477,110.21582,1.198431,4.2630997179675365,3.866568184302081,Kuching,P.198 Puncak Borneo,N.19 Mambong,Luar Bandar
478,110.218565,1.37667,12.569072051833796,12.856037167172468,Bau,P.198 Puncak Borneo,N.18 Serembu,Luar Bandar
479,110.218565,1.443391,71.72183893758088,73.35932384483158,Bau,P.198 Puncak Borneo,N.18 Serembu,Luar Bandar
480,110.218565,1.451731,10.853028069117565,11.100814098092851,Bau,P.198 Puncak Borneo,N.18 Serembu,Luar Bandar
481,110.218565,1.468411,36.84527786226418,37.6864942518136,Bau,P.198 Puncak Borneo,N.18 Serembu,Luar Bandar
482,110.218565,1.476751,5.325067198832293,5.446644075517961,Bau,P.198 Puncak Borneo,N.18 Serembu,Luar Bandar
483,110.218565,1.485091,4.082945078360967,3.703170599483382,Kuching,P.198 Puncak Borneo,N.18 Serembu,Luar Bandar
484,110.218565,1.551811,3.815605486016997,3.460697556264421,Kuching,P.194 Petra Jaya,N.06 Tupong,Luar Bandar
485,110.218565,1.560151,38.66757395081398,35.070915787455604,Kuching,P.194 Petra Jaya,N.06 Tupong,Bandar
486,110.218565,1.568491,5.993859392774692,5.436341526707701,Kuching,P.194 Petra Jaya,N.06 Tupong,Bandar
487,110.218565,1.576832,6.035389468189441,5.47400868884645,Kuching,P.194 Petra Jaya,N.06 Tupong,Bandar
488,110.218565,1.593512,14.520536693640818,13.169911311713317,Kuching,P.194 Petra Jaya,N.06 Tupong,Bandar
489,110.218565,1.601852,5.947363512918635,5.394170453627977,Kuching,P.193 Santubong,N.04 Pantai Damai,Bandar
490,110.218565,1.610192,21.423259945117287,19.430578871684375,Kuching,P.193 Santubong,N.04 Pantai Damai,Bandar
491,110.218565,1.618532,11.921756734028694,10.812856451493271,Kuching,P.193 Santubong,N.04 Pantai Damai,Bandar
492,110.218565,1.626872,31.977776789256694,29.003369031443093,Kuching,P.193 Santubong,N.04 Pantai Damai,Luar Bandar
493,110.218565,1.668572,5.169294722604166,4.688473606531321,Kuching,P.193 Santubong,N.04 Pantai Damai,Luar Bandar
494,110.21882,1.128983,5.561192829821316,5.043919374423532,Kuching,P.198 Puncak Borneo,N.19 Mambong,Luar Bandar
495,110.219307,1.520827,6.827551296510287,6.192487712289099,Kuching,P.196 Stampin,N.14 Batu Kawah,Luar Bandar
496,110.221603,1.173095,2.590761312577838,2.3497820663481943,Kuching,P.198 Puncak Borneo,N.19 Mambong,Luar Bandar
497,110.22186,1.173524,6.185408264869304,5.610073511314686,Kuching,P.198 Puncak Borneo,N.19 Mambong,Luar Bandar
498,110.226896,1.184849,6.9209596798932544,6.277207729935757,Kuching,P.198 Puncak Borneo,N.19 Mambong,Luar Bandar
499,110.226896,1.226549,3.3047584784737962,2.9973669008524544,Kuching,P.198 Puncak Borneo,N.19 Mambong,Luar Bandar
500,110.226896,1.38501,4.698052538695643,4.805314012181846,Bau,P.198 Puncak Borneo,N.18 Serembu,Luar Bandar
501,110.226896,1.426711,7.297402635507292,7.464010001614764,Bau,P.198 Puncak Borneo,N.18 Serembu,Luar Bandar
502,110.226896,1.435051,35.93930445714415,36.75983652237575,Bau,P.198 Puncak Borneo,N.18 Serembu,Luar Bandar
503,110.226896,1.443391,57.29745375444324,58.605614799065236,Bau,P.198 Puncak Borneo,N.18 Serembu,Luar Bandar
504,110.226896,1.451731,4.9466754378769515,5.0596132332622705,Bau,P.198 Puncak Borneo,N.18 Serembu,Luar Bandar
505,110.226896,1.460071,10.510977587671361,10.750954244924133,Bau,P.198 Puncak Borneo,N.18 Serembu,Luar Bandar
506,110.226896,1.468411,17.340964567518004,17.73687700056636,Bau,P.198 Puncak Borneo,N.18 Serembu,Luar Bandar
507,110.226896,1.485091,7.370758428977507,6.685168520817095,Kuching,P.198 Puncak Borneo,N.18 Serembu,Luar Bandar
508,110.226896,1.493431,3.5199802664963213,3.192569868925003,Kuching,P.196 Stampin,N.14 Batu Kawah,Luar Bandar
509,110.226896,1.501771,3.110075872004521,2.8207926656689573,Kuching,P.196 Stampin,N.14 Batu Kawah,Luar Bandar
510,110.226896,1.510111,9.368094694351619,8.496722875152066,Kuching,P.196 Stampin,N.14 Batu Kawah,Luar Bandar
511,110.226896,1.543471,2.9592794702649754,2.6840225669504267,Kuching,P.196 Stampin,N.14 Batu Kawah,Bandar
512,110.226896,1.551811,3.5769827636134375,3.2442702879534115,Kuching,P.194 Petra Jaya,N.06 Tupong,Bandar
513,110.226896,1.560151,48.75011507428253,44.21563097218677,Kuching,P.194 Petra Jaya,N.06 Tupong,Bandar
514,110.226896,1.576832,45.04728081501667,40.8572152451798,Kuching,P.194 Petra Jaya,N.06 Tupong,Bandar
515,110.226896,1.585172,76.19605118528902,69.10868775618323,Kuching,P.194 Petra Jaya,N.06 Tupong,Bandar
516,110.226896,1.593512,106.33816446651974,96.44713722515328,Kuching,P.194 Petra Jaya,N.06 Tupong,Bandar
517,110.226896,1.601852,15.267699663805136,13.847577038543493,Kuching,P.193 Santubong,N.04 Pantai Damai,Bandar
518,110.226896,1.610192,19.50543237373737,17.691137722977142,Kuching,P.193 Santubong,N.04 Pantai Damai,Bandar
519,110.226896,1.626872,2.9120229354746754,2.6411615911326596,Kuching,P.193 Santubong,N.04 Pantai Damai,Bandar
520,110.228362,1.228443,3.0943562081537164,2.8065351638194764,Kuching,P.198 Puncak Borneo,N.19 Mambong,Luar Bandar
521,110.231892,1.198538,6.469381640582402,5.867633149221679,Kuching,P.198 Puncak Borneo,N.19 Mambong,Luar Bandar
522,110.234456,1.407224,27.77289436195174,28.40697870811502,Bau,P.198 Puncak Borneo,N.18 Serembu,Luar Bandar
523,110.235227,1.38501,18.488795490052475,18.910914108546823,Bau,P.198 Puncak Borneo,N.18 Serembu,Luar Bandar
524,110.235227,1.41003,22.518013201613144,23.032123092060935,Bau,P.198 Puncak Borneo,N.18 Serembu,Luar Bandar
525,110.235227,1.41837,8.731026852883312,8.93036536550622,Bau,P.198 Puncak Borneo,N.18 Serembu,Luar Bandar
526,110.235227,1.426711,11.525515867377523,11.788655499052812,Bau,P.198 Puncak Borneo,N.18 Serembu,Luar Bandar
527,110.235227,1.435051,15.588421482753363,15.94432151660618,Bau,P.198 Puncak Borneo,N.18 Serembu,Luar Bandar
528,110.235227,1.443391,39.72404346068693,40.630985092209464,Bau,P.198 Puncak Borneo,N.18 Serembu,Luar Bandar
529,110.235227,1.460071,13.580699120852232,13.890760744615983,Bau,P.198 Puncak Borneo,N.18 Serembu,Luar Bandar
530,110.235227,1.493431,37.57664111979953,34.08145589801579,Kuching,P.196 Stampin,N.14 Batu Kawah,Luar Bandar
531,110.235227,1.518451,9.813036170382748,8.90027819145102,Kuching,P.196 Stampin,N.14 Batu Kawah,Luar Bandar
532,110.235227,1.526791,6.657562026769083,6.038309967094941,Kuching,P.196 Stampin,N.14 Batu Kawah,Luar Bandar
533,110.235227,1.543471,5.585478348494451,5.0659459794886335,Kuching,P.196 Stampin,N.14 Batu Kawah,Bandar
534,110.235227,1.551811,70.42869654087082,63.877782675143784,Kuching,P.194 Petra Jaya,N.06 Tupong,Bandar
535,110.235227,1.560151,22.238226706388122,20.16974163091156,Kuching,P.194 Petra Jaya,N.06 Tupong,Bandar
536,110.235227,1.568491,134.3922472278768,121.8917739967641,Kuching,P.194 Petra Jaya,N.06 Tupong,Bandar
537,110.235227,1.576832,193.24276894609827,175.26832391564326,Kuching,P.194 Petra Jaya,N.06 Tupong,Bandar
538,110.235227,1.585172,253.69812842871778,230.100437872735,Kuching,P.194 Petra Jaya,N.06 Tupong,Bandar
539,110.235227,1.593512,13.030465555026606,11.81843890007118,Kuching,P.194 Petra Jaya,N.06 Tupong,Bandar
540,110.235227,1.601852,13.277037697280432,12.042076174225395,Kuching,P.193 Santubong,N.04 Pantai Damai,Bandar
541,110.235227,1.610192,5.3132815980718195,4.81906756596742,Kuching,P.193 Santubong,N.04 Pantai Damai,Bandar
542,110.237868,1.410528,41.415214172653506,42.3607670076456,Bau,P.198 Puncak Borneo,N.18 Serembu,Luar Bandar
543,110.23819,1.413531,40.36295627094129,41.284484952926256,Bau,P.198 Puncak Borneo,N.18 Serembu,Luar Bandar
544,110.239091,1.488695,27.760231977946084,25.178118471492176,Kuching,P.196 Stampin,N.14 Batu Kawah,Luar Bandar
545,110.243558,1.243229,6.1439054769298895,5.5724310985111485,Kuching,P.198 Puncak Borneo,N.19 Mambong,Luar Bandar
546,110.243558,1.31829,10.916798871378587,9.901374582582244,Kuching,P.198 Puncak Borneo,N.19 Mambong,Luar Bandar
547,110.243558,1.40169,2.871479602927285,2.937038497971287,Bau,P.198 Puncak Borneo,N.18 Serembu,Luar Bandar
548,110.243558,1.41837,1.3804966211997902,1.4120148088984155,Bau,P.198 Puncak Borneo,N.18 Serembu,Luar Bandar
549,110.243558,1.426711,17.77464371265398,18.180457496047907,Bau,P.198 Puncak Borneo,N.18 Serembu,Luar Bandar
550,110.243558,1.435051,36.50989746863535,37.343456771572235,Bau,P.198 Puncak Borneo,N.18 Serembu,Luar Bandar
551,110.243558,1.443391,26.263032891423865,26.862645514515734,Bau,P.198 Puncak Borneo,N.18 Serembu,Luar Bandar
552,110.243558,1.493431,70.91784570890621,64.32143371209519,Kuching,P.196 Stampin,N.14 Batu Kawah,Luar Bandar
553,110.243558,1.501771,201.93194690686525,183.1492793878409,Kuching,P.196 Stampin,N.14 Batu Kawah,Luar Bandar
554,110.243558,1.510111,231.8749462696199,210.30713548739325,Kuching,P.196 Stampin,N.14 Batu Kawah,Luar Bandar
555,110.243558,1.518451,112.756705344251,102.26865855689215,Kuching,P.196 Stampin,N.14 Batu Kawah,Luar Bandar
556,110.243558,1.526791,72.52968226194304,65.78334554774855,Kuching,P.196 Stampin,N.14 Batu Kawah,Luar Bandar
557,110.243558,1.535131,139.945428265106,126.92842679419314,Kuching,P.196 Stampin,N.14 Batu Kawah,Bandar
558,110.243558,1.543471,2.922464808435396,2.650632214961673,Kuching,P.196 Stampin,N.14 Batu Kawah,Bandar
559,110.243558,1.551811,160.50041833516656,145.5714977734084,Kuching,P.194 Petra Jaya,N.06 Tupong,Bandar
560,110.243558,1.560151,153.9784264921935,139.65614795129824,Kuching,P.194 Petra Jaya,N.06 Tupong,Bandar
561,110.243558,1.568491,86.68886666881508,78.62551569744863,Kuching,P.194 Petra Jaya,N.06 Tupong,Bandar
562,110.243558,1.576832,63.34322737774294,57.451367285061096,Kuching,P.194 Petra Jaya,N.06 Tupong,Bandar
563,110.243558,1.593512,9.888469378708606,8.96869499205348,Kuching,P.193 Santubong,N.04 Pantai Damai,Bandar
564,110.245378,1.323499,1.8010573145381559,1.6335322584989571,Kuching,P.198 Puncak Borneo,N.19 Mambong,Luar Bandar
565,110.246236,1.276583,5.740477348341257,5.206527772328335,Kuching,P.198 Puncak Borneo,N.19 Mambong,Luar Bandar
566,110.246891,1.674737,5.866262059808008,5.320612639116492,Kuching,P.193 Santubong,N.04 Pantai Damai,Luar Bandar
567,110.250013,1.323306,16.594434410547034,15.050905766496879,Kuching,P.198 Puncak Borneo,N.19 Mambong,Luar Bandar
568,110.250828,1.449397,1.0290285718446517,1.0525223748548034,Bau,P.198 Puncak Borneo,N.18 Serembu,Luar Bandar
569,110.251064,1.187876,13.102889591739633,11.884126426673733,Kuching,P.198 Puncak Borneo,N.19 Mambong,Luar Bandar
570,110.251889,1.26825,4.119009512844547,3.7358805064018954,Kuching,P.198 Puncak Borneo,N.19 Mambong,Luar Bandar
571,110.251889,1.30995,2.0247046138673035,1.8363770403009274,Kuching,P.198 Puncak Borneo,N.19 Mambong,Luar Bandar
572,110.251889,1.31829,56.96352494825484,51.66507184955722,Kuching,P.198 Puncak Borneo,N.19 Mambong,Luar Bandar
573,110.251889,1.32663,3.2347999336751174,2.9339155388309246,Kuching,P.198 Puncak Borneo,N.19 Mambong,Luar Bandar
574,110.251889,1.435051,14.14109777176998,14.46395388528071,Bau,P.198 Puncak Borneo,N.18 Serembu,Luar Bandar
575,110.251889,1.443391,33.23008037013116,33.98875800415242,Bau,P.198 Puncak Borneo,N.18 Serembu,Luar Bandar
576,110.251889,1.468411,16.107133730556807,14.608931280772843,Kuching,P.196 Stampin,N.14 Batu Kawah,
577,110.251889,1.476751,18.976438503608158,17.21134813247993,Kuching,P.196 Stampin,N.14 Batu Kawah,
578,110.251889,1.485091,6.449118084604631,5.849254404639597,Kuching,P.196 Stampin,N.14 Batu Kawah,
579,110.251889,1.493431,96.54604808882,87.56583297523811,Kuching,P.196 Stampin,N.14 Batu Kawah,Luar Bandar
580,110.251889,1.501771,249.79864608626008,226.56366525232275,Kuching,P.196 Stampin,N.14 Batu Kawah,Luar Bandar
581,110.251889,1.510111,216.4873769777435,196.35083847492774,Kuching,P.196 Stampin,N.14 Batu Kawah,Luar Bandar
582,110.251889,1.518451,242.7422319930661,220.16360237952358,Kuching,P.196 Stampin,N.14 Batu Kawah,Luar Bandar
583,110.251889,1.526791,170.26319383024048,154.42619027816963,Kuching,P.196 Stampin,N.14 Batu Kawah,Luar Bandar
584,110.251889,1.535131,129.6746787663691,117.613009405907,Kuching,P.196 Stampin,N.14 Batu Kawah,Bandar
585,110.251889,1.543471,188.67294961814866,171.12356559648228,Kuching,P.196 Stampin,N.14 Batu Kawah,Bandar
586,110.251889,1.551811,280.00383816631154,253.95932625580048,Kuching,P.196 Stampin,N.14 Batu Kawah,Bandar
587,110.251889,1.560151,146.923758771634,133.25766901256418,Kuching,P.194 Petra Jaya,N.06 Tupong,Bandar
588,110.251889,1.568491,22.132584072216368,20.07392532934282,Kuching,P.194 Petra Jaya,N.06 Tupong,Bandar
589,110.251889,1.576832,13.308470990594637,12.070585704824525,Kuching,P.194 Petra Jaya,N.06 Tupong,Bandar
590,110.251889,1.593512,4.845447731458727,4.394749191109508,Kuching,P.193 Santubong,N.04 Pantai Damai,Bandar
591,110.254648,1.189163,6.559338881980933,5.949223032299752,Kuching,P.198 Puncak Borneo,N.19 Mambong,Luar Bandar
592,110.255141,1.246979,11.632834001035901,10.550807819976825,Kuching,P.198 Puncak Borneo,N.19 Mambong,Luar Bandar
593,110.25542,1.24597,8.522017104915893,7.729343056431137,Kuching,P.198 Puncak Borneo,N.19 Mambong,Luar Bandar
594,110.256772,1.248116,13.825138256048684,12.539195247795151,Kuching,P.198 Puncak Borneo,N.19 Mambong,Luar Bandar
595,110.25733,1.167689,0.5517223687443559,0.5004040014742511,Kuching,P.198 Puncak Borneo,N.20 Tarat,Luar Bandar
596,110.26022,1.243229,2.6996856965764287,2.448574866312172,Kuching,P.198 Puncak Borneo,N.19 Mambong,Luar Bandar
597,110.26022,1.426711,5.458123320871588,5.58273800856272,Bau,P.198 Puncak Borneo,N.18 Serembu,Luar Bandar
598,110.26022,1.435051,28.660655505980216,29.315008371413555,Bau,P.198 Puncak Borneo,N.18 Serembu,Luar Bandar
599,110.26022,1.443391,7.556603831919949,7.729129033561958,Bau,P.198 Puncak Borneo,N.18 Serembu,Luar Bandar
600,110.26022,1.451731,16.176314810810393,16.545637066764968,Bau,P.196 Stampin,N.14 Batu Kawah,Luar Bandar
601,110.26022,1.460071,9.618900159418127,8.724199710279343,Kuching,P.196 Stampin,N.14 Batu Kawah,
602,110.26022,1.468411,3.4758015962787416,3.152500470602435,Kuching,P.196 Stampin,N.14 Batu Kawah,
603,110.26022,1.476751,3.2534550978486094,2.950835495913361,Kuching,P.196 Stampin,N.14 Batu Kawah,
604,110.26022,1.485091,31.296165409312643,28.38515762422638,Kuching,P.196 Stampin,N.14 Batu Kawah,
605,110.26022,1.501771,119.0227922225172,107.95190637337248,Kuching,P.196 Stampin,N.14 Batu Kawah,Luar Bandar
606,110.26022,1.510111,25.829194525035668,23.426696156257467,Kuching,P.196 Stampin,N.14 Batu Kawah,Luar Bandar
607,110.26022,1.518451,5.654114286526987,5.128197756799358,Kuching,P.196 Stampin,N.14 Batu Kawah,Bandar
608,110.26022,1.526791,5.66597077450972,5.138951415461947,Kuching,P.196 Stampin,N.14 Batu Kawah,Bandar
609,110.26022,1.535131,11.767067744134257,10.67255583308015,Kuching,P.196 Stampin,N.14 Batu Kawah,Bandar
610,110.26022,1.543471,12.122171571023426,10.994629734703116,Kuching,P.196 Stampin,N.14 Batu Kawah,Bandar
611,110.26022,1.551811,158.48805687537217,143.74631579069225,Kuching,P.194 Petra Jaya,N.06 Tupong,Bandar
612,110.26022,1.560151,173.77794115512398,157.61401394670312,Kuching,P.194 Petra Jaya,N.06 Tupong,Bandar
613,110.26022,1.568491,273.38372861961335,247.9549851323746,Kuching,P.194 Petra Jaya,N.06 Tupong,Bandar
614,110.26022,1.576832,206.9905302097617,187.7373393795378,Kuching,P.194 Petra Jaya,N.06 Tupong,Bandar
615,110.26022,1.585172,6.6052891554291815,5.990899248463819,Kuching,P.194 Petra Jaya,N.06 Tupong,Bandar
616,110.262254,1.21156,2.557859830780523,2.3199409105812485,Kuching,P.198 Puncak Borneo,N.19 Mambong,Luar Bandar
617,110.264947,1.35662,3.053638845551535,2.7696051201419274,Kuching,P.198 Puncak Borneo,N.19 Mambong,Luar Bandar
618,110.265098,1.154902,7.124975123926971,6.462246710300757,Kuching,P.198 Puncak Borneo,N.19 Mambong,Luar Bandar
619,110.265548,1.153358,10.647394941516007,9.65702921586649,Kuching,P.198 Puncak Borneo,N.19 Mambong,Luar Bandar
620,110.265548,1.238945,0.6951491037276645,0.6304899218029415,Kuching,P.198 Puncak Borneo,N.19 Mambong,Luar Bandar
621,110.265614,1.15679,11.014963184210995,9.990408157666579,Kuching,P.198 Puncak Borneo,N.19 Mambong,Luar Bandar
622,110.266771,1.357103,24.58089573008079,22.29450767266828,Kuching,P.198 Puncak Borneo,N.19 Mambong,Luar Bandar
623,110.26837,1.44989,32.44373237500266,33.18445685845021,Bau,P.196 Stampin,N.13 Batu Kitang,Luar Bandar
624,110.268551,1.29327,22.533641919637503,20.437678845679184,Kuching,P.198 Puncak Borneo,N.19 Mambong,Luar Bandar
625,110.268551,1.435051,28.1201354126714,28.762147636704995,Bau,P.198 Puncak Borneo,N.18 Serembu,Luar Bandar
626,110.268551,1.443391,12.235982606904901,12.515342940395879,Bau,P.198 Puncak Borneo,N.18 Serembu,Luar Bandar
627,110.268551,1.460071,10.632842717198503,9.643830564350145,Kuching,P.196 Stampin,N.14 Batu Kawah,
628,110.268551,1.468411,13.195412455063835,11.968043290767271,Kuching,P.196 Stampin,N.14 Batu Kawah,
629,110.268551,1.485091,29.4231370306889,26.686348678576323,Kuching,P.196 Stampin,N.14 Batu Kawah,
630,110.268551,1.493431,44.107618922669616,40.00495585241045,Kuching,P.196 Stampin,N.14 Batu Kawah,Luar Bandar
631,110.268551,1.501771,81.85133396419283,74.2379453182292,Kuching,P.196 Stampin,N.14 Batu Kawah,Luar Bandar
632,110.268551,1.510111,169.08862724012943,153.36087581026578,Kuching,P.196 Stampin,N.14 Batu Kawah,Bandar
633,110.268551,1.526791,2.950440587901005,2.6760058318059787,Kuching,P.196 Stampin,N.14 Batu Kawah,Bandar
634,110.268551,1.535131,2.924574487648261,2.652545662702332,Kuching,P.196 Stampin,N.14 Batu Kawah,Bandar
635,110.268551,1.543471,66.02142653613262,59.88045418007541,Kuching,P.196 Stampin,N.14 Batu Kawah,Bandar
636,110.268551,1.551811,86.93918147016723,78.85254750786792,Kuching,P.194 Petra Jaya,N.06 Tupong,Bandar
637,110.268551,1.568491,266.09121287110304,241.3407815617026,Kuching,P.194 Petra Jaya,N.06 Tupong,Bandar
638,110.268551,1.576832,134.41988351107,121.9168396955271,Kuching,P.194 Petra Jaya,N.06 Tupong,Bandar
639,110.268551,1.585172,9.34969276668524,8.48003259982382,Kuching,P.194 Petra Jaya,N.06 Tupong,Bandar
640,110.268574,1.31701,5.385089276757133,4.884196064984935,Kuching,P.198 Puncak Borneo,N.19 Mambong,Luar Bandar
641,110.269979,1.208406,52.746438752378744,47.84023724700005,Kuching,P.198 Puncak Borneo,N.19 Mambong,Luar Bandar
642,110.272093,1.402462,19.330628260681834,17.532592986344074,Kuching,P.196 Stampin,N.13 Batu Kitang,Luar Bandar
643,110.273724,1.408597,7.746634018859494,7.026082103243537,Kuching,P.196 Stampin,N.13 Batu Kitang,Luar Bandar
644,110.273874,1.393217,3.98183738778043,3.6114674244581098,Kuching,P.196 Stampin,N.13 Batu Kitang,Luar Bandar
645,110.276771,1.445858,9.767057844414033,8.858576532067161,Kuching,P.196 Stampin,N.13 Batu Kitang,Luar Bandar
646,110.276882,1.109789,24.361462850744843,22.095485307262603,Kuching,P.198 Puncak Borneo,N.19 Mambong,Luar Bandar
647,110.276882,1.28493,22.1807471205747,20.11760849951509,Kuching,P.198 Puncak Borneo,N.19 Mambong,Luar Bandar
648,110.276882,1.29327,21.231109227008503,19.25630102167329,Kuching,P.198 Puncak Borneo,N.19 Mambong,Luar Bandar
649,110.276882,1.31829,11.398640951265591,10.338398199012513,Kuching,P.198 Puncak Borneo,N.19 Mambong,Luar Bandar
650,110.276882,1.35999,7.27304950185514,6.596547973814325,Kuching,P.198 Puncak Borneo,N.19 Mambong,Luar Bandar
651,110.276882,1.39335,20.112305167996624,18.241562342019378,Kuching,P.196 Stampin,N.13 Batu Kitang,Luar Bandar
652,110.276882,1.40169,47.618378540104494,43.18916272946141,Kuching,P.196 Stampin,N.13 Batu Kitang,Luar Bandar
653,110.276882,1.41003,38.18831134869988,34.636231719088634,Kuching,P.196 Stampin,N.13 Batu Kitang,Luar Bandar
654,110.276882,1.451731,28.285920290038376,25.6549099699009,Kuching,P.196 Stampin,N.13 Batu Kitang,Luar Bandar
655,110.276882,1.460071,1.6750656732898457,1.5192597094695448,Kuching,P.196 Stampin,N.13 Batu Kitang,
656,110.276882,1.485091,11.75480196220293,10.661430950879677,Kuching,P.196 Stampin,N.14 Batu Kawah,
657,110.276882,1.493431,7.150358462551356,6.4852690217711535,Kuching,P.196 Stampin,N.14 Batu Kawah,
658,110.276882,1.501771,118.0025724113438,107.026582143622,Kuching,P.196 Stampin,N.14 Batu Kawah,Luar Bandar
659,110.276882,1.510111,122.49221244114915,111.09861902914216,Kuching,P.196 Stampin,N.14 Batu Kawah,Luar Bandar
660,110.276882,1.518451,2.305533063046226,2.0910842765088105,Kuching,P.196 Stampin,N.14 Batu Kawah,Bandar
661,110.276882,1.543471,3.0982580378726245,2.8100740654754968,Kuching,P.194 Petra Jaya,N.06 Tupong,Bandar
662,110.276882,1.568491,137.42354498758272,124.6411160835622,Kuching,P.194 Petra Jaya,N.06 Tupong,Bandar
663,110.276882,1.576832,46.783824407313915,42.43223451492171,Kuching,P.194 Petra Jaya,N.06 Tupong,Bandar
664,110.276882,1.593512,100.80195298806753,91.42587556572467,Kuching,P.193 Santubong,N.04 Pantai Damai,Bandar
665,110.276882,1.601852,2.264938512954675,2.054265621955996,Kuching,P.193 Santubong,N.04 Pantai Damai,Bandar
666,110.279453,1.088289,3.626670926878891,3.289336714715346,Kuching,P.198 Puncak Borneo,N.19 Mambong,Luar Bandar
667,110.283219,1.099027,51.78915945030365,53.4332597503133,Tebedu,P.198 Puncak Borneo,N.19 Mambong,Luar Bandar
668,110.285214,1.28493,17.590278844183537,15.954121890526219,Kuching,P.198 Puncak Borneo,N.19 Mambong,Luar Bandar
669,110.285214,1.31829,37.74875119731286,34.23755718438872,Kuching,P.198 Puncak Borneo,N.19 Mambong,Luar Bandar
670,110.285214,1.40169,3.765102183692102,3.4148918104713752,Kuching,P.196 Stampin,N.13 Batu Kitang,Luar Bandar
671,110.285214,1.41003,16.433054832821323,14.904536884202043,Kuching,P.196 Stampin,N.13 Batu Kitang,Luar Bandar
672,110.285214,1.41837,5.421909671188255,4.917591616358222,Kuching,P.196 Stampin,N.13 Batu Kitang,Luar Bandar
673,110.285214,1.426711,3.8550288937997235,3.496454002121646,Kuching,P.196 Stampin,N.13 Batu Kitang,Luar Bandar
674,110.285214,1.443391,3.513430718504914,3.1866295260851665,Kuching,P.196 Stampin,N.13 Batu Kitang,Bandar
675,110.285214,1.451731,100.63954773298637,91.2785764092884,Kuching,P.196 Stampin,N.13 Batu Kitang,Bandar
676,110.285214,1.460071,56.39784525887295,51.152008765376635,Kuching,P.196 Stampin,N.13 Batu Kitang,Bandar
677,110.285214,1.468411,26.203478507097724,23.766166174009015,Kuching,P.196 Stampin,N.13 Batu Kitang,Bandar
678,110.285214,1.476751,21.7023689461697,19.683726593956305,Kuching,P.196 Stampin,N.14 Batu Kawah,Bandar
679,110.285214,1.485091,90.68810545412828,82.25276593125062,Kuching,P.196 Stampin,N.14 Batu Kawah,Bandar
680,110.285214,1.493431,60.331731561163096,54.719985266838485,Kuching,P.196 Stampin,N.14 Batu Kawah,Bandar
681,110.285214,1.501771,246.31547698179048,223.40448256111728,Kuching,P.196 Stampin,N.14 Batu Kawah,Bandar
682,110.285214,1.510111,270.67945040481027,245.50224492017895,Kuching,P.196 Stampin,N.14 Batu Kawah,Bandar
683,110.285214,1.518451,130.7315526417105,118.57157832795023,Kuching,P.196 Stampin,N.14 Batu Kawah,Bandar
684,110.285214,1.526791,37.21036232964603,33.74924647053672,Kuching,P.194 Petra Jaya,N.08 Satok,Bandar
685,110.285214,1.535131,3.3602482570027323,3.0476953065685297,Kuching,P.194 Petra Jaya,N.08 Satok,Bandar
686,110.285214,1.543471,24.740173831942883,22.438970547538496,Kuching,P.194 Petra Jaya,N.06 Tupong,Bandar
687,110.285214,1.551811,8.770227502436882,7.9544662038026885,Kuching,P.194 Petra Jaya,N.06 Tupong,Bandar
688,110.285214,1.576832,105.40007294975783,95.59630213973692,Kuching,P.194 Petra Jaya,N.06 Tupong,Bandar
689,110.289967,1.353606,2.557859830780523,2.3199409105812485,Kuching,P.198 Puncak Borneo,N.19 Mambong,Luar Bandar
690,110.293545,1.243229,22.711805138322916,20.599270241272972,Kuching,P.198 Puncak Borneo,N.19 Mambong,Luar Bandar
691,110.293545,1.30995,31.756573945201062,28.802741334301068,Kuching,P.198 Puncak Borneo,N.19 Mambong,Luar Bandar
692,110.293545,1.31829,13.519023098831767,12.261553342624833,Kuching,P.198 Puncak Borneo,N.19 Mambong,Luar Bandar
693,110.293545,1.36833,22.714604044965213,20.601808808064725,Kuching,P.198 Puncak Borneo,N.19 Mambong,Luar Bandar
694,110.293545,1.41003,59.561437674862184,54.02134014231076,Kuching,P.196 Stampin,N.13 Batu Kitang,Luar Bandar
695,110.293545,1.41837,133.09627058769541,120.71634241504333,Kuching,P.196 Stampin,N.13 Batu Kitang,Luar Bandar
696,110.293545,1.426711,47.38850204233561,42.980668157109314,Kuching,P.196 Stampin,N.13 Batu Kitang,Luar Bandar
697,110.293545,1.451731,81.55943897755067,73.97320089675787,Kuching,P.196 Stampin,N.13 Batu Kitang,Bandar
698,110.293545,1.460071,74.17590900066836,67.27644877150738,Kuching,P.196 Stampin,N.13 Batu Kitang,Bandar
699,110.293545,1.468411,35.72958714209419,32.406205348566075,Kuching,P.196 Stampin,N.13 Batu Kitang,Luar Bandar
700,110.293545,1.476751,49.818817230291735,45.18492796927654,Kuching,P.196 Stampin,N.13 Batu Kitang,Luar Bandar
701,110.293545,1.485091,37.31088049921843,33.840414958755474,Kuching,P.196 Stampin,N.13 Batu Kitang,Bandar
702,110.293545,1.493431,147.85367141962422,134.10108598537036,Kuching,P.196 Stampin,N.13 Batu Kitang,Bandar
703,110.293545,1.501771,307.11799349409796,278.5514627926925,Kuching,P.196 Stampin,N.14 Batu Kawah,Bandar
704,110.293545,1.510111,285.77841814752594,259.1967846100977,Kuching,P.196 Stampin,N.14 Batu Kawah,Bandar
705,110.293545,1.518451,291.05794030419,263.98523286366276,Kuching,P.196 Stampin,N.14 Batu Kawah,Bandar
706,110.293545,1.526791,170.81744379351116,154.9288867703724,Kuching,P.196 Stampin,N.14 Batu Kawah,Bandar
707,110.293545,1.543471,4.835831600705415,4.386027503209472,Kuching,P.194 Petra Jaya,N.08 Satok,Bandar
708,110.293545,1.560151,62.722212653184705,56.888116145088986,Kuching,P.194 Petra Jaya,N.06 Tupong,Bandar
709,110.293545,1.568491,344.0160120184906,312.01741806671646,Kuching,P.194 Petra Jaya,N.06 Tupong,Bandar
710,110.293545,1.576832,334.14558757647325,303.0650895644742,Kuching,P.194 Petra Jaya,N.06 Tupong,Bandar
711,110.293545,1.585172,170.10743072753752,154.28491545537787,Kuching,P.194 Petra Jaya,N.06 Tupong,Bandar
712,110.295171,1.664924,29.026736589247683,26.326819360352772,Kuching,P.193 Santubong,N.04 Pantai Damai,Luar Bandar
713,110.296501,1.064132,13.208377838315956,13.627691420484716,Tebedu,P.199 Serian,N.21 Tebedu,Luar Bandar
714,110.296801,1.063102,3.703834859661402,3.8214169186982723,Tebedu,P.199 Serian,N.21 Tebedu,Luar Bandar
715,110.297027,1.305393,3.884395126250978,3.5230887391910795,Kuching,P.198 Puncak Borneo,N.19 Mambong,Luar Bandar
716,110.299226,1.181365,35.8075273261054,36.94427422534684,Tebedu,P.198 Puncak Borneo,N.20 Tarat,Luar Bandar
717,110.300868,1.335576,0.8526199435935076,0.7733136368604162,Kuching,P.198 Puncak Borneo,N.19 Mambong,Luar Bandar
718,110.301876,1.234889,20.351099699100295,18.458145438271934,Kuching,P.198 Puncak Borneo,N.19 Mambong,Luar Bandar
719,110.301876,1.357457,29.347467095176533,26.61771716992848,Kuching,P.198 Puncak Borneo,N.19 Mambong,Luar Bandar
720,110.301876,1.36833,63.67423953312581,57.751590398122794,Kuching,P.198 Puncak Borneo,N.19 Mambong,Luar Bandar
721,110.301876,1.41837,7.603830429304849,6.896561366571825,Kuching,P.196 Stampin,N.13 Batu Kitang,Luar Bandar
722,110.301876,1.426711,2.0545750668121565,1.8634690978759556,Kuching,P.196 Stampin,N.13 Batu Kitang,Luar Bandar
723,110.301876,1.451731,43.570033904187795,39.51737421784098,Kuching,P.196 Stampin,N.13 Batu Kitang,Bandar
724,110.301876,1.460071,82.11961653243407,74.48127362659422,Kuching,P.196 Stampin,N.13 Batu Kitang,Bandar
725,110.301876,1.476751,17.241454758435957,15.637743620933954,Kuching,P.196 Stampin,N.13 Batu Kitang,Luar Bandar
726,110.301876,1.485091,26.121345006658615,23.691672307885078,Kuching,P.196 Stampin,N.13 Batu Kitang,Luar Bandar
727,110.301876,1.493431,138.88359929079905,125.96536367091657,Kuching,P.196 Stampin,N.13 Batu Kitang,Bandar
728,110.301876,1.501771,397.21270431200526,360.26602859423997,Kuching,P.196 Stampin,N.14 Batu Kawah,Bandar
729,110.301876,1.510111,206.2119402792981,187.03116986605897,Kuching,P.196 Stampin,N.13 Batu Kitang,Bandar
730,110.301876,1.518451,301.4023317302457,273.36744238725873,Kuching,P.196 Stampin,N.14 Batu Kawah,Bandar
731,110.301876,1.526791,60.95373795232891,55.28413583370838,Kuching,P.196 Stampin,N.14 Batu Kawah,Bandar
732,110.301876,1.543471,4.655252302561342,4.222244759398742,Kuching,P.194 Petra Jaya,N.08 Satok,Bandar
733,110.301876,1.551811,17.236180087089767,15.632959572293508,Kuching,P.194 Petra Jaya,N.06 Tupong,Bandar
734,110.301876,1.560151,190.43072292407453,172.71783990145886,Kuching,P.194 Petra Jaya,N.06 Tupong,Bandar
735,110.301876,1.568491,450.3251275751113,408.4382083616464,Kuching,P.194 Petra Jaya,N.06 Tupong,Bandar
736,110.301876,1.576832,468.90556031179244,425.2903851398306,Kuching,P.194 Petra Jaya,N.06 Tupong,Bandar
737,110.301876,1.585172,285.5504596845728,258.9900296668619,Kuching,P.194 Petra Jaya,N.06 Tupong,Bandar
738,110.302488,1.16328,7.337063140199737,7.569985779571159,Tebedu,P.198 Puncak Borneo,N.20 Tarat,Luar Bandar
739,110.303421,1.179402,16.532751889294875,17.057601155621697,Tebedu,P.198 Puncak Borneo,N.20 Tarat,Luar Bandar
740,110.304666,1.343642,9.743205882448546,8.836943156502373,Kuching,P.198 Puncak Borneo,N.19 Mambong,Luar Bandar
741,110.304816,1.69167,10.48559491258483,9.510278990567349,Kuching,P.193 Santubong,N.04 Pantai Damai,Luar Bandar
742,110.30503,1.738127,3.9028303020991677,3.53980917012686,Kuching,P.193 Santubong,N.04 Pantai Damai,Luar Bandar
743,110.3051,1.048996,2.7012674783456,2.7870220014676828,Tebedu,P.199 Serian,N.21 Tebedu,Luar Bandar
744,110.305771,1.183521,3.5951872619482756,3.7093201908990148,Tebedu,P.198 Puncak Borneo,N.20 Tarat,Luar Bandar
745,110.310207,1.226549,13.268571880969,12.034397804454695,Kuching,P.198 Puncak Borneo,N.19 Mambong,Luar Bandar
746,110.310207,1.34331,30.683580313850364,27.829552032757515,Kuching,P.198 Puncak Borneo,N.19 Mambong,Luar Bandar
747,110.310207,1.35165,44.626459776063,40.47553680738831,Kuching,P.198 Puncak Borneo,N.19 Mambong,Luar Bandar
748,110.310207,1.35999,18.262330590119177,16.563662851552174,Kuching,P.198 Puncak Borneo,N.19 Mambong,Luar Bandar
749,110.310207,1.36833,46.01526139701292,41.735159269241535,Kuching,P.198 Puncak Borneo,N.19 Mambong,Bandar
750,110.310207,1.41837,63.88880263119507,57.946195944181994,Kuching,P.196 Stampin,N.13 Batu Kitang,Luar Bandar
751,110.310207,1.426711,28.441486546885137,25.796006256422068,Kuching,P.196 Stampin,N.13 Batu Kitang,Luar Bandar
752,110.310207,1.451731,56.24270599318677,62.624857027874626,Samarahan,P.197 Kota Samarahan,N.17 Stakan,Bandar
753,110.310207,1.460071,140.37462766104102,127.31770427744078,Kuching,P.196 Stampin,N.13 Batu Kitang,Bandar
754,110.310207,1.468411,27.910731900454422,25.314619667947444,Kuching,P.196 Stampin,N.13 Batu Kitang,Bandar
755,110.310207,1.476751,20.015875838356166,18.154102370944827,Kuching,P.196 Stampin,N.13 Batu Kitang,Luar Bandar
756,110.310207,1.485091,86.3579172446332,78.32534948065538,Kuching,P.196 Stampin,N.13 Batu Kitang,Bandar
757,110.310207,1.493431,143.97266212052264,130.58106814116167,Kuching,P.196 Stampin,N.13 Batu Kitang,Bandar
758,110.310207,1.501771,216.9374214393512,196.7590221234217,Kuching,P.196 Stampin,N.14 Batu Kawah,Bandar
759,110.310207,1.510111,51.65749856622743,46.85258465688236,Kuching,P.196 Stampin,N.13 Batu Kitang,Bandar
760,110.310207,1.518451,308.7602158047329,280.0409340595949,Kuching,P.196 Stampin,N.14 Batu Kawah,Bandar
761,110.310207,1.526791,151.46588670394564,137.37731164679255,Kuching,P.196 Stampin,N.14 Batu Kawah,Bandar
762,110.310207,1.535131,22.471928197692034,20.381705415641058,Kuching,P.195 Bandar Kuching,N.11 Batu Lintang,Bandar
763,110.310207,1.543471,36.13163081505067,32.77085299403437,Kuching,P.195 Bandar Kuching,N.11 Batu Lintang,Bandar
764,110.310207,1.551811,179.43375583704156,162.74375393688968,Kuching,P.194 Petra Jaya,N.06 Tupong,Bandar
765,110.310207,1.560151,408.2432640061957,370.27058255502226,Kuching,P.194 Petra Jaya,N.06 Tupong,Bandar
766,110.310207,1.568491,365.9785131844393,331.937080723925,Kuching,P.194 Petra Jaya,N.06 Tupong,Bandar
767,110.310207,1.576832,278.1286542444007,252.25856226437503,Kuching,P.194 Petra Jaya,N.06 Tupong,Bandar
768,110.310207,1.585172,30.15907894232303,27.353837071828274,Kuching,P.194 Petra Jaya,N.07 Samariang,Bandar
769,110.310207,1.593512,2.1505133969745005,1.9504837397097714,Kuching,P.194 Petra Jaya,N.07 Samariang,Bandar
770,110.310207,1.610192,36.73047408269783,33.31399495158914,Kuching,P.194 Petra Jaya,N.07 Samariang,Bandar
771,110.310207,1.618532,19.22340380228264,17.435341993673653,Kuching,P.194 Petra Jaya,N.07 Samariang,Bandar
772,110.310207,1.635212,2.6473449594403577,2.40110259441098,Kuching,P.193 Santubong,N.04 Pantai Damai,Luar Bandar
773,110.310207,1.651892,4.576393062839594,4.150720599158894,Kuching,P.193 Santubong,N.04 Pantai Damai,Luar Bandar
774,110.310207,1.660232,2.558327711923263,2.320365271834852,Kuching,P.193 Santubong,N.04 Pantai Damai,Luar Bandar
775,110.310207,1.668572,2.7141064358454914,2.461654262840681,Kuching,P.193 Santubong,N.04 Pantai Damai,Luar Bandar
776,110.310207,1.676912,2.829292977511683,2.56612674688537,Kuching,P.193 Santubong,N.04 Pantai Damai,Luar Bandar
777,110.310207,1.693592,21.66088849410689,19.646104439461404,Kuching,P.193 Santubong,N.04 Pantai Damai,Luar Bandar
778,110.310207,1.735293,5.145401945252862,4.666803212017254,Kuching,P.193 Santubong,N.04 Pantai Damai,Luar Bandar
779,110.310207,1.743633,75.7621017594874,68.71510206633204,Kuching,P.193 Santubong,N.04 Pantai Damai,Luar Bandar
780,110.311296,1.747499,2.005044065338291,1.8185452145268761,Kuching,P.193 Santubong,N.04 Pantai Damai,Luar Bandar
781,110.311832,1.230331,15.914338955302345,14.434069280487762,Kuching,P.198 Puncak Borneo,N.19 Mambong,Luar Bandar
782,110.313018,1.699837,26.15057441409723,23.71818294669839,Kuching,P.193 Santubong,N.04 Pantai Damai,Luar Bandar
783,110.314171,1.749816,7.5998420923587675,6.892944004144434,Kuching,P.193 Santubong,N.04 Pantai Damai,Luar Bandar
784,110.314364,1.663959,14.321556149859434,12.989438911164584,Kuching,P.193 Santubong,N.04 Pantai Damai,Luar Bandar
785,110.315373,1.420696,56.25162374312184,51.01938802036314,Kuching,P.196 Stampin,N.13 Batu Kitang,Luar Bandar
786,110.316424,1.723435,2.3959248565062046,2.1730682918583244,Kuching,P.193 Santubong,N.04 Pantai Damai,Luar Bandar
787,110.318538,1.259909,6.930968287231667,6.286285388274541,Kuching,P.198 Puncak Borneo,N.19 Mambong,Luar Bandar
788,110.318538,1.35999,51.31368240870471,46.54074850387767,Kuching,P.198 Puncak Borneo,N.19 Mambong,Bandar
789,110.318538,1.36833,43.13415570194377,39.12203915637752,Kuching,P.198 Puncak Borneo,N.19 Mambong,Bandar
790,110.318538,1.38501,31.73048125451571,28.779075651037417,Kuching,P.197 Kota Samarahan,N.17 Stakan,Bandar
791,110.318538,1.39335,4.915936574072743,4.458681525380491,Kuching,P.197 Kota Samarahan,N.17 Stakan,Luar Bandar
792,110.318538,1.426711,137.53527293132498,124.74245167061179,Kuching,P.196 Stampin,N.13 Batu Kitang,Bandar
793,110.318538,1.435051,47.36197918896608,42.956612322674275,Kuching,P.196 Stampin,N.13 Batu Kitang,Bandar
794,110.318538,1.443391,132.1918788143385,147.19237570107197,Samarahan,P.197 Kota Samarahan,N.17 Stakan,Bandar
795,110.318538,1.451731,246.40650356049426,274.36752524111773,Samarahan,P.197 Kota Samarahan,N.17 Stakan,Bandar
796,110.318538,1.460071,163.62915635135022,148.40921672692133,Kuching,P.196 Stampin,N.13 Batu Kitang,Bandar
797,110.318538,1.468411,167.4061360625774,151.8348812786171,Kuching,P.196 Stampin,N.13 Batu Kitang,Bandar
798,110.318538,1.476751,83.97518039329404,76.16424251378751,Kuching,P.196 Stampin,N.13 Batu Kitang,Bandar
799,110.318538,1.485091,180.65071006372662,163.8475133621784,Kuching,P.196 Stampin,N.13 Batu Kitang,Bandar
800,110.318538,1.493431,210.64676373208937,191.05348892964747,Kuching,P.196 Stampin,N.13 Batu Kitang,Bandar
801,110.318538,1.501771,149.36043210481367,135.46769556810102,Kuching,P.196 Stampin,N.13 Batu Kitang,Bandar
802,110.318538,1.510111,156.27204671533917,141.73642745879116,Kuching,P.196 Stampin,N.13 Batu Kitang,Bandar
803,110.318538,1.518451,425.21262586244825,385.661541951247,Kuching,P.196 Stampin,N.14 Batu Kawah,Bandar
804,110.318538,1.526791,361.1057218611868,327.5175313008086,Kuching,P.196 Stampin,N.14 Batu Kawah,Bandar
805,110.318538,1.535131,264.36014955365806,239.77073281993023,Kuching,P.195 Bandar Kuching,N.11 Batu Lintang,Bandar
806,110.318538,1.543471,194.51338548682529,176.42075426347603,Kuching,P.195 Bandar Kuching,N.11 Batu Lintang,Bandar
807,110.318538,1.551811,218.18845689766397,197.89369272006726,Kuching,P.194 Petra Jaya,N.08 Satok,Bandar
808,110.318538,1.560151,498.7836721650071,452.38938923109225,Kuching,P.194 Petra Jaya,N.06 Tupong,Bandar
809,110.318538,1.568491,458.6153211783652,415.95729094208593,Kuching,P.194 Petra Jaya,N.06 Tupong,Bandar
810,110.318538,1.576832,90.06209770673267,81.68498619365621,Kuching,P.194 Petra Jaya,N.07 Samariang,Bandar
811,110.318538,1.585172,142.23311688369603,129.0033264243729,Kuching,P.194 Petra Jaya,N.07 Samariang,Bandar
812,110.318538,1.593512,47.677968403683586,43.24320985147704,Kuching,P.194 Petra Jaya,N.07 Samariang,Bandar
813,110.318538,1.601852,2.4163940324662327,2.1916335307131307,Kuching,P.194 Petra Jaya,N.07 Samariang,Bandar
814,110.318538,1.610192,10.378869142472695,9.41348030077328,Kuching,P.194 Petra Jaya,N.07 Samariang,Bandar
815,110.318538,1.618532,31.931090226846255,28.961025012116078,Kuching,P.194 Petra Jaya,N.07 Samariang,Bandar
816,110.318538,1.626872,50.93804095731224,46.20004728158686,Kuching,P.193 Santubong,N.04 Pantai Damai,Bandar
817,110.318538,1.718612,106.67987300007186,96.75706179449153,Kuching,P.193 Santubong,N.04 Pantai Damai,Luar Bandar
818,110.318538,1.726952,50.50131554519862,45.80394381334338,Kuching,P.193 Santubong,N.04 Pantai Damai,Luar Bandar
819,110.318538,1.743633,50.52201366534463,45.82271670117758,Kuching,P.193 Santubong,N.04 Pantai Damai,Luar Bandar
820,110.318538,1.751973,27.531787705015415,24.970922905815648,Kuching,P.193 Santubong,N.04 Pantai Damai,Luar Bandar
821,110.319627,1.284199,0.34757455186383224,0.31524496090147075,Kuching,P.198 Puncak Borneo,N.19 Mambong,Luar Bandar
822,110.320759,1.264312,32.740106127311535,29.69479042889711,Kuching,P.198 Puncak Borneo,N.19 Mambong,Luar Bandar
823,110.321091,1.035351,13.470149195010677,13.89777297897927,Tebedu,P.199 Serian,N.21 Tebedu,Luar Bandar
824,110.323334,1.412651,7.186359912801097,6.517921802924196,Kuching,P.197 Kota Samarahan,N.17 Stakan,Luar Bandar
825,110.323505,1.404264,5.226869189221265,4.740692793408791,Kuching,P.197 Kota Samarahan,N.17 Stakan,Luar Bandar
826,110.325555,1.02957,14.393377578114134,14.850310199641568,Tebedu,P.199 Serian,N.21 Tebedu,Luar Bandar
827,110.326869,1.201529,71.08821291126894,73.34498157511875,Tebedu,P.198 Puncak Borneo,N.19 Mambong,Luar Bandar
828,110.326869,1.35999,14.837918037277035,13.457771480787642,Kuching,P.198 Puncak Borneo,N.19 Mambong,Bandar
829,110.326869,1.36833,55.273661639915446,50.13239090467901,Kuching,P.198 Puncak Borneo,N.19 Mambong,Bandar
830,110.326869,1.37667,65.9470044815412,59.81295448090563,Kuching,P.198 Puncak Borneo,N.19 Mambong,Bandar
831,110.326869,1.38501,13.642038154866151,12.373126173034592,Kuching,P.197 Kota Samarahan,N.17 Stakan,Bandar
832,110.326869,1.39335,24.17724837249231,21.928405509035738,Kuching,P.197 Kota Samarahan,N.17 Stakan,Luar Bandar
833,110.326869,1.40169,26.721193291266456,24.235725800909783,Kuching,P.197 Kota Samarahan,N.17 Stakan,Luar Bandar
834,110.326869,1.41003,26.544992192610035,24.075914019066506,Kuching,P.197 Kota Samarahan,N.17 Stakan,Luar Bandar
835,110.326869,1.41837,150.933895112342,136.89480316740105,Kuching,P.196 Stampin,N.13 Batu Kitang,Luar Bandar
836,110.326869,1.426711,249.4916696917311,226.2852422176902,Kuching,P.196 Stampin,N.13 Batu Kitang,Bandar
837,110.326869,1.435051,332.5231171490095,370.2562368254929,Samarahan,P.196 Stampin,N.13 Batu Kitang,Bandar
838,110.326869,1.443391,418.99186262775356,466.53703852877527,Samarahan,P.196 Stampin,N.13 Batu Kitang,Bandar
839,110.326869,1.451731,253.82529601937352,282.628166489657,Samarahan,P.197 Kota Samarahan,N.17 Stakan,Bandar
840,110.326869,1.460071,302.26966725447096,336.5697713400847,Samarahan,P.196 Stampin,N.12 Kota Sentosa,Bandar
841,110.326869,1.468411,153.3820216768889,139.1152176338341,Kuching,P.196 Stampin,N.12 Kota Sentosa,Bandar
842,110.326869,1.476751,130.90000812064255,118.72436494764031,Kuching,P.196 Stampin,N.12 Kota Sentosa,Bandar
843,110.326869,1.485091,130.7312759573834,118.57132737937127,Kuching,P.196 Stampin,N.12 Kota Sentosa,Bandar
844,110.326869,1.493431,132.36862617071927,120.0563797263201,Kuching,P.196 Stampin,N.12 Kota Sentosa,Bandar
845,110.326869,1.501771,144.98467526887995,131.49894904951617,Kuching,P.196 Stampin,N.12 Kota Sentosa,Bandar
846,110.326869,1.510111,169.16353787007088,153.4288186400281,Kuching,P.196 Stampin,N.12 Kota Sentosa,Bandar
847,110.326869,1.518451,178.36680014573267,161.7760409573674,Kuching,P.196 Stampin,N.12 Kota Sentosa,
848,110.326869,1.526791,283.29909489781465,256.94807521314647,Kuching,P.196 Stampin,N.14 Batu Kawah,Bandar
849,110.326869,1.535131,250.46111720908914,227.16451673035738,Kuching,P.195 Bandar Kuching,N.11 Batu Lintang,Bandar
850,110.326869,1.543471,363.41344050730004,329.6105978687275,Kuching,P.195 Bandar Kuching,N.11 Batu Lintang,Bandar
851,110.326869,1.551811,366.3078604208913,332.2357937802221,Kuching,P.194 Petra Jaya,N.08 Satok,Bandar
851,110.326869,1.551811,366.3078604208913,332.2357937802221,Kuching,P.194 Petra Jaya,N.08 Satok,Bandar
852,110.326869,1.560151,239.8362188443237,217.52789157577826,Kuching,P.194 Petra Jaya,N.08 Satok,Bandar
853,110.326869,1.568491,351.6888028468104,318.9765254918954,Kuching,P.194 Petra Jaya,N.06 Tupong,Bandar
854,110.326869,1.576832,169.92076289114308,154.11561049772155,Kuching,P.194 Petra Jaya,N.07 Samariang,Bandar
855,110.326869,1.585172,159.04009472671547,144.2470059302023,Kuching,P.194 Petra Jaya,N.07 Samariang,Bandar
856,110.326869,1.593512,153.05504906547782,138.81865832721223,Kuching,P.194 Petra Jaya,N.07 Samariang,Bandar
857,110.326869,1.601852,111.58996668317016,101.21044390446053,Kuching,P.194 Petra Jaya,N.07 Samariang,Bandar
858,110.326869,1.610192,56.38731629511943,51.142459151490876,Kuching,P.194 Petra Jaya,N.07 Samariang,Bandar
859,110.326869,1.618532,40.8041250690678,37.00873594755118,Kuching,P.194 Petra Jaya,N.07 Samariang,Bandar
860,110.326869,1.626872,67.98881920264904,61.66485013457782,Kuching,P.193 Santubong,N.04 Pantai Damai,Bandar
861,110.326869,1.635212,146.25702596320923,132.6529522489332,Kuching,P.193 Santubong,N.04 Pantai Damai,Bandar
862,110.326869,1.651892,25.376801225853875,23.016382146938042,Kuching,P.193 Santubong,N.04 Pantai Damai,Luar Bandar
863,110.326869,1.660232,2.5489788202001464,2.311885965769659,Kuching,P.193 Santubong,N.04 Pantai Damai,Luar Bandar
864,110.326869,1.676912,35.044244412557845,31.784609662638427,Kuching,P.193 Santubong,N.04 Pantai Damai,Luar Bandar
865,110.326869,1.685252,2.6788664163876312,2.4296920881170485,Kuching,P.193 Santubong,N.04 Pantai Damai,Luar Bandar
866,110.326869,1.701932,7.432723425133236,6.741369852835285,Kuching,P.193 Santubong,N.04 Pantai Damai,Luar Bandar
867,110.326869,1.710272,7.017110638549763,6.364415222658598,Kuching,P.193 Santubong,N.04 Pantai Damai,Luar Bandar
868,110.326869,1.718612,42.18256539212797,38.25896086596913,Kuching,P.193 Santubong,N.04 Pantai Damai,Luar Bandar
869,110.327003,1.264226,0.5020940505733267,0.45539185332492105,Kuching,P.198 Puncak Borneo,N.20 Tarat,Luar Bandar
870,110.331938,1.113497,7.070172110864007,7.294622019145404,Tebedu,P.198 Puncak Borneo,N.20 Tarat,Luar Bandar
871,110.332335,1.321161,1.390298207455329,1.260979843605883,Kuching,P.198 Puncak Borneo,N.19 Mambong,Luar Bandar
872,110.332569,1.031726,34.02826197357944,35.108524258454985,Tebedu,P.199 Serian,N.21 Tebedu,Luar Bandar
873,110.332732,1.11236,3.455297029601505,3.564988998795203,Tebedu,P.198 Puncak Borneo,N.20 Tarat,Luar Bandar
874,110.33299,1.029162,8.156971197879836,8.415922664479195,Tebedu,P.199 Serian,N.21 Tebedu,Luar Bandar
875,110.33314,1.114299,7.270747533449882,7.501564915464162,Tebedu,P.198 Puncak Borneo,N.20 Tarat,Luar Bandar
876,110.333998,1.032144,23.529573649796887,24.276544241853927,Tebedu,P.199 Serian,N.21 Tebedu,Luar Bandar
877,110.3352,1.109789,17.73774237108637,18.30084530350181,Tebedu,P.198 Puncak Borneo,N.20 Tarat,Luar Bandar
878,110.3352,1.201529,41.60683548795491,42.927687408207454,Tebedu,P.198 Puncak Borneo,N.20 Tarat,Luar Bandar
879,110.3352,1.226549,0.5213052222816068,0.4728161009908458,Kuching,P.198 Puncak Borneo,N.20 Tarat,Luar Bandar
880,110.3352,1.35165,8.678863333033307,7.871600257901363,Kuching,P.198 Puncak Borneo,N.19 Mambong,Luar Bandar
881,110.3352,1.35999,32.606854559703464,29.573933234389028,Kuching,P.198 Puncak Borneo,N.19 Mambong,Luar Bandar
882,110.3352,1.36833,74.00267084873472,67.11932433837468,Kuching,P.198 Puncak Borneo,N.19 Mambong,Luar Bandar
883,110.3352,1.37667,27.528802376100877,24.968215256789293,Kuching,P.198 Puncak Borneo,N.19 Mambong,Bandar
884,110.3352,1.38501,3.1086390808716673,2.819489517431921,Kuching,P.198 Puncak Borneo,N.19 Mambong,Bandar
885,110.3352,1.39335,56.50849560409462,51.25236698655849,Kuching,P.197 Kota Samarahan,N.17 Stakan,Bandar
886,110.3352,1.40169,44.372937280493616,40.24559566591278,Kuching,P.197 Kota Samarahan,N.17 Stakan,Bandar
887,110.3352,1.41003,196.88288102540486,178.56985155615803,Kuching,P.196 Stampin,N.13 Batu Kitang,Bandar
888,110.3352,1.41837,144.77089810727475,131.3050563361674,Kuching,P.196 Stampin,N.13 Batu Kitang,Bandar
889,110.3352,1.426711,196.055003465497,218.3023797452697,Samarahan,P.197 Kota Samarahan,N.17 Stakan,Bandar
890,110.3352,1.435051,202.65053557003077,225.646341024786,Samarahan,P.197 Kota Samarahan,N.17 Stakan,Bandar
891,110.3352,1.443391,239.42565852902243,266.5945275819612,Samarahan,P.197 Kota Samarahan,N.17 Stakan,Bandar
892,110.3352,1.451731,86.49940925999564,96.31494506254835,Samarahan,P.196 Stampin,N.12 Kota Sentosa,Bandar
893,110.3352,1.460071,177.40790518337943,197.53929867936574,Samarahan,P.196 Stampin,N.12 Kota Sentosa,Bandar
894,110.3352,1.468411,142.54299697183578,129.28438306602263,Kuching,P.196 Stampin,N.12 Kota Sentosa,Bandar
895,110.3352,1.476751,172.79229307383397,156.72004576294898,Kuching,P.196 Stampin,N.12 Kota Sentosa,Bandar
896,110.3352,1.485091,147.33073823729615,133.62679334877456,Kuching,P.196 Stampin,N.12 Kota Sentosa,Bandar
897,110.3352,1.493431,135.3076626061321,122.72204216104494,Kuching,P.196 Stampin,N.12 Kota Sentosa,Luar Bandar
898,110.3352,1.501771,156.7866255735907,142.20314284741883,Kuching,P.196 Stampin,N.12 Kota Sentosa,Bandar
899,110.3352,1.510111,189.69149975369274,172.0473754552132,Kuching,P.196 Stampin,N.12 Kota Sentosa,Bandar
900,110.3352,1.518451,302.56139818004203,274.4186984579028,Kuching,P.196 Stampin,N.13 Batu Kitang,
901,110.3352,1.526791,328.58371426267394,298.0205530011802,Kuching,P.195 Bandar Kuching,N.11 Batu Lintang,Bandar
902,110.3352,1.535131,378.4198668386742,343.2212038717762,Kuching,P.195 Bandar Kuching,N.11 Batu Lintang,Bandar
903,110.3352,1.543471,270.17395036031354,245.0437638809069,Kuching,P.195 Bandar Kuching,N.09 Padungan,Bandar
903,110.3352,1.543471,270.17395036031354,245.0437638809069,Kuching,P.195 Bandar Kuching,N.09 Padungan,Bandar
904,110.3352,1.551811,436.8092516465331,396.1795094557409,Kuching,P.194 Petra Jaya,N.08 Satok,Bandar
904,110.3352,1.551811,436.8092516465331,396.1795094557409,Kuching,P.194 Petra Jaya,N.08 Satok,Bandar
905,110.3352,1.560151,197.31252031710858,178.95952801834022,Kuching,P.195 Bandar Kuching,N.09 Padungan,Bandar
906,110.3352,1.568491,138.30724886137534,125.44262238386051,Kuching,P.194 Petra Jaya,N.07 Samariang,Bandar
907,110.3352,1.576832,147.07579256125192,133.39556140372684,Kuching,P.194 Petra Jaya,N.07 Samariang,Bandar
908,110.3352,1.585172,50.53653734528316,45.83588946336576,Kuching,P.194 Petra Jaya,N.07 Samariang,Bandar
909,110.3352,1.593512,109.94822754248517,99.72141086553304,Kuching,P.194 Petra Jaya,N.07 Samariang,Bandar
910,110.3352,1.601852,90.67516002360391,82.24102461786151,Kuching,P.194 Petra Jaya,N.07 Samariang,Bandar
911,110.3352,1.610192,99.60781950564478,90.34281421684611,Kuching,P.194 Petra Jaya,N.07 Samariang,Bandar
912,110.3352,1.618532,62.7557149880046,56.91850226563139,Kuching,P.194 Petra Jaya,N.07 Samariang,Bandar
913,110.3352,1.626872,265.5049373652772,240.8090383776275,Kuching,P.193 Santubong,N.04 Pantai Damai,Bandar
914,110.3352,1.635212,300.5395577525551,272.58491919214737,Kuching,P.193 Santubong,N.04 Pantai Damai,Bandar
915,110.3352,1.643552,126.14985721820022,114.4160485663445,Kuching,P.193 Santubong,N.04 Pantai Damai,Luar Bandar
916,110.3352,1.651892,172.29682237733505,156.27066119348595,Kuching,P.193 Santubong,N.04 Pantai Damai,Luar Bandar
917,110.3352,1.660232,36.97747175485398,33.53801817505033,Kuching,P.193 Santubong,N.04 Pantai Damai,Luar Bandar
918,110.3352,1.668572,10.64170753710399,9.651870824459863,Kuching,P.193 Santubong,N.04 Pantai Damai,Luar Bandar
919,110.3352,1.676912,15.435602490705733,13.999862411041828,Kuching,P.193 Santubong,N.04 Pantai Damai,Luar Bandar
920,110.3352,1.710272,4.859853121679197,4.407814666278707,Kuching,P.193 Santubong,N.04 Pantai Damai,Luar Bandar
921,110.335275,1.231222,2.630965956934377,2.3862470821851423,Kuching,P.198 Puncak Borneo,N.20 Tarat,Luar Bandar
922,110.338697,1.316538,1.8070439252482418,1.638962025578029,Kuching,P.198 Puncak Borneo,N.20 Tarat,Luar Bandar
923,110.339642,1.028304,19.614609365145178,20.237295376737087,Tebedu,P.199 Serian,N.21 Tebedu,Luar Bandar
924,110.340328,1.030556,1.7032542713895191,1.7573258355606147,Tebedu,P.199 Serian,N.21 Tebedu,Luar Bandar
925,110.34168,1.326824,11.105157327558032,10.072212907296572,Kuching,P.198 Puncak Borneo,N.19 Mambong,Luar Bandar
926,110.342678,1.271424,0.2087950161950011,0.1893739813914849,Kuching,P.198 Puncak Borneo,N.20 Tarat,Luar Bandar
927,110.343531,1.018048,3.370011966365879,3.476996473234637,Tebedu,P.199 Serian,N.21 Tebedu,Luar Bandar
928,110.343531,1.193189,3.737650939834883,3.8563065252264668,Tebedu,P.198 Puncak Borneo,N.20 Tarat,Luar Bandar
929,110.343531,1.218209,2.2188181937848497,2.0124351768457593,Kuching,P.198 Puncak Borneo,N.20 Tarat,Luar Bandar
930,110.343531,1.33497,28.053414491706448,25.44403066095417,Kuching,P.198 Puncak Borneo,N.19 Mambong,Luar Bandar
931,110.343531,1.34331,39.19330149629268,35.54774286996361,Kuching,P.198 Puncak Borneo,N.19 Mambong,Luar Bandar
932,110.343531,1.35165,43.414054019765686,39.375902777246765,Kuching,P.198 Puncak Borneo,N.19 Mambong,Luar Bandar
933,110.343531,1.35999,73.43316640024543,66.60279225443904,Kuching,P.198 Puncak Borneo,N.19 Mambong,Luar Bandar
934,110.343531,1.36833,115.40710374030594,104.6725305730028,Kuching,P.198 Puncak Borneo,N.19 Mambong,Luar Bandar
935,110.343531,1.37667,3.189924330944854,2.8932140330610943,Kuching,P.198 Puncak Borneo,N.19 Mambong,Luar Bandar
936,110.343531,1.39335,117.64203411176254,106.69957925590914,Kuching,P.197 Kota Samarahan,N.17 Stakan,Bandar
937,110.343531,1.40169,48.62951605188755,44.10624944843656,Kuching,P.197 Kota Samarahan,N.17 Stakan,Luar Bandar
938,110.343531,1.41003,92.05065755588623,83.48858046871186,Kuching,P.197 Kota Samarahan,N.17 Stakan,Luar Bandar
939,110.343531,1.41837,24.77559390035107,22.471096023988338,Kuching,P.197 Kota Samarahan,N.17 Stakan,Luar Bandar
940,110.343531,1.426711,10.719621221375366,11.936032140112996,Samarahan,P.197 Kota Samarahan,N.17 Stakan,Bandar
941,110.343531,1.435051,118.9830743345318,132.4846997909326,Samarahan,P.197 Kota Samarahan,N.17 Stakan,Bandar
942,110.343531,1.443391,121.99225900521417,135.835352225664,Samarahan,P.197 Kota Samarahan,N.17 Stakan,Bandar
943,110.343531,1.451731,24.48702590373249,27.265695509829797,Samarahan,P.196 Stampin,N.12 Kota Sentosa,Bandar
944,110.343531,1.460071,151.8334644753025,169.0627937774645,Samarahan,P.196 Stampin,N.12 Kota Sentosa,Bandar
945,110.343531,1.468411,89.88119860375917,100.08048355170348,Samarahan,P.196 Stampin,N.12 Kota Sentosa,Bandar
946,110.343531,1.476751,151.4855871652553,137.3951796728664,Kuching,P.196 Stampin,N.12 Kota Sentosa,Bandar
947,110.343531,1.485091,149.40695038467717,135.50988695765506,Kuching,P.196 Stampin,N.12 Kota Sentosa,Bandar
948,110.343531,1.493431,100.23125009394883,90.90825650938682,Kuching,P.196 Stampin,N.12 Kota Sentosa,Luar Bandar
949,110.343531,1.501771,188.47138564556275,170.94075006434323,Kuching,P.196 Stampin,N.12 Kota Sentosa,Bandar
950,110.343531,1.510111,181.16153146481204,164.31082079291318,Kuching,P.196 Stampin,N.12 Kota Sentosa,Bandar
951,110.343531,1.518451,196.67916048498438,178.38508004899415,Kuching,P.196 Stampin,N.12 Kota Sentosa,Bandar
952,110.343531,1.526791,401.8761265219415,364.495683338395,Kuching,P.195 Bandar Kuching,N.11 Batu Lintang,Bandar
953,110.343531,1.535131,348.6857209033791,316.25277473176544,Kuching,P.195 Bandar Kuching,N.11 Batu Lintang,Bandar
954,110.343531,1.543471,219.16155826525318,198.77628122067483,Kuching,P.195 Bandar Kuching,N.09 Padungan,Bandar
955,110.343531,1.551811,282.1688016798569,255.9229160368156,Kuching,P.195 Bandar Kuching,N.09 Padungan,Bandar
956,110.343531,1.560151,169.53170935971858,153.76274471786274,Kuching,P.194 Petra Jaya,N.07 Samariang,Bandar
957,110.343531,1.568491,171.14219058516227,155.22342729150077,Kuching,P.194 Petra Jaya,N.07 Samariang,Bandar
958,110.343531,1.576832,101.56394592218814,92.1169918498022,Kuching,P.194 Petra Jaya,N.07 Samariang,Bandar
959,110.343531,1.585172,71.62575202386677,64.96349423518282,Kuching,P.194 Petra Jaya,N.07 Samariang,
960,110.343531,1.593512,26.497385764585044,24.03273569527692,Kuching,P.194 Petra Jaya,N.07 Samariang,
961,110.343531,1.601852,126.28117815980295,114.53515471171414,Kuching,P.194 Petra Jaya,N.07 Samariang,Bandar
962,110.343531,1.610192,105.7324416758373,95.89775564229035,Kuching,P.194 Petra Jaya,N.07 Samariang,Bandar
963,110.343531,1.618532,107.88858817247382,97.85334851980434,Kuching,P.194 Petra Jaya,N.07 Samariang,Bandar
964,110.343531,1.626872,91.30344510445521,82.81086986310704,Kuching,P.194 Petra Jaya,N.07 Samariang,Bandar
965,110.343531,1.635212,52.77002252964823,47.86162738302515,Kuching,P.193 Santubong,N.04 Pantai Damai,Bandar
966,110.343531,1.643552,145.7696044668976,132.21086818459838,Kuching,P.193 Santubong,N.04 Pantai Damai,Bandar
967,110.343531,1.676912,26.19002530803002,23.753964322085857,Kuching,P.193 Santubong,N.04 Pantai Damai,Luar Bandar
968,110.343531,1.685252,4.394915687933813,3.986123313051805,Kuching,P.193 Santubong,N.04 Pantai Damai,Luar Bandar
969,110.344437,1.140711,34.556771085496024,35.65381143741653,Tebedu,P.198 Puncak Borneo,N.20 Tarat,Luar Bandar
970,110.345521,1.065333,10.372691316409655,10.701983104232186,Tebedu,P.199 Serian,N.21 Tebedu,Luar Bandar
971,110.34884,1.310976,0.4642976997751187,0.4211111240088481,Kuching,P.198 Puncak Borneo,N.20 Tarat,Luar Bandar
972,110.35036,1.02758,10.089698241113654,10.410006121783928,Tebedu,P.199 Serian,N.21 Tebedu,Luar Bandar
973,110.351207,1.319187,0.10439750809750055,0.09468699069574245,Kuching,P.198 Puncak Borneo,N.20 Tarat,Luar Bandar
974,110.351862,0.993028,54.2550149464101,55.97739637328027,Tebedu,P.199 Serian,N.21 Tebedu,Luar Bandar
975,110.351862,1.001368,29.852844086641987,30.800553422725862,Tebedu,P.199 Serian,N.21 Tebedu,Luar Bandar
976,110.351862,1.009708,73.59616605114014,75.93255227498587,Tebedu,P.199 Serian,N.21 Tebedu,Luar Bandar
977,110.351862,1.018048,69.75680429041833,71.97130601392367,Tebedu,P.199 Serian,N.21 Tebedu,Luar Bandar
978,110.351862,1.068088,1.6481188221473762,1.7004400545964995,Tebedu,P.199 Serian,N.21 Tebedu,Luar Bandar
979,110.351862,1.126469,3.2675981959510856,3.371331472013025,Tebedu,P.198 Puncak Borneo,N.20 Tarat,Luar Bandar
980,110.351862,1.218209,1.6169555999523586,1.4665547352445207,Kuching,P.198 Puncak Borneo,N.20 Tarat,Luar Bandar
981,110.351862,1.28493,1.4235437872940166,1.2911330911903027,Kuching,P.198 Puncak Borneo,N.20 Tarat,Luar Bandar
982,110.351862,1.29327,1.7618068595203935,1.5979326782331182,Kuching,P.198 Puncak Borneo,N.20 Tarat,Luar Bandar
983,110.351862,1.30995,6.631279889598521,6.014472458680381,Kuching,P.198 Puncak Borneo,N.20 Tarat,Luar Bandar
984,110.351862,1.35165,66.2505452027129,60.08826141078485,Kuching,P.198 Puncak Borneo,N.19 Mambong,Luar Bandar
985,110.351862,1.35999,14.962005975612492,13.570317399524036,Kuching,P.198 Puncak Borneo,N.19 Mambong,Luar Bandar
986,110.351862,1.36833,6.602796313110128,5.988638277471582,Kuching,P.198 Puncak Borneo,N.19 Mambong,Luar Bandar
987,110.351862,1.37667,4.642833797201842,4.210981359315171,Kuching,P.198 Puncak Borneo,N.19 Mambong,Luar Bandar
988,110.351862,1.38501,14.654416789478574,13.291338571999026,Kuching,P.198 Puncak Borneo,N.19 Mambong,Bandar
989,110.351862,1.39335,79.94368229630217,72.50773356298706,Kuching,P.197 Kota Samarahan,N.17 Stakan,Bandar
990,110.351862,1.41003,10.5394960188965,9.55916649415658,Kuching,P.197 Kota Samarahan,N.17 Stakan,Luar Bandar
991,110.351862,1.41837,50.20861344868259,55.906044762008264,Samarahan,P.197 Kota Samarahan,N.17 Stakan,Luar Bandar
992,110.351862,1.426711,16.855165474824034,18.76780836558421,Samarahan,P.197 Kota Samarahan,N.17 Stakan,Luar Bandar
993,110.351862,1.435051,132.218433644495,147.2219438452888,Samarahan,P.197 Kota Samarahan,N.17 Stakan,Bandar
994,110.351862,1.443391,193.29645974434032,215.2308097862513,Samarahan,P.197 Kota Samarahan,N.17 Stakan,Bandar
995,110.351862,1.451731,11.35971254805511,12.648757943579097,Samarahan,P.197 Kota Samarahan,N.17 Stakan,Bandar
996,110.351862,1.460071,127.04068743850053,141.45665197052898,Samarahan,P.197 Kota Samarahan,N.17 Stakan,Bandar
997,110.351862,1.468411,151.14375405696,168.29481834711152,Samarahan,P.196 Stampin,N.12 Kota Sentosa,Bandar
998,110.351862,1.476751,79.54560217372789,72.1466807989005,Kuching,P.196 Stampin,N.12 Kota Sentosa,Bandar
999,110.351862,1.485091,77.26661732570534,70.07967535947073,Kuching,P.196 Stampin,N.12 Kota Sentosa,Bandar
1000,110.351862,1.493431,128.0468021303941,116.13654945304654,Kuching,P.196 Stampin,N.12 Kota Sentosa,Bandar
1001,110.351862,1.501771,191.12968011747859,173.35178370409025,Kuching,P.196 Stampin,N.12 Kota Sentosa,Bandar
1002,110.351862,1.510111,201.63209260927434,182.87731598944677,Kuching,P.196 Stampin,N.12 Kota Sentosa,Bandar
1003,110.351862,1.518451,213.3899659095745,193.54153259840524,Kuching,P.196 Stampin,N.12 Kota Sentosa,Bandar
1004,110.351862,1.526791,421.800655510398,382.56693547197153,Kuching,P.195 Bandar Kuching,N.11 Batu Lintang,Bandar
1005,110.351862,1.535131,222.953304144731,202.2153384678595,Kuching,P.195 Bandar Kuching,N.10 Pending,Bandar
1006,110.351862,1.543471,227.51879926458827,206.3561747944474,Kuching,P.195 Bandar Kuching,N.10 Pending,Bandar
1007,110.351862,1.551811,317.2619031573628,287.75183833237463,Kuching,P.195 Bandar Kuching,N.09 Padungan,Bandar
1008,110.351862,1.560151,338.21062425663985,306.7520175125369,Kuching,P.193 Santubong,N.04 Pantai Damai,Bandar
1009,110.351862,1.568491,125.61067465318808,113.92701798077792,Kuching,P.194 Petra Jaya,N.07 Samariang,Bandar
1010,110.351862,1.576832,175.13489981532817,158.84475531567588,Kuching,P.194 Petra Jaya,N.07 Samariang,Bandar
1011,110.351862,1.585172,122.35181289942105,110.9712787281756,Kuching,P.194 Petra Jaya,N.07 Samariang,
1012,110.351862,1.593512,63.224380214420854,57.343574671494274,Kuching,P.194 Petra Jaya,N.07 Samariang,Bandar
1013,110.351862,1.601852,50.406867449826144,45.71828079235046,Kuching,P.194 Petra Jaya,N.07 Samariang,Bandar
1014,110.351862,1.610192,12.836907068927554,11.642884225382717,Kuching,P.194 Petra Jaya,N.07 Samariang,Bandar
1015,110.351862,1.618532,18.02482386930699,16.348247780124254,Kuching,P.194 Petra Jaya,N.07 Samariang,Bandar
1016,110.351862,1.626872,2.776775817849886,2.518494462371268,Kuching,P.193 Santubong,N.04 Pantai Damai,Bandar
1017,110.351862,1.676912,2.6191413066180456,2.3755222998135443,Kuching,P.193 Santubong,N.04 Pantai Damai,Luar Bandar
1018,110.351862,1.685252,26.899664072808914,24.397596151451012,Kuching,P.193 Santubong,N.04 Pantai Damai,Luar Bandar
1019,110.351862,1.693592,8.757273353934142,7.942716983336576,Kuching,P.193 Santubong,N.04 Pantai Damai,Luar Bandar
1020,110.351862,1.701932,12.48104526713896,11.320122851773519,Kuching,P.193 Santubong,N.04 Pantai Damai,Luar Bandar
1021,110.351862,1.710272,16.624351771953158,15.078040369350205,Kuching,P.193 Santubong,N.04 Pantai Damai,Luar Bandar
1022,110.352291,1.271896,0.2087950161950011,0.1893739813914849,Kuching,P.198 Puncak Borneo,N.20 Tarat,Luar Bandar
1023,110.356593,1.701322,12.166841724467183,11.035144901018732,Kuching,P.193 Santubong,N.04 Pantai Damai,Luar Bandar
1024,110.356786,0.999963,14.39611068491087,14.853130071733439,Tebedu,P.199 Serian,N.21 Tebedu,Luar Bandar
1025,110.357065,1.000628,14.637006832718672,15.101673716297043,Tebedu,P.199 Serian,N.21 Tebedu,Luar Bandar
1026,110.360193,1.009708,61.068774547436036,63.007465802910204,Tebedu,P.199 Serian,N.21 Tebedu,Luar Bandar
1027,110.360193,1.018048,21.698638530053792,22.387484197674546,Tebedu,P.199 Serian,N.21 Tebedu,Luar Bandar
1028,110.360193,1.026388,30.856252265100817,31.835815829072274,Tebedu,P.199 Serian,N.21 Tebedu,Luar Bandar
1029,110.360193,1.26825,8.293590745785593,7.522163738305718,Kuching,P.198 Puncak Borneo,N.20 Tarat,Luar Bandar
1030,110.360193,1.27659,4.766220624839745,4.322891381052624,Kuching,P.198 Puncak Borneo,N.20 Tarat,Luar Bandar
1031,110.360193,1.30995,0.42042983346534635,0.3813236202186602,Kuching,P.198 Puncak Borneo,N.20 Tarat,Luar Bandar
1032,110.360193,1.38501,9.248876449927785,8.388593696532405,Kuching,P.198 Puncak Borneo,N.19 Mambong,Bandar
1033,110.360193,1.39335,48.072997700924276,43.60149556225706,Kuching,P.197 Kota Samarahan,N.17 Stakan,Luar Bandar
1034,110.360193,1.41003,11.918799037916497,10.810173865008593,Kuching,P.197 Kota Samarahan,N.17 Stakan,Luar Bandar
1035,110.360193,1.41837,12.196572396126061,13.5805806112893,Samarahan,P.197 Kota Samarahan,N.17 Stakan,Luar Bandar
1036,110.360193,1.426711,15.98885841259748,17.803196955870956,Samarahan,P.197 Kota Samarahan,N.17 Stakan,Luar Bandar
1037,110.360193,1.435051,57.23107008697856,63.72537591245131,Samarahan,P.197 Kota Samarahan,N.17 Stakan,Bandar
1038,110.360193,1.443391,112.79306152569185,125.59227418108952,Samarahan,P.197 Kota Samarahan,N.17 Stakan,Luar Bandar
1039,110.360193,1.451731,68.38054374428933,76.14003806988242,Samarahan,P.197 Kota Samarahan,N.17 Stakan,Luar Bandar
1040,110.360193,1.460071,26.73827445485706,29.772404889450765,Samarahan,P.197 Kota Samarahan,N.17 Stakan,Luar Bandar
1041,110.360193,1.476751,14.892386453014197,13.507173525607522,Kuching,P.196 Stampin,N.12 Kota Sentosa,Bandar
1042,110.360193,1.485091,31.77404090804265,28.818583610407124,Kuching,P.196 Stampin,N.12 Kota Sentosa,Luar Bandar
1043,110.360193,1.493431,53.27640821206808,48.32091168275157,Kuching,P.196 Stampin,N.12 Kota Sentosa,Bandar
1044,110.360193,1.501771,41.803486159952996,37.91514162752161,Kuching,P.196 Stampin,N.12 Kota Sentosa,Bandar
1045,110.360193,1.510111,199.2091706710602,180.67976174508757,Kuching,P.196 Stampin,N.12 Kota Sentosa,Bandar
1046,110.360193,1.518451,393.3143780693938,356.73030453923303,Kuching,P.195 Bandar Kuching,N.11 Batu Lintang,Bandar
1047,110.360193,1.526791,393.5797496669679,356.9709926403987,Kuching,P.195 Bandar Kuching,N.11 Batu Lintang,Bandar
1048,110.360193,1.535131,231.04963954107447,209.55859453128215,Kuching,P.195 Bandar Kuching,N.10 Pending,Bandar
1049,110.360193,1.543471,238.00561437324433,215.86756048474496,Kuching,P.195 Bandar Kuching,N.10 Pending,Bandar
1050,110.360193,1.551811,226.86602248517482,205.76411594203694,Kuching,P.195 Bandar Kuching,N.10 Pending,Bandar
1051,110.360193,1.560151,223.70650990085147,202.89848491188343,Kuching,P.193 Santubong,N.04 Pantai Damai,Bandar
1052,110.360193,1.568491,108.01954469645668,97.97212414380039,Kuching,P.193 Santubong,N.04 Pantai Damai,Bandar
1053,110.360193,1.576832,169.53007120752136,153.76125893812832,Kuching,P.194 Petra Jaya,N.07 Samariang,Bandar
1054,110.360193,1.585172,158.54438496092337,143.79740452843794,Kuching,P.194 Petra Jaya,N.07 Samariang,Bandar
1055,110.360193,1.593512,143.14478521066772,129.8301960687417,Kuching,P.194 Petra Jaya,N.07 Samariang,
1056,110.360193,1.601852,118.0783518212871,107.0953129439542,Kuching,P.194 Petra Jaya,N.07 Samariang,Bandar
1057,110.360193,1.610192,19.778252206452887,17.938581262892125,Kuching,P.193 Santubong,N.04 Pantai Damai,Bandar
1058,110.360193,1.701932,32.14574400424966,29.155712802985757,Kuching,P.193 Santubong,N.04 Pantai Damai,Luar Bandar
1059,110.361282,1.196103,1.5097199119684168,1.3692935575073664,Kuching,P.198 Puncak Borneo,N.20 Tarat,Luar Bandar
1060,110.36199,1.194741,4.370758719585341,3.964213301223621,Kuching,P.198 Puncak Borneo,N.20 Tarat,Luar Bandar
1061,110.36281,1.325328,0.10439750809750055,0.09468699069574245,Kuching,P.198 Puncak Borneo,N.20 Tarat,Luar Bandar
1062,110.363481,1.325011,0.10439750809750055,0.09468699069574245,Kuching,P.198 Puncak Borneo,N.20 Tarat,Luar Bandar
1063,110.365466,1.207913,1.6031914963248082,1.4540708974990841,Kuching,P.198 Puncak Borneo,N.20 Tarat,Luar Bandar
1064,110.368448,1.330696,0.052198754048750275,0.047343495347871224,Kuching,P.198 Puncak Borneo,N.20 Tarat,Luar Bandar
1065,110.368524,1.009708,24.707929305054698,25.492308013151675,Tebedu,P.199 Serian,N.21 Tebedu,Luar Bandar
1066,110.368524,1.018048,33.143908265029864,34.19609582899906,Tebedu,P.199 Serian,N.21 Tebedu,Luar Bandar
1067,110.368524,1.026388,31.00249665315322,31.986702896110465,Tebedu,P.199 Serian,N.21 Tebedu,Luar Bandar
1068,110.368524,1.084768,1.5663821975282457,1.6161086164973966,Tebedu,P.199 Serian,N.21 Tebedu,Luar Bandar
1069,110.368524,1.209869,3.174508986477987,2.879232544377067,Kuching,P.198 Puncak Borneo,N.20 Tarat,Luar Bandar
1070,110.368524,1.218209,4.769041052973909,4.325449467518138,Kuching,P.198 Puncak Borneo,N.20 Tarat,Luar Bandar
1071,110.368524,1.26825,1.3468066933679221,1.2215336856967112,Kuching,P.198 Puncak Borneo,N.20 Tarat,Luar Bandar
1072,110.368524,1.27659,1.3751226643836003,1.2472158512288465,Kuching,P.198 Puncak Borneo,N.20 Tarat,Luar Bandar
1073,110.368524,1.37667,53.42722149459081,48.45769709208996,Kuching,P.198 Puncak Borneo,N.19 Mambong,Luar Bandar
1074,110.368524,1.38501,38.363262831220844,34.79491011764004,Kuching,P.198 Puncak Borneo,N.19 Mambong,Bandar
1075,110.368524,1.40169,5.162174815430669,4.6820159563768575,Kuching,P.198 Puncak Borneo,N.19 Mambong,Luar Bandar
1076,110.368524,1.41003,40.69784895011706,36.91234508468815,Kuching,P.197 Kota Samarahan,N.17 Stakan,Luar Bandar
1077,110.368524,1.435051,22.20401556690126,24.723620170237574,Samarahan,P.197 Kota Samarahan,N.17 Stakan,Bandar
1078,110.368524,1.443391,166.1239637883685,184.97491003385713,Samarahan,P.197 Kota Samarahan,N.17 Stakan,Luar Bandar
1079,110.368524,1.451731,54.811776372226625,61.031552414465104,Samarahan,P.197 Kota Samarahan,N.17 Stakan,Luar Bandar
1080,110.368524,1.460071,10.86467895730072,12.097550328341937,Samarahan,P.197 Kota Samarahan,N.17 Stakan,Luar Bandar
1081,110.368524,1.476751,8.627778374741448,7.825266958777442,Kuching,P.196 Stampin,N.12 Kota Sentosa,Luar Bandar
1082,110.368524,1.485091,6.681293087363466,6.059833686910187,Kuching,P.196 Stampin,N.12 Kota Sentosa,Luar Bandar
1083,110.368524,1.493431,45.86187293936326,41.59603821427591,Kuching,P.196 Stampin,N.12 Kota Sentosa,Luar Bandar
1084,110.368524,1.501771,122.44789924827234,111.05842762076384,Kuching,P.196 Stampin,N.12 Kota Sentosa,Bandar
1085,110.368524,1.510111,365.0623981814148,331.1061780103603,Kuching,P.195 Bandar Kuching,N.11 Batu Lintang,Bandar
1086,110.368524,1.518451,254.18750863833972,230.54429846097696,Kuching,P.195 Bandar Kuching,N.11 Batu Lintang,Bandar
1087,110.368524,1.526791,388.02701229865136,351.9347422440899,Kuching,P.195 Bandar Kuching,N.11 Batu Lintang,Bandar
1088,110.368524,1.535131,214.7258469970047,194.75315692164094,Kuching,P.195 Bandar Kuching,N.10 Pending,Bandar
1089,110.368524,1.543471,245.18993297878393,222.38363085227382,Kuching,P.195 Bandar Kuching,N.10 Pending,Bandar
1090,110.368524,1.551811,195.78188756302836,177.57126682336195,Kuching,P.195 Bandar Kuching,N.10 Pending,Bandar
1091,110.368524,1.560151,171.8188860401479,155.83718002772733,Kuching,P.193 Santubong,N.04 Pantai Damai,Bandar
1092,110.368524,1.568491,13.80499956556175,12.52092975436039,Kuching,P.195 Bandar Kuching,N.10 Pending,Bandar
1093,110.368524,1.576832,193.70008576031864,175.68310348004292,Kuching,P.193 Santubong,N.04 Pantai Damai,Bandar
1094,110.368524,1.585172,84.62687393895081,76.75531888925471,Kuching,P.194 Petra Jaya,N.07 Samariang,Bandar
1095,110.368524,1.593512,7.292760901222437,6.614425920544129,Kuching,P.194 Petra Jaya,N.07 Samariang,Bandar
1096,110.368524,1.693592,78.85701013584429,71.52213803851821,Kuching,P.193 Santubong,N.04 Pantai Damai,Luar Bandar
1097,110.368524,1.701932,139.73477255099516,126.73736518740277,Kuching,P.193 Santubong,N.04 Pantai Damai,Luar Bandar
1098,110.368942,1.119998,15.59158059102242,16.086551403435834,Tebedu,P.198 Puncak Borneo,N.20 Tarat,Luar Bandar
1099,110.370905,1.060195,5.045356063487083,5.205526097248578,Tebedu,P.199 Serian,N.21 Tebedu,Luar Bandar
1100,110.373545,1.347139,1.7996091854864629,1.6322188269377764,Kuching,P.198 Puncak Borneo,N.19 Mambong,Luar Bandar
1101,110.37466,1.081488,11.248809760807031,11.605914832578684,Tebedu,P.199 Serian,N.21 Tebedu,Luar Bandar
1102,110.376855,1.009708,78.86332122749563,81.36691872678121,Tebedu,P.199 Serian,N.21 Tebedu,Luar Bandar
1103,110.376855,1.018048,46.58553995391118,48.06444598419407,Tebedu,P.199 Serian,N.21 Tebedu,Luar Bandar
1104,110.376855,1.176509,4.966249474149606,4.5043145791599395,Kuching,P.198 Puncak Borneo,N.20 Tarat,Luar Bandar
1105,110.376855,1.201529,2.962729833284449,2.6871519950093483,Kuching,P.198 Puncak Borneo,N.20 Tarat,Luar Bandar
1106,110.376855,1.218209,5.52210205458802,5.008464621352726,Kuching,P.198 Puncak Borneo,N.20 Tarat,Luar Bandar
1107,110.376855,1.226549,1.887773977480947,1.7121829850044346,Kuching,P.198 Puncak Borneo,N.20 Tarat,Luar Bandar
1108,110.376855,1.27659,0.44343703710354476,0.40219081251591865,Kuching,P.198 Puncak Borneo,N.20 Tarat,Luar Bandar
1109,110.376855,1.31829,1.7615761786106012,1.5977234540709975,Kuching,P.198 Puncak Borneo,N.20 Tarat,Luar Bandar
1110,110.376855,1.32663,0.2926946983966434,0.26546974816575764,Kuching,P.198 Puncak Borneo,N.20 Tarat,Luar Bandar
1111,110.376855,1.37667,54.838851666125834,49.738024710572326,Kuching,P.198 Puncak Borneo,N.19 Mambong,Luar Bandar
1112,110.376855,1.38501,43.2031549437599,39.18462044482892,Kuching,P.198 Puncak Borneo,N.19 Mambong,Luar Bandar
1113,110.376855,1.435051,4.371758824650527,4.867844932412289,Samarahan,P.197 Kota Samarahan,N.17 Stakan,Luar Bandar
1114,110.376855,1.443391,211.3572036355567,235.340999792783,Samarahan,P.197 Kota Samarahan,N.17 Stakan,Luar Bandar
1115,110.376855,1.451731,23.548615967116326,26.220799339271366,Samarahan,P.197 Kota Samarahan,N.17 Stakan,Luar Bandar
1116,110.376855,1.460071,6.038697762865032,6.723940062197234,Samarahan,P.197 Kota Samarahan,N.17 Stakan,Luar Bandar
1117,110.376855,1.485091,7.833567755430892,7.104929712309017,Kuching,P.196 Stampin,N.12 Kota Sentosa,Luar Bandar
1118,110.376855,1.493431,128.2541932293049,116.32465010229392,Kuching,P.196 Stampin,N.12 Kota Sentosa,Luar Bandar
1119,110.376855,1.501771,181.71138094665653,164.80952611376088,Kuching,P.196 Stampin,N.12 Kota Sentosa,Bandar
1120,110.376855,1.510111,193.64294977507168,175.63128198926157,Kuching,P.196 Stampin,N.12 Kota Sentosa,Bandar
1121,110.376855,1.518451,392.80225322325026,356.2658149031724,Kuching,P.195 Bandar Kuching,N.11 Batu Lintang,Bandar
1122,110.376855,1.526791,388.47581423547206,352.3417989410398,Kuching,P.195 Bandar Kuching,N.11 Batu Lintang,
1123,110.376855,1.535131,146.69361111673362,133.04892850471754,Kuching,P.193 Santubong,N.05 Demak Laut,Bandar
1124,110.376855,1.543471,212.45877981445798,192.69696062795214,Kuching,P.195 Bandar Kuching,N.10 Pending,Bandar
1125,110.376855,1.551811,179.45436531894325,162.76244643115157,Kuching,P.195 Bandar Kuching,N.10 Pending,Bandar
1126,110.376855,1.560151,120.12824734581963,108.95453776642202,Kuching,P.195 Bandar Kuching,N.10 Pending,Bandar
1127,110.376855,1.568491,90.810560524751,82.3638308632016,Kuching,P.195 Bandar Kuching,N.10 Pending,Bandar
1128,110.376855,1.585172,64.91557178035893,58.87746032630454,Kuching,P.194 Petra Jaya,N.07 Samariang,Bandar
1129,110.376855,1.593512,1.3909817552061061,1.2615998112727116,Kuching,P.194 Petra Jaya,N.07 Samariang,Bandar
1130,110.377836,1.57372,85.71343277524359,77.74081163038743,Kuching,P.195 Bandar Kuching,N.10 Pending,Bandar
1131,110.380143,1.333678,0.34757455186383224,0.31524496090147075,Kuching,P.198 Puncak Borneo,N.19 Mambong,Luar Bandar
1132,110.384145,1.488308,41.65154846575069,46.37796531292807,Samarahan,P.197 Kota Samarahan,N.17 Stakan,Luar Bandar
1133,110.385186,1.176509,3.9723754066630903,3.6028855479904833,Kuching,P.198 Puncak Borneo,N.20 Tarat,Luar Bandar
1134,110.385186,1.201529,1.4995852158972034,1.3601015385589545,Kuching,P.198 Puncak Borneo,N.20 Tarat,Luar Bandar
1135,110.385186,1.226549,0.46868584190334106,0.42509110380375414,Kuching,P.198 Puncak Borneo,N.20 Tarat,Luar Bandar
1136,110.385186,1.28493,1.0091544687090004,0.9152881283332447,Kuching,P.198 Puncak Borneo,N.20 Tarat,Luar Bandar
1137,110.385186,1.31829,1.05100319743031,0.953244304292565,Kuching,P.198 Puncak Borneo,N.20 Tarat,Luar Bandar
1138,110.385186,1.35999,37.541446848546315,34.049535216234915,Kuching,P.198 Puncak Borneo,N.19 Mambong,Luar Bandar
1139,110.385186,1.36833,1.5220784196898556,1.3805025406235174,Kuching,P.198 Puncak Borneo,N.19 Mambong,Luar Bandar
1140,110.385186,1.37667,38.28103144706973,34.720327472441824,Kuching,P.198 Puncak Borneo,N.19 Mambong,Luar Bandar
1141,110.385186,1.38501,3.410145544121886,3.092951405562594,Kuching,P.198 Puncak Borneo,N.19 Mambong,Luar Bandar
1142,110.385186,1.39335,18.37175981503196,16.66291353473402,Kuching,P.198 Puncak Borneo,N.19 Mambong,Luar Bandar
1143,110.385186,1.40169,7.114902111690826,6.4531106376754295,Kuching,P.197 Kota Samarahan,N.17 Stakan,Luar Bandar
1144,110.385186,1.426711,97.18995423653323,108.21860152578523,Samarahan,P.197 Kota Samarahan,N.17 Stakan,Luar Bandar
1145,110.385186,1.435051,60.005974873840714,66.81516351200703,Samarahan,P.197 Kota Samarahan,N.17 Stakan,Luar Bandar
1146,110.385186,1.443391,207.01422249099227,230.505198092807,Samarahan,P.197 Kota Samarahan,N.17 Stakan,Luar Bandar
1147,110.385186,1.451731,44.54562450527905,49.60044714417597,Samarahan,P.197 Kota Samarahan,N.17 Stakan,Luar Bandar
1148,110.385186,1.493431,160.15481301472542,178.32840881781482,Samarahan,P.197 Kota Samarahan,N.17 Stakan,Luar Bandar
1149,110.385186,1.501771,130.31650951419888,118.19514037009861,Kuching,P.196 Stampin,N.12 Kota Sentosa,Bandar
1150,110.385186,1.510111,144.2217906269944,130.80702399972782,Kuching,P.193 Santubong,N.05 Demak Laut,
1151,110.385186,1.518451,313.52319572082524,284.3608861659023,Kuching,P.195 Bandar Kuching,N.11 Batu Lintang,
1152,110.385186,1.526791,176.79089598198374,160.34671926559946,Kuching,P.193 Santubong,N.05 Demak Laut,
1153,110.385186,1.535131,116.12586454175418,105.32443595426565,Kuching,P.193 Santubong,N.05 Demak Laut,Bandar
1154,110.385186,1.543471,206.97728156725182,187.72532305737715,Kuching,P.193 Santubong,N.05 Demak Laut,Bandar
1155,110.385186,1.551811,257.00178015963814,233.09680096997945,Kuching,P.195 Bandar Kuching,N.10 Pending,Bandar
1156,110.385186,1.560151,194.05560308153233,176.0055524148824,Kuching,P.195 Bandar Kuching,N.10 Pending,Bandar
1157,110.385186,1.568491,208.32686002000537,188.94937068770665,Kuching,P.195 Bandar Kuching,N.10 Pending,Bandar
1158,110.385239,1.57979,185.76692123456635,168.48784097496318,Kuching,P.193 Santubong,N.04 Pantai Damai,Bandar
1159,110.385432,1.582922,59.68444864232484,54.13290926444664,Kuching,P.193 Santubong,N.04 Pantai Damai,Bandar
1160,110.385915,1.332519,0.052198754048750275,0.047343495347871224,Kuching,P.198 Puncak Borneo,N.20 Tarat,Luar Bandar
1161,110.387878,1.442275,3.262159383443995,3.6323334978773563,Samarahan,P.197 Kota Samarahan,N.17 Stakan,Luar Bandar
1162,110.392106,1.090982,1.6592238522902978,1.711897625378879,Tebedu,P.199 Serian,N.21 Tebedu,Luar Bandar
1163,110.392106,1.559928,146.1287834208273,132.53663816597654,Kuching,P.193 Santubong,N.05 Demak Laut,Bandar
1164,110.393517,1.093108,3.4007801019274915,3.508741375004555,Tebedu,P.199 Serian,N.21 Tebedu,Luar Bandar
1165,110.393517,1.226549,1.7200530761567983,1.5600626163043563,Kuching,P.198 Puncak Borneo,N.20 Tarat,Luar Bandar
1166,110.393517,1.234889,2.9456780287162405,2.6716862612967422,Kuching,P.198 Puncak Borneo,N.20 Tarat,Luar Bandar
1167,110.393517,1.27659,1.286536515926944,1.1668695291034825,Kuching,P.198 Puncak Borneo,N.20 Tarat,Luar Bandar
1168,110.393517,1.28493,0.5705993596445206,0.5175251521061052,Kuching,P.198 Puncak Borneo,N.20 Tarat,Luar Bandar
1169,110.393517,1.31829,1.0325341098309517,0.9364931159016885,Kuching,P.198 Puncak Borneo,N.20 Tarat,Luar Bandar
1170,110.393517,1.33497,7.089520924198807,6.430090277250167,Kuching,P.198 Puncak Borneo,N.20 Tarat,Luar Bandar
1171,110.393517,1.34331,36.63381305456173,33.226324833417195,Kuching,P.198 Puncak Borneo,N.19 Mambong,Luar Bandar
1172,110.393517,1.35165,33.58448883961274,30.46063301920721,Kuching,P.198 Puncak Borneo,N.19 Mambong,Bandar
1173,110.393517,1.35999,39.66243891993609,35.97324355170462,Kuching,P.198 Puncak Borneo,N.19 Mambong,Luar Bandar
1174,110.393517,1.36833,22.539075316256096,20.442606855786384,Kuching,P.198 Puncak Borneo,N.19 Mambong,Luar Bandar
1175,110.393517,1.37667,14.659832049657048,13.296250132624165,Kuching,P.198 Puncak Borneo,N.19 Mambong,Bandar
1176,110.393517,1.39335,3.346261699491102,3.0350097064512136,Kuching,P.198 Puncak Borneo,N.19 Mambong,Luar Bandar
1177,110.393517,1.426711,57.47483313898964,63.99680002000974,Samarahan,P.197 Kota Samarahan,N.17 Stakan,Luar Bandar
1178,110.393517,1.435051,50.32424681187777,56.03479964159439,Samarahan,P.197 Kota Samarahan,N.17 Stakan,Luar Bandar
1179,110.393517,1.443391,23.000999436409547,25.61104192564751,Samarahan,P.197 Kota Samarahan,N.17 Stakan,Luar Bandar
1180,110.393517,1.451731,85.812810131,95.55043397565248,Samarahan,P.197 Kota Samarahan,N.17 Stakan,Luar Bandar
1181,110.393517,1.460071,2.0969597751048576,2.3349126573862597,Samarahan,P.197 Kota Samarahan,N.17 Stakan,Luar Bandar
1182,110.393517,1.493431,94.87032811656799,105.63575542057569,Samarahan,P.197 Kota Samarahan,N.17 Stakan,Luar Bandar
1183,110.393517,1.501771,26.211747077627077,29.186129724733696,Samarahan,P.197 Kota Samarahan,N.17 Stakan,
1184,110.393517,1.510111,41.68841583331219,37.81077454878044,Kuching,P.193 Santubong,N.05 Demak Laut,
1185,110.393517,1.518451,95.10985001537028,86.26322263428084,Kuching,P.193 Santubong,N.05 Demak Laut,
1186,110.393517,1.526791,120.57391703419707,109.35875356051316,Kuching,P.193 Santubong,N.05 Demak Laut,Bandar
1187,110.393517,1.535131,94.23632987628619,85.47095283024728,Kuching,P.193 Santubong,N.05 Demak Laut,Bandar
1188,110.393517,1.543471,120.56066232847337,109.34673173910761,Kuching,P.193 Santubong,N.05 Demak Laut,Bandar
1189,110.393517,1.551811,172.99370199907693,156.90272066944874,Kuching,P.193 Santubong,N.05 Demak Laut,Bandar
1190,110.393517,1.568491,197.33773879227928,178.98240080110457,Kuching,P.195 Bandar Kuching,N.10 Pending,Bandar
1191,110.393517,1.576832,152.4009306974925,138.22538267387486,Kuching,P.193 Santubong,N.04 Pantai Damai,Bandar
1192,110.393517,1.585172,7.6736367863899755,6.9598746965954685,Kuching,P.193 Santubong,N.04 Pantai Damai,Bandar
1193,110.396622,1.541183,12.505371525915937,11.342186407508265,Kuching,P.193 Santubong,N.05 Demak Laut,Bandar
1194,110.397577,1.594869,27.086777571258068,24.56730531797782,Kuching,P.193 Santubong,N.05 Demak Laut,Bandar
1195,110.397856,1.547895,8.206000927873475,7.442721073199758,Kuching,P.193 Santubong,N.05 Demak Laut,Luar Bandar
1196,110.398629,1.59946,9.529050559378318,8.642707456316346,Kuching,P.193 Santubong,N.05 Demak Laut,Bandar
1197,110.399895,1.574233,26.69229987718282,24.209519903083656,Kuching,P.193 Santubong,N.05 Demak Laut,Bandar
1198,110.401849,1.109789,14.000861048703356,14.44533282802727,Tebedu,P.199 Serian,N.21 Tebedu,Luar Bandar
1199,110.401849,1.118129,6.671261488759697,6.883047567767942,Tebedu,P.199 Serian,N.21 Tebedu,Luar Bandar
1200,110.401849,1.193189,5.362517267615967,4.863723587638659,Kuching,P.198 Puncak Borneo,N.20 Tarat,Luar Bandar
1201,110.401849,1.28493,3.44793539436654,3.1272262389730545,Kuching,P.198 Puncak Borneo,N.20 Tarat,Luar Bandar
1202,110.401849,1.29327,4.277337331638794,3.87948148863077,Kuching,P.198 Puncak Borneo,N.20 Tarat,Luar Bandar
1203,110.401849,1.30161,1.670670029386896,1.5152729256762796,Kuching,P.198 Puncak Borneo,N.20 Tarat,Luar Bandar
1204,110.401849,1.30995,4.29014301916313,3.891096057192474,Kuching,P.198 Puncak Borneo,N.20 Tarat,Luar Bandar
1205,110.401849,1.31829,1.4903874373503605,1.3517592899022814,Kuching,P.198 Puncak Borneo,N.20 Tarat,Luar Bandar
1206,110.401849,1.32663,1.1881933064171646,1.0776736973874104,Kuching,P.198 Puncak Borneo,N.20 Tarat,Luar Bandar
1207,110.401849,1.33497,2.1704413938804707,1.9685581371930727,Kuching,P.198 Puncak Borneo,N.20 Tarat,Luar Bandar
1208,110.401849,1.34331,117.05224958747009,106.16465344415492,Kuching,P.198 Puncak Borneo,N.19 Mambong,Luar Bandar
1209,110.401849,1.35165,175.1428052837398,158.8519254582164,Kuching,P.198 Puncak Borneo,N.19 Mambong,Bandar
1210,110.401849,1.35999,197.392007622442,179.03162182477007,Kuching,P.198 Puncak Borneo,N.19 Mambong,Bandar
1211,110.401849,1.36833,90.16393724157814,81.77735314056997,Kuching,P.198 Puncak Borneo,N.19 Mambong,Bandar
1212,110.401849,1.37667,15.31480453128189,13.89030045435846,Kuching,P.198 Puncak Borneo,N.19 Mambong,Bandar
1213,110.401849,1.38501,2.814351332315987,2.552574896411098,Kuching,P.198 Puncak Borneo,N.19 Mambong,Bandar
1214,110.401849,1.41003,35.882103913414056,39.95383201706388,Samarahan,P.197 Kota Samarahan,N.16 Muara Tuang,Luar Bandar
1215,110.401849,1.41837,25.567624029818855,28.46891469986922,Samarahan,P.197 Kota Samarahan,N.16 Muara Tuang,Luar Bandar
1216,110.401849,1.435051,71.01269912737175,79.07087775175435,Samarahan,P.197 Kota Samarahan,N.17 Stakan,Luar Bandar
1217,110.401849,1.443391,148.3664917584733,165.20240571688163,Samarahan,P.197 Kota Samarahan,N.17 Stakan,Luar Bandar
1218,110.401849,1.451731,162.68652227413102,181.1474042343161,Samarahan,P.197 Kota Samarahan,N.17 Stakan,Luar Bandar
1219,110.401849,1.460071,4.080275407473508,4.543285382789651,Samarahan,P.197 Kota Samarahan,N.17 Stakan,Luar Bandar
1220,110.401849,1.468411,8.06776048335258,8.983251034655,Samarahan,P.197 Kota Samarahan,N.17 Stakan,Luar Bandar
1221,110.401849,1.476751,1.8783858872169357,2.09153605881602,Samarahan,P.197 Kota Samarahan,N.17 Stakan,Luar Bandar
1222,110.401849,1.485091,110.32505501348169,122.8442101923165,Samarahan,P.197 Kota Samarahan,N.17 Stakan,Luar Bandar
1223,110.401849,1.493431,234.3143197665692,260.90317874717283,Samarahan,P.197 Kota Samarahan,N.17 Stakan,Luar Bandar
1224,110.401849,1.501771,8.000723684342523,8.90860722299132,Samarahan,P.197 Kota Samarahan,N.17 Stakan,Luar Bandar
1225,110.401849,1.510111,12.687919574293193,11.50775477856632,Kuching,P.197 Kota Samarahan,N.17 Stakan,
1226,110.401849,1.518451,70.57734571783473,64.01260527285336,Kuching,P.193 Santubong,N.05 Demak Laut,
1227,110.401849,1.526791,74.97375457679999,68.00008286987361,Kuching,P.193 Santubong,N.05 Demak Laut,Bandar
1228,110.401849,1.535131,4.294435896687557,3.8949896334053635,Kuching,P.193 Santubong,N.05 Demak Laut,Bandar
1229,110.401849,1.560151,66.94918794546973,60.72192001134533,Kuching,P.193 Santubong,N.05 Demak Laut,Bandar
1230,110.401849,1.568491,83.34568994540824,75.59330401852807,Kuching,P.193 Santubong,N.05 Demak Laut,Bandar
1231,110.401849,1.593512,154.53335497050304,140.1594598465728,Kuching,P.193 Santubong,N.05 Demak Laut,Bandar
1232,110.401933,1.600961,51.18692668759162,46.42578294574905,Kuching,P.193 Santubong,N.05 Demak Laut,Bandar
1233,110.405549,1.196125,0.438321737100121,0.3975513113184594,Kuching,P.198 Puncak Borneo,N.20 Tarat,Luar Bandar
1234,110.405602,1.588004,15.160759815246312,13.750584182774979,Kuching,P.193 Santubong,N.05 Demak Laut,Bandar
1235,110.40792,1.39549,3.075191276056901,2.7891528547950033,Kuching,P.197 Kota Samarahan,N.16 Muara Tuang,Luar Bandar
1236,110.408521,1.196918,1.7282398713231748,1.5674879180368715,Kuching,P.198 Puncak Borneo,N.20 Tarat,Luar Bandar
1237,110.41018,1.068088,29.107885376773517,30.031945230004425,Tebedu,P.199 Serian,N.21 Tebedu,Luar Bandar
1238,110.41018,1.193189,5.161271320837453,4.681196500187715,Kuching,P.198 Puncak Borneo,N.20 Tarat,Luar Bandar
1239,110.41018,1.28493,0.7864324343827148,0.7132825481589155,Kuching,P.198 Puncak Borneo,N.20 Tarat,Luar Bandar
1240,110.41018,1.29327,12.162548982887124,11.031251448105369,Kuching,P.198 Puncak Borneo,N.20 Tarat,Luar Bandar
1241,110.41018,1.30161,19.1006545226554,17.32401021852133,Kuching,P.198 Puncak Borneo,N.20 Tarat,Luar Bandar
1242,110.41018,1.30995,9.736861516484993,8.831188910717117,Kuching,P.198 Puncak Borneo,N.20 Tarat,Luar Bandar
1243,110.41018,1.31829,13.784160215812467,12.502028773371713,Kuching,P.198 Puncak Borneo,N.20 Tarat,Luar Bandar
1244,110.41018,1.32663,8.116133545984733,7.361212691363641,Kuching,P.198 Puncak Borneo,N.20 Tarat,Luar Bandar
1245,110.41018,1.33497,12.402150659746619,11.24856661358126,Kuching,P.198 Puncak Borneo,N.20 Tarat,Luar Bandar
1246,110.41018,1.34331,151.34607959759137,137.26864837914005,Kuching,P.198 Puncak Borneo,N.19 Mambong,Luar Bandar
1247,110.41018,1.35165,128.94101968572997,116.94759150649269,Kuching,P.198 Puncak Borneo,N.19 Mambong,Bandar
1248,110.41018,1.35999,105.02839283224068,95.25919378848903,Kuching,P.198 Puncak Borneo,N.19 Mambong,Bandar
1249,110.41018,1.36833,49.41748075164778,44.820921738555676,Kuching,P.198 Puncak Borneo,N.19 Mambong,Bandar
1250,110.41018,1.37667,1.8074510165443032,1.6393312513427523,Kuching,P.198 Puncak Borneo,N.19 Mambong,Bandar
1251,110.41018,1.41003,61.86644829392538,56.11195056987948,Kuching,P.197 Kota Samarahan,N.16 Muara Tuang,Luar Bandar
1252,110.41018,1.435051,14.342525705920771,15.970046353401141,Samarahan,P.197 Kota Samarahan,N.16 Muara Tuang,Luar Bandar
1253,110.41018,1.443391,112.51465590787062,125.2822764364233,Samarahan,P.197 Kota Samarahan,N.16 Muara Tuang,Luar Bandar
1254,110.41018,1.451731,266.41070552705344,296.6417075726765,Samarahan,P.197 Kota Samarahan,N.17 Stakan,Luar Bandar
1255,110.41018,1.460071,185.38481518177312,206.42138995417292,Samarahan,P.197 Kota Samarahan,N.17 Stakan,Luar Bandar
1256,110.41018,1.468411,163.91928865007577,182.5200589933468,Samarahan,P.197 Kota Samarahan,N.17 Stakan,Luar Bandar
1257,110.41018,1.476751,61.28895089289266,68.24372546229891,Samarahan,P.197 Kota Samarahan,N.17 Stakan,Luar Bandar
1258,110.41018,1.485091,75.17036221045653,83.70033239036648,Samarahan,P.197 Kota Samarahan,N.17 Stakan,Luar Bandar
1259,110.41018,1.493431,99.3468099050312,110.62020677368722,Samarahan,P.197 Kota Samarahan,N.17 Stakan,Luar Bandar
1260,110.41018,1.518451,28.179801700935606,25.558661984272398,Kuching,P.197 Kota Samarahan,N.17 Stakan,
1261,110.41018,1.526791,38.27913681777891,34.718609071789345,Kuching,P.193 Santubong,N.05 Demak Laut,Bandar
1262,110.41018,1.543471,1.88122149579998,1.7062399813517013,Kuching,P.193 Santubong,N.05 Demak Laut,Luar Bandar
1263,110.41018,1.551811,17.086827945460616,15.49749939606381,Kuching,P.193 Santubong,N.05 Demak Laut,Luar Bandar
1264,110.41018,1.576832,47.400916889725664,42.99192823946888,Kuching,P.193 Santubong,N.05 Demak Laut,Bandar
1265,110.41018,1.585172,136.47980451609823,123.78515748003697,Kuching,P.193 Santubong,N.05 Demak Laut,Bandar
1266,110.41018,1.593512,107.9398821193677,97.89987136848913,Kuching,P.193 Santubong,N.05 Demak Laut,Bandar
1267,110.41018,1.601852,24.495641311881833,22.217183180447293,Kuching,P.193 Santubong,N.05 Demak Laut,Bandar
1268,110.411031,1.063617,5.972899236384319,6.162515085158424,Tebedu,P.199 Serian,N.21 Tebedu,Luar Bandar
1269,110.412598,1.116951,23.977048985248047,24.73822514350989,Tebedu,P.199 Serian,N.21 Tebedu,Luar Bandar
1270,110.413059,1.265782,1.3337922275309915,1.2097297583035342,Kuching,P.198 Puncak Borneo,N.20 Tarat,Luar Bandar
1271,110.414164,1.522672,11.928366689951831,10.818851583430797,Kuching,P.197 Kota Samarahan,N.17 Stakan,Bandar
1272,110.418511,0.968008,3.5736525650908924,3.687101852871556,Tebedu,P.199 Serian,N.21 Tebedu,Luar Bandar
1273,110.418511,1.26825,0.21065539544892478,0.19106131776873164,Kuching,P.198 Puncak Borneo,N.20 Tarat,Luar Bandar
1274,110.418511,1.27659,1.4657064904769548,1.3293740373272709,Kuching,P.198 Puncak Borneo,N.20 Tarat,Luar Bandar
1275,110.418511,1.28493,8.854988399866608,8.031343080009309,Kuching,P.198 Puncak Borneo,N.20 Tarat,Luar Bandar
1276,110.418511,1.29327,6.796395693088707,6.164230042301954,Kuching,P.198 Puncak Borneo,N.20 Tarat,Luar Bandar
1277,110.418511,1.30161,11.409957557088536,10.348662192567453,Kuching,P.198 Puncak Borneo,N.20 Tarat,Luar Bandar
1278,110.418511,1.30995,0.5130258321630132,0.4653068170106809,Kuching,P.198 Puncak Borneo,N.20 Tarat,Luar Bandar
1279,110.418511,1.32663,0.4918973463494084,0.44614359390214164,Kuching,P.198 Puncak Borneo,N.20 Tarat,Luar Bandar
1280,110.418511,1.33497,0.2407742586043078,0.2183786797185651,Kuching,P.198 Puncak Borneo,N.20 Tarat,Luar Bandar
1281,110.418511,1.34331,22.692747139039845,20.581984918723798,Kuching,P.198 Puncak Borneo,N.19 Mambong,Luar Bandar
1282,110.418511,1.35165,48.77513951156968,44.238327765470004,Kuching,P.198 Puncak Borneo,N.19 Mambong,Bandar
1283,110.418511,1.35999,5.057601878521453,4.587169854352068,Kuching,P.198 Puncak Borneo,N.19 Mambong,Luar Bandar
1284,110.418511,1.36833,11.944900491720965,10.833847496291256,Kuching,P.197 Kota Samarahan,N.16 Muara Tuang,Luar Bandar
1285,110.418511,1.443391,6.267832893420654,6.979076342319452,Samarahan,P.197 Kota Samarahan,N.16 Muara Tuang,Luar Bandar
1286,110.418511,1.451731,85.68009728009211,95.4026615104572,Samarahan,P.197 Kota Samarahan,N.16 Muara Tuang,Luar Bandar
1287,110.418511,1.460071,96.40377995292403,107.34321597595084,Samarahan,P.197 Kota Samarahan,N.16 Muara Tuang,Luar Bandar
1288,110.418511,1.468411,142.26693921630715,158.41070536851223,Samarahan,P.197 Kota Samarahan,N.16 Muara Tuang,Luar Bandar
1289,110.418511,1.476751,180.5541076269793,201.04251700309044,Samarahan,P.197 Kota Samarahan,N.17 Stakan,Luar Bandar
1290,110.418511,1.485091,57.497412794891495,64.02194190636854,Samarahan,P.197 Kota Samarahan,N.17 Stakan,Luar Bandar
1291,110.418511,1.543471,1.1106221429562515,1.007317803202449,Kuching,P.197 Kota Samarahan,N.16 Muara Tuang,Luar Bandar
1292,110.418511,1.585172,85.4603377706139,77.5112582168507,Kuching,P.193 Santubong,N.05 Demak Laut,Bandar
1293,110.418511,1.593512,29.06657449493812,26.362951749661576,Kuching,P.193 Santubong,N.05 Demak Laut,Bandar
1294,110.41955,1.281946,3.0701815844390987,2.784609138836186,Kuching,P.198 Puncak Borneo,N.20 Tarat,Luar Bandar
1295,110.420516,1.43466,56.69819173058649,63.132029090085666,Samarahan,P.197 Kota Samarahan,N.16 Muara Tuang,Luar Bandar
1296,110.420923,1.472092,32.31742641676507,35.98465210944763,Samarahan,P.197 Kota Samarahan,N.16 Muara Tuang,Luar Bandar
1297,110.422211,1.50372,8.177860645073872,7.417198254272575,Kuching,P.197 Kota Samarahan,N.17 Stakan,Luar Bandar
1298,110.422747,1.502809,4.543733387630271,4.121098758379102,Kuching,P.197 Kota Samarahan,N.17 Stakan,Luar Bandar
1299,110.423037,1.375659,6.302500438196283,7.017677792885223,Samarahan,P.198 Puncak Borneo,N.19 Mambong,Luar Bandar
1300,110.424721,1.376474,3.1424279785983016,3.499015550637825,Samarahan,P.198 Puncak Borneo,N.19 Mambong,Luar Bandar
1301,110.426842,0.968008,49.59617693792753,51.170658745480786,Tebedu,P.199 Serian,N.21 Tebedu,Luar Bandar
1302,110.426842,1.001368,28.743475931031647,29.655967230429475,Tebedu,P.199 Serian,N.21 Tebedu,Luar Bandar
1303,110.426842,1.259909,1.2281223737595777,1.1138887689618175,Kuching,P.198 Puncak Borneo,N.20 Tarat,Luar Bandar
1304,110.426842,1.26825,2.2539520716534023,2.0443010827229195,Kuching,P.198 Puncak Borneo,N.20 Tarat,Luar Bandar
1305,110.426842,1.28493,10.419292281686182,9.45014348820325,Kuching,P.198 Puncak Borneo,N.20 Tarat,Luar Bandar
1306,110.426842,1.30161,0.2429789007512939,0.220378257431322,Kuching,P.198 Puncak Borneo,N.20 Tarat,Luar Bandar
1307,110.426842,1.34331,1.6661203850389106,1.511146465764571,Kuching,P.198 Puncak Borneo,N.19 Mambong,Luar Bandar
1308,110.426842,1.35165,1.6560847127652927,1.5020442599311705,Kuching,P.198 Puncak Borneo,N.19 Mambong,Bandar
1309,110.426842,1.35999,5.079516631974639,4.607046210542325,Kuching,P.198 Puncak Borneo,N.19 Mambong,Luar Bandar
1310,110.426842,1.36833,4.701406035720497,4.264105510501473,Kuching,P.197 Kota Samarahan,N.16 Muara Tuang,Luar Bandar
1311,110.426842,1.451731,93.97755626800935,104.64167612820901,Samarahan,P.197 Kota Samarahan,N.16 Muara Tuang,Luar Bandar
1312,110.426842,1.460071,137.73414567471906,153.36355227610562,Samarahan,P.197 Kota Samarahan,N.16 Muara Tuang,Luar Bandar
1313,110.426842,1.468411,129.14163413427212,143.79600396511154,Samarahan,P.197 Kota Samarahan,N.16 Muara Tuang,Luar Bandar
1314,110.426842,1.485091,1.9477889861277111,2.1688146866812104,Samarahan,P.197 Kota Samarahan,N.17 Stakan,Luar Bandar
1315,110.426842,1.576832,24.39090002481599,22.122184387328584,Kuching,P.193 Santubong,N.05 Demak Laut,Luar Bandar
1316,110.426842,1.585172,31.33491275088501,28.42030088806292,Kuching,P.193 Santubong,N.05 Demak Laut,Bandar
1317,110.426842,1.593512,80.8542281892365,73.33358517633972,Kuching,P.193 Santubong,N.05 Demak Laut,Bandar
1318,110.426842,1.601852,33.6842824857997,30.551144375466542,Kuching,P.193 Santubong,N.05 Demak Laut,Bandar
1319,110.426842,1.610192,11.153411821528277,10.11597901728189,Kuching,P.193 Santubong,N.05 Demak Laut,Bandar
1320,110.426842,1.660232,27.92694840809641,25.32932779974289,Kuching,P.193 Santubong,N.05 Demak Laut,Luar Bandar
1321,110.426842,1.668572,22.17124386136096,20.108989184426555,Kuching,P.193 Santubong,N.05 Demak Laut,Luar Bandar
1322,110.430086,1.281195,2.0206390762270607,1.8326896579895096,Kuching,P.198 Puncak Borneo,N.20 Tarat,Luar Bandar
1323,110.43015,1.235158,4.166979543261414,3.779388612165438,Kuching,P.198 Puncak Borneo,N.20 Tarat,Luar Bandar
1324,110.43015,1.425254,3.8002527240699107,4.231487075737419,Samarahan,P.197 Kota Samarahan,N.16 Muara Tuang,Luar Bandar
1325,110.43118,1.245016,1.326611878629379,1.203217288398561,Kuching,P.198 Puncak Borneo,N.20 Tarat,Luar Bandar
1326,110.431255,1.421843,2.5498747045705743,2.839222188777164,Samarahan,P.197 Kota Samarahan,N.16 Muara Tuang,Luar Bandar
1327,110.432467,1.66502,5.083389049634112,4.610558435896882,Kuching,P.193 Santubong,N.05 Demak Laut,Luar Bandar
1328,110.433369,1.254401,0.775951739287879,0.7037767132303383,Kuching,P.198 Puncak Borneo,N.20 Tarat,Luar Bandar
1329,110.435173,0.984688,24.427892469562774,25.203381119390166,Tebedu,P.199 Serian,N.21 Tebedu,Luar Bandar
1330,110.435173,1.243229,5.815691442946438,5.472714768106007,Serian,P.198 Puncak Borneo,N.20 Tarat,Luar Bandar
1331,110.435173,1.251569,2.286476749909901,2.073800483269711,Kuching,P.198 Puncak Borneo,N.20 Tarat,Luar Bandar
1332,110.435173,1.259909,25.86887880228026,24.3432782575304,Serian,P.198 Puncak Borneo,N.20 Tarat,Luar Bandar
1333,110.435173,1.26825,2.915106517174888,2.6439583539776583,Kuching,P.198 Puncak Borneo,N.20 Tarat,Luar Bandar
1334,110.435173,1.28493,2.5946025123588035,2.353265977550185,Kuching,P.198 Puncak Borneo,N.20 Tarat,Luar Bandar
1335,110.435173,1.34331,1.446403437192617,1.311866454435287,Kuching,P.198 Puncak Borneo,N.19 Mambong,Luar Bandar
1336,110.435173,1.35165,16.733310679807047,15.17686448193864,Kuching,P.198 Puncak Borneo,N.19 Mambong,Bandar
1337,110.435173,1.35999,1.7270339757248139,1.5663941886233745,Kuching,P.198 Puncak Borneo,N.19 Mambong,Bandar
1338,110.435173,1.36833,20.092210775319465,18.223337026040745,Kuching,P.198 Puncak Borneo,N.19 Mambong,Luar Bandar
1339,110.435173,1.41837,8.030094960234646,8.941311409622974,Samarahan,P.197 Kota Samarahan,N.16 Muara Tuang,Luar Bandar
1340,110.435173,1.426711,6.0576654374090015,6.745060096973143,Samarahan,P.197 Kota Samarahan,N.16 Muara Tuang,Luar Bandar
1341,110.435173,1.435051,10.071387640619474,11.214240138845797,Samarahan,P.197 Kota Samarahan,N.16 Muara Tuang,Luar Bandar
1342,110.435173,1.443391,3.769231263869818,4.196945449840861,Samarahan,P.197 Kota Samarahan,N.16 Muara Tuang,Luar Bandar
1343,110.435173,1.451731,75.78020993858374,84.37938269757196,Samarahan,P.197 Kota Samarahan,N.16 Muara Tuang,Luar Bandar
1344,110.435173,1.460071,144.33486042950466,160.71328430802998,Samarahan,P.197 Kota Samarahan,N.16 Muara Tuang,Luar Bandar
1345,110.435173,1.468411,110.73688304502069,123.30277048275353,Samarahan,P.197 Kota Samarahan,N.16 Muara Tuang,Luar Bandar
1346,110.435173,1.485091,9.214208865510066,10.259792850248797,Samarahan,P.197 Kota Samarahan,N.16 Muara Tuang,Luar Bandar
1347,110.435173,1.585172,42.126760652318254,38.208346795045074,Kuching,P.193 Santubong,N.05 Demak Laut,Bandar
1348,110.435173,1.593512,34.93672506844822,31.687091213004432,Kuching,P.193 Santubong,N.05 Demak Laut,Bandar
1349,110.435173,1.601852,114.49186876448795,103.84242603105565,Kuching,P.193 Santubong,N.05 Demak Laut,Bandar
1350,110.435173,1.610192,24.74110158082391,22.439812002006775,Kuching,P.193 Santubong,N.05 Demak Laut,Bandar
1351,110.435173,1.660232,56.26723159116494,51.03354410693427,Kuching,P.193 Santubong,N.05 Demak Laut,Luar Bandar
1352,110.436802,1.284638,3.3830437062780976,3.06837044080091,Kuching,P.198 Puncak Borneo,N.20 Tarat,Luar Bandar
1353,110.43705,1.373782,3.342220436447696,3.031344340838916,Kuching,P.197 Kota Samarahan,N.16 Muara Tuang,Luar Bandar
1354,110.437832,1.284145,32.702739196067256,30.774116115273543,Serian,P.198 Puncak Borneo,N.20 Tarat,Luar Bandar
1355,110.439688,1.206529,11.082527200664217,10.42894226318915,Serian,P.198 Puncak Borneo,N.20 Tarat,Luar Bandar
1356,110.43972,1.437985,6.520058751266649,7.259923574105418,Samarahan,P.197 Kota Samarahan,N.16 Muara Tuang,Luar Bandar
1357,110.440353,1.207527,19.258075558980085,18.122342897809467,Serian,P.199 Serian,N.21 Tebedu,Luar Bandar
1358,110.443504,0.942987,17.898957092461238,18.46717795253937,Tebedu,P.199 Serian,N.21 Tebedu,Luar Bandar
1359,110.443504,0.951327,18.264715841546906,18.844548090484906,Tebedu,P.199 Serian,N.21 Tebedu,Luar Bandar
1360,110.443504,1.259909,0.15997388525412318,0.14509394008209656,Kuching,P.198 Puncak Borneo,N.20 Tarat,Luar Bandar
1361,110.443504,1.26825,9.39672584945227,8.522690907972276,Kuching,P.198 Puncak Borneo,N.20 Tarat,Luar Bandar
1362,110.443504,1.34331,3.1933151765131553,2.896289479674979,Kuching,P.198 Puncak Borneo,N.19 Mambong,Luar Bandar
1363,110.443504,1.35165,3.493866576495211,3.1688851395935567,Kuching,P.198 Puncak Borneo,N.19 Mambong,Bandar
1364,110.443504,1.41837,15.506912287084898,17.266561908314387,Samarahan,P.197 Kota Samarahan,N.16 Muara Tuang,Luar Bandar
1365,110.443504,1.426711,9.797762621635824,10.909565472317903,Samarahan,P.197 Kota Samarahan,N.16 Muara Tuang,Luar Bandar
1366,110.443504,1.443391,96.67714000101557,107.64759560396769,Samarahan,P.197 Kota Samarahan,N.16 Muara Tuang,Luar Bandar
1367,110.443504,1.451731,101.66421285004058,113.20057742876858,Samarahan,P.197 Kota Samarahan,N.16 Muara Tuang,Luar Bandar
1368,110.443504,1.460071,52.76403652707401,58.751444927309365,Samarahan,P.197 Kota Samarahan,N.16 Muara Tuang,Luar Bandar
1369,110.443504,1.593512,49.823094399424384,45.188807298211195,Kuching,P.193 Santubong,N.05 Demak Laut,Bandar
1370,110.443504,1.601852,67.44436316098675,61.17103658394238,Kuching,P.193 Santubong,N.05 Demak Laut,Bandar
1371,110.443504,1.610192,54.64831693078322,49.565212532950696,Kuching,P.193 Santubong,N.05 Demak Laut,Bandar
1372,110.443504,1.618532,73.81650064019769,66.95047072180073,Kuching,P.193 Santubong,N.05 Demak Laut,Bandar
1373,110.443504,1.626872,12.504843945127122,11.341707899561552,Kuching,P.193 Santubong,N.05 Demak Laut,Bandar
1374,110.443504,1.643552,15.878458236091138,14.401526000595148,Kuching,P.193 Santubong,N.05 Demak Laut,Bandar
1375,110.443504,1.651892,28.18484569596856,25.563236812919726,Kuching,P.193 Santubong,N.05 Demak Laut,Bandar
1376,110.443504,1.660232,14.115090689533508,12.8021778023782,Kuching,P.193 Santubong,N.05 Demak Laut,Bandar
1377,110.443504,1.676912,2.9126702070371606,2.6417486568350075,Kuching,P.193 Santubong,N.05 Demak Laut,Luar Bandar
1378,110.443733,1.588157,7.112929838894139,6.451321815515278,Kuching,P.193 Santubong,N.05 Demak Laut,Bandar
1379,110.445471,1.37908,11.188108979020713,10.147448824258383,Kuching,P.197 Kota Samarahan,N.16 Muara Tuang,Luar Bandar
1380,110.445514,1.38115,2.978531831885891,2.701484173255897,Kuching,P.197 Kota Samarahan,N.16 Muara Tuang,Luar Bandar
1381,110.445535,1.272421,72.78662545781191,68.49408087953069,Serian,P.198 Puncak Borneo,N.20 Tarat,Luar Bandar
1382,110.445846,1.282568,21.86951793737117,20.57977713593646,Serian,P.198 Puncak Borneo,N.20 Tarat,Luar Bandar
1383,110.450728,1.420449,20.021992414642586,22.293991553892806,Samarahan,P.197 Kota Samarahan,N.16 Muara Tuang,Luar Bandar
1384,110.451105,1.295182,24.24745407994267,22.817476018817842,Serian,P.197 Kota Samarahan,N.16 Muara Tuang,Luar Bandar
1385,110.451565,1.438908,4.428644972728611,4.931186246229729,Samarahan,P.197 Kota Samarahan,N.16 Muara Tuang,Luar Bandar
1386,110.451835,1.068088,4.458942203349434,4.600495924090685,Tebedu,P.199 Serian,N.21 Tebedu,Luar Bandar
1387,110.451835,1.259909,9.997562230609102,9.407962406752667,Serian,P.198 Puncak Borneo,N.20 Tarat,Luar Bandar
1388,110.451835,1.27659,84.28640534741744,79.31566862180051,Serian,P.198 Puncak Borneo,N.20 Tarat,Luar Bandar
1389,110.451835,1.443391,144.90923774383708,161.35283918994625,Samarahan,P.197 Kota Samarahan,N.16 Muara Tuang,Luar Bandar
1390,110.451835,1.451731,187.46975362435433,208.74291715619597,Samarahan,P.197 Kota Samarahan,N.16 Muara Tuang,Luar Bandar
1391,110.451835,1.460071,115.47097054621833,128.57405940252679,Samarahan,P.197 Kota Samarahan,N.16 Muara Tuang,Luar Bandar
1392,110.451835,1.468411,2.5432342217466477,2.831828175987402,Samarahan,P.197 Kota Samarahan,N.16 Muara Tuang,Luar Bandar
1393,110.451835,1.593512,73.61519089598386,66.76788577102265,Kuching,P.193 Santubong,N.05 Demak Laut,Bandar
1394,110.451835,1.601852,60.6362047542113,54.99613793487279,Kuching,P.193 Santubong,N.05 Demak Laut,Bandar
1395,110.451835,1.610192,37.73910293538686,34.22880635399184,Kuching,P.193 Santubong,N.05 Demak Laut,Bandar
1396,110.451835,1.618532,69.1552494771033,62.72278508491526,Kuching,P.193 Santubong,N.05 Demak Laut,Bandar
1397,110.451835,1.626872,69.96376865891045,63.45609998524416,Kuching,P.193 Santubong,N.05 Demak Laut,Bandar
1398,110.451835,1.635212,57.566628447113374,52.21207777360337,Kuching,P.193 Santubong,N.05 Demak Laut,Bandar
1399,110.451835,1.643552,7.850022099280403,7.11985355801545,Kuching,P.193 Santubong,N.05 Demak Laut,Bandar
1400,110.451835,1.676912,5.890552170200204,5.342643408802646,Kuching,P.193 Santubong,N.05 Demak Laut,Luar Bandar
1401,110.453753,1.599372,0.9802670014429096,0.8890876241823856,Kuching,P.193 Santubong,N.05 Demak Laut,Bandar
1402,110.454783,1.02973,8.695792052813228,8.971848943378728,Tebedu,P.199 Serian,N.21 Tebedu,Luar Bandar
1403,110.455964,1.033002,4.296179481271623,4.432566131470722,Tebedu,P.199 Serian,N.21 Tebedu,Luar Bandar
1404,110.456245,1.674192,1.445849203214409,1.3113637724412992,Kuching,P.193 Santubong,N.05 Demak Laut,Luar Bandar
1405,110.456693,1.47827,7.589116769135129,8.450293140100817,Samarahan,P.197 Kota Samarahan,N.16 Muara Tuang,Luar Bandar
1406,110.456897,1.031222,4.53647907230832,4.680494280953029,Tebedu,P.199 Serian,N.21 Tebedu,Luar Bandar
1407,110.457777,0.984966,2.5318843054874884,2.6122615850267734,Tebedu,P.199 Serian,N.21 Tebedu,Luar Bandar
1408,110.458109,1.479342,2.5763986436701347,2.868755936568874,Samarahan,P.197 Kota Samarahan,N.16 Muara Tuang,Luar Bandar
1409,110.458657,1.272593,13.795951062806441,12.982343692435805,Serian,P.198 Puncak Borneo,N.20 Tarat,Luar Bandar
1410,110.458807,1.255195,35.56372225287701,33.46637453027144,Serian,P.198 Puncak Borneo,N.20 Tarat,Luar Bandar
1411,110.459161,0.990394,37.79260962828809,38.99237501331311,Tebedu,P.199 Serian,N.21 Tebedu,Luar Bandar
1412,110.459225,1.441074,12.57913764268903,14.006557517036722,Samarahan,P.197 Kota Samarahan,N.16 Muara Tuang,Luar Bandar
1413,110.460166,1.034728,4.440208580204686,4.581167582750866,Tebedu,P.199 Serian,N.21 Tebedu,Luar Bandar
1414,110.460166,1.059748,7.327788025612879,7.560416216902176,Tebedu,P.199 Serian,N.21 Tebedu,Luar Bandar
1415,110.460166,1.159829,24.056720881950696,22.63799118891258,Serian,P.199 Serian,N.21 Tebedu,Luar Bandar
1416,110.460166,1.201529,1.7616230153690982,1.6577324272832281,Serian,P.199 Serian,N.21 Tebedu,Luar Bandar
1417,110.460166,1.209869,23.005441039858113,21.64870990161007,Serian,P.199 Serian,N.21 Tebedu,Luar Bandar
1418,110.460166,1.218209,3.553035129924505,3.343497160723829,Serian,P.199 Serian,N.21 Tebedu,Luar Bandar
1419,110.460166,1.251569,37.96533321389242,35.72635202435518,Serian,P.198 Puncak Borneo,N.20 Tarat,Luar Bandar
1420,110.460166,1.26825,109.07147049207316,102.63905043741244,Serian,P.198 Puncak Borneo,N.20 Tarat,Luar Bandar
1421,110.460166,1.27659,69.10661817269627,65.03109966507573,Serian,P.198 Puncak Borneo,N.20 Tarat,Luar Bandar
1422,110.460166,1.30161,3.756490134862287,3.5349535371652805,Serian,P.197 Kota Samarahan,N.16 Muara Tuang,Luar Bandar
1423,110.460166,1.435051,16.144792919892968,17.97682615902976,Samarahan,P.197 Kota Samarahan,N.16 Muara Tuang,Luar Bandar
1424,110.460166,1.443391,102.47815519178678,114.10688202206046,Samarahan,P.197 Kota Samarahan,N.16 Muara Tuang,Luar Bandar
1425,110.460166,1.451731,167.7420162577998,186.7765712941459,Samarahan,P.197 Kota Samarahan,N.16 Muara Tuang,Luar Bandar
1426,110.460166,1.460071,10.262105987674992,11.426600284148751,Samarahan,P.197 Kota Samarahan,N.16 Muara Tuang,Luar Bandar
1427,110.460166,1.493431,1.212547614016248,1.3501416695074537,Samarahan,P.197 Kota Samarahan,N.16 Muara Tuang,Luar Bandar
1428,110.460166,1.593512,6.354842980367915,5.76374828403981,Kuching,P.193 Santubong,N.05 Demak Laut,Bandar
1429,110.460166,1.635212,71.13872757856976,64.5217702902265,Kuching,P.193 Santubong,N.05 Demak Laut,Bandar
1430,110.460166,1.643552,1.2745971408524803,1.1560406930786522,Kuching,P.193 Santubong,N.05 Demak Laut,Bandar
1431,110.460405,1.632427,11.636441869163324,10.554080102831445,Kuching,P.193 Santubong,N.05 Demak Laut,Bandar
1432,110.465051,1.489274,1.4003846082376032,1.5592934999525085,Samarahan,P.197 Kota Samarahan,N.16 Muara Tuang,Luar Bandar
1433,110.465555,1.302433,21.85735860389504,20.56833489135764,Serian,P.197 Kota Samarahan,N.16 Muara Tuang,Luar Bandar
1434,110.465587,0.990802,22.946383220860938,23.674839831047,Tebedu,P.199 Serian,N.21 Tebedu,Luar Bandar
1435,110.465662,1.207849,22.67170292974586,21.334653782607,Serian,P.199 Serian,N.21 Tebedu,Luar Bandar
1436,110.466102,0.988667,15.201378063263036,15.683961493842816,Tebedu,P.199 Serian,N.21 Tebedu,Luar Bandar
1437,110.467894,1.492292,1.4003846082376032,1.5592934999525085,Samarahan,P.197 Kota Samarahan,N.16 Muara Tuang,Luar Bandar
1438,110.468497,0.951327,4.674463378814319,4.82285904163382,Tebedu,P.199 Serian,N.21 Tebedu,Luar Bandar
1439,110.468497,0.959668,66.73241828061245,68.85090774983824,Tebedu,P.199 Serian,N.21 Tebedu,Luar Bandar
1440,110.468497,1.109789,42.04929160137128,39.569461583854505,Serian,P.199 Serian,N.21 Tebedu,Luar Bandar
1441,110.468497,1.159829,2.0723533776454155,1.9501376656304292,Serian,P.199 Serian,N.21 Tebedu,Luar Bandar
1442,110.468497,1.176509,13.577029329489875,12.776332728007137,Serian,P.199 Serian,N.21 Tebedu,Luar Bandar
1443,110.468497,1.184849,13.199273570963978,12.420854873189178,Serian,P.199 Serian,N.21 Tebedu,Luar Bandar
1444,110.468497,1.193189,22.257618780898056,20.944989980998944,Serian,P.199 Serian,N.21 Tebedu,Luar Bandar
1445,110.468497,1.201529,12.706302688413153,11.956956632429813,Serian,P.199 Serian,N.21 Tebedu,Luar Bandar
1446,110.468497,1.209869,85.30732490620149,80.2763801040409,Serian,P.199 Serian,N.21 Tebedu,Luar Bandar
1447,110.468497,1.251569,9.651555206241367,9.082360924847647,Serian,P.198 Puncak Borneo,N.20 Tarat,Luar Bandar
1448,110.468497,1.259909,219.36134736554553,206.42465252091077,Serian,P.197 Kota Samarahan,N.16 Muara Tuang,Luar Bandar
1449,110.468497,1.26825,147.8588680697105,139.138986106625,Serian,P.197 Kota Samarahan,N.16 Muara Tuang,Luar Bandar
1450,110.468497,1.451731,103.38556589441275,115.11726131505533,Samarahan,P.197 Kota Samarahan,N.16 Muara Tuang,Luar Bandar
1451,110.468497,1.460071,5.537586336205067,6.165964927547485,Samarahan,P.197 Kota Samarahan,N.16 Muara Tuang,Luar Bandar
1452,110.468497,1.485091,1.2369751889343044,1.3773411678204666,Samarahan,P.197 Kota Samarahan,N.16 Muara Tuang,Luar Bandar
1453,110.468497,1.643552,16.352489559950996,14.831465377212162,Kuching,P.193 Santubong,N.05 Demak Laut,Bandar
1454,110.468497,1.660232,2.5749480852320445,2.3354397037971424,Kuching,P.193 Santubong,N.05 Demak Laut,Luar Bandar
1455,110.476424,0.937465,2.1781927024201866,2.2473416771001924,Tebedu,P.199 Serian,N.21 Tebedu,Luar Bandar
1456,110.476828,0.917967,7.333772191692557,7.566590356508193,Tebedu,P.199 Serian,N.22 Kedup,Luar Bandar
1457,110.476828,1.109789,6.849463588215734,6.445520863782498,Serian,P.199 Serian,N.21 Tebedu,Luar Bandar
1458,110.476828,1.143149,1.9340563669260105,1.819996632466271,Serian,P.199 Serian,N.21 Tebedu,Luar Bandar
1459,110.476828,1.151489,16.196051579185017,15.240899819386925,Serian,P.199 Serian,N.21 Tebedu,Luar Bandar
1460,110.476828,1.218209,14.24421065621015,13.404167463664425,Serian,P.199 Serian,N.21 Tebedu,Luar Bandar
1461,110.476828,1.243229,2.586532497454888,2.433993401451138,Serian,P.198 Puncak Borneo,N.20 Tarat,Luar Bandar
1462,110.476828,1.251569,254.7469699585595,239.72343070459317,Serian,P.197 Kota Samarahan,N.16 Muara Tuang,Luar Bandar
1463,110.476828,1.259909,149.54533395489798,140.72599374730143,Serian,P.197 Kota Samarahan,N.16 Muara Tuang,Luar Bandar
1464,110.476828,1.26825,17.95361306936941,16.894810247329676,Serian,P.197 Kota Samarahan,N.16 Muara Tuang,Luar Bandar
1465,110.476828,1.28493,19.29226969063137,18.15452045246593,Serian,P.197 Kota Samarahan,N.16 Muara Tuang,Luar Bandar
1466,110.476828,1.29327,16.51137154977926,15.53762399684356,Serian,P.197 Kota Samarahan,N.16 Muara Tuang,Luar Bandar
1467,110.476828,1.451731,15.328564515586294,17.067976091823034,Samarahan,P.197 Kota Samarahan,N.16 Muara Tuang,Luar Bandar
1468,110.476828,1.460071,79.86770749376318,88.930709762559,Samarahan,P.197 Kota Samarahan,N.16 Muara Tuang,Luar Bandar
1469,110.476828,1.468411,13.255164310607606,14.75929643096024,Samarahan,P.197 Kota Samarahan,N.16 Muara Tuang,Luar Bandar
1470,110.476828,1.476751,5.807759574838811,6.46679612233825,Samarahan,P.197 Kota Samarahan,N.16 Muara Tuang,Luar Bandar
1471,110.476828,1.535131,17.100007483436357,15.67500685981666,Asajaya,P.197 Kota Samarahan,N.15 Asajaya,Luar Bandar
1472,110.476828,1.643552,45.90318508811367,41.633507720163905,Kuching,P.193 Santubong,N.05 Demak Laut,Luar Bandar
1473,110.476828,1.651892,46.350731180989705,42.03942538529142,Kuching,P.193 Santubong,N.05 Demak Laut,Luar Bandar
1474,110.476828,1.676912,4.191891897873691,3.8019837481257586,Kuching,P.193 Santubong,N.05 Demak Laut,Luar Bandar
1475,110.478752,1.440066,1.4719620074292354,1.6389931572084397,Samarahan,P.197 Kota Samarahan,N.16 Muara Tuang,Luar Bandar
1476,110.47976,1.147158,14.60981654130146,13.74821197604522,Serian,P.199 Serian,N.21 Tebedu,Luar Bandar
1477,110.479857,1.54234,1.6000971160997584,1.4667556897581118,Asajaya,P.197 Kota Samarahan,N.15 Asajaya,Luar Bandar
1478,110.481123,1.544122,33.25940455759093,30.487787511125028,Asajaya,P.197 Kota Samarahan,N.15 Asajaya,Luar Bandar
1479,110.481327,1.013908,2.2842807935742684,2.356797644163928,Tebedu,P.199 Serian,N.21 Tebedu,Luar Bandar
1480,110.483676,1.646886,11.395249565197496,10.335322262173335,Kuching,P.193 Santubong,N.05 Demak Laut,Luar Bandar
1481,110.484266,1.331543,12.497087070757335,11.76007937171267,Serian,P.197 Kota Samarahan,N.16 Muara Tuang,Luar Bandar
1482,110.485159,0.917967,7.175676463253277,7.403475716054967,Tebedu,P.199 Serian,N.22 Kedup,Luar Bandar
1483,110.485159,1.018048,57.62325824755628,59.45256803319299,Tebedu,P.199 Serian,N.21 Tebedu,Luar Bandar
1484,110.485159,1.101448,2.324712046756367,2.18761364399894,Serian,P.199 Serian,N.21 Tebedu,Luar Bandar
1485,110.485159,1.109789,123.00714206629857,115.75287471367072,Serian,P.199 Serian,N.21 Tebedu,Luar Bandar
1486,110.485159,1.234889,7.541997165303583,7.097212717093372,Serian,P.198 Puncak Borneo,N.20 Tarat,Luar Bandar
1487,110.485159,1.243229,38.99631688822033,36.69653409737657,Serian,P.198 Puncak Borneo,N.20 Tarat,Luar Bandar
1488,110.485159,1.251569,145.48422578226794,136.9043868258778,Serian,P.197 Kota Samarahan,N.16 Muara Tuang,Luar Bandar
1489,110.485159,1.26825,7.930555634864659,7.462856199988025,Serian,P.197 Kota Samarahan,N.16 Muara Tuang,Luar Bandar
1490,110.485159,1.27659,36.297133105014325,34.156532947539134,Serian,P.197 Kota Samarahan,N.16 Muara Tuang,Luar Bandar
1491,110.485159,1.28493,8.211208759586372,7.7269579865851235,Serian,P.197 Kota Samarahan,N.16 Muara Tuang,Luar Bandar
1492,110.485159,1.29327,4.053009598134429,3.813985955167527,Serian,P.197 Kota Samarahan,N.16 Muara Tuang,Luar Bandar
1493,110.485159,1.31829,41.628993897901054,39.17395066802484,Serian,P.197 Kota Samarahan,N.16 Muara Tuang,Luar Bandar
1494,110.485159,1.451731,38.015058813974406,42.3288243531488,Samarahan,P.197 Kota Samarahan,N.16 Muara Tuang,Luar Bandar
1495,110.485159,1.460071,145.32184329252422,161.81226522642768,Samarahan,P.197 Kota Samarahan,N.16 Muara Tuang,Luar Bandar
1496,110.485159,1.468411,107.40803937002877,119.59618568152139,Samarahan,P.197 Kota Samarahan,N.16 Muara Tuang,Luar Bandar
1497,110.485159,1.476751,17.206029583884344,19.158486841630086,Samarahan,P.197 Kota Samarahan,N.16 Muara Tuang,Luar Bandar
1498,110.485159,1.493431,14.099043853261865,15.698935354341225,Samarahan,P.197 Kota Samarahan,N.16 Muara Tuang,Luar Bandar
1499,110.485159,1.501771,8.640304748145109,9.620764861409803,Samarahan,P.197 Kota Samarahan,N.16 Muara Tuang,Luar Bandar
1500,110.485159,1.601852,1.2271424874029528,1.1130000265768367,Kuching,P.193 Santubong,N.05 Demak Laut,Luar Bandar
1501,110.485159,1.651892,9.63815445470766,8.741663070393557,Kuching,P.193 Santubong,N.05 Demak Laut,Luar Bandar
1502,110.485159,1.685252,1.6449436483043995,1.4919394797867627,Kuching,P.193 Santubong,N.05 Demak Laut,Luar Bandar
1503,110.485173,0.937707,22.434793060931288,23.147008713659265,Tebedu,P.199 Serian,N.21 Tebedu,Luar Bandar
1504,110.486275,1.4867,38.00169825829782,42.31394770604793,Samarahan,P.197 Kota Samarahan,N.16 Muara Tuang,Luar Bandar
1505,110.486412,1.550053,11.760596386269876,10.780546687414054,Asajaya,P.197 Kota Samarahan,N.15 Asajaya,Luar Bandar
1506,110.487421,0.922801,25.640077870105937,26.45404859614105,Tebedu,P.199 Serian,N.22 Kedup,Luar Bandar
1507,110.488322,1.258027,77.3147777860043,72.75518832682968,Serian,P.197 Kota Samarahan,N.16 Muara Tuang,Luar Bandar
1508,110.488515,1.487933,3.5858650749756107,3.9927717501501476,Samarahan,P.197 Kota Samarahan,N.16 Muara Tuang,Luar Bandar
1509,110.489266,1.262585,17.544335493382896,16.509669554029546,Serian,P.197 Kota Samarahan,N.16 Muara Tuang,Luar Bandar
1510,110.489609,1.313674,8.443282483469714,7.945345311367654,Serian,P.197 Kota Samarahan,N.16 Muara Tuang,Luar Bandar
1511,110.491959,1.308171,16.571771419598917,15.59446182305847,Serian,P.197 Kota Samarahan,N.16 Muara Tuang,Luar Bandar
1512,110.493343,1.338183,14.8700924827488,13.993138310689258,Serian,P.197 Kota Samarahan,N.16 Muara Tuang,Luar Bandar
1513,110.49349,0.926307,25.386510183469607,26.192431141674994,Tebedu,P.199 Serian,N.22 Kedup,Luar Bandar
1514,110.49349,1.018048,11.130088993836855,11.483425152371357,Tebedu,P.199 Serian,N.21 Tebedu,Luar Bandar
1515,110.49349,1.068088,2.3891875436398022,2.2482867397841213,Serian,P.199 Serian,N.21 Tebedu,Luar Bandar
1516,110.49349,1.109789,3.0874756454614323,2.9053937484213987,Serian,P.199 Serian,N.23 Bukit Semuja,Luar Bandar
1517,110.49349,1.159829,62.627311883800004,58.93390631116566,Serian,P.199 Serian,N.21 Tebedu,Luar Bandar
1518,110.49349,1.218209,40.954398130225755,38.53913875331501,Serian,P.198 Puncak Borneo,N.20 Tarat,Luar Bandar
1519,110.49349,1.234889,15.762235050892034,14.832667342762505,Serian,P.198 Puncak Borneo,N.20 Tarat,Luar Bandar
1520,110.49349,1.243229,63.84484800184441,60.07963901712026,Serian,P.197 Kota Samarahan,N.16 Muara Tuang,Luar Bandar
1521,110.49349,1.435051,1.434234943733873,1.59698500827105,Samarahan,P.197 Kota Samarahan,N.16 Muara Tuang,Luar Bandar
1522,110.49349,1.460071,156.47503764457056,174.2310702850892,Samarahan,P.197 Kota Samarahan,N.16 Muara Tuang,Luar Bandar
1523,110.49349,1.468411,129.83697889569981,144.57025309663032,Samarahan,P.197 Kota Samarahan,N.16 Muara Tuang,Luar Bandar
1524,110.49349,1.476751,56.60662265411614,63.03006919642719,Samarahan,P.197 Kota Samarahan,N.16 Muara Tuang,Luar Bandar
1525,110.49349,1.493431,7.116306065997096,7.92383015859251,Samarahan,P.197 Kota Samarahan,N.16 Muara Tuang,Luar Bandar
1526,110.49349,1.501771,24.450889219355687,27.225458208786122,Samarahan,P.197 Kota Samarahan,N.15 Asajaya,Luar Bandar
1527,110.49349,1.610192,5.932841869488675,5.380999538522844,Kuching,P.193 Santubong,N.05 Demak Laut,Luar Bandar
1528,110.493568,1.557249,4.8296059885107425,4.427138822801513,Asajaya,P.197 Kota Samarahan,N.15 Asajaya,Luar Bandar
1529,110.494094,1.455575,59.9300050001501,66.73057294342956,Samarahan,P.197 Kota Samarahan,N.16 Muara Tuang,Luar Bandar
1530,110.494137,1.438114,3.110103685325981,3.4630232524551703,Samarahan,P.197 Kota Samarahan,N.16 Muara Tuang,Luar Bandar
1531,110.496596,1.569865,34.21876703072378,31.367203111496806,Asajaya,P.197 Kota Samarahan,N.15 Asajaya,Luar Bandar
1532,110.497828,1.466944,8.72256217145559,9.712356460415089,Samarahan,P.197 Kota Samarahan,N.16 Muara Tuang,Luar Bandar
1533,110.500231,1.460401,61.31162585640277,68.26897347131373,Samarahan,P.197 Kota Samarahan,N.16 Muara Tuang,Luar Bandar
1534,110.50048,1.490604,9.136028974017691,10.172741481707643,Samarahan,P.197 Kota Samarahan,N.16 Muara Tuang,Luar Bandar
1535,110.501025,1.30774,9.958444433752964,9.37115155689061,Serian,P.197 Kota Samarahan,N.16 Muara Tuang,Luar Bandar
1536,110.50125,1.004189,3.3035533830829094,3.40842809365697,Tebedu,P.199 Serian,N.21 Tebedu,Luar Bandar
1537,110.501821,1.018048,76.18523355968402,78.60381240284859,Tebedu,P.199 Serian,N.21 Tebedu,Luar Bandar
1538,110.501821,1.068088,60.42479562047622,56.86128203260198,Serian,P.199 Serian,N.21 Tebedu,Luar Bandar
1539,110.501821,1.076428,18.309549431365078,17.22975549054098,Serian,P.199 Serian,N.21 Tebedu,Luar Bandar
1540,110.501821,1.101448,28.357825795654307,26.685441197449055,Serian,P.199 Serian,N.23 Bukit Semuja,Luar Bandar
1541,110.501821,1.209869,4.971745514685192,4.678540009972989,Serian,P.198 Puncak Borneo,N.20 Tarat,Luar Bandar
1542,110.501821,1.218209,37.983262835780664,35.743224258285906,Serian,P.198 Puncak Borneo,N.20 Tarat,Luar Bandar
1543,110.501821,1.226549,54.669535176761556,51.445434384285875,Serian,P.198 Puncak Borneo,N.20 Tarat,Luar Bandar
1544,110.501821,1.234889,75.83380652816163,71.36155639957775,Serian,P.197 Kota Samarahan,N.16 Muara Tuang,Luar Bandar
1545,110.501821,1.243229,40.54983321498573,38.15843279461478,Serian,P.197 Kota Samarahan,N.16 Muara Tuang,Luar Bandar
1546,110.501821,1.426711,35.25343152004808,39.25382091239396,Samarahan,P.197 Kota Samarahan,N.16 Muara Tuang,Luar Bandar
1547,110.501821,1.435051,18.607749505593837,20.719267179987465,Samarahan,P.197 Kota Samarahan,N.16 Muara Tuang,Luar Bandar
1548,110.501821,1.443391,12.028315775402952,13.393231040696904,Samarahan,P.197 Kota Samarahan,N.16 Muara Tuang,Luar Bandar
1549,110.501821,1.501771,13.74509049764207,15.304817078934786,Samarahan,P.197 Kota Samarahan,N.15 Asajaya,Luar Bandar
1550,110.501821,1.601852,1.2132784041884985,1.1004255088296695,Kuching,P.197 Kota Samarahan,N.15 Asajaya,Luar Bandar
1551,110.501821,1.610192,11.838978235882156,10.73777758201979,Kuching,P.193 Santubong,N.05 Demak Laut,Luar Bandar
1552,110.502441,1.109565,46.239729188137005,43.51277080011866,Serian,P.199 Serian,N.23 Bukit Semuja,Luar Bandar
1553,110.503015,1.275778,3.7424336772040383,3.5217260500868766,Serian,P.197 Kota Samarahan,N.16 Muara Tuang,Luar Bandar
1554,110.504372,1.493596,18.404349806870112,20.49278666438729,Samarahan,P.197 Kota Samarahan,N.15 Asajaya,Luar Bandar
1555,110.50508,1.02854,8.836839494402486,9.117374081526375,Tebedu,P.199 Serian,N.21 Tebedu,Luar Bandar
1556,110.505145,1.134844,4.644324654487086,4.370428585119899,Serian,P.199 Serian,N.23 Bukit Semuja,Luar Bandar
1557,110.507333,1.492598,10.299945942117548,11.468734134130887,Samarahan,P.197 Kota Samarahan,N.15 Asajaya,Luar Bandar
1558,110.507526,1.444903,11.500031105392441,12.804999174089458,Samarahan,P.197 Kota Samarahan,N.16 Muara Tuang,Luar Bandar
1559,110.507977,1.488866,3.3607167751130818,3.742074707040808,Samarahan,P.197 Kota Samarahan,N.15 Asajaya,Luar Bandar
1560,110.510152,1.009708,13.768240533368914,14.205327534428243,Tebedu,P.199 Serian,N.21 Tebedu,Luar Bandar
1561,110.510152,1.101448,101.52866919955325,95.54108101598986,Serian,P.199 Serian,N.23 Bukit Semuja,Luar Bandar
1562,110.510152,1.109789,30.369462302112282,28.578442730449254,Serian,P.199 Serian,N.23 Bukit Semuja,Luar Bandar
1563,110.510152,1.201529,7.255146041312492,6.82727845426073,Serian,P.198 Puncak Borneo,N.20 Tarat,Luar Bandar
1564,110.510152,1.218209,52.072045270170506,49.0011297798784,Serian,P.198 Puncak Borneo,N.20 Tarat,Luar Bandar
1565,110.510152,1.226549,118.02080693774852,111.06060550295823,Serian,P.198 Puncak Borneo,N.20 Tarat,Luar Bandar
1566,110.510152,1.234889,60.63663875943939,57.06063185824169,Serian,P.198 Puncak Borneo,N.20 Tarat,Luar Bandar
1567,110.510152,1.251569,19.741309308706157,18.577078246910666,Serian,P.197 Kota Samarahan,N.16 Muara Tuang,Luar Bandar
1568,110.510152,1.26825,2.938394319385112,2.765104397985477,Serian,P.197 Kota Samarahan,N.16 Muara Tuang,Luar Bandar
1569,110.510152,1.27659,23.968193585923323,22.554684733420157,Serian,P.197 Kota Samarahan,N.16 Muara Tuang,Luar Bandar
1570,110.510152,1.41837,2.8707769062201236,3.19653882465645,Samarahan,P.197 Kota Samarahan,N.16 Muara Tuang,Luar Bandar
1571,110.510152,1.435051,9.94600058865162,11.074624768924144,Samarahan,P.197 Kota Samarahan,N.16 Muara Tuang,Luar Bandar
1572,110.510152,1.501771,0.5409089026887195,0.6022886363271558,Samarahan,P.197 Kota Samarahan,N.15 Asajaya,Luar Bandar
1573,110.511013,1.450116,7.610593392085452,8.474206826648341,Samarahan,P.197 Kota Samarahan,N.16 Muara Tuang,Luar Bandar
1574,110.511078,1.548959,13.254185300140172,12.149669858461827,Asajaya,P.197 Kota Samarahan,N.15 Asajaya,Luar Bandar
1575,110.51214,1.547371,15.53184782624436,14.237527174057329,Asajaya,P.197 Kota Samarahan,N.15 Asajaya,Luar Bandar
1576,110.512741,1.404296,2.107257916119722,2.3463793817786973,Samarahan,P.197 Kota Samarahan,N.16 Muara Tuang,Luar Bandar
1577,110.515316,1.141237,4.98814654690762,4.693973801833581,Serian,P.199 Serian,N.23 Bukit Semuja,Luar Bandar
1578,110.516796,1.547875,78.56381812103353,72.01683327761408,Asajaya,P.197 Kota Samarahan,N.15 Asajaya,Luar Bandar
1579,110.517805,1.566022,4.910238632564596,4.50105207985088,Asajaya,P.197 Kota Samarahan,N.15 Asajaya,Luar Bandar
1580,110.518483,0.968008,10.948094477168866,11.295653031999622,Tebedu,P.199 Serian,N.21 Tebedu,Luar Bandar
1581,110.518483,0.993028,9.417534473070894,9.716503821422354,Tebedu,P.199 Serian,N.21 Tebedu,Luar Bandar
1582,110.518483,1.101448,24.702246501202794,23.245447348567758,Serian,P.199 Serian,N.23 Bukit Semuja,Luar Bandar
1583,110.518483,1.109789,6.316611298452706,5.944093196236265,Serian,P.199 Serian,N.23 Bukit Semuja,Luar Bandar
1584,110.518483,1.118129,4.405671539295744,4.1458498844142,Serian,P.199 Serian,N.23 Bukit Semuja,Luar Bandar
1585,110.518483,1.126469,22.976393437437384,21.621375362921846,Serian,P.199 Serian,N.23 Bukit Semuja,Luar Bandar
1586,110.518483,1.143149,40.40147858025864,38.01882727937159,Serian,P.199 Serian,N.23 Bukit Semuja,Luar Bandar
1587,110.518483,1.201529,80.01364570733469,75.29489224254316,Serian,P.198 Puncak Borneo,N.20 Tarat,Luar Bandar
1588,110.518483,1.209869,9.680622739743011,9.109714219194064,Serian,P.198 Puncak Borneo,N.20 Tarat,Luar Bandar
1589,110.518483,1.218209,54.36294282906328,51.156923123759555,Serian,P.198 Puncak Borneo,N.20 Tarat,Luar Bandar
1590,110.518483,1.226549,35.22153782614142,33.1443702107536,Serian,P.198 Puncak Borneo,N.20 Tarat,Luar Bandar
1591,110.518483,1.234889,2.487404993548054,2.3407118785439387,Serian,P.198 Puncak Borneo,N.20 Tarat,Luar Bandar
1592,110.518483,1.243229,4.689053836833718,4.4125198926101925,Serian,P.198 Puncak Borneo,N.20 Tarat,Luar Bandar
1593,110.518483,1.251569,6.862250590485331,6.4575537607900415,Serian,P.197 Kota Samarahan,N.16 Muara Tuang,Luar Bandar
1594,110.518483,1.259909,20.499370724115295,19.290433476282857,Serian,P.197 Kota Samarahan,N.16 Muara Tuang,Luar Bandar
1595,110.518483,1.38501,1.5196018756757863,1.6920389679510528,Samarahan,P.197 Kota Samarahan,N.16 Muara Tuang,Luar Bandar
1596,110.518483,1.41837,3.6498907386229997,4.064062737331993,Samarahan,P.197 Kota Samarahan,N.16 Muara Tuang,Luar Bandar
1597,110.518483,1.426711,23.555241189431673,26.22817635986363,Samarahan,P.197 Kota Samarahan,N.16 Muara Tuang,Luar Bandar
1598,110.518483,1.443391,1.4544409177954594,1.6194838588218943,Samarahan,P.197 Kota Samarahan,N.16 Muara Tuang,Luar Bandar
1599,110.518483,1.451731,3.9718470597321756,4.422553109063487,Samarahan,P.197 Kota Samarahan,N.16 Muara Tuang,Luar Bandar
1600,110.518483,1.460071,2.424340326160693,2.699442774519353,Samarahan,P.197 Kota Samarahan,N.16 Muara Tuang,Luar Bandar
1601,110.518483,1.543471,141.4491014003441,129.66167628364875,Asajaya,P.197 Kota Samarahan,N.15 Asajaya,Luar Bandar
1602,110.519242,1.525996,1.964095453025838,1.8004208319403514,Asajaya,P.197 Kota Samarahan,N.15 Asajaya,Luar Bandar
1603,110.521045,0.994535,7.147278660996729,6.7257724835533335,Serian,P.199 Serian,N.21 Tebedu,Luar Bandar
1604,110.521962,1.507362,0.6456379999037442,0.7189018864176443,Samarahan,P.197 Kota Samarahan,N.15 Asajaya,Luar Bandar
1605,110.522075,1.407267,6.000597677613708,6.681516563016682,Samarahan,P.197 Kota Samarahan,N.16 Muara Tuang,Luar Bandar
1606,110.522332,1.125661,7.965598080785014,7.495832040123334,Serian,P.199 Serian,N.23 Bukit Semuja,Luar Bandar
1607,110.524102,1.349144,14.8700924827488,13.993138310689258,Serian,P.197 Kota Samarahan,N.16 Muara Tuang,Luar Bandar
1608,110.52671,1.546739,38.43940824382063,35.23612422350224,Asajaya,P.197 Kota Samarahan,N.15 Asajaya,Luar Bandar
1609,110.526815,0.976348,26.594408080917276,27.438675004121002,Tebedu,P.199 Serian,N.21 Tebedu,Luar Bandar
1610,110.526815,0.993028,14.924233352088294,14.044086256965139,Serian,P.199 Serian,N.21 Tebedu,Luar Bandar
1611,110.526815,1.143149,25.041729816965486,23.564909853400856,Serian,P.199 Serian,N.23 Bukit Semuja,Luar Bandar
1612,110.526815,1.201529,45.44316924505741,42.76318746906685,Serian,P.198 Puncak Borneo,N.20 Tarat,Luar Bandar
1613,110.526815,1.209869,87.27792579877323,82.1307660721789,Serian,P.198 Puncak Borneo,N.20 Tarat,Luar Bandar
1614,110.526815,1.218209,5.527121266637126,5.201162832963655,Serian,P.198 Puncak Borneo,N.20 Tarat,Luar Bandar
1615,110.526815,1.251569,23.55230652494066,22.163324345264677,Serian,P.197 Kota Samarahan,N.16 Muara Tuang,Luar Bandar
1616,110.526815,1.259909,10.258358581816971,9.6533784603252,Serian,P.197 Kota Samarahan,N.16 Muara Tuang,Luar Bandar
1617,110.526815,1.27659,3.243206091886201,3.0519400915954766,Serian,P.197 Kota Samarahan,N.16 Muara Tuang,Luar Bandar
1618,110.526815,1.36833,16.11922558365756,17.948357564781823,Samarahan,P.197 Kota Samarahan,N.16 Muara Tuang,Luar Bandar
1619,110.526815,1.40169,3.8543644476989036,4.291739136799489,Samarahan,P.197 Kota Samarahan,N.16 Muara Tuang,Luar Bandar
1620,110.526815,1.426711,17.96365754176246,20.002086766359618,Samarahan,P.197 Kota Samarahan,N.16 Muara Tuang,Luar Bandar
1621,110.52804,1.407803,29.19936856215112,32.51277208693422,Samarahan,P.197 Kota Samarahan,N.16 Muara Tuang,Luar Bandar
1622,110.531134,1.376742,5.253871654375953,5.850055671893792,Samarahan,P.197 Kota Samarahan,N.16 Muara Tuang,Luar Bandar
1623,110.531237,0.924399,30.330624826875017,31.293501805505972,Tebedu,P.199 Serian,N.22 Kedup,Luar Bandar
1624,110.533265,1.364659,66.15225914659294,59.962574080245076,Simunjan,P.197 Kota Samarahan,N.16 Muara Tuang,Luar Bandar
1625,110.53349,1.379005,2.3929273090282344,2.6644651596981053,Samarahan,P.197 Kota Samarahan,N.16 Muara Tuang,Luar Bandar
1626,110.53349,1.426327,4.588805472728775,5.1095209873646645,Samarahan,P.197 Kota Samarahan,N.16 Muara Tuang,Luar Bandar
1627,110.535146,0.968008,45.26276815210238,46.699681426772294,Tebedu,P.199 Serian,N.21 Tebedu,Luar Bandar
1628,110.535146,0.976348,16.241327616521268,16.756925318633055,Tebedu,P.199 Serian,N.21 Tebedu,Luar Bandar
1629,110.535146,1.009708,10.965716255618531,10.319020168748722,Serian,P.199 Serian,N.22 Kedup,Luar Bandar
1630,110.535146,1.034728,13.47145885277396,12.676988202482164,Serian,P.199 Serian,N.22 Kedup,Luar Bandar
1631,110.535146,1.043068,2.0918585976078914,1.9684925777489648,Serian,P.199 Serian,N.21 Tebedu,Luar Bandar
1632,110.535146,1.201529,73.80612697510514,69.45345794836817,Serian,P.198 Puncak Borneo,N.20 Tarat,Luar Bandar
1633,110.535146,1.209869,55.68238621330392,52.39855318021165,Serian,P.198 Puncak Borneo,N.20 Tarat,Luar Bandar
1634,110.535146,1.251569,1.05260366146075,0.990527035272039,Serian,P.198 Puncak Borneo,N.20 Tarat,Luar Bandar
1635,110.535146,1.27659,3.8962161132454103,3.666439265541194,Serian,P.197 Kota Samarahan,N.16 Muara Tuang,Luar Bandar
1636,110.535146,1.36833,18.797284271321832,17.038474047104586,Simunjan,P.197 Kota Samarahan,N.16 Muara Tuang,Luar Bandar
1637,110.535146,1.40169,3.226825083911056,3.5929896324399704,Samarahan,P.197 Kota Samarahan,N.16 Muara Tuang,Luar Bandar
1638,110.535146,1.535131,12.616004472286072,11.564670766262232,Asajaya,P.197 Kota Samarahan,N.15 Asajaya,Luar Bandar
1639,110.535146,1.543471,48.13881888127581,44.127250641169496,Asajaya,P.197 Kota Samarahan,N.15 Asajaya,Luar Bandar
1640,110.535786,1.34539,28.111540122137562,26.453680063652527,Serian,P.197 Kota Samarahan,N.16 Muara Tuang,Luar Bandar
1641,110.537245,1.440388,14.982107404473668,16.68220469859834,Samarahan,P.197 Kota Samarahan,N.16 Muara Tuang,Luar Bandar
1642,110.537267,1.349102,14.8700924827488,13.993138310689258,Serian,P.197 Kota Samarahan,N.16 Muara Tuang,Luar Bandar
1643,110.538447,1.358358,46.48717618955709,43.74562477324988,Serian,P.197 Kota Samarahan,N.16 Muara Tuang,Luar Bandar
1644,110.53864,1.123023,11.145273268641237,10.487987922029063,Serian,P.199 Serian,N.23 Bukit Semuja,Luar Bandar
1645,110.538747,1.285979,24.066269489356753,22.646976673317766,Serian,P.197 Kota Samarahan,N.16 Muara Tuang,Luar Bandar
1646,110.539026,1.446136,7.562592928796667,8.42075950227714,Samarahan,P.197 Kota Samarahan,N.16 Muara Tuang,Luar Bandar
1647,110.539048,0.906098,27.229145194988845,28.09356250276627,Tebedu,P.199 Serian,N.22 Kedup,Luar Bandar
1648,110.539091,1.014187,18.432917166802376,17.345847692862748,Serian,P.199 Serian,N.22 Kedup,Luar Bandar
1649,110.539992,1.3578,6.392396307570088,5.794277354814993,Simunjan,P.197 Kota Samarahan,N.16 Muara Tuang,Luar Bandar
1650,110.540142,0.912556,4.0788604352164,4.208348068080413,Tebedu,P.199 Serian,N.22 Kedup,Luar Bandar
1651,110.540464,0.905026,11.278928429493835,11.636989649477766,Tebedu,P.199 Serian,N.22 Kedup,Luar Bandar
1652,110.541129,1.316119,7.923666562174498,7.456373405943694,Serian,P.197 Kota Samarahan,N.16 Muara Tuang,Luar Bandar
1653,110.541494,1.017062,31.55695308396195,29.695902004651373,Serian,P.199 Serian,N.22 Kedup,Luar Bandar
1654,110.541623,1.57089,1.5799576456641378,1.4482945085254597,Asajaya,P.197 Kota Samarahan,N.15 Asajaya,Luar Bandar
1655,110.542116,1.354346,25.541859748333334,24.035544942662394,Serian,P.200 Batang Sadong,N.26 Gedong,Luar Bandar
1656,110.543477,0.909627,102.38583033697468,105.63617415719611,Tebedu,P.199 Serian,N.22 Kedup,Luar Bandar
1657,110.543477,0.917967,36.87420203127638,38.04481161957087,Tebedu,P.199 Serian,N.22 Kedup,Luar Bandar
1658,110.543477,0.968008,3.9710970783612787,4.09716365227751,Tebedu,P.199 Serian,N.22 Kedup,Luar Bandar
1659,110.543477,1.093108,17.626539599045937,16.587025725256048,Serian,P.199 Serian,N.23 Bukit Semuja,Luar Bandar
1660,110.543477,1.101448,12.40832591940864,11.67655285236659,Serian,P.199 Serian,N.23 Bukit Semuja,Luar Bandar
1661,110.543477,1.159829,8.021399719399254,7.54834281287058,Serian,P.199 Serian,N.23 Bukit Semuja,Luar Bandar
1662,110.543477,1.193189,52.35901922606442,49.27117963068114,Serian,P.198 Puncak Borneo,N.20 Tarat,Luar Bandar
1663,110.543477,1.201529,73.37652592632104,69.04919234605082,Serian,P.198 Puncak Borneo,N.20 Tarat,Luar Bandar
1664,110.543477,1.209869,22.694064950451526,21.355697017476178,Serian,P.198 Puncak Borneo,N.20 Tarat,Luar Bandar
1665,110.543477,1.27659,3.657703911960568,3.441993168434689,Serian,P.197 Kota Samarahan,N.16 Muara Tuang,Luar Bandar
1666,110.543477,1.426711,4.290015352058296,4.776825604774132,Samarahan,P.197 Kota Samarahan,N.16 Muara Tuang,Luar Bandar
1667,110.543477,1.543471,5.81951886750401,5.334558961878676,Asajaya,P.197 Kota Samarahan,N.15 Asajaya,Luar Bandar
1668,110.543477,1.551811,3.4116050927226445,3.127304668329091,Asajaya,P.197 Kota Samarahan,N.15 Asajaya,Luar Bandar
1669,110.543477,1.568491,22.255354219783563,20.40074136813493,Asajaya,P.197 Kota Samarahan,N.15 Asajaya,Luar Bandar
1670,110.543532,1.573293,12.88073489133309,11.807340317055333,Asajaya,P.197 Kota Samarahan,N.15 Asajaya,Luar Bandar
1671,110.545077,0.91674,11.33272001470938,11.692488904065234,Tebedu,P.199 Serian,N.22 Kedup,Luar Bandar
1672,110.546257,1.126723,4.956852522641025,4.664525322587837,Serian,P.199 Serian,N.23 Bukit Semuja,Luar Bandar
1673,110.546858,1.302562,17.931781811045155,16.874266473470698,Serian,P.197 Kota Samarahan,N.16 Muara Tuang,Luar Bandar
1674,110.54703,1.31303,7.42576425783058,6.987834570830315,Serian,P.197 Kota Samarahan,N.16 Muara Tuang,Luar Bandar
1675,110.547245,1.327317,3.392726077673841,3.192642232067435,Serian,P.197 Kota Samarahan,N.16 Muara Tuang,Luar Bandar
1676,110.547277,1.573111,7.715353994937992,7.072407828693159,Asajaya,P.197 Kota Samarahan,N.15 Asajaya,Luar Bandar
1677,110.548044,1.133009,2.974111513584615,2.798715193552702,Serian,P.199 Serian,N.23 Bukit Semuja,Luar Bandar
1678,110.548983,1.316934,12.596896589565628,11.854002688129704,Serian,P.197 Kota Samarahan,N.16 Muara Tuang,Luar Bandar
1679,110.549262,1.11073,4.145885200066249,3.9013842780110606,Serian,P.199 Serian,N.23 Bukit Semuja,Luar Bandar
1680,110.549819,1.302883,8.918157315288775,8.39221470438713,Serian,P.197 Kota Samarahan,N.16 Muara Tuang,Luar Bandar
1681,110.551115,1.312387,59.418940228730335,55.91474631780521,Serian,P.197 Kota Samarahan,N.16 Muara Tuang,Luar Bandar
1682,110.551214,1.331329,3.9609304901779634,3.727337153577724,Serian,P.197 Kota Samarahan,N.16 Muara Tuang,Luar Bandar
1683,110.551808,0.968008,22.1517492599854,22.854979395223033,Tebedu,P.199 Serian,N.22 Kedup,Luar Bandar
1684,110.551808,0.976348,2.2547022434965864,2.3262800924964777,Tebedu,P.199 Serian,N.22 Kedup,Luar Bandar
1685,110.551808,1.093108,12.028830151391539,11.31943760400178,Serian,P.199 Serian,N.23 Bukit Semuja,Luar Bandar
1686,110.551808,1.101448,24.501352122106667,23.056400586700377,Serian,P.199 Serian,N.23 Bukit Semuja,Luar Bandar
1687,110.551808,1.109789,35.53354525027507,33.43797719705371,Serian,P.199 Serian,N.23 Bukit Semuja,Luar Bandar
1688,110.551808,1.134809,13.37715225554691,12.588243276373628,Serian,P.199 Serian,N.23 Bukit Semuja,Luar Bandar
1689,110.551808,1.159829,53.084484960689515,49.953861488648855,Serian,P.199 Serian,N.23 Bukit Semuja,Luar Bandar
1690,110.551808,1.176509,11.0731647669629,10.420131973013808,Serian,P.199 Serian,N.23 Bukit Semuja,Luar Bandar
1691,110.551808,1.193189,36.8855379922528,34.710237033735325,Serian,P.199 Serian,N.23 Bukit Semuja,Luar Bandar
1692,110.551808,1.201529,66.2379030854967,62.33156521122382,Serian,P.198 Puncak Borneo,N.20 Tarat,Luar Bandar
1693,110.551808,1.32663,7.789921443841514,7.330515820230348,Serian,P.197 Kota Samarahan,N.16 Muara Tuang,Luar Bandar
1694,110.551808,1.543471,4.865050340831935,4.459629479095941,Asajaya,P.197 Kota Samarahan,N.15 Asajaya,Luar Bandar
1695,110.551808,1.551811,3.470982034559156,3.181733531679227,Asajaya,P.197 Kota Samarahan,N.15 Asajaya,Luar Bandar
1696,110.554433,1.24419,4.115798915279807,3.873072312583818,Serian,P.198 Puncak Borneo,N.20 Tarat,Luar Bandar
1697,110.554562,0.987916,4.608567546343771,4.754871277973732,Tebedu,P.199 Serian,N.22 Kedup,Luar Bandar
1698,110.556353,0.987884,32.74009633335278,30.809270139334544,Serian,P.199 Serian,N.22 Kedup,Luar Bandar
1699,110.560139,0.968008,8.74960203144773,9.027367175303214,Tebedu,P.199 Serian,N.22 Kedup,Luar Bandar
1700,110.560139,0.976348,1.9029745506984577,1.9633864411968216,Tebedu,P.199 Serian,N.22 Kedup,Luar Bandar
1701,110.560139,1.026388,49.4728837437352,46.55525213833544,Serian,P.199 Serian,N.22 Kedup,Luar Bandar
1702,110.560139,1.068088,7.046245595923481,6.630697778727994,Serian,P.199 Serian,N.22 Kedup,Luar Bandar
1703,110.560139,1.134809,2.780541809379752,2.6165611385701766,Serian,P.199 Serian,N.23 Bukit Semuja,Luar Bandar
1704,110.560139,1.151489,5.596786748207853,5.266719837416107,Serian,P.199 Serian,N.23 Bukit Semuja,Luar Bandar
1705,110.560139,1.159829,73.7864804212453,69.43497003742827,Serian,P.199 Serian,N.23 Bukit Semuja,Luar Bandar
1706,110.560139,1.168169,52.04884613454165,48.97929879840201,Serian,P.199 Serian,N.23 Bukit Semuja,Luar Bandar
1707,110.560139,1.176509,88.68646056595743,83.45623340437534,Serian,P.199 Serian,N.23 Bukit Semuja,Luar Bandar
1708,110.560139,1.184849,31.40179989578909,29.549898876293838,Serian,P.199 Serian,N.23 Bukit Semuja,
1709,110.560139,1.193189,74.30661042805055,69.92442571049885,Serian,P.198 Puncak Borneo,N.20 Tarat,
1710,110.560139,1.543471,1.840675276285753,1.687285669928607,Asajaya,P.197 Kota Samarahan,N.15 Asajaya,Luar Bandar
1711,110.560139,1.568491,17.294635800393067,15.853416150360314,Asajaya,P.197 Kota Samarahan,N.15 Asajaya,Luar Bandar
1712,110.560139,1.576832,47.17924479649884,43.24764106345727,Asajaya,P.197 Kota Samarahan,N.15 Asajaya,Luar Bandar
1713,110.560259,0.990469,21.599239324263067,20.325438030780887,Serian,P.199 Serian,N.22 Kedup,Luar Bandar
1714,110.561063,1.564478,27.092772589458022,24.83504154033652,Asajaya,P.197 Kota Samarahan,N.15 Asajaya,Luar Bandar
1715,110.562994,1.568317,40.740157602261206,37.345144468739434,Asajaya,P.197 Kota Samarahan,N.15 Asajaya,Luar Bandar
1716,110.564711,1.069152,7.417668350322787,6.98021611427811,Serian,P.199 Serian,N.22 Kedup,Luar Bandar
1717,110.565977,0.889127,2.46798380796377,2.54633250028008,Tebedu,P.199 Serian,N.22 Kedup,Luar Bandar
1718,110.566621,1.205231,3.292639132223847,3.0984578500670557,Serian,P.198 Puncak Borneo,N.20 Tarat,Luar Bandar
1719,110.566642,0.892195,7.3949195658156945,7.6296789171114305,Tebedu,P.199 Serian,N.22 Kedup,Luar Bandar
1720,110.56847,0.892947,56.41607040638004,58.20705676848735,Tebedu,P.199 Serian,N.22 Kedup,Luar Bandar
1721,110.56847,0.926307,57.58769429478598,59.415875066049026,Tebedu,P.199 Serian,N.22 Kedup,Luar Bandar
1722,110.56847,0.968008,8.760931288429424,9.039056091236708,Tebedu,P.199 Serian,N.22 Kedup,Luar Bandar
1723,110.56847,0.976348,2.1993294062687294,2.2691493874201174,Tebedu,P.199 Serian,N.22 Kedup,Luar Bandar
1724,110.56847,1.159829,92.22501675852241,86.78610551378905,Serian,P.199 Serian,N.23 Bukit Semuja,Luar Bandar
1725,110.56847,1.168169,153.8975244254703,144.82151657473744,Serian,P.199 Serian,N.23 Bukit Semuja,Luar Bandar
1726,110.56847,1.176509,146.84507287654452,138.18497883510727,Serian,P.199 Serian,N.23 Bukit Semuja,Luar Bandar
1727,110.56847,1.184849,88.01025615578328,82.81990771582684,Serian,P.198 Puncak Borneo,N.20 Tarat,Luar Bandar
1728,110.56847,1.193189,6.79354493254378,6.392899974983506,Serian,P.198 Puncak Borneo,N.20 Tarat,
1729,110.56847,1.543471,1.7715763438044603,1.6239449818207552,Asajaya,P.197 Kota Samarahan,N.15 Asajaya,Luar Bandar
1730,110.569721,0.924206,4.569055619519447,4.714105004266096,Tebedu,P.199 Serian,N.22 Kedup,Luar Bandar
1731,110.571417,1.55475,6.596869114867255,6.047130021961651,Asajaya,P.197 Kota Samarahan,N.15 Asajaya,Luar Bandar
1732,110.571454,1.562606,5.667906759920983,5.195581196594235,Asajaya,P.197 Kota Samarahan,N.15 Asajaya,Luar Bandar
1733,110.573329,1.154237,51.298714976166075,48.27340614423833,Serian,P.199 Serian,N.23 Bukit Semuja,Luar Bandar
1734,110.574796,0.923681,57.849935660909445,59.686441554906565,Tebedu,P.199 Serian,N.22 Kedup,Luar Bandar
1735,110.575676,1.045531,11.443070131026195,10.768222405350292,Serian,P.199 Serian,N.22 Kedup,Luar Bandar
1736,110.576801,1.143149,11.727612341582363,11.035983921437762,Serian,P.199 Serian,N.23 Bukit Semuja,Luar Bandar
1737,110.576801,1.151489,114.65366024432348,107.89203412735056,Serian,P.199 Serian,N.23 Bukit Semuja,Luar Bandar
1738,110.576801,1.159829,26.698651614247872,25.124115749817868,Serian,P.199 Serian,N.23 Bukit Semuja,Luar Bandar
1739,110.576801,1.168169,48.525939568557995,45.66415338887381,Serian,P.199 Serian,N.23 Bukit Semuja,Luar Bandar
1740,110.576801,1.176509,7.288994207205397,6.859130446267641,Serian,P.199 Serian,N.23 Bukit Semuja,Luar Bandar
1741,110.576801,1.560151,41.16894920911379,37.738203441687645,Asajaya,P.197 Kota Samarahan,N.15 Asajaya,Luar Bandar
1742,110.576801,1.568491,56.35021602370033,51.654364688391965,Asajaya,P.197 Kota Samarahan,N.15 Asajaya,Luar Bandar
1743,110.577264,1.048363,2.2837438238253016,2.149061495753553,Serian,P.199 Serian,N.22 Kedup,Luar Bandar
1744,110.578787,1.563469,10.705372600975505,9.81325821756088,Asajaya,P.197 Kota Samarahan,N.15 Asajaya,Luar Bandar
1745,110.579839,1.54566,8.494684098638226,7.786793757085041,Asajaya,P.197 Kota Samarahan,N.15 Asajaya,Luar Bandar
1746,110.580268,1.567352,31.26532680447604,28.659882904103043,Asajaya,P.197 Kota Samarahan,N.15 Asajaya,Luar Bandar
1747,110.581309,0.936157,15.824438712475889,16.326801846205285,Tebedu,P.199 Serian,N.22 Kedup,Luar Bandar
1748,110.581663,0.937304,2.2827885476305263,2.355258025333083,Tebedu,P.199 Serian,N.22 Kedup,Luar Bandar
1749,110.58398,0.938334,2.3744071071796706,2.4497851105822,Tebedu,P.199 Serian,N.22 Kedup,Luar Bandar
1750,110.585132,0.884607,79.95467319545062,82.492916788957,Tebedu,P.199 Serian,N.22 Kedup,Luar Bandar
1751,110.585132,0.934647,38.565378127832446,39.78967584617634,Tebedu,P.199 Serian,N.22 Kedup,Luar Bandar
1752,110.585132,1.034728,23.335825119297937,21.959609791749596,Serian,P.199 Serian,N.22 Kedup,Luar Bandar
1753,110.585132,1.143149,21.45536689139631,20.190050382416526,Serian,P.199 Serian,N.23 Bukit Semuja,Luar Bandar
1754,110.585132,1.151489,35.72711973256711,33.6201357483388,Serian,P.199 Serian,N.23 Bukit Semuja,Luar Bandar
1755,110.585132,1.551811,1.7800487739758823,1.6317113761445587,Asajaya,P.197 Kota Samarahan,N.15 Asajaya,Luar Bandar
1756,110.585289,1.545452,8.765941678258558,8.03544653840368,Asajaya,P.197 Kota Samarahan,N.15 Asajaya,Luar Bandar
1757,110.588529,0.886252,28.882626037927224,29.799534801036028,Tebedu,P.199 Serian,N.22 Kedup,Luar Bandar
1758,110.590535,1.031136,23.615966962454124,22.223230449283754,Serian,P.199 Serian,N.22 Kedup,Luar Bandar
1759,110.592713,1.579321,5.65546465714754,5.184175935718579,Asajaya,P.197 Kota Samarahan,N.15 Asajaya,Luar Bandar
1760,110.593432,1.007171,6.7216385506699785,6.325234225886877,Serian,P.199 Serian,N.22 Kedup,Luar Bandar
1761,110.593463,0.993028,4.340279659437817,4.084314448753022,Serian,P.199 Serian,N.22 Kedup,Luar Bandar
1762,110.593463,1.018048,3.9627465474627357,3.729046110048267,Serian,P.199 Serian,N.22 Kedup,Luar Bandar
1763,110.593463,1.043068,11.397639540188827,10.725471054485386,Serian,P.199 Serian,N.22 Kedup,Luar Bandar
1764,110.593463,1.143149,15.32029454530316,14.416789995195536,Serian,P.199 Serian,N.23 Bukit Semuja,Luar Bandar
1765,110.593463,1.151489,12.63687289532716,11.89162141688479,Serian,P.199 Serian,N.23 Bukit Semuja,Luar Bandar
1766,110.593463,1.168169,23.644821315644165,22.250383135490793,Serian,P.198 Puncak Borneo,N.20 Tarat,Luar Bandar
1767,110.593463,1.576832,46.57895566148217,42.69737602302533,Asajaya,P.197 Kota Samarahan,N.15 Asajaya,Luar Bandar
1768,110.593463,1.585172,18.787740456708942,17.222095418649864,Asajaya,P.197 Kota Samarahan,N.15 Asajaya,Luar Bandar
1769,110.594333,1.047387,8.061135219886824,7.58573493768837,Serian,P.199 Serian,N.23 Bukit Semuja,Luar Bandar
1770,110.599859,1.006581,24.17091727107362,22.74545291918979,Serian,P.199 Serian,N.22 Kedup,Luar Bandar
1771,110.601794,1.001368,2.4794038675161665,2.333182613790854,Serian,P.199 Serian,N.22 Kedup,Luar Bandar
1772,110.601794,1.043068,15.234721950404328,14.336263989226637,Serian,P.199 Serian,N.22 Kedup,Luar Bandar
1773,110.601794,1.076428,20.94240828307394,19.70734317920035,Serian,P.199 Serian,N.23 Bukit Semuja,Luar Bandar
1774,110.601794,1.084768,18.847369225435905,17.735857707012762,Serian,P.199 Serian,N.23 Bukit Semuja,Luar Bandar
1775,110.601794,1.093108,15.140781011374237,14.247863156857296,Serian,P.199 Serian,N.23 Bukit Semuja,Luar Bandar
1776,110.601794,1.143149,2.664088824189992,2.5069758935326334,Serian,P.199 Serian,N.23 Bukit Semuja,Luar Bandar
1777,110.601794,1.168169,21.864672280223,20.575217248312413,Serian,P.199 Serian,N.23 Bukit Semuja,Luar Bandar
1778,110.601794,1.176509,1.2833104650312108,1.2076280529909087,Serian,P.199 Serian,N.23 Bukit Semuja,Luar Bandar
1779,110.601794,1.209869,1.0238267955564229,0.9634472665877107,Serian,P.198 Puncak Borneo,N.20 Tarat,Luar Bandar
1780,110.601794,1.543471,143.15081393102884,131.22157943677644,Asajaya,P.197 Kota Samarahan,N.15 Asajaya,Luar Bandar
1781,110.601794,1.551811,88.11333721325323,80.77055911214882,Asajaya,P.197 Kota Samarahan,N.15 Asajaya,Luar Bandar
1782,110.601794,1.560151,45.57294872017597,41.775202993494645,Asajaya,P.197 Kota Samarahan,N.15 Asajaya,Luar Bandar
1783,110.601794,1.568491,9.448049311384374,8.66071186876901,Asajaya,P.197 Kota Samarahan,N.15 Asajaya,Luar Bandar
1784,110.603979,0.986124,26.789386477236263,25.209499582424893,Serian,P.199 Serian,N.22 Kedup,Luar Bandar
1785,110.604805,0.989461,13.376644503233655,12.587765468427566,Serian,P.199 Serian,N.22 Kedup,Luar Bandar
1786,110.60518,1.53625,53.40013732717948,48.95012588324786,Asajaya,P.197 Kota Samarahan,N.15 Asajaya,Luar Bandar
1787,110.607798,1.100389,1.299145473238123,1.2225292017394644,Serian,P.199 Serian,N.23 Bukit Semuja,Luar Bandar
1788,110.609879,0.991467,4.75965190461307,4.478954484597427,Serian,P.199 Serian,N.22 Kedup,Luar Bandar
1789,110.610125,1.126469,4.983253423330209,4.68936924708253,Serian,P.199 Serian,N.23 Bukit Semuja,Luar Bandar
1790,110.610125,1.134809,19.695188292478214,18.533677188050014,Serian,P.199 Serian,N.23 Bukit Semuja,Luar Bandar
1791,110.610125,1.176509,5.050322701101447,4.752483157190336,Serian,P.199 Serian,N.23 Bukit Semuja,Luar Bandar
1792,110.610125,1.526791,1.653522811395789,1.5157292437794732,Asajaya,P.197 Kota Samarahan,N.15 Asajaya,Luar Bandar
1793,110.610125,1.543471,177.16717772384274,162.40324624685584,Asajaya,P.197 Kota Samarahan,N.15 Asajaya,Luar Bandar
1794,110.610125,1.568491,129.27765814927776,118.50451997017126,Asajaya,P.197 Kota Samarahan,N.15 Asajaya,Luar Bandar
1795,110.612862,1.549924,36.25613976219025,33.23479478200773,Asajaya,P.197 Kota Samarahan,N.15 Asajaya,Luar Bandar
1796,110.61445,1.54824,3.553805773415972,3.257655292297974,Asajaya,P.197 Kota Samarahan,N.15 Asajaya,Luar Bandar
1797,110.614815,1.567009,48.29486939775096,44.270296947938384,Asajaya,P.197 Kota Samarahan,N.15 Asajaya,Luar Bandar
1798,110.615416,1.556906,29.72454409439562,27.247498753195984,Asajaya,P.197 Kota Samarahan,N.15 Asajaya,Luar Bandar
1799,110.615587,1.557013,69.21563752075815,63.44766772736165,Asajaya,P.197 Kota Samarahan,N.15 Asajaya,Luar Bandar
1800,110.618456,0.993028,12.124849850424756,11.409794602835603,Serian,P.199 Serian,N.22 Kedup,Luar Bandar
1801,110.618456,1.109789,2.6129101177879606,2.458815418533799,Serian,P.199 Serian,N.23 Bukit Semuja,Luar Bandar
1802,110.618456,1.118129,30.578063353166616,28.774741668236278,Serian,P.199 Serian,N.23 Bukit Semuja,Luar Bandar
1803,110.618456,1.126469,32.97381157394389,31.029202173429248,Serian,P.199 Serian,N.23 Bukit Semuja,Luar Bandar
1804,110.618456,1.134809,21.167008353202863,19.91869760416782,Serian,P.199 Serian,N.23 Bukit Semuja,Luar Bandar
1805,110.618456,1.543471,145.38030218447278,133.26527700243338,Asajaya,P.197 Kota Samarahan,N.15 Asajaya,Luar Bandar
1806,110.618456,1.560151,68.95259981809541,63.20654983325413,Asajaya,P.197 Kota Samarahan,N.15 Asajaya,Luar Bandar
1807,110.622164,0.952001,22.330906004855088,23.03982365580287,Tebedu,P.199 Serian,N.22 Kedup,Luar Bandar
1808,110.626787,1.009708,11.094602366567226,10.44030530392352,Serian,P.199 Serian,N.22 Kedup,Luar Bandar
1809,110.626787,1.093108,1.4518878789390035,1.366263721975934,Serian,P.199 Serian,N.23 Bukit Semuja,Luar Bandar
1810,110.626787,1.109789,15.545694612457414,14.62889723787659,Serian,P.199 Serian,N.23 Bukit Semuja,Luar Bandar
1811,110.626787,1.118129,24.411329623023285,22.971687106793706,Serian,P.199 Serian,N.23 Bukit Semuja,Luar Bandar
1812,110.626787,1.126469,49.823603269097,46.88528820450922,Serian,P.199 Serian,N.23 Bukit Semuja,Luar Bandar
1813,110.626787,1.30995,20.92178140261207,18.964187821081115,Simunjan,P.200 Batang Sadong,N.26 Gedong,Luar Bandar
1814,110.627475,1.220184,32.92639132223846,30.984578500670544,Serian,P.198 Puncak Borneo,N.20 Tarat,Luar Bandar
1815,110.635118,1.076428,2.17989089753298,2.0513332292169326,Serian,P.199 Serian,N.22 Kedup,Luar Bandar
1816,110.635118,1.093108,15.08364385719568,14.194095629720039,Serian,P.199 Serian,N.23 Bukit Semuja,Luar Bandar
1817,110.635118,1.101448,1.4985127621508725,1.4101389325881286,Serian,P.199 Serian,N.23 Bukit Semuja,Luar Bandar
1818,110.635118,1.126469,2.6175760283401983,2.4632061600021866,Serian,P.199 Serian,N.23 Bukit Semuja,Luar Bandar
1819,110.635118,1.243229,2.3285417357575597,2.1912174795462165,Serian,P.198 Puncak Borneo,N.20 Tarat,Luar Bandar
1820,110.635118,1.41003,3.2602289937699767,2.955178327686236,Simunjan,P.200 Batang Sadong,N.26 Gedong,Luar Bandar
1821,110.635118,1.41837,12.427604539172187,11.264787740185314,Simunjan,P.200 Batang Sadong,N.25 Simunjan,Luar Bandar
1822,110.637732,1.536829,19.790520958773506,18.141310878875714,Asajaya,P.197 Kota Samarahan,N.15 Asajaya,Luar Bandar
1823,110.63903,1.55135,3.176712183594023,2.911986168294521,Asajaya,P.197 Kota Samarahan,N.15 Asajaya,Luar Bandar
1824,110.640049,1.537043,8.14042187518528,7.462053385586508,Asajaya,P.197 Kota Samarahan,N.15 Asajaya,Luar Bandar
1825,110.640521,1.413402,5.311909007544618,4.814888281692491,Simunjan,P.200 Batang Sadong,N.25 Simunjan,Luar Bandar
1826,110.640628,1.420781,6.792160357721781,6.1566365815606785,Simunjan,P.200 Batang Sadong,N.25 Simunjan,Luar Bandar
1827,110.640714,1.417113,2.499325215362103,2.265470224451029,Simunjan,P.200 Batang Sadong,N.25 Simunjan,Luar Bandar
1828,110.643257,1.565336,26.981500306759138,24.733041947862542,Asajaya,P.197 Kota Samarahan,N.15 Asajaya,Luar Bandar
1829,110.64345,1.034728,5.956644964963248,5.6053556465166965,Serian,P.199 Serian,N.22 Kedup,Luar Bandar
1830,110.64345,1.068088,4.2280834320865,3.9787349219890906,Serian,P.199 Serian,N.22 Kedup,Luar Bandar
1831,110.64345,1.076428,2.1759170550167397,2.047593741515753,Serian,P.199 Serian,N.22 Kedup,Luar Bandar
1832,110.64345,1.093108,1.2816483228120203,1.2060639345436193,Serian,P.199 Serian,N.23 Bukit Semuja,Luar Bandar
1833,110.64345,1.126469,1.1769449512237733,1.1075353771772432,Serian,P.199 Serian,N.23 Bukit Semuja,Luar Bandar
1834,110.64345,1.151489,1.2156083929753532,1.1439186672357813,Serian,P.199 Serian,N.23 Bukit Semuja,Luar Bandar
1835,110.64345,1.168169,6.272198946619439,5.9023000343829075,Serian,P.199 Serian,N.23 Bukit Semuja,Luar Bandar
1836,110.64345,1.243229,6.2890911239619935,5.918196006395004,Serian,P.198 Puncak Borneo,N.20 Tarat,Luar Bandar
1837,110.644491,1.563727,33.22994388197229,30.460781891807933,Asajaya,P.197 Kota Samarahan,N.15 Asajaya,Luar Bandar
1838,110.646797,0.980632,4.931645461714348,4.640804831920938,Serian,P.199 Serian,N.22 Kedup,Luar Bandar
1839,110.647624,1.369191,5.441380387580128,4.932245380555087,Simunjan,P.200 Batang Sadong,N.26 Gedong,Luar Bandar
1840,110.651464,1.413123,19.385687277331684,17.57182180109012,Simunjan,P.200 Batang Sadong,N.25 Simunjan,Luar Bandar
1841,110.651781,0.942987,24.453675105247736,23.011535291348515,Serian,P.199 Serian,N.22 Kedup,Luar Bandar
1842,110.651781,1.026388,8.323128374280198,7.832277213745725,Serian,P.199 Serian,N.22 Kedup,Luar Bandar
1843,110.651781,1.034728,6.321327334333374,5.948531106923968,Serian,P.199 Serian,N.22 Kedup,Luar Bandar
1844,110.651781,1.059748,19.24891316472593,18.11372084988312,Serian,P.199 Serian,N.22 Kedup,Luar Bandar
1845,110.651781,1.068088,15.697951632132824,14.7721749974173,Serian,P.199 Serian,N.22 Kedup,Luar Bandar
1846,110.651781,1.076428,2.013236229993956,1.894506913866107,Serian,P.199 Serian,N.22 Kedup,Luar Bandar
1847,110.651781,1.151489,18.32811530427857,17.2472264530006,Serian,P.199 Serian,N.23 Bukit Semuja,Luar Bandar
1848,110.651781,1.159829,1.2365797448381635,1.1636532470656564,Serian,P.199 Serian,N.23 Bukit Semuja,Luar Bandar
1849,110.651781,1.168169,6.236057903345155,5.86829038596839,Serian,P.199 Serian,N.23 Bukit Semuja,Luar Bandar
1850,110.651781,1.176509,1.2706376346879498,1.1957025946935325,Serian,P.199 Serian,N.23 Bukit Semuja,Luar Bandar
1851,110.651781,1.259909,2.819763819270437,2.555926268929344,Simunjan,P.200 Batang Sadong,N.26 Gedong,Luar Bandar
1852,110.651781,1.32663,13.178025015212839,11.944993434842049,Simunjan,P.200 Batang Sadong,N.26 Gedong,Luar Bandar
1853,110.652055,1.365362,3.6275869250534187,3.288163587036725,Simunjan,P.200 Batang Sadong,N.26 Gedong,Luar Bandar
1854,110.653782,0.946981,18.40297350405156,17.317669938428008,Serian,P.199 Serian,N.22 Kedup,Luar Bandar
1855,110.653911,0.981619,35.11914011849655,33.04801134227753,Serian,P.199 Serian,N.22 Kedup,Luar Bandar
1856,110.654544,1.255324,3.438153400889896,3.1164548370639413,Simunjan,P.200 Batang Sadong,N.26 Gedong,Luar Bandar
1857,110.655069,1.352598,5.441380387580128,4.932245380555087,Simunjan,P.200 Batang Sadong,N.26 Gedong,Luar Bandar
1858,110.65537,0.982327,2.432061678859112,2.288632400362293,Serian,P.199 Serian,N.22 Kedup,Luar Bandar
1859,110.655402,1.279104,6.035506968369628,5.470781170159605,Simunjan,P.200 Batang Sadong,N.26 Gedong,Luar Bandar
1860,110.655906,1.270276,5.472361253838903,4.960327452310117,Simunjan,P.200 Batang Sadong,N.26 Gedong,Luar Bandar
1861,110.655928,1.403964,10.339033214576897,9.371638293914732,Simunjan,P.200 Batang Sadong,N.25 Simunjan,Luar Bandar
1862,110.6564,1.008866,7.317728369713344,6.8861700299610185,Serian,P.199 Serian,N.22 Kedup,Luar Bandar
1863,110.656765,0.944803,19.039133109941858,17.916312439355547,Serian,P.199 Serian,N.22 Kedup,Luar Bandar
1864,110.65685,1.276497,2.6651121151964356,2.4157448997394595,Simunjan,P.200 Batang Sadong,N.26 Gedong,Luar Bandar
1865,110.657601,0.947195,11.813876546497045,11.11716075016517,Serian,P.199 Serian,N.22 Kedup,Luar Bandar
1866,110.65773,1.369963,2.7881102592189135,2.5272344454908287,Simunjan,P.200 Batang Sadong,N.26 Gedong,Luar Bandar
1867,110.657752,0.997839,2.28469063404583,2.149952468448255,Serian,P.199 Serian,N.22 Kedup,Luar Bandar
1868,110.660112,1.001368,26.714778868191672,25.139291909298315,Serian,P.199 Serian,N.22 Kedup,Luar Bandar
1869,110.660112,1.026388,4.07981472183309,3.839210263878831,Serian,P.199 Serian,N.22 Kedup,Luar Bandar
1870,110.660112,1.051408,15.642533517067443,14.720025130163464,Serian,P.199 Serian,N.22 Kedup,Luar Bandar
1871,110.660112,1.059748,6.539492748267646,6.153830355421092,Serian,P.199 Serian,N.22 Kedup,Luar Bandar
1872,110.660112,1.068088,3.8761894015740648,3.6475936163530296,Serian,P.199 Serian,N.22 Kedup,Luar Bandar
1873,110.660112,1.176509,1.3009376473048793,1.2242156834894635,Serian,P.199 Serian,N.23 Bukit Semuja,Luar Bandar
1874,110.660112,1.201529,2.849718085459342,2.6816577881117403,Serian,P.199 Serian,N.23 Bukit Semuja,Luar Bandar
1875,110.660112,1.526791,5.317247794392916,4.8741438115268405,Asajaya,P.200 Batang Sadong,N.24 Sadong Jaya,Luar Bandar
1876,110.660112,1.535131,2.0101923996135556,1.8426763663124262,Asajaya,P.200 Batang Sadong,N.24 Sadong Jaya,Luar Bandar
1877,110.66553,1.250722,5.441380387580128,4.932245380555087,Simunjan,P.200 Batang Sadong,N.26 Gedong,Luar Bandar
1878,110.666099,1.304449,7.117755755923692,6.451766913264166,Simunjan,P.200 Batang Sadong,N.26 Gedong,Luar Bandar
1879,110.66656,1.29678,3.3663636836161523,3.0513822863187348,Simunjan,P.200 Batang Sadong,N.26 Gedong,Luar Bandar
1880,110.668443,1.026388,10.77781862823803,10.142203683495788,Serian,P.199 Serian,N.22 Kedup,Luar Bandar
1881,110.668443,1.034728,2.278258913872974,2.1439000548496963,Serian,P.199 Serian,N.22 Kedup,Luar Bandar
1882,110.668443,1.043068,6.76880907308087,6.369622896976101,Serian,P.199 Serian,N.22 Kedup,Luar Bandar
1883,110.668443,1.41003,20.331839230445677,18.42944491648585,Simunjan,P.200 Batang Sadong,N.25 Simunjan,Luar Bandar
1884,110.668443,1.526791,7.5997405648051926,6.966428851071426,Asajaya,P.200 Batang Sadong,N.24 Sadong Jaya,Luar Bandar
1885,110.668443,1.535131,4.149201708399499,3.8034348993662075,Asajaya,P.200 Batang Sadong,N.24 Sadong Jaya,Luar Bandar
1886,110.668443,1.543471,69.29748280077801,63.52269256737985,Asajaya,P.200 Batang Sadong,N.24 Sadong Jaya,Luar Bandar
1887,110.670884,1.551522,106.26110920975364,97.40601677560753,Asajaya,P.200 Batang Sadong,N.24 Sadong Jaya,Luar Bandar
1888,110.672311,1.548841,35.479312663060234,32.52270327447188,Asajaya,P.200 Batang Sadong,N.24 Sadong Jaya,Luar Bandar
1889,110.673626,1.025708,4.133669195638827,3.8898887046139734,Serian,P.199 Serian,N.22 Kedup,Luar Bandar
1890,110.676774,1.034728,8.378427036480339,7.884314672790472,Serian,P.199 Serian,N.22 Kedup,Luar Bandar
1891,110.676774,1.043068,7.770241044547451,7.311996059869012,Serian,P.199 Serian,N.22 Kedup,Luar Bandar
1892,110.676774,1.051408,11.971626625179843,11.265607619079493,Serian,P.199 Serian,N.22 Kedup,Luar Bandar
1893,110.676774,1.084768,1.6984043320575701,1.5982420252952008,Serian,P.199 Serian,N.22 Kedup,Luar Bandar
1894,110.676774,1.151489,5.373830132200781,5.056911944917145,Serian,P.199 Serian,N.23 Bukit Semuja,Luar Bandar
1895,110.676774,1.159829,12.165556041315995,11.448100172212744,Serian,P.199 Serian,N.23 Bukit Semuja,Luar Bandar
1896,110.676774,1.41837,2.5311498232246126,2.294317091226988,Simunjan,P.200 Batang Sadong,N.25 Simunjan,Luar Bandar
1897,110.676774,1.451731,14.392250159568446,13.192895979604408,Asajaya,P.200 Batang Sadong,N.25 Simunjan,Luar Bandar
1898,110.676774,1.535131,12.114308684320983,11.104782960627569,Asajaya,P.200 Batang Sadong,N.24 Sadong Jaya,Luar Bandar
1899,110.676774,1.543471,3.82406852666296,3.5053961494410464,Asajaya,P.200 Batang Sadong,N.24 Sadong Jaya,Luar Bandar
1900,110.681698,1.242924,23.81552340487403,21.587170337751317,Simunjan,P.200 Batang Sadong,N.26 Gedong,Luar Bandar
1901,110.681849,1.40021,2.445999718233976,2.2171342475220253,Simunjan,P.200 Batang Sadong,N.26 Gedong,Luar Bandar
1902,110.685105,0.926307,20.315052744462967,19.11698553132797,Serian,P.199 Serian,N.22 Kedup,Luar Bandar
1903,110.685105,1.018048,16.101268080033634,15.15170611633934,Serian,P.199 Serian,N.22 Kedup,Luar Bandar
1904,110.685105,1.034728,11.676205115707424,10.987608403755448,Serian,P.199 Serian,N.22 Kedup,Luar Bandar
1905,110.685105,1.043068,3.8865286089518767,3.6573230756034327,Serian,P.199 Serian,N.22 Kedup,Luar Bandar
1906,110.685105,1.051408,1.9528988459044587,1.8377278883254777,Serian,P.199 Serian,N.22 Kedup,Luar Bandar
1907,110.685105,1.068088,9.153024262917176,8.613230524334881,Serian,P.199 Serian,N.22 Kedup,Luar Bandar
1908,110.685105,1.076428,1.7424725440920283,1.6397113427737806,Serian,P.199 Serian,N.22 Kedup,Luar Bandar
1909,110.685105,1.209869,8.945942624983694,8.418361393253885,Serian,P.199 Serian,N.23 Bukit Semuja,Luar Bandar
1910,110.685105,1.218209,2.3324328665962506,2.114193534049233,Simunjan,P.199 Serian,N.23 Bukit Semuja,Luar Bandar
1911,110.685105,1.451731,64.9220851330692,59.511911371980105,Asajaya,P.200 Batang Sadong,N.25 Simunjan,Luar Bandar
1912,110.685105,1.493431,8.130367279397685,7.4528366727812125,Asajaya,P.200 Batang Sadong,N.25 Simunjan,
1913,110.685105,1.526791,10.554712196085244,9.675152846411471,Asajaya,P.200 Batang Sadong,N.24 Sadong Jaya,Luar Bandar
1914,110.685105,1.535131,4.1174632602365095,3.774341321883467,Asajaya,P.200 Batang Sadong,N.24 Sadong Jaya,Luar Bandar
1915,110.685539,1.242152,186.86224417073765,169.3780575816628,Simunjan,P.200 Batang Sadong,N.26 Gedong,Luar Bandar
1916,110.686601,1.23149,9.997331405485262,9.06190858391939,Simunjan,P.200 Batang Sadong,N.26 Gedong,Luar Bandar
1917,110.686762,1.032552,16.544799596143104,15.569080645601328,Serian,P.199 Serian,N.22 Kedup,Luar Bandar
1918,110.688103,1.349434,19.689184033884846,17.84692120030498,Simunjan,P.200 Batang Sadong,N.26 Gedong,Luar Bandar
1919,110.689466,1.246603,41.47557664763573,37.59482093791543,Simunjan,P.200 Batang Sadong,N.26 Gedong,Luar Bandar
1920,110.689659,1.546631,63.470901867516886,58.18166004522381,Asajaya,P.200 Batang Sadong,N.24 Sadong Jaya,Luar Bandar
1921,110.690153,1.402634,3.6275869250534187,3.288163587036725,Simunjan,P.200 Batang Sadong,N.26 Gedong,Luar Bandar
1922,110.690453,0.961141,4.740145179993836,4.460598156558302,Serian,P.199 Serian,N.22 Kedup,Luar Bandar
1923,110.69056,1.546181,14.276294664294138,13.086603442269627,Asajaya,P.200 Batang Sadong,N.24 Sadong Jaya,Luar Bandar
1924,110.690861,1.550557,31.338667593866013,28.727111961043846,Asajaya,P.200 Batang Sadong,N.24 Sadong Jaya,Luar Bandar
1925,110.692352,1.236799,81.85169439107155,74.19305631939235,Simunjan,P.200 Batang Sadong,N.26 Gedong,Luar Bandar
1926,110.693436,1.018048,1.8884922519842224,1.7771196319954092,Serian,P.199 Serian,N.22 Kedup,Luar Bandar
1927,110.693436,1.026388,27.423313274073905,25.806040952782368,Serian,P.199 Serian,N.22 Kedup,Luar Bandar
1928,110.693436,1.218209,12.34197707703888,11.18717220433349,Simunjan,P.200 Batang Sadong,N.26 Gedong,Luar Bandar
1929,110.693436,1.226549,68.84807548299261,62.40615029160149,Simunjan,P.200 Batang Sadong,N.26 Gedong,Luar Bandar
1930,110.693436,1.243229,175.8634535537586,159.4083935721204,Simunjan,P.200 Batang Sadong,N.26 Gedong,Luar Bandar
1931,110.693436,1.460071,48.17427160462798,44.159748970908986,Asajaya,P.200 Batang Sadong,N.25 Simunjan,Luar Bandar
1932,110.693436,1.501771,4.360228948095637,3.9968765357543345,Asajaya,P.200 Batang Sadong,N.24 Sadong Jaya,Luar Bandar
1933,110.693436,1.510111,59.2202679179461,54.285245591450604,Asajaya,P.200 Batang Sadong,N.24 Sadong Jaya,Luar Bandar
1934,110.693436,1.551811,95.20030661738699,87.26694773260473,Asajaya,P.200 Batang Sadong,N.24 Sadong Jaya,Luar Bandar
1935,110.697781,1.443627,4.939149092963167,4.477006487773632,Simunjan,P.200 Batang Sadong,N.25 Simunjan,Luar Bandar
1936,110.700924,1.341025,14.217193200963887,12.886929509645629,Simunjan,P.200 Batang Sadong,N.26 Gedong,Luar Bandar
1937,110.701767,1.018048,4.040436683663355,3.802154520267824,Serian,P.199 Serian,N.22 Kedup,Luar Bandar
1938,110.701767,1.043068,29.357957106178795,27.62659040504517,Serian,P.199 Serian,N.22 Kedup,Luar Bandar
1939,110.701767,1.051408,7.779505991367417,7.320714612389339,Serian,P.199 Serian,N.22 Kedup,Luar Bandar
1940,110.701767,1.476751,8.474283554774775,7.768093258543544,Asajaya,P.200 Batang Sadong,N.25 Simunjan,
1941,110.701767,1.510111,1.7534092691113108,1.6072918300187018,Asajaya,P.200 Batang Sadong,N.24 Sadong Jaya,Luar Bandar
1942,110.701767,1.526791,60.387206993651006,55.354939744180086,Asajaya,P.200 Batang Sadong,N.24 Sadong Jaya,Luar Bandar
1943,110.701767,1.535131,7.314823927132066,6.705255266537727,Asajaya,P.200 Batang Sadong,N.24 Sadong Jaya,Luar Bandar
1944,110.701826,1.336906,17.050648434659717,15.455266124983956,Simunjan,P.200 Batang Sadong,N.26 Gedong,Luar Bandar
1945,110.706911,1.04772,4.147369150759837,3.902780713663744,Serian,P.199 Serian,N.22 Kedup,Luar Bandar
1946,110.709958,1.447659,2.8453892563718175,2.579154004313636,Simunjan,P.200 Batang Sadong,N.25 Simunjan,Luar Bandar
1947,110.710098,1.034728,2.142102268642422,2.0157731604917153,Serian,P.199 Serian,N.22 Kedup,Luar Bandar
1948,110.710098,1.043068,43.41003100456729,40.849952253015886,Serian,P.199 Serian,N.22 Kedup,Luar Bandar
1949,110.710098,1.468411,7.855781909247552,7.201133416810258,Asajaya,P.200 Batang Sadong,N.25 Simunjan,
1950,110.710098,1.476751,40.86995500639686,37.46412542253046,Asajaya,P.200 Batang Sadong,N.25 Simunjan,
1951,110.710098,1.485091,36.75256886607515,33.68985479390222,Asajaya,P.200 Batang Sadong,N.25 Simunjan,
1952,110.710098,1.501771,1.6890851502275053,1.5483280543752131,Asajaya,P.200 Batang Sadong,N.24 Sadong Jaya,
1953,110.710098,1.510111,42.30114083773063,38.77604576791974,Asajaya,P.200 Batang Sadong,N.24 Sadong Jaya,Luar Bandar
1954,110.710098,1.518451,76.87320119615786,70.46710109647805,Asajaya,P.200 Batang Sadong,N.24 Sadong Jaya,Luar Bandar
1955,110.710098,1.526791,3.720052459412419,3.410048087794718,Asajaya,P.200 Batang Sadong,N.24 Sadong Jaya,Luar Bandar
1956,110.710098,1.535131,1.6969783875363094,1.5555635219082835,Asajaya,P.200 Batang Sadong,N.24 Sadong Jaya,Luar Bandar
1957,110.711632,1.409434,3.6275869250534187,3.288163587036725,Simunjan,P.200 Batang Sadong,N.26 Gedong,Luar Bandar
1958,110.714239,1.449032,2.227528047128852,2.019104370204515,Simunjan,P.201 Batang Lupar,N.27 Sebuyau,Luar Bandar
1959,110.715237,1.471706,10.037472068981527,9.201016063233068,Asajaya,P.200 Batang Sadong,N.25 Simunjan,
1960,110.718429,1.001368,2.1548127446344787,2.0277340443098812,Serian,P.199 Serian,N.22 Kedup,Luar Bandar
1961,110.718429,1.043068,25.777096437506607,24.256908698884427,Serian,P.202 Sri Aman,N.30 Balai Ringin,Luar Bandar
1962,110.718429,1.059748,8.975298460855576,8.44598598752307,Serian,P.199 Serian,N.22 Kedup,Luar Bandar
1963,110.718429,1.451731,2.2065401467245103,2.0000802499549657,Simunjan,P.201 Batang Lupar,N.27 Sebuyau,Luar Bandar
1964,110.718429,1.485091,61.65363640117752,56.51583336774607,Asajaya,P.200 Batang Sadong,N.25 Simunjan,
1965,110.718429,1.501771,9.566729447658084,8.769501993686577,Asajaya,P.200 Batang Sadong,N.24 Sadong Jaya,
1966,110.718429,1.510111,3.1897391362438894,2.923927541556899,Asajaya,P.200 Batang Sadong,N.24 Sadong Jaya,Luar Bandar
1967,110.718429,1.518451,49.87769817440529,45.72122332653819,Asajaya,P.200 Batang Sadong,N.24 Sadong Jaya,Luar Bandar
1968,110.718429,1.535131,1.7102787051535957,1.5677554797241298,Asajaya,P.200 Batang Sadong,N.24 Sadong Jaya,Luar Bandar
1969,110.719571,0.940512,5.2358045444744095,4.9270263277489965,Serian,P.199 Serian,N.22 Kedup,Luar Bandar
1970,110.725236,1.38257,9.068967312633546,8.220408967591812,Simunjan,P.200 Batang Sadong,N.26 Gedong,Luar Bandar
1971,110.725729,0.929516,9.5301380265004,8.968104245450377,Serian,P.199 Serian,N.22 Kedup,Luar Bandar
1972,110.72676,1.001368,24.204259835266846,22.776829127033164,Serian,P.199 Serian,N.22 Kedup,Luar Bandar
1973,110.72676,1.043068,2.2387510933746704,2.106722182739754,Serian,P.199 Serian,N.22 Kedup,Luar Bandar
1974,110.72676,1.051408,3.9320958027084165,3.7002029733179205,Serian,P.199 Serian,N.22 Kedup,Luar Bandar
1975,110.72676,1.476751,13.179783534833156,12.081468240263726,Asajaya,P.200 Batang Sadong,N.25 Simunjan,Luar Bandar
1976,110.72676,1.485091,64.73779901816864,59.34298243332127,Asajaya,P.200 Batang Sadong,N.25 Simunjan,
1977,110.72676,1.510111,43.06925819508323,39.480153345492965,Asajaya,P.200 Batang Sadong,N.24 Sadong Jaya,Luar Bandar
1978,110.72676,1.518451,30.208671097835797,27.691281839682816,Asajaya,P.200 Batang Sadong,N.24 Sadong Jaya,Luar Bandar
1979,110.72676,1.526791,16.14165217902788,14.796514497442224,Asajaya,P.200 Batang Sadong,N.24 Sadong Jaya,Luar Bandar
1980,110.72676,1.543471,56.2709062284013,51.58166404270119,Asajaya,P.200 Batang Sadong,N.24 Sadong Jaya,Luar Bandar
1981,110.728422,0.968505,2.3603901871089104,2.221187688894795,Serian,P.199 Serian,N.22 Kedup,Luar Bandar
1982,110.731201,1.002001,11.407248454509112,10.73451328924319,Serian,P.199 Serian,N.22 Kedup,Luar Bandar
1983,110.733283,0.916975,7.509537318537532,7.066667168982756,Serian,P.199 Serian,N.22 Kedup,Luar Bandar
1984,110.73427,1.164514,8.275057397291794,7.787041191810484,Serian,P.199 Serian,N.23 Bukit Semuja,Luar Bandar
1985,110.735091,1.009708,2.2234050536040746,2.092281165827424,Serian,P.199 Serian,N.22 Kedup,Luar Bandar
1986,110.735091,1.034728,34.185464289465614,32.16939844675353,Serian,P.202 Sri Aman,N.30 Balai Ringin,Luar Bandar
1987,110.735091,1.485091,16.193801537730753,14.844318076253192,Asajaya,P.200 Batang Sadong,N.25 Simunjan,
1988,110.735091,1.493431,3.587116192761108,3.288189843364349,Asajaya,P.200 Batang Sadong,N.25 Simunjan,
1989,110.735091,1.501771,10.833887851130836,9.9310638635366,Asajaya,P.200 Batang Sadong,N.24 Sadong Jaya,Luar Bandar
1990,110.735091,1.510111,85.091131230712,78.00020362815268,Asajaya,P.200 Batang Sadong,N.24 Sadong Jaya,Luar Bandar
1991,110.735091,1.518451,38.702379764706436,35.4771814509809,Asajaya,P.200 Batang Sadong,N.24 Sadong Jaya,Luar Bandar
1992,110.735091,1.526791,3.745687210587037,3.4335466097047838,Asajaya,P.200 Batang Sadong,N.24 Sadong Jaya,Luar Bandar
1993,110.74017,1.515893,15.585680177100457,14.286873495675419,Asajaya,P.200 Batang Sadong,N.24 Sadong Jaya,Luar Bandar
1994,110.740514,1.51126,74.86598752339884,68.62715522978229,Asajaya,P.200 Batang Sadong,N.24 Sadong Jaya,Luar Bandar
1995,110.743422,1.043068,9.710562196392269,9.13788801557939,Serian,P.202 Sri Aman,N.30 Balai Ringin,Luar Bandar
1996,110.743422,1.059748,1.9790832925640403,1.8623681240282122,Serian,P.202 Sri Aman,N.30 Balai Ringin,Luar Bandar
1997,110.746565,1.381268,4.725726364919721,4.2835531377927305,Simunjan,P.200 Batang Sadong,N.25 Simunjan,Luar Bandar
1998,110.747337,1.379756,3.9664480818414614,3.5953184367568802,Simunjan,P.200 Batang Sadong,N.25 Simunjan,Luar Bandar
1999,110.748088,1.040232,2.4232200964584796,2.280312244616056,Serian,P.202 Sri Aman,N.30 Balai Ringin,Luar Bandar
2000,110.748442,1.038098,4.677595960441584,4.401737737133491,Serian,P.202 Sri Aman,N.30 Balai Ringin,Luar Bandar
2001,110.748732,1.049908,18.664703956519567,17.563965005237645,Serian,P.202 Sri Aman,N.30 Balai Ringin,Luar Bandar
2002,110.751753,1.051408,151.3356776849736,142.41075310355208,Serian,P.202 Sri Aman,N.30 Balai Ringin,Luar Bandar
2003,110.751753,1.059748,12.56545682915994,11.824417067440251,Serian,P.202 Sri Aman,N.30 Balai Ringin,Luar Bandar
2004,110.751753,1.37667,61.811851399334486,56.0282863561219,Simunjan,P.200 Batang Sadong,N.25 Simunjan,Luar Bandar
2005,110.751753,1.38501,13.42716747261619,12.170824317283682,Simunjan,P.200 Batang Sadong,N.25 Simunjan,Luar Bandar
2006,110.751753,1.39335,265.60491673142326,240.75299469807373,Simunjan,P.200 Batang Sadong,N.25 Simunjan,Luar Bandar
2007,110.751753,1.40169,2.1470113334568874,1.9461213841275882,Simunjan,P.200 Batang Sadong,N.25 Simunjan,Luar Bandar
2008,110.751753,1.468411,51.74731788326211,46.905463578395484,Simunjan,P.201 Batang Lupar,N.27 Sebuyau,Luar Bandar
2009,110.755749,1.359216,10.935867613861634,9.912628538880428,Simunjan,P.200 Batang Sadong,N.25 Simunjan,Luar Bandar
2010,110.757004,1.368397,7.925697033803829,7.184111346430372,Simunjan,P.200 Batang Sadong,N.25 Simunjan,Luar Bandar
2011,110.757079,1.471405,11.773352820874518,10.671752556933043,Simunjan,P.201 Batang Lupar,N.27 Sebuyau,Luar Bandar
2012,110.760084,1.37667,22.150703911075837,20.078123428168155,Simunjan,P.200 Batang Sadong,N.25 Simunjan,Luar Bandar
2013,110.760084,1.38501,39.22239086624465,35.55245955712235,Simunjan,P.200 Batang Sadong,N.25 Simunjan,Luar Bandar
2014,110.760084,1.39335,13.196871207153547,11.96207624040234,Simunjan,P.200 Batang Sadong,N.25 Simunjan,Luar Bandar
2015,110.760084,1.476751,8.742434836197521,7.924429237488981,Simunjan,P.201 Batang Lupar,N.27 Sebuyau,Luar Bandar
2016,110.766091,1.487965,2.3562266667921596,2.1357610137589753,Simunjan,P.201 Batang Lupar,N.27 Sebuyau,Luar Bandar
2017,110.768416,1.043068,5.05863248958242,4.760302881222431,Serian,P.202 Sri Aman,N.30 Balai Ringin,Luar Bandar
2018,110.768416,1.051408,2.508970326154201,2.361005409483569,Serian,P.202 Sri Aman,N.30 Balai Ringin,Luar Bandar
2019,110.768416,1.37667,2.288589860526956,2.0744527975536737,Simunjan,P.200 Batang Sadong,N.25 Simunjan,Luar Bandar
2020,110.768416,1.38501,10.820423170900279,9.807985915143528,Simunjan,P.200 Batang Sadong,N.25 Simunjan,Luar Bandar
2021,110.768416,1.551811,16.413213165900387,14.877473922307372,Simunjan,P.201 Batang Lupar,N.27 Sebuyau,Luar Bandar
2022,110.768988,1.36696,3.320061927307138,3.009412858085418,Simunjan,P.200 Batang Sadong,N.25 Simunjan,Luar Bandar
2023,110.770501,1.558439,26.711370210392232,24.2120607170222,Simunjan,P.201 Batang Lupar,N.27 Sebuyau,Luar Bandar
2024,110.770919,1.552423,31.99487575763738,29.00120317212745,Simunjan,P.201 Batang Lupar,N.27 Sebuyau,Luar Bandar
2025,110.77093,1.507281,13.90419193856173,12.603214915070573,Simunjan,P.201 Batang Lupar,N.27 Sebuyau,Luar Bandar
2026,110.774584,1.540915,2.258350089358954,2.0470424786587014,Simunjan,P.201 Batang Lupar,N.27 Sebuyau,Luar Bandar
2027,110.776747,1.043068,7.207630440752282,6.78256505578484,Serian,P.202 Sri Aman,N.30 Balai Ringin,Luar Bandar
2028,110.776747,1.560151,5.027014295470987,4.5566503847836435,Simunjan,P.201 Batang Lupar,N.27 Sebuyau,Luar Bandar
2029,110.777035,1.355441,7.944596353883023,7.201242309075255,Simunjan,P.200 Batang Sadong,N.25 Simunjan,Luar Bandar
2030,110.779878,1.534008,4.504302364808903,4.08284717278,Simunjan,P.201 Batang Lupar,N.27 Sebuyau,Luar Bandar
2031,110.782512,1.538901,2.4482099443035255,2.2191376688131372,Simunjan,P.201 Batang Lupar,N.27 Sebuyau,Luar Bandar
2032,110.785078,1.043068,7.242028529916608,6.814934539690757,Serian,P.202 Sri Aman,N.30 Balai Ringin,Luar Bandar
2033,110.785078,1.34331,3.865531845449703,3.5038446552321876,Simunjan,P.200 Batang Sadong,N.25 Simunjan,Luar Bandar
2034,110.785078,1.36833,69.95698880837928,63.41130564502216,Simunjan,P.200 Batang Sadong,N.25 Simunjan,Luar Bandar
2035,110.785078,1.37667,31.29739308291759,28.368982034223553,Simunjan,P.200 Batang Sadong,N.25 Simunjan,Luar Bandar
2036,110.786111,1.561904,21.369760343545785,19.370250603798812,Simunjan,P.201 Batang Lupar,N.27 Sebuyau,Luar Bandar
2037,110.787324,1.537033,52.25706160015016,47.367511976744304,Simunjan,P.201 Batang Lupar,N.27 Sebuyau,Luar Bandar
2038,110.7883,1.091443,6.598812689067681,6.209651940738048,Serian,P.202 Sri Aman,N.30 Balai Ringin,Luar Bandar
2039,110.790499,1.535434,9.95718775620444,9.02552106556543,Simunjan,P.201 Batang Lupar,N.27 Sebuyau,Luar Bandar
2040,110.793182,1.094811,9.608200694788072,9.041563217915956,Serian,P.202 Sri Aman,N.30 Balai Ringin,Luar Bandar
2041,110.793409,1.001368,13.500494847559183,12.704311818087746,Serian,P.202 Sri Aman,N.30 Balai Ringin,Luar Bandar
2042,110.793409,1.009708,4.7720864563938346,4.490655716657788,Serian,P.202 Sri Aman,N.30 Balai Ringin,Luar Bandar
2043,110.793409,1.043068,25.287927666789688,23.79658834285081,Serian,P.202 Sri Aman,N.30 Balai Ringin,Luar Bandar
2044,110.793409,1.33497,2.1329232659931314,1.9333514984148268,Simunjan,P.200 Batang Sadong,N.25 Simunjan,Luar Bandar
2045,110.793409,1.34331,3.8825552807572015,3.519275254487523,Simunjan,P.200 Batang Sadong,N.25 Simunjan,Luar Bandar
2046,110.793409,1.560151,5.76329881054991,5.224042781492608,Simunjan,P.201 Batang Lupar,N.27 Sebuyau,Luar Bandar
2047,110.793409,1.568491,2.3522691219495644,2.1321737655098394,Simunjan,P.201 Batang Lupar,N.27 Sebuyau,Luar Bandar
2048,110.793611,0.968457,6.860940705638681,6.456321125562553,Serian,P.202 Sri Aman,N.30 Balai Ringin,Luar Bandar
2049,110.797012,1.361372,43.60992000802688,39.529459656398636,Simunjan,P.200 Batang Sadong,N.25 Simunjan,Luar Bandar
2050,110.799265,1.380946,4.755418220282298,4.310466807858223,Simunjan,P.200 Batang Sadong,N.25 Simunjan,Luar Bandar
2051,110.800086,1.359527,30.920613239785325,28.027456445419453,Simunjan,P.200 Batang Sadong,N.25 Simunjan,Luar Bandar
2052,110.80174,0.984688,8.05786467564333,7.582657271695133,Serian,P.202 Sri Aman,N.30 Balai Ringin,Luar Bandar
2053,110.80174,0.993028,2.6565858942090266,2.499915444037725,Serian,P.202 Sri Aman,N.30 Balai Ringin,Luar Bandar
2054,110.80174,1.043068,7.685817304360626,7.2325511556419215,Serian,P.202 Sri Aman,N.30 Balai Ringin,Luar Bandar
2055,110.80174,1.35165,2.690086759939298,2.438382735617493,Simunjan,P.200 Batang Sadong,N.25 Simunjan,Luar Bandar
2056,110.80174,1.568491,5.638138199222636,5.11059310455853,Simunjan,P.201 Batang Lupar,N.27 Sebuyau,Luar Bandar
2057,110.803235,1.552959,4.896419888607052,4.438275337626275,Simunjan,P.201 Batang Lupar,N.27 Sebuyau,Luar Bandar
2058,110.804061,1.355033,7.925697033803829,7.184111346430372,Simunjan,P.200 Batang Sadong,N.25 Simunjan,Luar Bandar
2059,110.807762,1.540733,9.980243609991918,9.046419646483903,Simunjan,P.201 Batang Lupar,N.27 Sebuyau,Luar Bandar
2060,110.809114,1.473282,0.49901218049959584,0.45232098232419515,Simunjan,P.201 Batang Lupar,N.27 Sebuyau,Luar Bandar
2061,110.810071,1.043068,2.6602479309159786,2.503361514477344,Serian,P.202 Sri Aman,N.30 Balai Ringin,Luar Bandar
2062,110.810071,1.535131,7.782679548658678,7.054475614281258,Simunjan,P.201 Batang Lupar,N.27 Sebuyau,Luar Bandar
2063,110.810071,1.560151,2.6302617297171214,2.3841553690418356,Simunjan,P.201 Batang Lupar,N.27 Sebuyau,Luar Bandar
2064,110.81274,1.350925,6.310948855696441,5.720450717151745,Simunjan,P.200 Batang Sadong,N.25 Simunjan,Luar Bandar
2065,110.814307,1.527176,2.4482099443035255,2.2191376688131372,Simunjan,P.201 Batang Lupar,N.27 Sebuyau,Luar Bandar
2066,110.818402,1.034728,15.582733234389151,14.663751530822612,Serian,P.202 Sri Aman,N.30 Balai Ringin,Luar Bandar
2067,110.818402,1.043068,2.481985272105344,2.3356117816991313,Serian,P.202 Sri Aman,N.30 Balai Ringin,Luar Bandar
2068,110.81877,1.364,4.755418220282298,4.310466807858223,Simunjan,P.200 Batang Sadong,N.25 Simunjan,Luar Bandar
2069,110.821023,1.01526,10.290232134783444,9.68337229093724,Serian,P.202 Sri Aman,N.30 Balai Ringin,Luar Bandar
2070,110.826645,1.007193,5.368506761288786,5.051902516392268,Serian,P.202 Sri Aman,N.30 Balai Ringin,Luar Bandar
2071,110.826733,1.034728,7.745990325829652,7.289175511742263,Serian,P.202 Sri Aman,N.30 Balai Ringin,Luar Bandar
2072,110.826733,1.043068,5.0293125572417,4.7327120730966765,Serian,P.202 Sri Aman,N.30 Balai Ringin,Luar Bandar
2073,110.826733,1.118129,9.998092726588363,9.062598670299392,Simunjan,P.202 Sri Aman,N.30 Balai Ringin,Luar Bandar
2074,110.828576,1.344425,29.393731205904146,26.643440566755224,Simunjan,P.200 Batang Sadong,N.25 Simunjan,Luar Bandar
2075,110.830067,1.50889,3.0305452814616016,2.7469854890441416,Simunjan,P.201 Batang Lupar,N.27 Sebuyau,Luar Bandar
2076,110.833833,1.523229,2.929357629465638,2.655265687527333,Simunjan,P.201 Batang Lupar,N.27 Sebuyau,Luar Bandar
2077,110.834059,1.340928,3.2048201255196522,2.9049539149447137,Simunjan,P.200 Batang Sadong,N.25 Simunjan,Luar Bandar
2078,110.835064,1.551811,2.7959737165739633,2.5343621407541774,Simunjan,P.201 Batang Lupar,N.27 Sebuyau,Luar Bandar
2079,110.83953,1.334793,16.08250318331204,14.577707563820855,Simunjan,P.200 Batang Sadong,N.25 Simunjan,Luar Bandar
2080,110.843395,1.043068,12.979974803831816,12.214489110272506,Serian,P.202 Sri Aman,N.30 Balai Ringin,Luar Bandar
2081,110.846086,1.092258,3.1196864768595427,2.827785987796661,Simunjan,P.202 Sri Aman,N.30 Balai Ringin,Luar Bandar
2082,110.847824,1.046583,7.566107582112691,7.119901237526558,Serian,P.202 Sri Aman,N.30 Balai Ringin,Luar Bandar
2083,110.851726,1.043068,13.769953979081475,12.481537232500752,Simunjan,P.202 Sri Aman,N.30 Balai Ringin,Luar Bandar
2084,110.852652,1.047055,10.493902452881866,9.875031282583706,Serian,P.202 Sri Aman,N.30 Balai Ringin,Luar Bandar
2085,110.858574,1.487172,12.777231233486562,11.581700825674954,Simunjan,P.201 Batang Lupar,N.27 Sebuyau,Luar Bandar
2086,110.860057,1.051408,30.6904440599681,27.818823563128987,Simunjan,P.202 Sri Aman,N.30 Balai Ringin,Luar Bandar
2087,110.860057,1.176509,1.4447599135465465,1.3095776994135364,Simunjan,P.202 Sri Aman,N.30 Balai Ringin,Luar Bandar
2088,110.860057,1.543471,140.3538980583973,127.221369585097,Simunjan,P.201 Batang Lupar,N.27 Sebuyau,Luar Bandar
2089,110.860451,1.539167,20.41950661819069,18.50890950771671,Simunjan,P.201 Batang Lupar,N.27 Sebuyau,Luar Bandar
2090,110.861385,1.488695,18.687594075451205,16.9390472613739,Simunjan,P.201 Batang Lupar,N.27 Sebuyau,Luar Bandar
2091,110.865859,1.505973,2.4482099443035255,2.2191376688131372,Simunjan,P.201 Batang Lupar,N.27 Sebuyau,Luar Bandar
2092,110.868388,1.168169,2.4936162081677944,2.2602953933684686,Simunjan,P.202 Sri Aman,N.30 Balai Ringin,Luar Bandar
2093,110.868933,1.051651,12.850312122150852,11.647943736452527,Simunjan,P.202 Sri Aman,N.30 Balai Ringin,Luar Bandar
2094,110.869442,1.082432,28.22862299132331,25.587348325468497,Simunjan,P.202 Sri Aman,N.30 Balai Ringin,Luar Bandar
2095,110.870354,1.493371,2.511339157879546,2.2763600553878924,Simunjan,P.201 Batang Lupar,N.27 Sebuyau,Luar Bandar
2096,110.87177,1.054757,4.381052340825539,3.9711293147833837,Simunjan,P.202 Sri Aman,N.30 Balai Ringin,Luar Bandar
2097,110.87191,1.45196,3.261367312738037,2.956210137277168,Simunjan,P.201 Batang Lupar,N.27 Sebuyau,Luar Bandar
2098,110.875622,1.076532,7.069150544574327,6.40770955794749,Simunjan,P.202 Sri Aman,N.30 Balai Ringin,Luar Bandar
2099,110.876719,1.051408,3.254566853565012,2.9500459783776427,Simunjan,P.202 Sri Aman,N.30 Balai Ringin,Luar Bandar
2100,110.876719,1.068088,9.690488096006174,8.783775759537761,Simunjan,P.202 Sri Aman,N.30 Balai Ringin,Luar Bandar
2101,110.876719,1.168169,8.611571176346187,7.805810130606192,Simunjan,P.202 Sri Aman,N.30 Balai Ringin,Luar Bandar
2102,110.876719,1.26825,10.597794091704836,9.606187626983917,Simunjan,P.200 Batang Sadong,N.26 Gedong,Luar Bandar
2103,110.876719,1.451731,15.115645735347615,13.701316309818013,Simunjan,P.201 Batang Lupar,N.27 Sebuyau,Luar Bandar
2104,110.876719,1.510111,5.70454939894042,5.170790390852428,Simunjan,P.201 Batang Lupar,N.27 Sebuyau,Luar Bandar
2105,110.877028,1.482474,6.120524860758815,5.547844172032844,Simunjan,P.201 Batang Lupar,N.27 Sebuyau,Luar Bandar
2106,110.879141,1.276347,3.6275869250534187,3.288163587036725,Simunjan,P.200 Batang Sadong,N.26 Gedong,Luar Bandar
2107,110.881837,1.283413,3.6275869250534187,3.288163587036725,Simunjan,P.200 Batang Sadong,N.26 Gedong,Luar Bandar
2108,110.88221,1.070375,3.8263832794088755,3.4683591129144773,Simunjan,P.202 Sri Aman,N.30 Balai Ringin,Luar Bandar
2109,110.882789,1.271381,5.441380387580128,4.932245380555087,Simunjan,P.200 Batang Sadong,N.26 Gedong,Luar Bandar
2110,110.885051,1.059748,3.422027345304798,3.1018376521768642,Simunjan,P.202 Sri Aman,N.30 Balai Ringin,Luar Bandar
2111,110.885051,1.068088,6.582719794830416,5.96679279648371,Simunjan,P.202 Sri Aman,N.30 Balai Ringin,Luar Bandar
2112,110.885051,1.093108,9.501118072968708,8.612124569065204,Simunjan,P.202 Sri Aman,N.30 Balai Ringin,Luar Bandar
2113,110.885051,1.109789,1.5937832023376075,1.4446572886685918,Simunjan,P.202 Sri Aman,N.30 Balai Ringin,Luar Bandar
2114,110.885051,1.176509,4.778267528980379,4.331178169543619,Simunjan,P.202 Sri Aman,N.30 Balai Ringin,Luar Bandar
2115,110.885051,1.184849,3.112619705649929,2.8213804349458425,Simunjan,P.202 Sri Aman,N.30 Balai Ringin,Luar Bandar
2116,110.885051,1.201529,8.872817781516211,8.042612608976684,Simunjan,P.200 Batang Sadong,N.26 Gedong,Luar Bandar
2117,110.885051,1.26825,25.56574329127949,23.173626959931703,Simunjan,P.200 Batang Sadong,N.26 Gedong,Luar Bandar
2118,110.885051,1.501771,5.768141340520303,5.22843220924355,Simunjan,P.201 Batang Lupar,N.27 Sebuyau,Luar Bandar
2119,110.887949,1.070938,2.2958299676453247,2.0810154677486863,Simunjan,P.202 Sri Aman,N.30 Balai Ringin,Luar Bandar
2120,110.890793,1.180389,1.53055331176355,1.3873436451657908,Simunjan,P.202 Sri Aman,N.30 Balai Ringin,Luar Bandar
2121,110.89234,1.150667,1.53055331176355,1.3873436451657908,Simunjan,P.202 Sri Aman,N.30 Balai Ringin,Luar Bandar
2122,110.892842,1.514714,2.4482099443035255,2.2191376688131372,Simunjan,P.201 Batang Lupar,N.27 Sebuyau,Luar Bandar
2123,110.893142,1.113476,1.541215002103573,1.3970077504447596,Simunjan,P.202 Sri Aman,N.30 Balai Ringin,Luar Bandar
2124,110.893164,1.124095,1.4960005848589606,1.3560239219481807,Simunjan,P.202 Sri Aman,N.30 Balai Ringin,Luar Bandar
2125,110.893382,1.126469,1.4549402210830988,1.3188054635548558,Simunjan,P.202 Sri Aman,N.30 Balai Ringin,Luar Bandar
2126,110.893382,1.134809,1.6238637640447462,1.4719232948943606,Simunjan,P.202 Sri Aman,N.30 Balai Ringin,Luar Bandar
2127,110.893382,1.159829,7.734793431005862,7.011070069040402,Simunjan,P.202 Sri Aman,N.30 Balai Ringin,Luar Bandar
2128,110.894344,1.261287,10.980710118315358,9.953275253443746,Simunjan,P.200 Batang Sadong,N.26 Gedong,Luar Bandar
2129,110.897026,1.187243,4.75938251375602,4.314060173287622,Simunjan,P.202 Sri Aman,N.30 Balai Ringin,Luar Bandar
2130,110.897927,1.525181,2.8206250929449066,2.5567069555933366,Simunjan,P.201 Batang Lupar,N.27 Sebuyau,Luar Bandar
2131,110.901713,1.510111,2.856325780652954,2.5890672280772398,Simunjan,P.201 Batang Lupar,N.27 Sebuyau,Luar Bandar
2132,110.903345,1.187554,3.240970826262438,2.9377220939805726,Simunjan,P.202 Sri Aman,N.30 Balai Ringin,Luar Bandar
2133,110.905759,1.112253,1.4491248534535721,1.3135342238906649,Simunjan,P.202 Sri Aman,N.30 Balai Ringin,Luar Bandar
2134,110.906156,1.515679,2.4482099443035255,2.2191376688131372,Simunjan,P.201 Batang Lupar,N.27 Sebuyau,Luar Bandar
2135,110.906918,1.068187,5.156433967037935,4.673960613396959,Simunjan,P.202 Sri Aman,N.30 Balai Ringin,Luar Bandar
2136,110.907242,1.149294,3.070429732725849,2.7831380618275245,Simunjan,P.202 Sri Aman,N.30 Balai Ringin,Luar Bandar
2137,110.908313,1.247751,21.476855477836875,19.467325140729333,Simunjan,P.200 Batang Sadong,N.26 Gedong,Luar Bandar
2138,110.910044,1.068088,12.138643253251614,11.002863767567254,Simunjan,P.202 Sri Aman,N.30 Balai Ringin,Luar Bandar
2139,110.910044,1.184849,3.1773294299056225,2.880035448160067,Simunjan,P.202 Sri Aman,N.30 Balai Ringin,Luar Bandar
2140,110.910044,1.209869,5.622663876773555,5.096566671929247,Simunjan,P.200 Batang Sadong,N.26 Gedong,Luar Bandar
2141,110.910044,1.218209,9.873264771605882,8.949450523970246,Simunjan,P.200 Batang Sadong,N.26 Gedong,Luar Bandar
2142,110.911338,1.236928,10.727707777931165,9.723945646662752,Simunjan,P.200 Batang Sadong,N.26 Gedong,Luar Bandar
2143,110.912604,1.214456,8.100159205593316,7.342249572321428,Simunjan,P.200 Batang Sadong,N.26 Gedong,Luar Bandar
2144,110.918055,1.246464,11.786345632104283,10.683529666527274,Simunjan,P.200 Batang Sadong,N.26 Gedong,Luar Bandar
2145,110.918355,1.246464,15.661835304425262,14.196400422139858,Simunjan,P.200 Batang Sadong,N.26 Gedong,Luar Bandar
2146,110.918375,1.184849,11.204432466713431,10.15606451661159,Simunjan,P.202 Sri Aman,N.30 Balai Ringin,Luar Bandar
2147,110.918375,1.209869,10.913248923862163,9.89212621753588,Simunjan,P.200 Batang Sadong,N.26 Gedong,Luar Bandar
2148,110.918375,1.493431,2.5723517504095224,2.3316638673302688,Simunjan,P.201 Batang Lupar,N.27 Sebuyau,Luar Bandar
2149,110.918375,1.518451,5.112157835586645,4.633827277870936,Simunjan,P.201 Batang Lupar,N.27 Sebuyau,Luar Bandar
2150,110.920511,1.078077,39.47692430833253,35.783177004628904,Simunjan,P.202 Sri Aman,N.30 Balai Ringin,Luar Bandar
2151,110.92093,1.202593,6.91483267862454,6.267830790566103,Simunjan,P.200 Batang Sadong,N.26 Gedong,Luar Bandar
2152,110.92432,1.243868,3.999369314523215,3.6251593201818624,Simunjan,P.200 Batang Sadong,N.26 Gedong,Luar Bandar
2153,110.926706,1.209869,7.262751382396091,6.583195697493533,Simunjan,P.200 Batang Sadong,N.26 Gedong,Luar Bandar
2154,110.926706,1.510111,129.3274238141285,117.22661222918083,Simunjan,P.201 Batang Lupar,N.27 Sebuyau,Luar Bandar
2155,110.926706,1.518451,146.00153537863608,132.34057300402688,Simunjan,P.201 Batang Lupar,N.27 Sebuyau,Luar Bandar
2156,110.927539,1.092473,11.092955755211745,10.055018374607139,Simunjan,P.202 Sri Aman,N.30 Balai Ringin,Luar Bandar
2157,110.928088,1.140831,3.1373953303501385,2.8438378725395994,Simunjan,P.202 Sri Aman,N.30 Balai Ringin,Luar Bandar
2158,110.928488,1.136993,12.619125366103336,11.43838848974279,Simunjan,P.202 Sri Aman,N.30 Balai Ringin,Luar Bandar
2159,110.928848,1.233635,16.573464183297535,15.02273069246268,Simunjan,P.200 Batang Sadong,N.26 Gedong,Luar Bandar
2160,110.93035,1.23164,8.470446595019496,7.677890188467964,Simunjan,P.200 Batang Sadong,N.26 Gedong,Luar Bandar
2161,110.931994,1.114218,1.6153634912835804,1.4642183692921344,Simunjan,P.202 Sri Aman,N.30 Balai Ringin,Luar Bandar
2162,110.935037,1.109789,6.334256009174743,5.74157708433968,Simunjan,P.202 Sri Aman,N.30 Balai Ringin,Luar Bandar
2163,110.935037,1.27659,3.0020784640949865,2.7211822335363913,Simunjan,P.200 Batang Sadong,N.26 Gedong,Luar Bandar
2164,110.935037,1.518451,218.20781644385295,197.79071081167956,Simunjan,P.201 Batang Lupar,N.27 Sebuyau,Luar Bandar
2165,110.943368,1.27659,3.059650151898775,2.7733670967503516,Simunjan,P.200 Batang Sadong,N.26 Gedong,Luar Bandar
2166,110.943368,1.28493,8.01717977022308,7.267034294646653,Simunjan,P.202 Sri Aman,N.30 Balai Ringin,Luar Bandar
2167,110.943497,1.516923,4.893964481214399,4.436049675954573,Simunjan,P.201 Batang Lupar,N.27 Sebuyau,Luar Bandar
2168,110.94537,1.497232,1.2241049721517632,1.109568834406569,Simunjan,P.201 Batang Lupar,N.27 Sebuyau,Luar Bandar
2169,110.945413,1.501564,2.4482099443035255,2.2191376688131372,Simunjan,P.201 Batang Lupar,N.27 Sebuyau,Luar Bandar
2170,110.948203,1.50356,19.58222600692153,17.74997094194642,Simunjan,P.201 Batang Lupar,N.27 Sebuyau,Luar Bandar
2171,110.949941,1.084106,1.666422671091579,1.5105000819835952,Simunjan,P.202 Sri Aman,N.30 Balai Ringin,Luar Bandar
2172,110.953782,1.507893,2.5223928754942033,2.2863795070269095,Simunjan,P.201 Batang Lupar,N.27 Sebuyau,Luar Bandar
2173,110.956689,1.488459,3.6723149164552895,3.328706503219707,Simunjan,P.201 Batang Lupar,N.27 Sebuyau,Luar Bandar
2174,110.957773,1.496245,10.887812033031945,9.869069386666384,Simunjan,P.201 Batang Lupar,N.27 Sebuyau,Luar Bandar
2175,110.965862,1.500128,25.62236347354393,23.224949347364383,Simunjan,P.201 Batang Lupar,N.27 Sebuyau,Luar Bandar
2176,110.966938,1.072941,28.13463682077226,25.50215618257135,Simunjan,P.202 Sri Aman,N.30 Balai Ringin,Luar Bandar
2177,110.968361,1.29327,3.4955330730012313,3.1684656509660285,Simunjan,P.202 Sri Aman,N.30 Balai Ringin,Luar Bandar
2178,110.983586,1.155224,11.194165470067468,9.097879801515507,Sri Aman,P.202 Sri Aman,N.30 Balai Ringin,Luar Bandar
2179,110.983897,1.118646,6.234097776500754,5.066663735957541,Sri Aman,P.202 Sri Aman,N.30 Balai Ringin,Luar Bandar
2180,110.985023,1.30161,5.65859440248741,5.129135277108472,Simunjan,P.202 Sri Aman,N.30 Balai Ringin,Luar Bandar
2181,110.98847,1.079557,7.839550326753219,6.371469741218908,Sri Aman,P.202 Sri Aman,N.30 Balai Ringin,Luar Bandar
2182,110.993307,1.133332,84.70998731914804,68.8466938136896,Sri Aman,P.202 Sri Aman,N.30 Balai Ringin,Luar Bandar
2183,110.993354,1.176509,8.064335091680327,6.554159980878769,Sri Aman,P.202 Sri Aman,N.30 Balai Ringin,Luar Bandar
2184,111.001685,1.051408,2.4432822483581638,1.9857387561562605,Sri Aman,P.202 Sri Aman,N.30 Balai Ringin,Luar Bandar
2185,111.001685,1.076428,3.0318809611744104,2.4641129909170303,Sri Aman,P.202 Sri Aman,N.30 Balai Ringin,Luar Bandar
2186,111.001685,1.30161,3.948686753529527,3.579218987117408,Simunjan,P.202 Sri Aman,N.30 Balai Ringin,Luar Bandar
2187,111.001685,1.526791,70.95601393794915,52.56001032440679,Pusa,P.201 Batang Lupar,N.28 Lingga,Luar Bandar
2188,111.002737,1.528088,6.201549161179191,4.593740119391994,Pusa,P.201 Batang Lupar,N.28 Lingga,Luar Bandar
2189,111.003917,1.526308,3.8220128827957307,2.831120653922764,Pusa,P.201 Batang Lupar,N.28 Lingga,Luar Bandar
2190,111.010017,1.618532,6.336462436708281,4.693675879043171,Pusa,P.201 Batang Lupar,N.28 Lingga,Luar Bandar
2191,111.011031,1.073078,15.938744428154848,12.953960827376786,Sri Aman,P.202 Sri Aman,N.30 Balai Ringin,Luar Bandar
2192,111.012104,1.078742,62.53699369605005,50.82594618742645,Sri Aman,P.202 Sri Aman,N.30 Balai Ringin,Luar Bandar
2193,111.015859,1.077262,2.610274222857201,2.1214588253183995,Sri Aman,P.202 Sri Aman,N.30 Balai Ringin,Luar Bandar
2194,111.01691,1.070225,20.020211936132824,16.271108577306453,Sri Aman,P.202 Sri Aman,N.30 Balai Ringin,Luar Bandar
2195,111.018348,1.618532,2.065249152494585,1.5298141870330262,Pusa,P.201 Batang Lupar,N.28 Lingga,Luar Bandar
2196,111.018348,1.635212,4.073274795401219,3.0172405891860885,Pusa,P.201 Batang Lupar,N.28 Lingga,Luar Bandar
2197,111.024957,1.074451,1.9115741013809542,1.553601423219727,Sri Aman,P.202 Sri Aman,N.30 Balai Ringin,Luar Bandar
2198,111.026679,1.151489,23.98605447934196,19.49428397759253,Sri Aman,P.202 Sri Aman,N.30 Balai Ringin,Luar Bandar
2199,111.026679,1.226549,8.459899538285686,7.66832999084375,Simunjan,P.202 Sri Aman,N.30 Balai Ringin,Luar Bandar
2200,111.026679,1.234889,18.96301414976076,17.188697036332854,Simunjan,P.202 Sri Aman,N.30 Balai Ringin,Luar Bandar
2201,111.026679,1.635212,4.028261143962868,2.9838971436761987,Pusa,P.201 Batang Lupar,N.28 Lingga,Luar Bandar
2202,111.026679,1.643552,20.337089968609536,15.064511087858913,Pusa,P.201 Batang Lupar,N.28 Lingga,Luar Bandar
2203,111.028808,1.26561,11.947955069087083,10.830017752681275,Simunjan,P.202 Sri Aman,N.30 Balai Ringin,Luar Bandar
2204,111.030579,1.650382,4.275389952161241,3.166955520119438,Pusa,P.201 Batang Lupar,N.28 Lingga,Luar Bandar
2205,111.03501,1.084768,2.612139586476837,2.122974869908141,Sri Aman,P.202 Sri Aman,N.30 Balai Ringin,Luar Bandar
2206,111.03501,1.118129,2.81295814488146,2.2861869567014113,Sri Aman,P.202 Sri Aman,N.30 Balai Ringin,Luar Bandar
2207,111.03501,1.651892,26.271731442239318,19.460541809066164,Pusa,P.201 Batang Lupar,N.28 Lingga,Luar Bandar
2208,111.03501,1.660232,84.48756697876604,62.583382947234114,Pusa,P.201 Batang Lupar,N.28 Lingga,Luar Bandar
2209,111.038132,1.65954,164.61245709792928,121.93515340587352,Pusa,P.201 Batang Lupar,N.28 Lingga,Luar Bandar
2210,111.039151,1.669889,6.552580297971586,4.8537631836826565,Pusa,P.201 Batang Lupar,N.28 Lingga,Luar Bandar
2211,111.043003,1.137761,2.867361152071431,2.3304021348295905,Sri Aman,P.202 Sri Aman,N.30 Balai Ringin,Luar Bandar
2212,111.043341,1.084768,11.033954245793707,8.967670679165673,Sri Aman,P.202 Sri Aman,N.30 Balai Ringin,Luar Bandar
2213,111.043341,1.651892,2.278311532513082,1.6876381722319125,Pusa,P.201 Batang Lupar,N.28 Lingga,Luar Bandar
2214,111.046736,1.675348,2.173000470984632,1.6096299785071349,Pusa,P.201 Batang Lupar,N.28 Lingga,Luar Bandar
2215,111.051672,1.109789,12.141087915155007,9.867475946024857,Sri Aman,P.202 Sri Aman,N.30 Balai Ringin,Luar Bandar
2216,111.060003,1.101448,13.00286061101643,10.567867987230583,Sri Aman,P.202 Sri Aman,N.30 Balai Ringin,Luar Bandar
2217,111.060003,1.109789,4.912961522125383,3.9929312745363603,Sri Aman,P.202 Sri Aman,N.30 Balai Ringin,Luar Bandar
2218,111.063194,1.080523,10.499418802464183,8.533235506122576,Sri Aman,P.202 Sri Aman,N.30 Balai Ringin,Luar Bandar
2219,111.06461,1.077283,2.8290018292879506,2.299226205825788,Sri Aman,P.202 Sri Aman,N.30 Balai Ringin,Luar Bandar
2220,111.066273,1.671305,3.5277164440070026,2.613123291857039,Pusa,P.201 Batang Lupar,N.29 Beting Maro,Luar Bandar
2221,111.069009,1.181054,2.850960470082733,2.3170727416028205,Sri Aman,P.202 Sri Aman,N.30 Balai Ringin,Luar Bandar
2222,111.076665,1.076428,2.548450289472843,2.0712124075490896,Sri Aman,P.202 Sri Aman,N.30 Balai Ringin,Luar Bandar
2223,111.078515,1.17346,13.548016299672934,11.010934595614334,Sri Aman,P.202 Sri Aman,N.30 Balai Ringin,Luar Bandar
2224,111.084996,1.29327,2.0138224322993907,1.8253946023766408,Simunjan,P.202 Sri Aman,N.30 Balai Ringin,Luar Bandar
2225,111.087956,1.292822,3.8263832794088755,3.4683591129144773,Simunjan,P.202 Sri Aman,N.30 Balai Ringin,Luar Bandar
2226,111.088278,1.116136,3.8231482027619084,3.107202846439454,Sri Aman,P.202 Sri Aman,N.30 Balai Ringin,Luar Bandar
2227,111.093327,1.676912,10.094714973596734,7.477566647108692,Pusa,P.201 Batang Lupar,N.29 Beting Maro,Luar Bandar
2228,111.093327,1.760313,4.553237509843451,4.029876876528112,Kabong,P.201 Batang Lupar,N.29 Beting Maro,Luar Bandar
2229,111.093836,1.763993,2.37342983286997,2.1006218061033066,Kabong,P.201 Batang Lupar,N.29 Beting Maro,Luar Bandar
2230,111.095939,1.114988,2.867361152071431,2.3304021348295905,Sri Aman,P.202 Sri Aman,N.30 Balai Ringin,Luar Bandar
2231,111.101658,1.676912,67.8158262590392,50.23394537706608,Pusa,P.201 Batang Lupar,N.29 Beting Maro,Luar Bandar
2232,111.101658,1.810353,1.8233035779696258,1.6137284540650711,Kabong,P.205 Saratok,N.40 Kabong,Luar Bandar
2233,111.102816,1.084535,5.083920486039011,4.131875451200245,Sri Aman,P.202 Sri Aman,N.30 Balai Ringin,Luar Bandar
2234,111.102934,1.681407,31.48397721416006,23.32146460308153,Pusa,P.201 Batang Lupar,N.29 Beting Maro,Luar Bandar
2235,111.103159,1.817761,51.073796132783485,45.2032448531532,Kabong,P.205 Saratok,N.40 Kabong,Luar Bandar
2236,111.104028,1.106332,2.867361152071431,2.3304021348295905,Sri Aman,P.202 Sri Aman,N.30 Balai Ringin,Luar Bandar
2237,111.105165,1.823969,8.660992687764749,7.665476286872249,Kabong,P.205 Saratok,N.40 Kabong,Luar Bandar
2238,111.106067,1.119172,0.9557870506904771,0.7768007116098635,Sri Aman,P.202 Sri Aman,N.30 Balai Ringin,Luar Bandar
2239,111.107461,1.18011,3.117048888250377,2.5333318679787706,Sri Aman,P.202 Sri Aman,N.30 Balai Ringin,Luar Bandar
2240,111.107858,1.7800861,3.1475055713822178,2.785723321798055,Kabong,P.205 Saratok,N.38 Kalaka,Luar Bandar
2241,111.108899,1.229366,2.867361152071431,2.3304021348295905,Sri Aman,P.202 Sri Aman,N.30 Balai Ringin,Luar Bandar
2242,111.109393,1.076522,7.160482173486546,5.819567908788692,Sri Aman,P.202 Sri Aman,N.30 Balai Ringin,Luar Bandar
2243,111.109478,1.090392,2.867361152071431,2.3304021348295905,Sri Aman,P.202 Sri Aman,N.30 Balai Ringin,Luar Bandar
2244,111.109989,1.802013,2.078256553800891,1.8393764901456162,Kabong,P.205 Saratok,N.40 Kabong,Luar Bandar
2245,111.109989,1.818693,44.41989319676046,39.314158346558116,Kabong,P.205 Saratok,N.40 Kabong,Luar Bandar
2246,111.109989,1.827033,16.83977940736981,14.9041725789365,Kabong,P.205 Saratok,N.40 Kabong,Luar Bandar
2247,111.110154,1.081392,14.627924954915633,11.888613165605591,Sri Aman,P.202 Sri Aman,N.30 Balai Ringin,Luar Bandar
2248,111.11083,1.123087,4.778935253452385,3.884003558049317,Sri Aman,P.202 Sri Aman,N.30 Balai Ringin,Luar Bandar
2249,111.11089,1.7976,6.723660381276249,5.950825854692773,Kabong,P.205 Saratok,N.40 Kabong,Luar Bandar
2250,111.111925,1.127528,2.486283267192929,2.0206871497410694,Sri Aman,P.202 Sri Aman,N.30 Balai Ringin,Luar Bandar
2251,111.113663,1.251387,2.867361152071431,2.3304021348295905,Sri Aman,P.202 Sri Aman,N.30 Balai Ringin,Luar Bandar
2252,111.114167,1.16387,4.675573332375566,3.799997801968157,Sri Aman,P.202 Sri Aman,N.30 Balai Ringin,Luar Bandar
2253,111.115079,1.794598,15.05375325145323,13.32343678576895,Kabong,P.205 Saratok,N.40 Kabong,Luar Bandar
2254,111.117225,1.140271,5.007540945049625,4.069799195040332,Sri Aman,P.202 Sri Aman,N.30 Balai Ringin,Luar Bandar
2255,111.11832,1.134809,15.429710255323482,12.540251406011969,Sri Aman,P.202 Sri Aman,N.30 Balai Ringin,Luar Bandar
2256,111.11832,1.143149,37.37692959073952,30.377504573747103,Sri Aman,P.202 Sri Aman,N.30 Balai Ringin,Luar Bandar
2257,111.11832,1.793673,73.44976934439401,65.00726712090045,Kabong,P.205 Saratok,N.38 Kalaka,Luar Bandar
2258,111.11832,1.802013,169.93326732946127,150.4007078663048,Kabong,P.205 Saratok,N.40 Kabong,Luar Bandar
2259,111.11832,1.810353,90.89856657768442,80.45045547680115,Kabong,P.205 Saratok,N.40 Kabong,Luar Bandar
2260,111.11832,1.827033,2.1573234690600187,1.9093552542255339,Kabong,P.205 Saratok,N.40 Kabong,Luar Bandar
2261,111.11832,1.835373,2.1627353863967036,1.9141451120982318,Kabong,P.205 Saratok,N.40 Kabong,Luar Bandar
2262,111.119778,1.21274,5.364145926433529,4.35962421736358,Sri Aman,P.202 Sri Aman,N.30 Balai Ringin,Luar Bandar
2263,111.12143,1.674018,15.101219010928068,11.186088156243013,Pusa,P.201 Batang Lupar,N.29 Beting Maro,Luar Bandar
2264,111.121473,1.214778,2.7144549200342336,2.206130028642055,Sri Aman,P.202 Sri Aman,N.30 Balai Ringin,Luar Bandar
2265,111.121688,1.843068,2.2241942653342646,1.9685397520774526,Kabong,P.205 Saratok,N.40 Kabong,Luar Bandar
2266,111.122546,1.802319,41.2962566005358,36.54956043955468,Kabong,P.205 Saratok,N.40 Kabong,Luar Bandar
2267,111.122739,1.672946,3.1843892917652696,2.3588068827890885,Pusa,P.201 Batang Lupar,N.29 Beting Maro,Luar Bandar
2268,111.123984,1.674254,30.747028664249036,22.77557678833262,Pusa,P.201 Batang Lupar,N.29 Beting Maro,Luar Bandar
2269,111.124005,1.852869,1.9657920487918736,1.7398389397353364,Kabong,P.205 Saratok,N.40 Kabong,Luar Bandar
2270,111.125014,1.671755,32.528199971129055,24.09496294157708,Pusa,P.201 Batang Lupar,N.29 Beting Maro,Luar Bandar
2271,111.126652,1.810353,46.40193111145753,41.06837581129,Kabong,P.205 Saratok,N.40 Kabong,Luar Bandar
2272,111.132653,1.07487,7.560866715888983,6.144974072464079,Sri Aman,P.202 Sri Aman,N.30 Balai Ringin,Luar Bandar
2273,111.132932,1.872342,2.1791830721662007,1.9287022592735341,Kabong,P.205 Saratok,N.40 Kabong,Luar Bandar
2274,111.145999,1.074795,12.471998344852553,10.13641813046069,Sri Aman,P.202 Sri Aman,N.30 Balai Ringin,Luar Bandar
2275,111.148295,1.073593,4.69179295003467,3.813180038043159,Sri Aman,P.202 Sri Aman,N.30 Balai Ringin,Luar Bandar
2276,111.151645,1.893754,17.928552924928482,15.867799715166587,Kabong,P.205 Saratok,N.40 Kabong,Luar Bandar
2277,111.157351,1.913175,0.8419826125577834,0.7452030019189577,Kabong,P.205 Saratok,N.40 Kabong,Luar Bandar
2278,111.159976,1.101448,4.490521391694379,3.6495997827628477,Sri Aman,P.202 Sri Aman,N.30 Balai Ringin,Luar Bandar
2279,111.159976,1.751973,22.849746822304823,20.223339141580126,Kabong,P.205 Saratok,N.38 Kalaka,Luar Bandar
2280,111.162415,1.923405,0.8419826125577834,0.7452030019189577,Kabong,P.205 Saratok,N.40 Kabong,Luar Bandar
2281,111.163015,1.082475,9.409982326225746,7.647813351277105,Sri Aman,P.202 Sri Aman,N.30 Balai Ringin,Luar Bandar
2282,111.164088,1.12534,30.95184599296806,25.155620151588277,Sri Aman,P.202 Sri Aman,N.31 Bukit Begunan,Luar Bandar
2283,111.164281,1.080351,2.867361152071431,2.3304021348295905,Sri Aman,P.202 Sri Aman,N.30 Balai Ringin,Luar Bandar
2284,111.164807,1.127647,3.977663202175255,3.2327824527042335,Sri Aman,P.202 Sri Aman,N.31 Bukit Begunan,Luar Bandar
2285,111.168307,1.34331,31.691809973326208,25.757014098171485,Sri Aman,P.202 Sri Aman,N.31 Bukit Begunan,Luar Bandar
2286,111.168307,1.35165,115.22658487695092,93.6485727277092,Sri Aman,P.202 Sri Aman,N.31 Bukit Begunan,Luar Bandar
2287,111.170708,1.956677,3.3679304502311336,2.980812007675831,Kabong,P.205 Saratok,N.40 Kabong,Luar Bandar
2288,111.171942,1.355805,19.127125529100102,15.545266815785475,Sri Aman,P.201 Batang Lupar,N.28 Lingga,Luar Bandar
2289,111.172189,1.729837,2.4828858096107282,2.1974966360922537,Kabong,P.205 Saratok,N.38 Kalaka,Luar Bandar
2290,111.172467,1.93357,0.8419826125577834,0.7452030019189577,Kabong,P.205 Saratok,N.40 Kabong,Luar Bandar
2291,111.172757,1.950598,8.419826125577831,7.452030019189574,Kabong,P.205 Saratok,N.40 Kabong,Luar Bandar
2292,111.174216,1.736507,16.510666816083607,14.612889021131467,Kabong,P.205 Saratok,N.38 Kalaka,Luar Bandar
2293,111.176638,1.134809,7.366495555779224,5.987002006007835,Sri Aman,P.202 Sri Aman,N.31 Bukit Begunan,Luar Bandar
2294,111.176638,1.226549,3.9324337019425055,3.196022896335295,Sri Aman,P.202 Sri Aman,N.31 Bukit Begunan,Luar Bandar
2295,111.176638,1.35165,15.609514445326205,12.686384399384968,Sri Aman,P.202 Sri Aman,N.31 Bukit Begunan,Luar Bandar
2296,111.176638,1.35999,27.067226007461812,21.99845709220679,Sri Aman,P.201 Batang Lupar,N.28 Lingga,Luar Bandar
2297,111.18472,1.262982,14.040349146265482,11.411070279923631,Sri Aman,P.202 Sri Aman,N.31 Bukit Begunan,Luar Bandar
2298,111.184969,1.084768,25.07090786508854,20.375981298592556,Sri Aman,P.202 Sri Aman,N.30 Balai Ringin,Luar Bandar
2299,111.184969,1.101448,7.222735225640001,5.870163086007042,Sri Aman,P.202 Sri Aman,N.31 Bukit Begunan,Luar Bandar
2300,111.184969,1.118129,3.868545142715083,3.144098486775929,Sri Aman,P.202 Sri Aman,N.31 Bukit Begunan,Luar Bandar
2301,111.184969,1.126469,6.923795495195075,5.627204578491877,Sri Aman,P.202 Sri Aman,N.31 Bukit Begunan,Luar Bandar
2302,111.184969,1.134809,18.885514502999765,15.348901300190821,Sri Aman,P.202 Sri Aman,N.31 Bukit Begunan,Luar Bandar
2303,111.184969,1.251569,10.914234108452565,8.870370043199275,Sri Aman,P.202 Sri Aman,N.31 Bukit Begunan,Luar Bandar
2304,111.184969,1.893754,18.124313629753384,16.041059189551845,Kabong,P.205 Saratok,N.40 Kabong,Luar Bandar
2305,111.184969,1.935454,17.685195431365607,15.652414347300592,Kabong,P.205 Saratok,N.40 Kabong,Luar Bandar
2306,111.185074,1.27033,14.004788798787933,11.382169173546748,Sri Aman,P.202 Sri Aman,N.31 Bukit Begunan,Luar Bandar
2307,111.1884,1.889628,25.10111511268918,22.21592946755249,Kabong,P.205 Saratok,N.40 Kabong,Luar Bandar
2308,111.189816,1.886282,32.883461290787444,29.10375309644406,Kabong,P.205 Saratok,N.40 Kabong,Luar Bandar
2309,111.189848,1.939135,11.256723076086882,9.962846860444712,Kabong,P.205 Saratok,N.40 Kabong,Luar Bandar
2310,111.189923,1.945944,14.396997105598633,12.742169852081549,Kabong,P.205 Saratok,N.40 Kabong,Luar Bandar
2311,111.192949,1.964501,5.0518956753466995,4.471218011513745,Kabong,P.205 Saratok,N.40 Kabong,Luar Bandar
2312,111.1933,1.101448,24.66527353398411,20.046308452713678,Sri Aman,P.202 Sri Aman,N.31 Bukit Begunan,Luar Bandar
2313,111.1933,1.36833,2.3317131954159245,1.895062784289347,Sri Aman,P.201 Batang Lupar,N.28 Lingga,Luar Bandar
2314,111.1933,1.893754,16.154177905488993,14.29737584738681,Kabong,P.205 Saratok,N.40 Kabong,Luar Bandar
2315,111.1933,1.935454,71.8282148067019,63.5720981622534,Kabong,P.205 Saratok,N.40 Kabong,Luar Bandar
2316,111.1933,2.027194,6.033970935933897,5.3404110582403455,Kabong,P.205 Saratok,N.40 Kabong,Luar Bandar
2317,111.1933,2.035534,31.30887406955098,27.710152912131328,Kabong,P.205 Saratok,N.40 Kabong,Luar Bandar
2318,111.194687,1.974659,3.3679304502311336,2.980812007675831,Kabong,P.205 Saratok,N.40 Kabong,Luar Bandar
2319,111.197262,1.091035,7.601115187180147,6.177685376846786,Sri Aman,P.202 Sri Aman,N.31 Bukit Begunan,Luar Bandar
2320,111.1974,2.036655,57.56891048043822,50.95179433326141,Kabong,P.206 Tanjong Manis,N.41 Kuala Rajang,Luar Bandar
2321,111.197433,1.958746,6.735860900462265,5.96162401535166,Kabong,P.205 Saratok,N.40 Kabong,Luar Bandar
2322,111.198506,1.988555,6.735860900462265,5.96162401535166,Kabong,P.205 Saratok,N.40 Kabong,Luar Bandar
2323,111.201631,1.134809,3.7442128025069445,3.0430493563445964,Sri Aman,P.202 Sri Aman,N.31 Bukit Begunan,Luar Bandar
2324,111.201631,1.635212,155.09683794171553,114.88654662349299,Pusa,P.201 Batang Lupar,N.29 Beting Maro,Luar Bandar
2325,111.201631,2.027194,16.163759860229682,14.305856428019375,Kabong,P.206 Tanjong Manis,N.41 Kuala Rajang,Luar Bandar
2326,111.20312,1.879945,80.85113147238103,71.5578979698085,Kabong,P.205 Saratok,N.40 Kabong,Luar Bandar
2327,111.205888,1.880631,16.487257815610555,14.59217071036796,Kabong,P.205 Saratok,N.40 Kabong,Luar Bandar
2328,111.206253,1.634594,116.49807039532982,86.2948669595036,Pusa,P.201 Batang Lupar,N.29 Beting Maro,Luar Bandar
2329,111.207626,1.638585,32.07141775571879,23.756605744976884,Pusa,P.201 Batang Lupar,N.29 Beting Maro,Luar Bandar
2330,111.209493,1.985506,12.629739188366747,11.178045028784362,Kabong,P.205 Saratok,N.40 Kabong,Luar Bandar
2331,111.209962,1.28493,26.57764698219614,21.600559532346672,Sri Aman,P.202 Sri Aman,N.31 Bukit Begunan,Luar Bandar
2332,111.209962,1.635212,252.45503825078487,187.00373203761842,Pusa,P.201 Batang Lupar,N.29 Beting Maro,Luar Bandar
2333,111.209962,1.726952,34.04237287520097,32.477206306226215,Saratok,P.205 Saratok,N.38 Kalaka,Luar Bandar
2334,111.209962,1.935454,6.7569412250850105,5.980281314155699,Kabong,P.205 Saratok,N.40 Kabong,Luar Bandar
2335,111.210887,1.38262,4.625245573593255,3.759094717115117,Sri Aman,P.201 Batang Lupar,N.28 Lingga,Luar Bandar
2336,111.211445,1.636247,167.9815102959508,124.43074836737097,Pusa,P.201 Batang Lupar,N.29 Beting Maro,Luar Bandar
2337,111.2132162,2.227356,9.775810798814712,7.3318580991110345,Tanjung Manis,P.206 Tanjong Manis,N.41 Kuala Rajang,Luar Bandar
2338,111.217335,2.233682,29.32743239644413,21.9955742973331,Tanjung Manis,P.206 Tanjong Manis,N.41 Kuala Rajang,Luar Bandar
2339,111.218293,2.202336,26.19408806912944,19.645566051847076,Tanjung Manis,P.206 Tanjong Manis,N.41 Kuala Rajang,Luar Bandar
2340,111.218293,2.227356,44.29775324682195,33.22331493511646,Tanjung Manis,P.206 Tanjong Manis,N.41 Kuala Rajang,Luar Bandar
2341,111.218293,2.235696,65.64498850529162,49.233741378968716,Tanjung Manis,P.206 Tanjong Manis,N.41 Kuala Rajang,Luar Bandar
2342,111.221327,2.235762,6.517207199209808,4.887905399407355,Tanjung Manis,P.206 Tanjong Manis,N.41 Kuala Rajang,Luar Bandar
2343,111.226187,1.947509,2.2311731409403284,1.9747164580736243,Kabong,P.205 Saratok,N.40 Kabong,Luar Bandar
2344,111.226624,1.101448,22.95266568558318,18.654413684537644,Sri Aman,P.202 Sri Aman,N.31 Bukit Begunan,Luar Bandar
2345,111.226624,1.134809,11.520916918067838,9.363441839777982,Sri Aman,P.202 Sri Aman,N.31 Bukit Begunan,Luar Bandar
2346,111.226624,2.202336,17.65561646324988,13.24171234743741,Tanjung Manis,P.206 Tanjong Manis,N.41 Kuala Rajang,Luar Bandar
2347,111.226777,1.949697,2.2345710030304535,1.9777237613028151,Kabong,P.205 Saratok,N.40 Kabong,Luar Bandar
2348,111.227903,1.388218,6.070325121527558,4.93356011749618,Sri Aman,P.201 Batang Lupar,N.28 Lingga,Luar Bandar
2349,111.229019,1.189657,7.503818826604995,6.098609308514172,Sri Aman,P.202 Sri Aman,N.31 Bukit Begunan,Luar Bandar
2350,111.230865,1.098523,10.922184295463968,8.876831431144872,Sri Aman,P.202 Sri Aman,N.31 Bukit Begunan,Luar Bandar
2351,111.231036,1.11998,3.4749282225834905,2.824192600376845,Sri Aman,P.202 Sri Aman,N.31 Bukit Begunan,Luar Bandar
2352,111.231645,2.19349,3.258603599604904,2.4439526997036776,Tanjung Manis,P.206 Tanjong Manis,N.41 Kuala Rajang,Luar Bandar
2353,111.23286,1.388068,9.884504683825659,8.033473844157932,Sri Aman,P.202 Sri Aman,N.31 Bukit Begunan,Luar Bandar
2354,111.234955,1.927114,8.607400890207272,7.618044466045516,Kabong,P.205 Saratok,N.40 Kabong,Luar Bandar
2355,111.234955,1.960474,2.213746591444951,1.9592929602443814,Kabong,P.205 Saratok,N.40 Kabong,Luar Bandar
2356,111.240778,1.103972,13.844481252304197,11.251881766853973,Sri Aman,P.202 Sri Aman,N.31 Bukit Begunan,Luar Bandar
2357,111.242516,1.121006,3.334316738413102,2.7099128548151428,Sri Aman,P.202 Sri Aman,N.31 Bukit Begunan,Luar Bandar
2358,111.243286,1.918774,2.104384310749155,1.8625010566400566,Kabong,P.205 Saratok,N.40 Kabong,Luar Bandar
2359,111.243286,1.927114,36.678114044048975,32.462238866572086,Kabong,P.205 Saratok,N.40 Kabong,Luar Bandar
2360,111.24449,1.132505,5.948463090670998,4.834518691668938,Sri Aman,P.202 Sri Aman,N.31 Bukit Begunan,Luar Bandar
2361,111.250842,1.153122,4.461347318003249,3.625889018751704,Sri Aman,P.202 Sri Aman,N.31 Bukit Begunan,Luar Bandar
2362,111.251618,1.960474,2.180933414248595,1.930251412610825,Kabong,P.205 Saratok,N.40 Kabong,Luar Bandar
2363,111.251618,2.152295,24.503218483380152,18.377413862535114,Tanjung Manis,P.206 Tanjong Manis,N.41 Kuala Rajang,Luar Bandar
2364,111.251618,2.410837,17.900186094591024,13.42513957094327,Tanjung Manis,P.206 Tanjong Manis,N.42 Semop,Luar Bandar
2365,111.251721,1.391576,20.425933444094888,16.600852274788732,Sri Aman,P.201 Batang Lupar,N.28 Lingga,Luar Bandar
2366,111.254044,2.418714,36.24822049836011,27.186165373770088,Tanjung Manis,P.206 Tanjong Manis,N.42 Semop,Luar Bandar
2367,111.254994,1.38898,10.447519658540585,8.491055303008642,Sri Aman,P.201 Batang Lupar,N.28 Lingga,Luar Bandar
2368,111.255401,2.418414,10.662826555002127,7.997119916251595,Tanjung Manis,P.206 Tanjong Manis,N.42 Semop,Luar Bandar
2369,111.255434,1.092172,6.62151106170249,5.381527716814384,Sri Aman,P.202 Sri Aman,N.31 Bukit Begunan,Luar Bandar
2370,111.256464,2.158474,3.3905644476273857,2.5429233357205394,Tanjung Manis,P.206 Tanjong Manis,N.41 Kuala Rajang,Luar Bandar
2371,111.25692,2.411827,35.25485222810496,26.441139171078717,Tanjung Manis,P.206 Tanjong Manis,N.42 Semop,Luar Bandar
2372,111.257665,1.524463,41.91930841406537,40.10798027271687,Betong,P.204 Betong,N.35 Saribas,Luar Bandar
2373,111.258963,2.159407,12.432737973295291,9.324553479971467,Tanjung Manis,P.206 Tanjong Manis,N.41 Kuala Rajang,Luar Bandar
2374,111.259949,1.38501,7.382782303822206,6.000238801233778,Sri Aman,P.201 Batang Lupar,N.28 Lingga,Luar Bandar
2375,111.259949,1.885414,9.757928148793962,8.636327212150977,Kabong,P.205 Saratok,N.38 Kalaka,Luar Bandar
2376,111.259949,1.910434,6.491113049431098,5.745008101220626,Kabong,P.205 Saratok,N.40 Kabong,Luar Bandar
2377,111.259949,1.918774,30.65352060779012,27.13012743448091,Kabong,P.205 Saratok,N.40 Kabong,Luar Bandar
2378,111.259949,1.960474,2.036764334343925,1.8026534913158874,Kabong,P.205 Saratok,N.40 Kabong,Luar Bandar
2379,111.259949,2.152295,10.639836793642958,7.979877595232219,Tanjung Manis,P.206 Tanjong Manis,N.41 Kuala Rajang,Luar Bandar
2380,111.259949,2.235696,24.842765242405875,18.632073931804406,Tanjung Manis,P.206 Tanjong Manis,N.41 Kuala Rajang,Luar Bandar
2381,111.262965,1.087023,7.401374844114007,6.015349592407264,Sri Aman,P.202 Sri Aman,N.31 Bukit Begunan,Luar Bandar
2382,111.267546,1.991011,12.197037478454662,10.795079147597804,Kabong,P.205 Saratok,N.40 Kabong,Luar Bandar
2383,111.268153,1.930841,0.4209913062788917,0.37260150095947886,Kabong,P.205 Saratok,N.40 Kabong,Luar Bandar
2384,111.26828,1.084768,12.21660010172004,9.92884727368258,Sri Aman,P.202 Sri Aman,N.31 Bukit Begunan,Luar Bandar
2385,111.26828,1.910434,4.325681793001714,3.828476989208414,Kabong,P.205 Saratok,N.40 Kabong,Luar Bandar
2386,111.26828,1.960474,2.0614854136749186,1.8245330672755027,Kabong,P.205 Saratok,N.40 Kabong,Luar Bandar
2387,111.26828,2.394157,9.530705489780102,7.148029117335076,Tanjung Manis,P.206 Tanjong Manis,N.42 Semop,Luar Bandar
2388,111.272777,2.007453,3.3679304502311336,2.980812007675831,Kabong,P.205 Saratok,N.40 Kabong,Luar Bandar
2389,111.276611,1.151489,86.57699713086538,70.3640763198419,Sri Aman,P.202 Sri Aman,N.31 Bukit Begunan,Luar Bandar
2390,111.276611,1.193189,10.80544024006507,8.781949558404946,Sri Aman,P.202 Sri Aman,N.31 Bukit Begunan,Luar Bandar
2391,111.277363,1.154495,10.79994297755054,8.777481745799502,Sri Aman,P.202 Sri Aman,N.31 Bukit Begunan,Luar Bandar
2392,111.278136,1.791896,1.1483674101196888,1.0955689085049904,Saratok,P.205 Saratok,N.39 Krian,Luar Bandar
2393,111.278522,1.187018,43.07031957275665,35.00471665651009,Sri Aman,P.202 Sri Aman,N.31 Bukit Begunan,Luar Bandar
2394,111.281054,1.903417,3.681074187378533,3.257962211817782,Kabong,P.205 Saratok,N.40 Kabong,Luar Bandar
2395,111.281526,1.16623,13.427517915457951,10.913001451889048,Sri Aman,P.202 Sri Aman,N.31 Bukit Begunan,Luar Bandar
2396,111.28206,1.158936,10.241004422039792,8.32321333177017,Sri Aman,P.202 Sri Aman,N.31 Bukit Begunan,Luar Bandar
2397,111.282899,1.178029,3.5802980469950976,2.9098302479323452,Sri Aman,P.202 Sri Aman,N.31 Bukit Begunan,Luar Bandar
2398,111.283017,1.880266,2.968958557841825,2.62769895349219,Kabong,P.205 Saratok,N.38 Kalaka,Luar Bandar
2399,111.284942,1.076428,38.082199681652256,30.95070161392712,Sri Aman,P.202 Sri Aman,N.31 Bukit Begunan,Luar Bandar
2400,111.284942,2.143955,3.916473825894915,2.9373553694211862,Tanjung Manis,P.206 Tanjong Manis,N.41 Kuala Rajang,Luar Bandar
2401,111.285732,1.743145,41.99467014195428,40.063880710140296,Saratok,P.205 Saratok,N.38 Kalaka,Luar Bandar
2402,111.285818,1.363185,6.398730063432186,5.200466006609679,Sri Aman,P.201 Batang Lupar,N.28 Lingga,Luar Bandar
2403,111.286629,1.618895,142.31811690405056,105.42082733633373,Pusa,P.201 Batang Lupar,N.29 Beting Maro,Luar Bandar
2404,111.286912,1.619581,92.27183505239753,68.34950744622039,Pusa,P.201 Batang Lupar,N.29 Beting Maro,Luar Bandar
2405,111.287577,1.361275,4.922548174491748,4.000722673650597,Sri Aman,P.201 Batang Lupar,N.28 Lingga,Luar Bandar
2406,111.288543,1.619517,102.80584936767022,76.15248101308904,Pusa,P.201 Batang Lupar,N.29 Beting Maro,Luar Bandar
2407,111.288629,1.288629,24.601176071613075,19.99421426044958,Sri Aman,P.202 Sri Aman,N.31 Bukit Begunan,Luar Bandar
2408,111.288983,1.746662,7.540000674747655,7.193333977058108,Saratok,P.205 Saratok,N.38 Kalaka,Luar Bandar
2409,111.289487,1.611366,28.41047225106194,21.044794260045883,Pusa,P.201 Batang Lupar,N.29 Beting Maro,Luar Bandar
2410,111.290227,2.210429,6.793887045240018,5.095415283930013,Tanjung Manis,P.206 Tanjong Manis,N.41 Kuala Rajang,Luar Bandar
2411,111.291161,1.789022,5.456663339695176,5.205782266605743,Saratok,P.205 Saratok,N.39 Krian,Luar Bandar
2412,111.291182,1.4978,8.127421966824219,7.776237067023174,Betong,P.204 Betong,N.35 Saribas,Luar Bandar
2413,111.291729,2.201064,0.9775810798814708,0.7331858099111033,Tanjung Manis,P.206 Tanjong Manis,N.41 Kuala Rajang,Luar Bandar
2414,111.292287,1.500235,78.73596172181624,75.33379053630566,Betong,P.204 Betong,N.35 Saribas,Luar Bandar
2415,111.293242,1.871956,5.929111070221754,5.247604050656036,Kabong,P.205 Saratok,N.38 Kalaka,Luar Bandar
2416,111.293273,1.068088,3.179342891225266,2.583960327325404,Sri Aman,P.202 Sri Aman,N.31 Bukit Begunan,Luar Bandar
2417,111.293273,1.30995,2.6210178002371998,2.130190496821994,Sri Aman,P.202 Sri Aman,N.31 Bukit Begunan,Luar Bandar
2418,111.293273,1.493431,71.59055327633263,68.49713430760222,Betong,P.204 Betong,N.35 Saribas,Luar Bandar
2419,111.293273,1.610192,185.23130899776208,137.20837703537933,Pusa,P.201 Batang Lupar,N.29 Beting Maro,Luar Bandar
2420,111.293273,1.618532,186.51750617889948,138.1611156880737,Pusa,P.201 Batang Lupar,N.29 Beting Maro,Luar Bandar
2421,111.293273,1.885414,3.0521465355834514,2.70132509471179,Kabong,P.205 Saratok,N.38 Kalaka,Luar Bandar
2422,111.293273,2.669379,41.695987479432965,31.45486774764241,Daro,P.206 Tanjong Manis,N.42 Semop,Luar Bandar
2423,111.293682,2.698184,25.43980396717678,19.191431062957918,Daro,P.206 Tanjong Manis,N.42 Semop,Luar Bandar
2424,111.294208,1.630177,92.07358845275581,68.20265811315247,Pusa,P.201 Batang Lupar,N.29 Beting Maro,Luar Bandar
2425,111.295313,2.703478,99.2020808683117,74.83665749714743,Daro,P.206 Tanjong Manis,N.42 Semop,Luar Bandar
2426,111.295356,2.665508,7.932687519435687,5.984308128697098,Daro,P.206 Tanjong Manis,N.42 Semop,Luar Bandar
2427,111.295806,1.889102,7.891083408791715,6.9840623273214035,Kabong,P.205 Saratok,N.40 Kabong,Luar Bandar
2428,111.296225,2.701035,29.526930754646937,22.27470214824243,Daro,P.206 Tanjong Manis,N.42 Semop,Luar Bandar
2429,111.296418,2.623978,9.852143559554918,7.432318825629148,Daro,P.206 Tanjong Manis,N.42 Semop,Luar Bandar
2430,111.296428,2.666483,10.073355691446206,7.5991981531962605,Daro,P.206 Tanjong Manis,N.42 Semop,Luar Bandar
2431,111.296863,2.625778,67.2660555644482,50.744568232829344,Daro,P.206 Tanjong Manis,N.42 Semop,Luar Bandar
2432,111.297212,1.614395,105.12705635289814,77.87189359473936,Pusa,P.201 Batang Lupar,N.29 Beting Maro,Luar Bandar
2433,111.297512,1.330728,16.910237452840228,13.74352631934955,Sri Aman,P.202 Sri Aman,N.31 Bukit Begunan,Luar Bandar
2434,111.297544,2.611395,5.0367017319604575,3.799617096040345,Daro,P.206 Tanjong Manis,N.42 Semop,Luar Bandar
2435,111.297576,1.616364,29.242513672992015,21.661121239253347,Pusa,P.201 Batang Lupar,N.29 Beting Maro,Luar Bandar
2436,111.298236,1.906061,1.9344163826160596,1.7120696719705357,Kabong,P.205 Saratok,N.40 Kabong,Luar Bandar
2437,111.298703,1.867002,2.5259478376733497,2.2356090057568725,Kabong,P.205 Saratok,N.40 Kabong,Luar Bandar
2438,111.299148,2.612365,67.6360757510796,51.023706268358296,Daro,P.206 Tanjong Manis,N.42 Semop,Luar Bandar
2439,111.299272,1.833931,4.134483688074053,3.6592556779505987,Kabong,P.205 Saratok,N.39 Krian,Luar Bandar
2440,111.299588,1.888663,7.356902651316378,6.511281656912196,Kabong,P.205 Saratok,N.40 Kabong,Luar Bandar
2441,111.300001,2.623517,18.857554085980922,14.22587413503824,Daro,P.206 Tanjong Manis,N.42 Semop,Luar Bandar
2442,111.300023,2.388963,5.644034943613554,4.233026207710165,Tanjung Manis,P.206 Tanjong Manis,N.42 Semop,Luar Bandar
2443,111.30013,1.290119,12.707267169477806,10.327629122759115,Sri Aman,P.202 Sri Aman,N.31 Bukit Begunan,Luar Bandar
2444,111.301407,2.600045,17.59987918871527,13.277101844118537,Daro,P.206 Tanjong Manis,N.42 Semop,Luar Bandar
2445,111.301604,1.068088,6.5444003242967215,5.31885719240595,Sri Aman,P.202 Sri Aman,N.31 Bukit Begunan,Luar Bandar
2446,111.301604,1.32663,58.95743881797362,47.916719938203286,Sri Aman,P.202 Sri Aman,N.31 Bukit Begunan,Luar Bandar
2447,111.301604,1.635212,45.91685102470227,34.0124822405202,Pusa,P.201 Batang Lupar,N.29 Beting Maro,Luar Bandar
2448,111.301604,1.776993,2.6187067785363958,2.4983064668795496,Saratok,P.205 Saratok,N.39 Krian,Luar Bandar
2449,111.301604,1.785333,1.386400074414961,1.3226575422579514,Saratok,P.205 Saratok,N.39 Krian,Luar Bandar
2450,111.301604,1.885414,77.84126372674187,68.89399203401292,Kabong,P.205 Saratok,N.40 Kabong,Luar Bandar
2451,111.301604,2.602658,71.06568842615061,53.61095793551712,Daro,P.206 Tanjong Manis,N.42 Semop,Luar Bandar
2452,111.301604,2.627678,107.63928131171645,81.20156309480363,Daro,P.206 Tanjong Manis,N.42 Semop,Luar Bandar
2453,111.30204,2.390581,2.688098287976052,2.0160737159820394,Tanjung Manis,P.206 Tanjong Manis,N.42 Semop,Luar Bandar
2454,111.30264,2.741812,70.41548508490715,53.12045366054399,Daro,P.206 Tanjong Manis,N.42 Semop,Luar Bandar
2455,111.302673,2.600495,14.092080906424673,10.630868052215105,Daro,P.206 Tanjong Manis,N.42 Semop,Luar Bandar
2456,111.302791,1.329334,16.998090210873453,13.814927250035726,Sri Aman,P.202 Sri Aman,N.31 Bukit Begunan,Luar Bandar
2457,111.302898,2.739219,50.598441194130515,38.17075388329144,Daro,P.206 Tanjong Manis,N.42 Semop,Luar Bandar
2458,111.303134,1.633072,31.101313194446497,23.038009773664072,Pusa,P.201 Batang Lupar,N.29 Beting Maro,Luar Bandar
2459,111.303252,1.96117,6.2243014161941685,5.508864471804034,Kabong,P.205 Saratok,N.40 Kabong,Luar Bandar
2460,111.304196,1.942867,8.653774076133374,7.659087400715744,Kabong,P.205 Saratok,N.40 Kabong,Luar Bandar
2461,111.30447,2.476517,21.044215986128485,15.875461182517979,Daro,P.206 Tanjong Manis,N.42 Semop,Luar Bandar
2462,111.305087,1.59322,11.961393389090313,8.860291399326158,Pusa,P.201 Batang Lupar,N.29 Beting Maro,Luar Bandar
2463,111.30543,1.840516,3.1069229745712614,2.7498053912872082,Kabong,P.205 Saratok,N.38 Kalaka,Luar Bandar
2464,111.305752,1.32884,11.056461878804592,8.985963399627702,Sri Aman,P.202 Sri Aman,N.31 Bukit Begunan,Luar Bandar
2465,111.305752,2.740655,19.613889153513398,14.796442694755719,Daro,P.206 Tanjong Manis,N.42 Semop,Luar Bandar
2466,111.306363,2.738436,17.000871100779413,12.825218549710787,Daro,P.206 Tanjong Manis,N.42 Semop,Luar Bandar
2467,111.307425,1.951144,28.862934930790363,25.545356203113307,Kabong,P.205 Saratok,N.40 Kabong,Luar Bandar
2468,111.308042,2.476168,54.71124240912073,41.27339339635422,Daro,P.206 Tanjong Manis,N.42 Semop,Luar Bandar
2469,111.308252,1.59455,69.79714145246275,51.70158626108352,Pusa,P.201 Batang Lupar,N.29 Beting Maro,Luar Bandar
2470,111.308863,1.917336,1.2629739188366746,1.1178045028784362,Kabong,P.205 Saratok,N.40 Kabong,Luar Bandar
2471,111.309935,1.068088,5.9249399963445075,4.81540067118636,Sri Aman,P.202 Sri Aman,N.31 Bukit Begunan,Luar Bandar
2472,111.309935,1.32663,29.62884400479284,24.080371344719275,Sri Aman,P.202 Sri Aman,N.31 Bukit Begunan,Luar Bandar
2473,111.309935,1.885414,21.069591373614525,18.647799261704808,Kabong,P.205 Saratok,N.40 Kabong,Luar Bandar
2474,111.309935,2.427517,14.140470492246466,10.667372476606985,Daro,P.206 Tanjong Manis,N.42 Semop,Luar Bandar
2475,111.311331,1.970231,6.738654391643008,5.964096415592087,Kabong,P.205 Saratok,N.40 Kabong,Luar Bandar
2476,111.312253,1.596759,2.8892333912673966,2.140172882420294,Pusa,P.201 Batang Lupar,N.29 Beting Maro,Luar Bandar
2477,111.315901,1.323005,16.688821666016743,13.563574163017353,Sri Aman,P.202 Sri Aman,N.31 Bukit Begunan,Luar Bandar
2478,111.317371,1.722952,1.93613250458837,1.8471149181705138,Saratok,P.205 Saratok,N.38 Kalaka,Luar Bandar
2479,111.317811,1.633523,2.788946026694595,2.668436013195446,Betong,P.201 Batang Lupar,N.29 Beting Maro,Luar Bandar
2480,111.318266,1.710272,1.8142630761773386,1.7308486818703346,Saratok,P.205 Saratok,N.38 Kalaka,Luar Bandar
2481,111.318266,1.726952,1.6955487015247266,1.6175924393856589,Saratok,P.205 Saratok,N.38 Kalaka,Luar Bandar
2482,111.318266,2.010514,32.4281080654202,30.575073318824757,Sarikei,P.206 Tanjong Manis,N.41 Kuala Rajang,Luar Bandar
2483,111.318266,2.018854,49.109965358835254,46.303681624044664,Sarikei,P.206 Tanjong Manis,N.41 Kuala Rajang,Luar Bandar
2484,111.318266,2.127275,12.108264070959942,9.081198053219955,Tanjung Manis,P.206 Tanjong Manis,N.41 Kuala Rajang,Luar Bandar
2485,111.318266,2.152295,2.780613040450249,2.085459780337687,Tanjung Manis,P.206 Tanjong Manis,N.41 Kuala Rajang,Luar Bandar
2486,111.318948,2.007995,11.493916984168283,10.837121727930095,Sarikei,P.206 Tanjong Manis,N.41 Kuala Rajang,Luar Bandar
2487,111.31927,1.320667,2.8425223294002833,2.3102147770781327,Sri Aman,P.202 Sri Aman,N.31 Bukit Begunan,Luar Bandar
2488,111.321115,1.629962,1.598560332970928,1.5294867383363817,Betong,P.201 Batang Lupar,N.29 Beting Maro,Luar Bandar
2489,111.321244,1.887858,3.9718130366202833,3.515282802525998,Kabong,P.205 Saratok,N.39 Krian,Luar Bandar
2490,111.321652,1.853619,10.237406619214422,9.060693214707017,Kabong,P.205 Saratok,N.38 Kalaka,Luar Bandar
2491,111.322124,1.783949,1.4354592626496112,1.3694611356312383,Saratok,P.205 Saratok,N.39 Krian,Luar Bandar
2492,111.32266,1.840955,3.2232797930581985,2.852787862821624,Kabong,P.205 Saratok,N.38 Kalaka,Luar Bandar
2493,111.323411,1.895268,0.43449382023564775,0.38455200181775717,Kabong,P.205 Saratok,N.39 Krian,Luar Bandar
2494,111.323819,1.322062,22.075043933783018,17.941140575396684,Sri Aman,P.202 Sri Aman,N.31 Bukit Begunan,Luar Bandar
2495,111.324527,1.863453,3.0997009360809233,2.743413472163576,Kabong,P.205 Saratok,N.38 Kalaka,Luar Bandar
2496,111.324549,1.854241,3.1342973190564782,2.7740332593948143,Kabong,P.205 Saratok,N.38 Kalaka,Luar Bandar
2497,111.325214,1.832151,9.749938036512415,9.301665023339432,Saratok,P.205 Saratok,N.38 Kalaka,Luar Bandar
2498,111.32545,1.877403,2.0536318295654703,1.8175821939832324,Kabong,P.205 Saratok,N.39 Krian,Luar Bandar
2499,111.325622,1.819251,1.6161092614784138,1.5418053873874524,Saratok,P.205 Saratok,N.39 Krian,Luar Bandar
2500,111.326597,1.735293,74.7400571672005,71.30373269974301,Saratok,P.205 Saratok,N.38 Kalaka,Luar Bandar
2501,111.326597,1.743633,73.45536173451256,70.0781037237304,Saratok,P.205 Saratok,N.38 Kalaka,Luar Bandar
2502,111.326597,1.751973,14.65683392888907,13.982956506871181,Saratok,P.205 Saratok,N.38 Kalaka,Luar Bandar
2503,111.326597,2.118935,13.836451787239547,13.045797399397287,Sarikei,P.206 Tanjong Manis,N.41 Kuala Rajang,Luar Bandar
2504,111.326597,2.127275,11.493304893256868,8.61997866994265,Tanjung Manis,P.206 Tanjong Manis,N.41 Kuala Rajang,Luar Bandar
2505,111.326597,2.143955,30.454302786450107,22.840727089837582,Tanjung Manis,P.206 Tanjong Manis,N.41 Kuala Rajang,Luar Bandar
2506,111.326597,2.152295,37.82496501827339,28.36872376370504,Tanjung Manis,P.206 Tanjong Manis,N.41 Kuala Rajang,Luar Bandar
2507,111.326597,2.160635,7.864650228212367,5.898487671159277,Tanjung Manis,P.206 Tanjong Manis,N.41 Kuala Rajang,Luar Bandar
2508,111.326603,1.811332,1.581525165785155,1.5088113650594006,Saratok,P.205 Saratok,N.39 Krian,Luar Bandar
2509,111.327392,1.80427,8.635796965088828,8.238748828762903,Saratok,P.205 Saratok,N.39 Krian,Luar Bandar
2510,111.327596,1.762577,1.2117515923850228,1.1560388754937574,Saratok,P.205 Saratok,N.39 Krian,Luar Bandar
2511,111.327885,1.867817,6.885712460739434,6.094251258355591,Kabong,P.205 Saratok,N.39 Krian,Luar Bandar
2512,111.328229,1.871259,2.2629030590196426,2.0027992591323276,Kabong,P.205 Saratok,N.39 Krian,Luar Bandar
2513,111.328905,1.899117,4.2788536501277905,3.787031391492412,Kabong,P.205 Saratok,N.39 Krian,Luar Bandar
2514,111.329151,1.832537,9.632291071406,9.189427114099976,Saratok,P.205 Saratok,N.38 Kalaka,Luar Bandar
2515,111.32943,1.92022,4.187872415739399,3.706507770252111,Kabong,P.205 Saratok,N.40 Kabong,Luar Bandar
2516,111.329752,1.875001,9.164909836617555,8.111471924362665,Kabong,P.205 Saratok,N.39 Krian,Luar Bandar
2517,111.33242,1.795966,11.721731790714761,11.18280159344052,Saratok,P.205 Saratok,N.39 Krian,Luar Bandar
2518,111.333539,2.120135,10.720366276626166,8.040274707469624,Tanjung Manis,P.206 Tanjong Manis,N.41 Kuala Rajang,Luar Bandar
2519,111.333665,1.79084,1.488046947555943,1.4196309959441755,Saratok,P.205 Saratok,N.39 Krian,Luar Bandar
2520,111.334602,1.802512,19.364429599765227,18.474110997477172,Saratok,P.205 Saratok,N.39 Krian,Luar Bandar
2521,111.334716,1.78254,19.522245972034707,18.624671444584838,Saratok,P.205 Saratok,N.39 Krian,Luar Bandar
2522,111.334928,1.743633,202.6124221278981,193.2969084668453,Saratok,P.205 Saratok,N.38 Kalaka,Luar Bandar
2523,111.334928,1.751973,108.91308321908565,103.90558514004726,Saratok,P.205 Saratok,N.38 Kalaka,Luar Bandar
2524,111.334928,1.760313,36.44954032995233,34.77369939524188,Saratok,P.205 Saratok,N.39 Krian,Luar Bandar
2525,111.334928,1.768653,31.92510820124229,30.457287134518506,Saratok,P.205 Saratok,N.39 Krian,Luar Bandar
2526,111.334928,2.127275,6.277409783073842,4.708057337305382,Tanjung Manis,P.206 Tanjong Manis,N.41 Kuala Rajang,Luar Bandar
2527,111.334928,2.135615,4.3786789180241295,3.2840091885180973,Tanjung Manis,P.206 Tanjong Manis,N.41 Kuala Rajang,Luar Bandar
2528,111.334928,2.143955,36.96772729758479,27.72579547318859,Tanjung Manis,P.206 Tanjong Manis,N.41 Kuala Rajang,Luar Bandar
2529,111.334928,2.152295,55.827925479379786,41.87094410953485,Tanjung Manis,P.206 Tanjong Manis,N.41 Kuala Rajang,Luar Bandar
2530,111.334928,2.160635,20.65499643248072,15.49124732436054,Tanjung Manis,P.206 Tanjong Manis,N.41 Kuala Rajang,Luar Bandar
2531,111.335766,1.885376,4.006768105300661,3.5462200472201255,Kabong,P.205 Saratok,N.39 Krian,Luar Bandar
2532,111.337992,1.679584,5.227615870281336,4.987265715325872,Saratok,P.205 Saratok,N.38 Kalaka,Luar Bandar
2533,111.339451,1.738094,88.91053617278784,84.8226954292114,Saratok,P.205 Saratok,N.38 Kalaka,Luar Bandar
2534,111.339462,2.007695,1.4800977813390714,1.395520765262553,Sarikei,P.206 Tanjong Manis,N.41 Kuala Rajang,Luar Bandar
2535,111.339912,2.154979,6.6762174550243225,5.007163091268241,Tanjung Manis,P.206 Tanjong Manis,N.41 Kuala Rajang,Luar Bandar
2536,111.341103,1.76885,4.851965178491691,4.628886319710463,Saratok,P.205 Saratok,N.39 Krian,Luar Bandar
2537,111.341393,1.8308,3.1142748101823887,2.971089761438371,Saratok,P.205 Saratok,N.39 Krian,Luar Bandar
2538,111.341543,1.061879,9.350188608998314,7.599216959373162,Sri Aman,P.202 Sri Aman,N.31 Bukit Begunan,Luar Bandar
2539,111.341672,1.063789,2.869042561475807,2.3317686735589893,Sri Aman,P.202 Sri Aman,N.31 Bukit Begunan,Luar Bandar
2540,111.34213,1.798797,8.82842057749068,8.422516183123292,Saratok,P.205 Saratok,N.39 Krian,Luar Bandar
2541,111.342369,1.571502,30.321042791094886,22.460031697107322,Pusa,P.204 Betong,N.35 Saribas,Luar Bandar
2542,111.342841,1.573583,39.68781813492421,29.39838380364756,Pusa,P.204 Betong,N.35 Saribas,Luar Bandar
2543,111.342874,1.95345,10.067182180333678,8.910034803283828,Kabong,P.205 Saratok,N.39 Krian,Luar Bandar
2544,111.343259,1.535131,6.048003518314163,4.4800026061586395,Pusa,P.204 Betong,N.35 Saribas,Luar Bandar
2545,111.343259,1.543471,17.95782507987395,13.30209265175848,Pusa,P.204 Betong,N.35 Saribas,Luar Bandar
2546,111.343259,1.735293,103.280496071879,98.53196751685007,Saratok,P.205 Saratok,N.38 Kalaka,Luar Bandar
2547,111.343259,1.743633,73.00833246530527,69.65162752437169,Saratok,P.205 Saratok,N.39 Krian,Luar Bandar
2548,111.343259,1.751973,79.44489177842188,75.7922530759657,Saratok,P.205 Saratok,N.39 Krian,Luar Bandar
2549,111.343259,1.760313,47.91193239824873,45.70908493166259,Saratok,P.205 Saratok,N.39 Krian,Luar Bandar
2550,111.343259,1.877073,13.264628468848699,11.739958529900571,Kabong,P.205 Saratok,N.39 Krian,Luar Bandar
2551,111.343259,2.160635,24.48202067389887,18.36151550542415,Tanjung Manis,P.206 Tanjong Manis,N.41 Kuala Rajang,Luar Bandar
2552,111.343259,2.168975,1.3180520909840052,0.988539068238004,Tanjung Manis,P.206 Tanjong Manis,N.41 Kuala Rajang,Luar Bandar
2553,111.343796,1.737826,17.495929985362707,16.691519411323043,Saratok,P.205 Saratok,N.38 Kalaka,Luar Bandar
2554,111.344483,1.330556,12.66405542624636,10.292509466275131,Sri Aman,P.202 Sri Aman,N.31 Bukit Begunan,Luar Bandar
2555,111.344858,1.757344,13.756389100244338,13.123911440462987,Saratok,P.205 Saratok,N.39 Krian,Luar Bandar
2556,111.345513,1.884631,12.640366943871097,11.187451203196257,Kabong,P.205 Saratok,N.39 Krian,Luar Bandar
2557,111.345727,1.739918,3.8377806303602187,3.6613309462057257,Saratok,P.205 Saratok,N.38 Kalaka,Luar Bandar
2558,111.346071,1.963642,4.344938202356478,3.845520018177573,Kabong,P.205 Saratok,N.39 Krian,Luar Bandar
2559,111.348206,1.705794,1.7403851610388066,1.6603674524852985,Saratok,P.205 Saratok,N.38 Kalaka,Luar Bandar
2560,111.348646,1.539682,153.26423307329588,113.52906153577474,Pusa,P.204 Betong,N.35 Saribas,Luar Bandar
2561,111.349686,1.755521,1.1483674101196888,1.0955689085049904,Saratok,P.205 Saratok,N.39 Krian,Luar Bandar
2562,111.350075,1.71025,1.9278665565785196,1.8392290137473233,Saratok,P.205 Saratok,N.38 Kalaka,Luar Bandar
2563,111.351221,2.525608,2.1044215986128485,1.587546118251798,Daro,P.206 Tanjong Manis,N.42 Semop,Luar Bandar
2564,111.35159,1.068088,8.905223336905294,7.2375785172601095,Sri Aman,P.202 Sri Aman,N.31 Bukit Begunan,Luar Bandar
2565,111.35159,1.33497,6.352920714294846,5.163235187273339,Sri Aman,P.202 Sri Aman,N.31 Bukit Begunan,Luar Bandar
2566,111.35159,1.718612,1.995628122150385,1.9038751050400229,Saratok,P.205 Saratok,N.38 Kalaka,Luar Bandar
2567,111.35159,1.768653,13.499594998315008,12.87892396390972,Saratok,P.205 Saratok,N.39 Krian,Luar Bandar
2568,111.35159,1.776993,4.259763900548821,4.063912686730484,Saratok,P.205 Saratok,N.39 Krian,Luar Bandar
2569,111.35159,2.168975,3.210646982645437,2.4079852369840777,Tanjung Manis,P.206 Tanjong Manis,N.41 Kuala Rajang,Luar Bandar
2570,111.35159,2.385817,9.851886232986262,7.432124702077354,Daro,P.206 Tanjong Manis,N.42 Semop,Luar Bandar
2571,111.35159,2.394157,1.0522107993064242,0.793773059125899,Daro,P.206 Tanjong Manis,N.42 Semop,Luar Bandar
2572,111.35159,2.544278,15.610421563318706,11.776282933731656,Daro,P.206 Tanjong Manis,N.42 Semop,Luar Bandar
2573,111.35159,2.661038,2.1044215986128485,1.587546118251798,Daro,P.206 Tanjong Manis,N.42 Semop,Luar Bandar
2574,111.352454,1.539821,34.028594180235004,32.55822282676806,Betong,P.204 Betong,N.35 Saribas,Luar Bandar
2575,111.353055,1.49602,9.903854945308167,9.475910595819544,Betong,P.204 Betong,N.35 Saribas,Luar Bandar
2576,111.353731,1.067243,9.230562845206528,7.501993024006805,Sri Aman,P.202 Sri Aman,N.31 Bukit Begunan,Luar Bandar
2577,111.354364,1.498176,7.150173786942753,6.841215660346462,Betong,P.204 Betong,N.35 Saribas,Luar Bandar
2578,111.3546,2.462239,1.0522107993064242,0.793773059125899,Daro,P.206 Tanjong Manis,N.42 Semop,Luar Bandar
2579,111.354933,1.852333,1.7225511151795327,1.6433533627574854,Saratok,P.205 Saratok,N.39 Krian,Luar Bandar
2580,111.355137,2.437178,1.0522107993064242,0.793773059125899,Daro,P.206 Tanjong Manis,N.42 Semop,Luar Bandar
2581,111.355534,1.879291,1.737975280942591,1.5382080072710287,Kabong,P.205 Saratok,N.39 Krian,Luar Bandar
2582,111.356585,1.499581,19.567671254850595,18.722154595690384,Betong,P.204 Betong,N.35 Saribas,Luar Bandar
2583,111.35783,1.901391,1.9965713768158722,1.7670804139634733,Kabong,P.205 Saratok,N.39 Krian,Luar Bandar
2584,111.358066,1.511421,35.11826849293715,33.60081244694604,Betong,P.204 Betong,N.35 Saribas,Luar Bandar
2585,111.359921,1.768653,20.18153304989514,19.25364647288847,Saratok,P.205 Saratok,N.39 Krian,Luar Bandar
2586,111.359921,1.776993,18.53917304534083,17.686797273141252,Saratok,P.205 Saratok,N.39 Krian,Luar Bandar
2587,111.359921,1.785333,4.6350681394390545,4.42196155831542,Saratok,P.205 Saratok,N.39 Krian,Luar Bandar
2588,111.359921,1.893754,50.39510072607714,44.602560412734945,Kabong,P.205 Saratok,N.39 Krian,Luar Bandar
2589,111.359921,2.152295,95.9792528396861,90.49472410598975,Sarikei,P.206 Tanjong Manis,N.41 Kuala Rajang,Luar Bandar
2590,111.359921,2.419177,5.999483103614776,4.525925850095357,Daro,P.206 Tanjong Manis,N.42 Semop,Luar Bandar
2591,111.360716,1.851689,1.1483674101196888,1.0955689085049904,Saratok,P.205 Saratok,N.39 Krian,Luar Bandar
2592,111.361552,1.749505,2.595635073019791,2.476295529432674,Saratok,P.205 Saratok,N.39 Krian,Luar Bandar
2593,111.361617,2.003293,1.729162888763125,1.6303535808338032,Sarikei,P.206 Tanjong Manis,N.41 Kuala Rajang,Luar Bandar
2594,111.361821,1.706427,2.870918525299222,2.7389222712624766,Saratok,P.205 Saratok,N.39 Krian,Luar Bandar
2595,111.362035,1.644719,4.940624336239664,4.72714056862437,Betong,P.201 Batang Lupar,N.29 Beting Maro,Luar Bandar
2596,111.363854,1.850992,1.7225511151795327,1.6433533627574854,Saratok,P.205 Saratok,N.39 Krian,Luar Bandar
2597,111.365511,1.891159,65.50301510672531,57.97393291054999,Kabong,P.205 Saratok,N.39 Krian,Luar Bandar
2598,111.365554,2.150905,38.807182470078,36.589629186073545,Sarikei,P.206 Tanjong Manis,N.41 Kuala Rajang,Luar Bandar
2599,111.365651,1.731092,1.9360337281583624,1.8470206831855642,Saratok,P.205 Saratok,N.38 Kalaka,Luar Bandar
2600,111.366155,1.644944,9.932476503421299,9.503295419940134,Betong,P.201 Batang Lupar,N.29 Beting Maro,Luar Bandar
2601,111.36659,1.852097,0.8612755575897665,0.8216766813787428,Saratok,P.205 Saratok,N.39 Krian,Luar Bandar
2602,111.368253,1.34331,6.828792945624724,5.549992768541443,Sri Aman,P.202 Sri Aman,N.31 Bukit Begunan,Luar Bandar
2603,111.368253,1.518451,23.535520847747563,22.518553897536247,Betong,P.204 Betong,N.35 Saribas,Luar Bandar
2604,111.368253,1.768653,1.3632760469824161,1.300596688500466,Saratok,P.205 Saratok,N.39 Krian,Luar Bandar
2605,111.368253,2.002174,18.77608634138819,17.70316712188029,Sarikei,P.206 Tanjong Manis,N.41 Kuala Rajang,Luar Bandar
2606,111.368253,2.143955,10.095578908811223,9.518688685450583,Sarikei,P.206 Tanjong Manis,N.41 Kuala Rajang,Luar Bandar
2607,111.368253,2.168975,0.46897773409566984,0.3517333005717524,Tanjung Manis,P.206 Tanjong Manis,N.41 Kuala Rajang,Luar Bandar
2608,111.369186,1.747113,1.1483674101196888,1.0955689085049904,Saratok,P.205 Saratok,N.39 Krian,Luar Bandar
2609,111.369706,1.942277,14.391934781758039,12.737689404544472,Kabong,P.205 Saratok,N.39 Krian,Luar Bandar
2610,111.372828,1.796314,1.7225511151795327,1.6433533627574854,Saratok,P.205 Saratok,N.39 Krian,Luar Bandar
2611,111.373429,1.34849,10.173667750301892,8.268486523653598,Sri Aman,P.202 Sri Aman,N.31 Bukit Begunan,Luar Bandar
2612,111.373993,1.728427,2.083553758871113,1.9877581837506022,Saratok,P.205 Saratok,N.38 Kalaka,Luar Bandar
2613,111.374298,1.781687,3.0869332662062745,2.9450052999439174,Saratok,P.205 Saratok,N.39 Krian,Luar Bandar
2614,111.374491,2.368762,3.084984771947089,2.327269213924997,Daro,P.206 Tanjong Manis,N.42 Semop,Luar Bandar
2615,111.375414,1.724153,4.350962902597017,4.150918631213246,Saratok,P.205 Saratok,N.38 Kalaka,Luar Bandar
2616,111.376262,1.942759,4.834858696892799,4.279127812192478,Kabong,P.205 Saratok,N.39 Krian,Luar Bandar
2617,111.376283,2.14063,33.379953864463474,31.47252792935128,Sarikei,P.206 Tanjong Manis,N.41 Kuala Rajang,Luar Bandar
2618,111.376584,1.084768,5.786879495549799,4.7031941967577024,Sri Aman,P.202 Sri Aman,N.31 Bukit Begunan,Luar Bandar
2619,111.376584,1.35165,19.722986178058083,16.029543073552823,Sri Aman,P.202 Sri Aman,N.31 Bukit Begunan,Luar Bandar
2620,111.376584,1.576832,13.251301943339332,12.678714822330843,Betong,P.204 Betong,N.35 Saribas,Luar Bandar
2621,111.376584,1.902094,2.5183745056195135,2.228906171640259,Kabong,P.205 Saratok,N.39 Krian,Luar Bandar
2622,111.376584,2.002174,5.206786675515133,4.90925600834284,Sarikei,P.206 Tanjong Manis,N.41 Kuala Rajang,Luar Bandar
2623,111.376584,2.135615,10.276483142287965,9.689255534157224,Sarikei,P.206 Tanjong Manis,N.41 Kuala Rajang,Luar Bandar
2624,111.376584,2.143955,10.495118783256473,9.89539770992753,Sarikei,P.206 Tanjong Manis,N.41 Kuala Rajang,Luar Bandar
2625,111.376584,2.494237,32.180951999656884,24.276858526056944,Daro,P.206 Tanjong Manis,N.42 Semop,Luar Bandar
2626,111.376584,2.527598,0.5261053996532121,0.3968865295629495,Daro,P.206 Tanjong Manis,N.42 Semop,Luar Bandar
2627,111.376584,2.711079,124.50530815783543,93.92505703134952,Daro,P.206 Tanjong Manis,N.42 Semop,Luar Bandar
2628,111.376637,2.541793,14.0831083261431,10.624099263581636,Daro,P.206 Tanjong Manis,N.42 Semop,Luar Bandar
2629,111.376873,2.538577,8.501008541250366,6.413041531118697,Daro,P.206 Tanjong Manis,N.42 Semop,Luar Bandar
2630,111.377367,1.608192,2.9185334593655554,2.792423988899143,Betong,P.201 Batang Lupar,N.29 Beting Maro,
2631,111.377399,2.498104,15.881407595864625,11.98071099337156,Daro,P.206 Tanjong Manis,N.42 Semop,Luar Bandar
2632,111.377539,1.819549,1.1483674101196888,1.0955689085049904,Saratok,P.205 Saratok,N.39 Krian,Luar Bandar
2633,111.377785,1.552423,28.15474051549056,26.938177653710103,Betong,P.204 Betong,N.35 Saribas,Luar Bandar
2634,111.380639,1.293702,7.892922364712568,6.414847015515458,Sri Aman,P.201 Batang Lupar,N.28 Lingga,Luar Bandar
2635,111.380682,1.301704,6.539686202186432,5.315025864698336,Sri Aman,P.201 Batang Lupar,N.28 Lingga,Luar Bandar
2636,111.381154,1.64355,5.023551153897749,4.806484128729329,Betong,P.201 Batang Lupar,N.29 Beting Maro,Luar Bandar
2637,111.381594,1.909218,2.484398353254103,2.198835324144436,Kabong,P.205 Saratok,N.39 Krian,Luar Bandar
2638,111.381605,1.810136,1.1483674101196888,1.0955689085049904,Saratok,P.205 Saratok,N.39 Krian,Luar Bandar
2639,111.382007,1.721043,2.2967348202393776,2.191137817009981,Saratok,P.205 Saratok,N.39 Krian,Luar Bandar
2640,111.38272,1.349198,78.16045992226333,63.523669674648474,Sri Aman,P.202 Sri Aman,N.31 Bukit Begunan,Luar Bandar
2641,111.382817,2.142221,3.700244453347678,3.4888019131563826,Sarikei,P.206 Tanjong Manis,N.41 Kuala Rajang,Luar Bandar
2642,111.382849,1.773,4.415801270257974,4.212775924498987,Saratok,P.205 Saratok,N.39 Krian,Luar Bandar
2643,111.383171,1.943585,4.9536630834062905,4.384276522095222,Kabong,P.205 Saratok,N.39 Krian,Luar Bandar
2644,111.383214,1.903364,12.07025393316432,10.682868423605202,Kabong,P.205 Saratok,N.39 Krian,Luar Bandar
2645,111.384501,1.645191,3.733796664003844,3.572459771114789,Betong,P.201 Batang Lupar,N.29 Beting Maro,Luar Bandar
2646,111.384915,1.093108,16.246485394221814,13.204072399049188,Sri Aman,P.202 Sri Aman,N.31 Bukit Begunan,Luar Bandar
2647,111.384915,1.27659,7.515155578870225,6.107823073463816,Sri Aman,P.201 Batang Lupar,N.28 Lingga,Luar Bandar
2648,111.384915,1.29327,28.6495244081039,23.28444493093089,Sri Aman,P.201 Batang Lupar,N.28 Lingga,Luar Bandar
2649,111.384915,1.30161,37.046492046195745,30.1089467191928,Sri Aman,P.201 Batang Lupar,N.28 Lingga,Luar Bandar
2650,111.384915,1.576832,2.200717968468898,2.1056252167449334,Betong,P.204 Betong,N.35 Saribas,Luar Bandar
2651,111.384915,1.802013,2.9189719813946615,2.784766373054677,Saratok,P.205 Saratok,N.39 Krian,Luar Bandar
2652,111.384915,2.002174,0.37002444533476775,0.3488801913156382,Sarikei,P.206 Tanjong Manis,N.41 Kuala Rajang,Luar Bandar
2653,111.385124,1.961342,2.36822848352213,2.096018313002345,Kabong,P.205 Saratok,N.39 Krian,Luar Bandar
2654,111.385671,1.703703,4.125609445839131,3.9359262529269867,Saratok,P.205 Saratok,N.39 Krian,Luar Bandar
2655,111.385682,1.346431,37.9508492460512,30.843948638176443,Sri Aman,P.202 Sri Aman,N.31 Bukit Begunan,Luar Bandar
2656,111.386025,1.044802,3.0597983003881017,2.486802363985835,Sri Aman,P.202 Sri Aman,N.31 Bukit Begunan,Luar Bandar
2657,111.386143,1.111116,6.062297765281939,4.927036011483823,Sri Aman,P.202 Sri Aman,N.31 Bukit Begunan,Luar Bandar
2658,111.387033,2.071764,2.960195562678142,2.791041530525105,Sarikei,P.206 Tanjong Manis,N.41 Kuala Rajang,Luar Bandar
2659,111.389319,2.04883,1.1100733360043034,1.0466405739469147,Sarikei,P.206 Tanjong Manis,N.41 Kuala Rajang,Luar Bandar
2660,111.390713,2.053607,2.960195562678142,2.791041530525105,Sarikei,P.206 Tanjong Manis,N.41 Kuala Rajang,Luar Bandar
2661,111.390896,1.790501,2.870918525299222,2.7389222712624766,Saratok,P.205 Saratok,N.39 Krian,Luar Bandar
2662,111.391068,1.68634,3.0334278135301624,2.8939598680805,Saratok,P.205 Saratok,N.39 Krian,Luar Bandar
2663,111.391561,1.341819,43.53712810392128,35.38410785974127,Sri Aman,P.202 Sri Aman,N.31 Bukit Begunan,Luar Bandar
2664,111.393246,1.101448,3.2971782402442416,2.6797291315842715,Sri Aman,P.202 Sri Aman,N.31 Bukit Begunan,Luar Bandar
2665,111.393246,1.30161,1.0711624187465576,0.8705702054981386,Sri Aman,P.201 Batang Lupar,N.28 Lingga,Luar Bandar
2666,111.393246,1.485091,46.323328417890856,44.321703115883224,Betong,P.204 Betong,N.35 Saribas,Luar Bandar
2667,111.393246,1.576832,4.325162318546676,4.138272588732931,Betong,P.204 Betong,N.35 Saribas,Luar Bandar
2668,111.393246,1.618532,3.0005517005896496,2.8708982320456524,Betong,P.201 Batang Lupar,N.29 Beting Maro,Luar Bandar
2669,111.393246,1.643552,13.88119232726564,13.281387720531942,Betong,P.201 Batang Lupar,N.29 Beting Maro,Luar Bandar
2670,111.395016,1.336134,7.7064058927217785,6.2632587218000975,Sri Aman,P.201 Batang Lupar,N.28 Lingga,Luar Bandar
2671,111.39655,1.821911,4.948188861848482,4.720685925671542,Saratok,P.205 Saratok,N.39 Krian,Luar Bandar
2672,111.396593,1.967067,2.314813097626092,2.048742626634587,Kabong,P.205 Saratok,N.39 Krian,Luar Bandar
2673,111.396717,1.6428,3.5796634366330777,3.42498662146992,Betong,P.201 Batang Lupar,N.29 Beting Maro,Luar Bandar
2674,111.397719,1.193733,6.8663162408694784,5.5804892294707,Sri Aman,P.202 Sri Aman,N.31 Bukit Begunan,Luar Bandar
2675,111.397741,1.321933,3.566908322188769,2.8989479622283256,Sri Aman,P.201 Batang Lupar,N.28 Lingga,Luar Bandar
2676,111.397977,1.544647,4.248535445762669,4.064956753661813,Betong,P.204 Betong,N.35 Saribas,Luar Bandar
2677,111.398256,1.713821,1.1483674101196888,1.0955689085049904,Saratok,P.205 Saratok,N.39 Krian,Luar Bandar
2678,111.39847,1.640762,12.146363748627607,11.621520870600488,Betong,P.201 Batang Lupar,N.29 Beting Maro,Luar Bandar
2679,111.3989,1.326974,3.5373870641178504,2.874955029638852,Sri Aman,P.201 Batang Lupar,N.28 Lingga,Luar Bandar
2680,111.399801,1.640794,8.605626660390602,8.233778594818169,Betong,P.201 Batang Lupar,N.29 Beting Maro,Luar Bandar
2681,111.399844,1.911159,7.014092690447616,6.207875139821453,Kabong,P.205 Saratok,N.39 Krian,Luar Bandar
2682,111.399865,1.332594,4.811453100128417,3.910431920329089,Sri Aman,P.201 Batang Lupar,N.28 Lingga,Luar Bandar
2683,111.400504,2.042214,3.700244453347678,3.4888019131563826,Sarikei,P.206 Tanjong Manis,N.41 Kuala Rajang,Luar Bandar
2684,111.400573,1.710604,15.145815791134797,14.449456444415954,Saratok,P.205 Saratok,N.39 Krian,Luar Bandar
2685,111.4006351,2.581423,3.461629746830532,2.6114048967318046,Daro,P.207 Igan,N.43 Daro,Luar Bandar
2686,111.401324,2.067513,3.5981260704678446,3.392518866441111,Sarikei,P.206 Tanjong Manis,N.41 Kuala Rajang,Luar Bandar
2687,111.401577,1.101448,9.561363476240395,7.770845971326464,Sri Aman,P.202 Sri Aman,N.31 Bukit Begunan,Luar Bandar
2688,111.401577,1.109789,12.81542324170431,10.415531248875787,Sri Aman,P.202 Sri Aman,N.31 Bukit Begunan,Luar Bandar
2689,111.401577,1.485091,7.921379324300231,7.579097501645283,Betong,P.204 Betong,N.35 Saribas,Luar Bandar
2690,111.401577,1.601852,11.042568049201961,10.56542004707595,Betong,P.204 Betong,N.35 Saribas,
2691,111.401577,1.643552,10.855465560380004,10.386402233696916,Betong,P.201 Batang Lupar,N.29 Beting Maro,Luar Bandar
2692,111.401577,1.827033,4.895527691763211,4.67044595880858,Saratok,P.205 Saratok,N.39 Krian,Luar Bandar
2693,111.401577,2.410837,12.097355471838245,9.126075180509552,Daro,P.206 Tanjong Manis,N.42 Semop,Luar Bandar
2694,111.401577,2.419177,21.385244619722336,16.132728397334397,Daro,P.207 Igan,N.43 Daro,Luar Bandar
2695,111.401577,2.535938,12.802480124304624,9.658011321843839,Daro,P.207 Igan,N.43 Daro,Luar Bandar
2696,111.402161,1.262038,3.7575253212703528,3.053868894066167,Sri Aman,P.201 Batang Lupar,N.28 Lingga,Luar Bandar
2697,111.402204,1.057095,3.1417946605373457,2.5534436005116254,Sri Aman,P.202 Sri Aman,N.31 Bukit Begunan,Luar Bandar
2698,111.402451,1.344661,9.669538221535973,7.858763273682794,Sri Aman,P.201 Batang Lupar,N.28 Lingga,Luar Bandar
2699,111.40258,1.906441,2.6069629214138867,2.3073120109065437,Kabong,P.205 Saratok,N.39 Krian,Luar Bandar
2700,111.403282,1.718979,0.5741837050598444,0.5477844542524952,Saratok,P.205 Saratok,N.39 Krian,Luar Bandar
2701,111.40362,2.574644,4.838875027734908,3.6503794068877378,Daro,P.207 Igan,N.43 Daro,Luar Bandar
2702,111.405433,1.836505,3.4410705380363322,3.282860398356501,Saratok,P.205 Saratok,N.39 Krian,Luar Bandar
2703,111.406109,1.578591,2.036315539072807,1.9483265960264513,Betong,P.204 Betong,N.35 Saribas,Luar Bandar
2704,111.40626,2.527837,12.485899666331353,9.419187467583301,Daro,P.207 Igan,N.43 Daro,Luar Bandar
2705,111.406345,2.581632,6.525262822520771,4.922566690673564,Daro,P.207 Igan,N.43 Daro,Luar Bandar
2706,111.406431,1.264119,7.092709805259578,5.764486995285875,Sri Aman,P.201 Batang Lupar,N.28 Lingga,Luar Bandar
2707,111.407515,1.748121,1.5926713387238038,1.5194450702767326,Saratok,P.205 Saratok,N.39 Krian,Luar Bandar
2708,111.408357,1.819578,1.759932818196813,1.6790163667854654,Saratok,P.205 Saratok,N.39 Krian,Luar Bandar
2709,111.408362,1.47192,7.228817613692818,6.91646129705177,Betong,P.204 Betong,N.35 Saribas,Luar Bandar
2710,111.409038,1.898463,4.344938202356478,3.845520018177573,Kabong,P.205 Saratok,N.39 Krian,Luar Bandar
2711,111.409634,2.358857,4.240156819749291,3.1801176148119685,Tanjung Manis,P.206 Tanjong Manis,N.42 Semop,Luar Bandar
2712,111.409908,1.259909,9.99310981743857,8.121740937768427,Sri Aman,P.201 Batang Lupar,N.28 Lingga,Luar Bandar
2713,111.409908,1.468411,55.58304011370663,53.18130381249709,Betong,P.204 Betong,N.35 Saribas,Luar Bandar
2714,111.409908,1.585172,2.0426465125776305,1.954384008947733,Betong,P.204 Betong,N.35 Saribas,Luar Bandar
2715,111.409908,1.835373,13.512908159504615,12.891625025734289,Saratok,P.205 Saratok,N.39 Krian,Luar Bandar
2716,111.409908,1.843713,5.008070156609565,4.777814057455102,Saratok,P.205 Saratok,N.39 Krian,Luar Bandar
2717,111.409908,2.310756,5.466618426253004,4.099963819689753,Tanjung Manis,P.206 Tanjong Manis,N.42 Semop,Luar Bandar
2718,111.409908,2.527598,55.833010740952105,42.11963968177088,Daro,P.207 Igan,N.43 Daro,Luar Bandar
2719,111.410878,2.045474,2.2201466720086063,2.093281147893829,Sarikei,P.206 Tanjong Manis,N.41 Kuala Rajang,Luar Bandar
2720,111.411023,1.902484,4.344938202356478,3.845520018177573,Kabong,P.205 Saratok,N.39 Krian,Luar Bandar
2721,111.412332,1.567545,4.248535445762669,4.064956753661813,Betong,P.204 Betong,N.35 Saribas,Luar Bandar
2722,111.412632,2.520442,30.79197735676319,23.229035549838905,Daro,P.207 Igan,N.43 Daro,Luar Bandar
2723,111.412815,2.086062,2.2201466720086063,2.093281147893829,Sarikei,P.206 Tanjong Manis,N.41 Kuala Rajang,Luar Bandar
2724,111.412847,2.055129,10.26213195138935,9.675724411309957,Sarikei,P.206 Tanjong Manis,N.41 Kuala Rajang,Luar Bandar
2725,111.413212,1.465399,7.714643356195953,7.381294569199832,Betong,P.204 Betong,N.35 Saribas,Luar Bandar
2726,111.413738,1.712078,1.2436959008874338,1.1865144801569771,Saratok,P.205 Saratok,N.39 Krian,Luar Bandar
2727,111.414489,1.826945,0.5741837050598444,0.5477844542524952,Saratok,P.205 Saratok,N.39 Krian,Luar Bandar
2728,111.414575,1.718824,4.364570951036935,4.1639010222536275,Saratok,P.205 Saratok,N.39 Krian,Luar Bandar
2729,111.415122,1.725987,3.194214430641531,3.047353997048817,Saratok,P.205 Saratok,N.39 Krian,Luar Bandar
2730,111.415733,2.055794,6.9468456992816945,6.549883087894169,Sarikei,P.206 Tanjong Manis,N.41 Kuala Rajang,Luar Bandar
2731,111.417825,1.169748,6.062297765281939,4.927036011483823,Sri Aman,P.202 Sri Aman,N.31 Bukit Begunan,Luar Bandar
2732,111.417868,1.921453,7.747041767881478,6.856577196860619,Kabong,P.205 Saratok,N.39 Krian,Luar Bandar
2733,111.417935,2.045211,0.7400488906695355,0.6977603826312764,Sarikei,P.206 Tanjong Manis,N.41 Kuala Rajang,Luar Bandar
2734,111.41804,1.579192,13.003590664985307,12.441707117732854,Betong,P.204 Betong,N.35 Saribas,Luar Bandar
2735,111.418239,1.109789,3.1410964281174714,2.552876123226559,Sri Aman,P.202 Sri Aman,N.31 Bukit Begunan,Luar Bandar
2736,111.418239,1.118129,21.86043263971563,17.76671866224079,Sri Aman,P.202 Sri Aman,N.31 Bukit Begunan,Luar Bandar
2737,111.418239,1.26825,2.7030135073623596,2.196831202612854,Sri Aman,P.201 Batang Lupar,N.28 Lingga,Luar Bandar
2738,111.418239,1.660232,2.9875369658123794,2.850178944395718,Saratok,P.205 Saratok,N.39 Krian,Luar Bandar
2739,111.418239,1.993834,6.061380761970807,5.715016147001046,Sarikei,P.206 Tanjong Manis,N.41 Kuala Rajang,Luar Bandar
2740,111.418239,2.519258,61.31068851962331,46.25192291831233,Daro,P.207 Igan,N.43 Daro,Luar Bandar
2741,111.420239,2.07415,8.080436717440682,7.618697476444071,Sarikei,P.206 Tanjong Manis,N.41 Kuala Rajang,Luar Bandar
2742,111.420336,1.560735,92.89893947313115,88.88478776750202,Betong,P.204 Betong,N.35 Saribas,Luar Bandar
2743,111.420422,1.545398,15.368722080718882,14.704641496984118,Betong,P.204 Betong,N.35 Saribas,Luar Bandar
2744,111.420701,1.913325,4.970902360887683,4.399534273429328,Kabong,P.205 Saratok,N.39 Krian,Luar Bandar
2745,111.420894,1.614154,2.19598771991251,2.101099361644686,Betong,P.204 Betong,N.35 Saribas,Luar Bandar
2746,111.42113,2.058978,1.8213879509895587,1.717308639504441,Sarikei,P.206 Tanjong Manis,N.41 Kuala Rajang,Luar Bandar
2747,111.421175,2.046659,0.7400488906695355,0.6977603826312764,Sarikei,P.206 Tanjong Manis,N.41 Kuala Rajang,Luar Bandar
2748,111.421806,1.526887,2.095771691027388,2.00521365499534,Betong,P.204 Betong,N.35 Saribas,Luar Bandar
2749,111.422095,1.744968,6.354611814730472,6.062445754283093,Saratok,P.205 Saratok,N.39 Krian,Luar Bandar
2750,111.422117,1.568939,54.08617939454945,51.749122260217064,Betong,P.204 Betong,N.35 Saribas,Luar Bandar
2751,111.422299,1.650896,1.5938937712384065,1.5206112989975604,Saratok,P.205 Saratok,N.39 Krian,Luar Bandar
2752,111.422567,2.515704,172.14295792822602,129.86223141953892,Daro,P.207 Igan,N.43 Daro,Luar Bandar
2753,111.422696,1.718598,2.9295084688497655,2.7948184243049488,Saratok,P.205 Saratok,N.39 Krian,Luar Bandar
2754,111.422782,1.546771,18.33134569823412,17.539250513742523,Betong,P.204 Betong,N.35 Saribas,Luar Bandar
2755,111.422964,2.070536,1.4800977813390714,1.395520765262553,Sarikei,P.206 Tanjong Manis,N.41 Kuala Rajang,Luar Bandar
2756,111.423876,1.920585,4.721345219837206,4.178661861235228,Kabong,P.205 Saratok,N.39 Krian,Luar Bandar
2757,111.423951,2.062613,5.920391125356284,5.582083061050211,Sarikei,P.206 Tanjong Manis,N.41 Kuala Rajang,Luar Bandar
2758,111.424381,1.549484,54.50163829431234,52.14662923221243,Betong,P.204 Betong,N.35 Saribas,Luar Bandar
2759,111.425915,1.266286,4.555265349839545,3.7022194041767094,Sri Aman,P.201 Batang Lupar,N.28 Lingga,Luar Bandar
2760,111.426258,1.990282,10.034556756637198,9.461153513400784,Sarikei,P.206 Tanjong Manis,N.41 Kuala Rajang,Luar Bandar
2761,111.426322,2.631448,3.432298154858719,2.589277555419735,Daro,P.207 Igan,N.43 Daro,Luar Bandar
2762,111.42657,1.109789,3.023572382938581,2.4573603262085095,Sri Aman,P.202 Sri Aman,N.31 Bukit Begunan,Luar Bandar
2763,111.42657,1.118129,68.71835351905152,55.84974799113926,Sri Aman,P.202 Sri Aman,N.31 Bukit Begunan,Luar Bandar
2764,111.42657,1.560151,77.47273387178635,74.12514660572151,Betong,P.204 Betong,N.37 Bukit Saban,Luar Bandar
2765,111.42657,1.576832,69.21648034091922,66.2256447706326,Betong,P.204 Betong,N.37 Bukit Saban,Luar Bandar
2766,111.42657,1.585172,2.8739312734346587,2.749749057915878,Betong,P.204 Betong,N.37 Bukit Saban,Luar Bandar
2767,111.42657,1.651892,4.860179061853909,4.636722553262924,Saratok,P.205 Saratok,N.39 Krian,Luar Bandar
2768,111.42657,1.660232,5.0131254869903525,4.782636958852866,Saratok,P.205 Saratok,N.39 Krian,Luar Bandar
2769,111.42657,2.519258,205.89472412589228,155.3240901300591,Daro,P.207 Igan,N.43 Daro,Luar Bandar
2770,111.42657,2.627678,62.30527820920085,47.002227420976084,Daro,P.207 Igan,N.43 Daro,Luar Bandar
2771,111.426854,2.046664,0.37002444533476775,0.3488801913156382,Sarikei,P.206 Tanjong Manis,N.41 Kuala Rajang,Luar Bandar
2772,111.428779,2.629154,14.988508857027849,11.30712071670522,Daro,P.207 Igan,N.43 Daro,Luar Bandar
2773,111.42923,1.720185,4.143974092101252,3.953446547636827,Saratok,P.205 Saratok,N.39 Krian,Luar Bandar
2774,111.429498,1.036585,3.3208288230495917,2.698950766298732,Sri Aman,P.202 Sri Aman,N.31 Bukit Begunan,Luar Bandar
2775,111.429563,1.26369,1.2878252379793567,1.0466594630768553,Sri Aman,P.201 Batang Lupar,N.28 Lingga,Luar Bandar
2776,111.429715,2.045849,0.37002444533476775,0.3488801913156382,Sarikei,P.206 Tanjong Manis,N.41 Kuala Rajang,Luar Bandar
2777,111.429884,1.563834,61.920532861155515,59.244954280735215,Betong,P.204 Betong,N.37 Bukit Saban,Luar Bandar
2778,111.431386,1.56718,4.471013508887916,4.277821567145846,Betong,P.204 Betong,N.37 Bukit Saban,Luar Bandar
2779,111.431569,1.668635,4.967789966210571,4.739385829833074,Saratok,P.205 Saratok,N.39 Krian,Luar Bandar
2780,111.431966,1.571213,19.79342562684309,18.93815414913999,Betong,P.204 Betong,N.37 Bukit Saban,Luar Bandar
2781,111.432009,1.263754,5.739266818285147,4.664497751190549,Sri Aman,P.201 Batang Lupar,N.28 Lingga,Luar Bandar
2782,111.432276,1.468821,8.05988274959552,7.711616211032751,Betong,P.204 Betong,N.35 Saribas,Luar Bandar
2783,111.432352,1.572157,9.465839160174587,9.056821418685562,Betong,P.204 Betong,N.37 Bukit Saban,Luar Bandar
2784,111.432524,1.598496,6.669799117930054,6.381597921476287,Betong,P.204 Betong,N.35 Saribas,Luar Bandar
2785,111.433039,1.716496,4.625388822702233,4.412727267635463,Saratok,P.205 Saratok,N.39 Krian,Luar Bandar
2786,111.433468,2.513325,129.6531970575028,97.80855216618632,Daro,P.207 Igan,N.43 Daro,Luar Bandar
2787,111.434197,2.080979,3.700244453347678,3.4888019131563826,Sarikei,P.206 Tanjong Manis,N.41 Kuala Rajang,Luar Bandar
2788,111.434294,1.868353,2.870918525299222,2.7389222712624766,Saratok,P.205 Saratok,N.39 Krian,Luar Bandar
2789,111.434901,1.118129,11.595766859742437,9.424274938442355,Sri Aman,P.202 Sri Aman,N.31 Bukit Begunan,Luar Bandar
2790,111.434901,1.151489,5.311795355654648,4.317077124258647,Sri Aman,P.202 Sri Aman,N.31 Bukit Begunan,Luar Bandar
2791,111.434901,1.184849,2.4796003372162945,2.0152557047787867,Sri Aman,P.202 Sri Aman,N.31 Bukit Begunan,Luar Bandar
2792,111.434901,1.259909,3.627907446555624,2.948524029597642,Sri Aman,P.201 Batang Lupar,N.28 Lingga,Luar Bandar
2793,111.434901,1.543471,2.0592103558242285,1.9702321305725645,Betong,P.204 Betong,N.37 Bukit Saban,Luar Bandar
2794,111.434901,1.610192,2.4656804108386554,2.359138664691306,Betong,P.204 Betong,N.35 Saribas,Luar Bandar
2795,111.434901,1.685252,8.129333542701756,7.755571080968343,Saratok,P.205 Saratok,N.39 Krian,Luar Bandar
2796,111.434901,1.977154,7.69775196123156,7.257880420589757,Sarikei,P.209 Julau,N.47 Pakan,Luar Bandar
2797,111.434901,2.519258,203.41377155138642,153.45249432823886,Daro,P.207 Igan,N.43 Daro,Luar Bandar
2798,111.435142,1.698737,1.5557157563821107,1.4841885951691403,Saratok,P.205 Saratok,N.39 Krian,Luar Bandar
2799,111.436434,1.746212,0.5741837050598444,0.5477844542524952,Saratok,P.205 Saratok,N.39 Krian,Luar Bandar
2800,111.436708,1.143532,11.282562870019882,9.169723381252116,Sri Aman,P.202 Sri Aman,N.31 Bukit Begunan,Luar Bandar
2801,111.437073,1.688067,2.870918525299222,2.7389222712624766,Saratok,P.205 Saratok,N.39 Krian,Luar Bandar
2802,111.4376522,2.516669,13.14282446571991,9.914762316244845,Daro,P.207 Igan,N.43 Daro,Luar Bandar
2803,111.438736,1.728893,1.3485292656405674,1.2865279200938748,Saratok,P.205 Saratok,N.39 Krian,Luar Bandar
2804,111.43938,1.785599,5.741837050598444,5.477844542524953,Saratok,P.205 Saratok,N.39 Krian,Luar Bandar
2805,111.439852,1.862187,0.5741837050598444,0.5477844542524952,Saratok,P.205 Saratok,N.39 Krian,Luar Bandar
2806,111.441429,2.027327,7.974298022718722,7.518623849991938,Sarikei,P.208 Sarikei,N.45 Repok,Luar Bandar
2807,111.442566,1.9821,3.805552642816523,3.5880924917984363,Sarikei,P.209 Julau,N.47 Pakan,Luar Bandar
2808,111.442705,2.096097,1.7982021378395043,1.6954477299629611,Sarikei,P.206 Tanjong Manis,N.41 Kuala Rajang,Luar Bandar
2809,111.443232,1.151489,16.630322893251694,13.516030216612801,Sri Aman,P.202 Sri Aman,N.31 Bukit Begunan,Luar Bandar
2810,111.443232,1.226549,28.3469747863043,23.038552541678026,Sri Aman,P.202 Sri Aman,N.32 Simanggang,Luar Bandar
2811,111.443232,1.234889,8.367983548656312,6.800945430930412,Sri Aman,P.202 Sri Aman,N.32 Simanggang,Luar Bandar
2812,111.443232,1.251569,1.2368467574123694,1.0052275144512515,Sri Aman,P.201 Batang Lupar,N.28 Lingga,Luar Bandar
2813,111.443232,1.259909,3.213703779995637,2.6118865927305364,Sri Aman,P.201 Batang Lupar,N.28 Lingga,Luar Bandar
2814,111.443232,1.443391,8.221966964209452,7.866696786743612,Betong,P.204 Betong,N.35 Saribas,Luar Bandar
2815,111.443232,1.451731,7.144070207800592,6.835375816105506,Betong,P.204 Betong,N.35 Saribas,Luar Bandar
2816,111.443232,1.535131,1.0262135097221923,0.9818709506601224,Betong,P.204 Betong,N.37 Bukit Saban,Luar Bandar
2817,111.443232,1.610192,5.0631738622228175,4.844394744719363,Betong,P.204 Betong,N.37 Bukit Saban,Luar Bandar
2818,111.443232,1.843713,1.7597637245407751,1.6788550475503947,Saratok,P.205 Saratok,N.39 Krian,Luar Bandar
2819,111.443232,2.327436,2.1238252245999587,1.5928689184499691,Tanjung Manis,P.206 Tanjong Manis,N.42 Semop,Luar Bandar
2820,111.443232,2.352457,1.4402477350329868,1.08018580127474,Tanjung Manis,P.206 Tanjong Manis,N.42 Semop,Luar Bandar
2821,111.443232,2.544278,46.54235659604075,35.11090058999565,Daro,P.207 Igan,N.43 Daro,Luar Bandar
2822,111.443821,2.083778,3.700244453347678,3.4888019131563826,Sarikei,P.206 Tanjong Manis,N.41 Kuala Rajang,Luar Bandar
2823,111.443832,1.803188,2.2967348202393776,2.191137817009981,Saratok,P.205 Saratok,N.39 Krian,Luar Bandar
2824,111.443939,1.589338,3.669186802910758,3.5106416941430094,Betong,P.204 Betong,N.37 Bukit Saban,Luar Bandar
2825,111.444336,1.731639,1.1483674101196888,1.0955689085049904,Saratok,P.205 Saratok,N.39 Krian,Luar Bandar
2826,111.44469,1.471985,12.900122821231781,12.342710106734113,Betong,P.204 Betong,N.35 Saribas,Luar Bandar
2827,111.444722,1.988684,7.3952154594396315,6.972631718900224,Sarikei,P.209 Julau,N.47 Pakan,Luar Bandar
2828,111.446085,1.85288,1.1483674101196888,1.0955689085049904,Saratok,P.205 Saratok,N.39 Krian,Luar Bandar
2829,111.447179,1.471877,11.662895273632788,11.15894300872273,Betong,P.204 Betong,N.35 Saribas,Luar Bandar
2830,111.448317,1.835905,12.143232986139619,11.584923423558488,Saratok,P.205 Saratok,N.39 Krian,Luar Bandar
2831,111.4500253,2.024046,5.980723517039041,5.638967887493953,Sarikei,P.208 Sarikei,N.45 Repok,Luar Bandar
2832,111.450039,1.996018,1.1238003105778815,1.0595831499734312,Sarikei,P.209 Julau,N.47 Pakan,Luar Bandar
2833,111.450967,1.530844,2.801898120648911,2.6808284487690193,Betong,P.204 Betong,N.37 Bukit Saban,Luar Bandar
2834,111.450977,1.586367,2.8962472608700347,2.771100774289231,Betong,P.204 Betong,N.37 Bukit Saban,Luar Bandar
2835,111.451563,1.159829,2.8023231528963684,2.2775435362491083,Sri Aman,P.202 Sri Aman,N.31 Bukit Begunan,Luar Bandar
2836,111.451563,1.226549,1.4372407762757686,1.1680945634900441,Sri Aman,P.202 Sri Aman,N.32 Simanggang,Luar Bandar
2837,111.451563,1.234889,113.08783852768997,91.91034067606265,Sri Aman,P.202 Sri Aman,N.32 Simanggang,Luar Bandar
2838,111.451563,1.243229,56.108774495035746,45.601513353643284,Sri Aman,P.201 Batang Lupar,N.28 Lingga,Luar Bandar
2839,111.451563,1.251569,5.914128998339193,4.806614204642715,Sri Aman,P.201 Batang Lupar,N.28 Lingga,Luar Bandar
2840,111.451563,1.259909,0.9615284571559413,0.7814669483252407,Sri Aman,P.201 Batang Lupar,N.28 Lingga,Luar Bandar
2841,111.451563,1.560151,1.72169726127477,1.647302935170305,Betong,P.204 Betong,N.37 Bukit Saban,Luar Bandar
2842,111.451563,1.685252,2.881387637464192,2.748910044937103,Saratok,P.205 Saratok,N.39 Krian,Luar Bandar
2843,111.451563,2.010514,19.946063987827785,18.80628890280905,Sarikei,P.208 Sarikei,N.45 Repok,Luar Bandar
2844,111.451563,2.327436,16.176469413881126,12.132352060410845,Tanjung Manis,P.206 Tanjong Manis,N.42 Semop,Luar Bandar
2845,111.451563,2.352457,2.892841503586129,2.1696311276895965,Tanjung Manis,P.206 Tanjong Manis,N.42 Semop,Luar Bandar
2846,111.451563,2.460877,4.429785884943138,3.3417682991676303,Daro,P.207 Igan,N.43 Daro,Luar Bandar
2847,111.451954,1.733724,2.870918525299222,2.7389222712624766,Saratok,P.205 Saratok,N.39 Krian,Luar Bandar
2848,111.452029,1.841652,7.031702158870404,6.708405507887857,Saratok,P.205 Saratok,N.39 Krian,Luar Bandar
2849,111.452501,2.082706,6.0587613341810735,5.712546400799298,Sarikei,P.208 Sarikei,N.45 Repok,Luar Bandar
2850,111.453252,1.333217,10.790846608731576,8.770088816834278,Sri Aman,P.201 Batang Lupar,N.28 Lingga,Luar Bandar
2851,111.453461,2.027134,2.491968132099601,2.3495699531224807,Sarikei,P.208 Sarikei,N.45 Repok,Luar Bandar
2852,111.453724,1.04832,13.024697822301347,10.585615833106337,Sri Aman,P.202 Sri Aman,N.31 Bukit Begunan,Luar Bandar
2853,111.4544,1.594325,3.212150109008022,3.0733534993595275,Betong,P.204 Betong,N.37 Bukit Saban,Luar Bandar
2854,111.455011,1.745376,1.586505555431309,1.5135627712735478,Saratok,P.205 Saratok,N.39 Krian,Luar Bandar
2855,111.455462,1.598711,6.383532860063218,6.107701193270364,Betong,P.204 Betong,N.37 Bukit Saban,Luar Bandar
2856,111.455741,1.591011,10.575269118356752,10.118313045341338,Betong,P.204 Betong,N.37 Bukit Saban,Luar Bandar
2857,111.456025,1.736175,19.988689220816884,19.069669026756337,Saratok,P.205 Saratok,N.39 Krian,Luar Bandar
2858,111.456315,2.269001,0.32605675855131644,0.24454256891348736,Tanjung Manis,P.206 Tanjong Manis,N.42 Semop,Luar Bandar
2859,111.45646,1.741569,3.0794676188556314,2.937882900747326,Saratok,P.205 Saratok,N.39 Krian,Luar Bandar
2860,111.457082,1.686565,1.1483674101196888,1.0955689085049904,Saratok,P.205 Saratok,N.39 Krian,Luar Bandar
2861,111.457629,1.938674,7.02375194111176,6.622394687333945,Sarikei,P.209 Julau,N.47 Pakan,Luar Bandar
2862,111.457801,1.270684,2.882168141600214,2.3424362798773277,Sri Aman,P.201 Batang Lupar,N.28 Lingga,Luar Bandar
2863,111.458053,2.027386,2.374818500332259,2.2391145860275583,Sarikei,P.208 Sarikei,N.45 Repok,Luar Bandar
2864,111.45897,1.578023,0.9406840721910659,0.9000372295655259,Betong,P.204 Betong,N.37 Bukit Saban,Luar Bandar
2865,111.459324,1.248502,28.86700690115977,23.461200365362057,Sri Aman,P.201 Batang Lupar,N.28 Lingga,Luar Bandar
2866,111.459657,1.431904,11.473035775625322,10.977287316184722,Betong,P.204 Betong,N.35 Saribas,Luar Bandar
2867,111.459894,1.084768,9.819733614088271,7.980832188229044,Sri Aman,P.202 Sri Aman,N.31 Bukit Begunan,Luar Bandar
2868,111.459894,1.159829,57.6019282187667,46.815050275177434,Sri Aman,P.202 Sri Aman,N.31 Bukit Begunan,Luar Bandar
2869,111.459894,1.193189,1.7360557352584893,1.4109516649853642,Sri Aman,P.202 Sri Aman,N.32 Simanggang,Luar Bandar
2870,111.459894,1.209869,28.876470294510575,23.46889158767339,Sri Aman,P.202 Sri Aman,N.32 Simanggang,Luar Bandar
2871,111.459894,1.218209,71.91931188140784,58.451275948559925,Sri Aman,P.202 Sri Aman,N.32 Simanggang,Luar Bandar
2872,111.459894,1.226549,164.2992766563216,133.531621851767,Sri Aman,P.202 Sri Aman,N.32 Simanggang,Luar Bandar
2873,111.459894,1.234889,164.3259492804648,133.55329960247516,Sri Aman,P.201 Batang Lupar,N.28 Lingga,Luar Bandar
2874,111.459894,1.243229,98.33077163244906,79.91676945408781,Sri Aman,P.201 Batang Lupar,N.28 Lingga,Luar Bandar
2875,111.459894,1.601852,10.777987201814826,10.31227170544011,Betong,P.204 Betong,N.37 Bukit Saban,Luar Bandar
2876,111.459894,1.610192,1.044510580431597,0.9993774072030714,Betong,P.204 Betong,N.37 Bukit Saban,Luar Bandar
2877,111.459894,2.010514,82.34460984877832,77.63920357170525,Sarikei,P.209 Julau,N.47 Pakan,Luar Bandar
2878,111.459894,2.077235,2.1256165626390318,2.004152759059658,Sarikei,P.208 Sarikei,N.45 Repok,Luar Bandar
2879,111.459894,2.560958,12.232640666286443,9.228132432461702,Daro,P.207 Igan,N.43 Daro,Luar Bandar
2880,111.460998,2.003749,11.536516489553403,10.877286975864635,Sarikei,P.209 Julau,N.47 Pakan,Luar Bandar
2881,111.461341,1.590753,35.60700385109233,34.06842961061303,Betong,P.204 Betong,N.37 Bukit Saban,Luar Bandar
2882,111.461931,1.587911,3.9045347767927137,3.7358203111288315,Betong,P.204 Betong,N.37 Bukit Saban,Luar Bandar
2883,111.462597,1.72929,3.288355790857227,3.1371670188637912,Saratok,P.205 Saratok,N.39 Krian,Luar Bandar
2884,111.462715,2.566412,22.326902330979134,16.84310175845794,Daro,P.207 Igan,N.43 Daro,Luar Bandar
2885,111.462961,1.627313,3.279587024894602,3.1378764744361938,Betong,P.204 Betong,N.37 Bukit Saban,Luar Bandar
2886,111.463305,2.335546,5.727175689563276,4.295381767172457,Tanjung Manis,P.206 Tanjong Manis,N.42 Semop,Luar Bandar
2887,111.463466,1.237025,38.85213217189557,31.576451989892647,Sri Aman,P.201 Batang Lupar,N.28 Lingga,Luar Bandar
2888,111.464496,1.556906,0.9035455832900077,0.8645034901848839,Betong,P.204 Betong,N.37 Bukit Saban,Luar Bandar
2889,111.464818,1.939333,7.02375194111176,6.622394687333945,Sarikei,P.209 Julau,N.47 Pakan,Luar Bandar
2890,111.465011,1.213727,167.75781296328566,136.34249218364417,Sri Aman,P.202 Sri Aman,N.32 Simanggang,Luar Bandar
2891,111.465397,1.099316,9.699676424451102,7.883257618374117,Sri Aman,P.202 Sri Aman,N.31 Bukit Begunan,Luar Bandar
2892,111.465676,1.145978,5.072334578164038,4.1224591889947435,Sri Aman,P.202 Sri Aman,N.31 Bukit Begunan,Luar Bandar
2893,111.465719,1.78743,2.870918525299222,2.7389222712624766,Saratok,P.205 Saratok,N.39 Krian,Luar Bandar
2894,111.46574,1.093674,24.249191061127757,19.708144045935292,Sri Aman,P.202 Sri Aman,N.31 Bukit Begunan,Luar Bandar
2895,111.467017,1.432783,17.88530207329786,17.112480378772645,Betong,P.204 Betong,N.35 Saribas,Luar Bandar
2896,111.467414,1.72233,2.870918525299222,2.7389222712624766,Saratok,P.205 Saratok,N.39 Krian,Luar Bandar
2897,111.468225,1.159829,24.197557998201624,19.66618009591668,Sri Aman,P.202 Sri Aman,N.31 Bukit Begunan,Luar Bandar
2898,111.468225,1.168169,34.08760353350708,27.70415717891774,Sri Aman,P.202 Sri Aman,N.32 Simanggang,Luar Bandar
2899,111.468225,1.176509,7.581722864711322,6.1619245754395395,Sri Aman,P.202 Sri Aman,N.32 Simanggang,Luar Bandar
2900,111.468225,1.184849,23.76896710597471,19.317849670398925,Sri Aman,P.202 Sri Aman,N.32 Simanggang,Luar Bandar
2901,111.468225,1.193189,55.967693879833135,45.486852329302586,Sri Aman,P.202 Sri Aman,N.32 Simanggang,Luar Bandar
2902,111.468225,1.201529,81.50175139641894,66.23925113491727,Sri Aman,P.202 Sri Aman,N.32 Simanggang,Luar Bandar
2903,111.468225,1.209869,155.60272511616577,126.46363801576021,Sri Aman,P.202 Sri Aman,N.32 Simanggang,Luar Bandar
2904,111.468225,1.218209,137.94377848523706,112.11161022957468,Sri Aman,P.202 Sri Aman,N.32 Simanggang,Luar Bandar
2905,111.468225,1.226549,233.04738844968045,189.40555540666915,Sri Aman,P.202 Sri Aman,N.32 Simanggang,Luar Bandar
2906,111.468225,1.234889,158.51395506200237,128.82969381443638,Sri Aman,P.202 Sri Aman,N.32 Simanggang,Luar Bandar
2907,111.468225,1.526791,6.217031538209174,5.948394372977912,Betong,P.204 Betong,N.37 Bukit Saban,Luar Bandar
2908,111.468225,1.576832,1.077126299813163,1.0305838053767915,Betong,P.204 Betong,N.37 Bukit Saban,Luar Bandar
2909,111.468225,1.843713,16.12500277457508,15.38362333666358,Saratok,P.205 Saratok,N.39 Krian,Luar Bandar
2910,111.468225,2.018854,7.207917928066765,6.796036903605806,Sarikei,P.208 Sarikei,N.45 Repok,Luar Bandar
2911,111.468225,2.027194,5.028590578780861,4.741242545707669,Sarikei,P.208 Sarikei,N.45 Repok,Luar Bandar
2912,111.468225,2.035534,14.491355630185712,13.663278165603671,Sarikei,P.208 Sarikei,N.45 Repok,Luar Bandar
2913,111.468225,2.711079,33.98167547543184,28.091518393023655,Matu,P.207 Igan,N.44 Jemoreng,Luar Bandar
2914,111.470193,1.60343,4.034350830642976,3.8600270293188963,Betong,P.204 Betong,N.37 Bukit Saban,Luar Bandar
2915,111.47044,1.616331,3.7306680187264316,3.569466314213561,Betong,P.204 Betong,N.37 Bukit Saban,Luar Bandar
2916,111.470461,1.8738,5.741837050598444,5.477844542524953,Saratok,P.205 Saratok,N.39 Krian,Luar Bandar
2917,111.47295,1.454878,3.243106846760856,3.102972600295881,Betong,P.204 Betong,N.37 Bukit Saban,Luar Bandar
2918,111.473089,1.774223,5.752704792097386,5.488212617748081,Saratok,P.205 Saratok,N.39 Krian,Luar Bandar
2919,111.473175,2.087069,4.983936264199201,4.699139906244961,Sarikei,P.208 Sarikei,N.45 Repok,Luar Bandar
2920,111.474441,2.076659,10.484023859920429,9.884936782210689,Sarikei,P.208 Sarikei,N.45 Repok,Luar Bandar
2921,111.475246,1.406967,0.6608098026768496,0.6322562926846401,Betong,P.204 Betong,N.36 Layar,Luar Bandar
2922,111.475943,1.171442,3.5665659030546197,2.898669666527538,Sri Aman,P.202 Sri Aman,N.32 Simanggang,Luar Bandar
2923,111.476233,2.301124,51.966870124106556,43.305725103422134,Meradong,P.206 Tanjong Manis,N.42 Semop,Luar Bandar
2924,111.476556,1.151489,50.499764820920845,41.04288002299559,Sri Aman,P.202 Sri Aman,N.31 Bukit Begunan,Luar Bandar
2925,111.476556,1.168169,12.772205596804401,10.380406795904701,Sri Aman,P.202 Sri Aman,N.32 Simanggang,Luar Bandar
2926,111.476556,1.184849,1.677109953415754,1.3630444190682345,Sri Aman,P.202 Sri Aman,N.32 Simanggang,Luar Bandar
2927,111.476556,1.193189,20.073461464908522,16.31438628421404,Sri Aman,P.202 Sri Aman,N.32 Simanggang,Luar Bandar
2928,111.476556,1.201529,81.89324835049324,66.55743405264808,Sri Aman,P.202 Sri Aman,N.32 Simanggang,Luar Bandar
2929,111.476556,1.209869,212.0402472440035,172.33233577508898,Sri Aman,P.202 Sri Aman,N.32 Simanggang,Luar Bandar
2930,111.476556,1.218209,88.88050280223774,72.23621388796101,Sri Aman,P.202 Sri Aman,N.32 Simanggang,Luar Bandar
2931,111.476556,1.226549,104.06430768328049,84.57660961525043,Sri Aman,P.202 Sri Aman,N.32 Simanggang,Luar Bandar
2932,111.476556,1.234889,76.9142519830455,62.51083400869242,Sri Aman,P.202 Sri Aman,N.32 Simanggang,Luar Bandar
2933,111.476556,1.243229,70.39284146425668,57.210661414770414,Sri Aman,P.202 Sri Aman,N.32 Simanggang,Luar Bandar
2934,111.476556,1.460071,58.53696463705627,56.00758962187484,Betong,P.204 Betong,N.37 Bukit Saban,Luar Bandar
2935,111.476556,1.518451,1.9779747173485602,1.8925066740063388,Betong,P.204 Betong,N.37 Bukit Saban,Luar Bandar
2936,111.476556,1.560151,9.699500771504233,9.280386540636767,Betong,P.204 Betong,N.37 Bukit Saban,Luar Bandar
2937,111.476556,1.568491,6.64957885269088,6.362251371401767,Betong,P.204 Betong,N.37 Bukit Saban,Luar Bandar
2938,111.476556,2.027194,6.282618331014905,5.923611569242625,Sarikei,P.209 Julau,N.47 Pakan,Luar Bandar
2939,111.476556,2.035534,2.5246683669017687,2.38040160307881,Sarikei,P.208 Sarikei,N.45 Repok,Luar Bandar
2940,111.476556,2.060555,4.341092570106218,4.09303013752872,Sarikei,P.208 Sarikei,N.45 Repok,Luar Bandar
2941,111.476556,2.068895,8.474930613727013,7.990648864371183,Sarikei,P.208 Sarikei,N.45 Repok,Luar Bandar
2942,111.476556,2.127275,62.18780567841419,58.63421678250481,Sarikei,P.208 Sarikei,N.45 Repok,Luar Bandar
2943,111.476556,2.135615,82.6776381303808,77.95320166578762,Sarikei,P.206 Tanjong Manis,N.41 Kuala Rajang,Luar Bandar
2944,111.476556,2.143955,2.8903253097422352,2.7251638634712503,Sarikei,P.206 Tanjong Manis,N.41 Kuala Rajang,Luar Bandar
2945,111.476556,2.711079,28.97372580961718,23.9516133359502,Matu,P.207 Igan,N.44 Jemoreng,Luar Bandar
2946,111.477129,1.8365,14.300910073172194,13.643396966359678,Saratok,P.205 Saratok,N.39 Krian,Luar Bandar
2947,111.477542,1.465678,22.902736622891126,21.913112200914348,Betong,P.204 Betong,N.37 Bukit Saban,Luar Bandar
2948,111.477767,1.454803,52.83976192823716,50.55656233874543,Betong,P.204 Betong,N.37 Bukit Saban,Luar Bandar
2949,111.478164,2.713681,7.594140236743625,6.277822595708063,Matu,P.207 Igan,N.44 Jemoreng,Luar Bandar
2950,111.478277,2.31811,7.129585617851894,5.941321348209912,Meradong,P.206 Tanjong Manis,N.42 Semop,Luar Bandar
2951,111.478722,1.60684,5.071871089269086,4.852716165658694,Betong,P.204 Betong,N.37 Bukit Saban,Luar Bandar
2952,111.479001,1.121049,8.642854769342705,7.0243426402523115,Sri Aman,P.202 Sri Aman,N.31 Bukit Begunan,Luar Bandar
2953,111.47913,1.479192,1.9725654184933357,1.8873311102868338,Betong,P.204 Betong,N.37 Bukit Saban,Luar Bandar
2954,111.479151,1.233442,12.024105762141854,9.772400563238886,Sri Aman,P.202 Sri Aman,N.32 Simanggang,Luar Bandar
2955,111.479623,1.587471,2.153905097320552,2.060835123979541,Betong,P.204 Betong,N.37 Bukit Saban,Luar Bandar
2956,111.480348,1.831101,1.1483674101196888,1.0955689085049904,Saratok,P.205 Saratok,N.39 Krian,Luar Bandar
2957,111.48119,1.241294,4.161042791483231,3.3818212949507913,Sri Aman,P.202 Sri Aman,N.32 Simanggang,Luar Bandar
2958,111.482112,1.425222,1.3216196053536993,1.2645125853692802,Betong,P.204 Betong,N.36 Layar,Luar Bandar
2959,111.482627,1.14261,10.004668129780677,8.131134772143847,Sri Aman,P.202 Sri Aman,N.31 Bukit Begunan,Luar Bandar
2960,111.482767,1.396542,1.9824294080305485,1.89676887805392,Betong,P.204 Betong,N.36 Layar,Luar Bandar
2961,111.484887,1.118129,5.765695789013396,4.685977476464071,Sri Aman,P.202 Sri Aman,N.31 Bukit Begunan,Luar Bandar
2962,111.484887,1.143149,14.514344725424385,11.796302642011579,Sri Aman,P.202 Sri Aman,N.31 Bukit Begunan,Luar Bandar
2963,111.484887,1.151489,4.680621129808737,3.8041003189831315,Sri Aman,P.202 Sri Aman,N.31 Bukit Begunan,Luar Bandar
2964,111.484887,1.168169,3.744927827782057,3.0436304817554545,Sri Aman,P.202 Sri Aman,N.32 Simanggang,Luar Bandar
2965,111.484887,1.176509,1.8032066212455926,1.4655274786902384,Sri Aman,P.202 Sri Aman,N.32 Simanggang,Luar Bandar
2966,111.484887,1.184849,1.750980319558225,1.4230813833113667,Sri Aman,P.202 Sri Aman,N.32 Simanggang,Luar Bandar
2967,111.484887,1.201529,6.703518624075647,5.448178057769346,Sri Aman,P.202 Sri Aman,N.32 Simanggang,Luar Bandar
2968,111.484887,1.209869,24.07196024240357,19.56410251910702,Sri Aman,P.202 Sri Aman,N.32 Simanggang,Luar Bandar
2969,111.484887,1.218209,39.79487877171843,32.34265428263259,Sri Aman,P.202 Sri Aman,N.32 Simanggang,Luar Bandar
2970,111.484887,1.226549,19.59820866603847,15.928132136817785,Sri Aman,P.202 Sri Aman,N.32 Simanggang,Luar Bandar
2971,111.484887,1.443391,3.458364513520743,3.308929009850093,Betong,P.204 Betong,N.36 Layar,Luar Bandar
2972,111.484887,1.451731,35.052819876986355,33.5381918576104,Betong,P.204 Betong,N.37 Bukit Saban,Luar Bandar
2973,111.484887,1.460071,75.01307934887765,71.77177345108666,Betong,P.204 Betong,N.37 Bukit Saban,Luar Bandar
2974,111.484887,1.468411,5.714437292019454,5.467517162117379,Betong,P.204 Betong,N.37 Bukit Saban,Luar Bandar
2975,111.484887,1.493431,3.944151534317239,3.77372523345168,Betong,P.204 Betong,N.37 Bukit Saban,Luar Bandar
2976,111.484887,1.510111,1.7996845385452018,1.7219203918179402,Betong,P.204 Betong,N.37 Bukit Saban,Luar Bandar
2977,111.484887,1.518451,1.9992793863263056,1.9128907708677616,Betong,P.204 Betong,N.37 Bukit Saban,Luar Bandar
2978,111.484887,1.551811,4.29906087023214,4.113298980777665,Betong,P.204 Betong,N.37 Bukit Saban,Luar Bandar
2979,111.484887,1.560151,2.186501901904146,2.092023424661374,Betong,P.204 Betong,N.37 Bukit Saban,Luar Bandar
2980,111.484887,1.568491,1.0678117926268504,1.0216717768960608,Betong,P.204 Betong,N.37 Bukit Saban,Luar Bandar
2981,111.484887,1.768653,3.787949075355702,3.6137904971784285,Saratok,P.205 Saratok,N.39 Krian,Luar Bandar
2982,111.484887,1.776993,1.9778101386959328,1.8868763392156604,Saratok,P.205 Saratok,N.39 Krian,Luar Bandar
2983,111.484887,1.835373,16.30495306165722,15.555300047328153,Saratok,P.205 Saratok,N.39 Krian,Luar Bandar
2984,111.484887,2.035534,4.9947017120608095,4.709290185657335,Sarikei,P.208 Sarikei,N.45 Repok,Luar Bandar
2985,111.484887,2.052215,9.79609481651476,9.236317969856776,Sarikei,P.208 Sarikei,N.45 Repok,Luar Bandar
2986,111.484887,2.060555,4.515702419720584,4.257662281450836,Sarikei,P.208 Sarikei,N.45 Repok,Luar Bandar
2987,111.484887,2.127275,87.8012266816861,82.7840137284469,Sarikei,P.206 Tanjong Manis,N.41 Kuala Rajang,Luar Bandar
2988,111.484887,2.135615,79.55793694410596,75.01176911872848,Sarikei,P.206 Tanjong Manis,N.41 Kuala Rajang,Luar Bandar
2989,111.484902,2.103205,5.550187079964721,5.233033532538165,Sarikei,P.208 Sarikei,N.45 Repok,Luar Bandar
2990,111.485374,1.792314,9.569197477647787,9.129234375227199,Saratok,P.205 Saratok,N.39 Krian,Luar Bandar
2991,111.485835,1.747714,1.9111892782917073,1.8233185068759963,Saratok,P.205 Saratok,N.39 Krian,Luar Bandar
2992,111.487949,2.020186,3.540294719904298,3.3379921644811947,Sarikei,P.209 Julau,N.47 Pakan,Luar Bandar
2993,111.488121,2.047785,1.6883622090958768,1.5918843685761124,Sarikei,P.208 Sarikei,N.45 Repok,Luar Bandar
2994,111.488539,2.003521,7.02375194111176,6.622394687333945,Sarikei,P.209 Julau,N.47 Pakan,Luar Bandar
2995,111.489215,1.42278,6.608098026768497,6.322562926846402,Betong,P.204 Betong,N.36 Layar,Luar Bandar
2996,111.489558,1.622219,1.2435934158917874,1.189857897921155,Betong,P.204 Betong,N.37 Bukit Saban,Luar Bandar
2997,111.489698,1.868793,5.741837050598444,5.477844542524953,Saratok,P.205 Saratok,N.39 Krian,Luar Bandar
2998,111.489891,1.26016,10.3095650347141,9.03314269708283,Lubok Antu,P.203 Lubok Antu,N.33 Engkilili,Luar Bandar
2999,111.490116,1.746105,1.8340142880638544,1.7496917920609185,Saratok,P.205 Saratok,N.39 Krian,Luar Bandar
3000,111.490325,2.688823,50.47614028856822,41.72694263854973,Matu,P.207 Igan,N.44 Jemoreng,Luar Bandar
3001,111.490889,1.198495,11.183854197552375,9.089499478909609,Sri Aman,P.202 Sri Aman,N.32 Simanggang,Luar Bandar
3002,111.491446,1.825187,1.1483674101196888,1.0955689085049904,Saratok,P.205 Saratok,N.39 Krian,Luar Bandar
3003,111.491446,1.986068,0.702375194111176,0.6622394687333945,Sarikei,P.209 Julau,N.47 Pakan,Luar Bandar
3004,111.492004,1.810544,7.271694968052907,6.937364164924038,Saratok,P.205 Saratok,N.39 Krian,Luar Bandar
3005,111.492251,1.766716,1.8372369136307483,1.7527662509350819,Saratok,P.205 Saratok,N.39 Krian,Luar Bandar
3006,111.493219,1.209869,15.520729097954618,12.614225521558623,Sri Aman,P.202 Sri Aman,N.32 Simanggang,Luar Bandar
3007,111.493219,1.41837,2.327076248760335,2.226523571344765,Betong,P.204 Betong,N.36 Layar,Luar Bandar
3008,111.493219,1.476751,3.806955371960765,3.642457300332831,Betong,P.204 Betong,N.37 Bukit Saban,Luar Bandar
3009,111.493219,1.543471,2.28540701124272,2.186654856435936,Betong,P.204 Betong,N.37 Bukit Saban,Luar Bandar
3010,111.493219,1.835373,11.269187772429945,10.751064196686041,Saratok,P.205 Saratok,N.39 Krian,Luar Bandar
3011,111.493219,1.843713,23.745667455278628,22.65391262974858,Saratok,P.205 Saratok,N.39 Krian,Luar Bandar
3012,111.493219,1.852053,15.394200467421857,14.686421135586368,Saratok,P.205 Saratok,N.39 Krian,Luar Bandar
3013,111.493219,1.918774,11.743218843639728,11.072177766860314,Sarikei,P.209 Julau,N.47 Pakan,Luar Bandar
3014,111.493219,2.035534,3.523727232895891,3.3223713910161257,Sarikei,P.209 Julau,N.47 Pakan,Luar Bandar
3015,111.493219,2.043875,41.19323342983951,38.83933437670583,Sarikei,P.208 Sarikei,N.45 Repok,Luar Bandar
3016,111.493219,2.052215,3.8028060395921512,3.5855028373297424,Sarikei,P.208 Sarikei,N.45 Repok,Luar Bandar
3017,111.493219,2.102255,10.997256877466572,10.368842198754196,Sarikei,P.208 Sarikei,N.45 Repok,Luar Bandar
3018,111.493219,2.127275,39.43868236595506,37.18504337361477,Sarikei,P.206 Tanjong Manis,N.41 Kuala Rajang,Luar Bandar
3019,111.493219,2.135615,68.57786821526412,64.65913288867759,Sarikei,P.206 Tanjong Manis,N.41 Kuala Rajang,Luar Bandar
3020,111.493219,2.510918,1.5514118865346913,1.1703633529998547,Daro,P.207 Igan,N.43 Daro,Luar Bandar
3021,111.493219,2.694399,114.38169367724126,94.55553343985277,Matu,P.207 Igan,N.44 Jemoreng,Luar Bandar
3022,111.493219,2.719419,10.264712475042925,8.485495646035485,Matu,P.207 Igan,N.44 Jemoreng,Luar Bandar
3023,111.493464,1.732904,12.49140698352812,11.91708942106706,Saratok,P.205 Saratok,N.39 Krian,Luar Bandar
3024,111.4937,1.232713,1.3779182681344655,1.1198811392703334,Sri Aman,P.202 Sri Aman,N.32 Simanggang,Luar Bandar
3025,111.494021,2.697027,26.977517209283498,22.301414226341024,Matu,P.207 Igan,N.44 Jemoreng,Luar Bandar
3026,111.49518,1.24863,1.2166852358381852,1.0660480161629813,Lubok Antu,P.203 Lubok Antu,N.33 Engkilili,Luar Bandar
3027,111.495282,2.317279,6.218166386240334,5.181805321866945,Meradong,P.206 Tanjong Manis,N.42 Semop,Luar Bandar
3028,111.495532,2.700467,67.64786095137099,55.922231719800024,Matu,P.207 Igan,N.44 Jemoreng,Luar Bandar
3029,111.495829,2.195312,2.9619796957256517,2.792723713112757,Sarikei,P.206 Tanjong Manis,N.42 Semop,Luar Bandar
3030,111.496532,1.201949,5.219584919354415,4.24213455992475,Sri Aman,P.202 Sri Aman,N.32 Simanggang,Luar Bandar
3031,111.496918,1.239181,1.3579223386075336,1.1036297658345873,Sri Aman,P.202 Sri Aman,N.32 Simanggang,Luar Bandar
3032,111.497433,1.995289,2.809500776444704,2.648957874933578,Sarikei,P.209 Julau,N.47 Pakan,Luar Bandar
3033,111.497487,2.718621,13.377449275068455,11.058691400723257,Matu,P.207 Igan,N.44 Jemoreng,Luar Bandar
3034,111.497498,2.13671,18.74505301279903,17.673907126353374,Sarikei,P.206 Tanjong Manis,N.41 Kuala Rajang,Luar Bandar
3035,111.497873,1.92036,15.439061023369733,14.556828964891466,Sarikei,P.209 Julau,N.47 Pakan,Luar Bandar
3036,111.498291,1.481208,56.52796878720561,54.08540223467204,Betong,P.204 Betong,N.37 Bukit Saban,Luar Bandar
3037,111.49857,1.822098,0.5741837050598444,0.5477844542524952,Saratok,P.205 Saratok,N.39 Krian,Luar Bandar
3038,111.498994,1.765076,5.897968819553813,5.626797839344442,Saratok,P.205 Saratok,N.39 Krian,Luar Bandar
3039,111.50062,1.930278,0.702375194111176,0.6622394687333945,Sarikei,P.209 Julau,N.47 Pakan,Luar Bandar
3040,111.500845,1.15162,2.2367708395104753,1.8178998957819221,Sri Aman,P.202 Sri Aman,N.32 Simanggang,Luar Bandar
3041,111.501102,1.246206,7.301783594861742,6.3977532450217165,Lubok Antu,P.203 Lubok Antu,N.33 Engkilili,Luar Bandar
3042,111.50155,1.26825,5.021962281677822,4.400195522993901,Lubok Antu,P.203 Lubok Antu,N.33 Engkilili,Luar Bandar
3043,111.50155,1.40169,2.9202204988234164,2.794038131590306,Betong,P.204 Betong,N.36 Layar,Luar Bandar
3044,111.50155,1.476751,1.7876081630401304,1.710365835007532,Betong,P.204 Betong,N.37 Bukit Saban,Luar Bandar
3045,111.50155,1.626872,2.4310712732323445,2.3260249836482307,Betong,P.204 Betong,N.37 Bukit Saban,Luar Bandar
3046,111.50155,1.843713,3.7537079642793745,3.5811236900596333,Saratok,P.205 Saratok,N.39 Krian,Luar Bandar
3047,111.50155,1.985494,7.11163876828126,6.705259410093758,Sarikei,P.209 Julau,N.47 Pakan,Luar Bandar
3048,111.50155,2.043875,7.866505007619867,7.416990435755875,Sarikei,P.208 Sarikei,N.45 Repok,Luar Bandar
3049,111.50155,2.052215,24.787708622487276,23.371268129773718,Sarikei,P.208 Sarikei,N.45 Repok,Luar Bandar
3050,111.50155,2.077235,11.754137832815056,11.082472813797052,Sarikei,P.208 Sarikei,N.45 Repok,Luar Bandar
3051,111.50155,2.085575,12.444553562377166,11.733436215955614,Sarikei,P.208 Sarikei,N.45 Repok,Luar Bandar
3052,111.50155,2.093915,44.39161761083722,41.85495374736081,Sarikei,P.208 Sarikei,N.45 Repok,Luar Bandar
3053,111.50155,2.102255,2.22069831144788,2.0938012650794295,Sarikei,P.208 Sarikei,N.45 Repok,Luar Bandar
3054,111.50155,2.110595,6.292637001011215,5.933057743810575,Sarikei,P.208 Sarikei,N.45 Repok,Luar Bandar
3055,111.50155,2.127275,43.152444692949004,40.68659071049477,Sarikei,P.206 Tanjong Manis,N.41 Kuala Rajang,Luar Bandar
3056,111.50155,2.135615,116.97392212977694,110.28969800807539,Sarikei,P.206 Tanjong Manis,N.41 Kuala Rajang,Luar Bandar
3057,111.50155,2.344116,25.1007357094976,20.917279757914667,Meradong,P.207 Igan,N.43 Daro,Luar Bandar
3058,111.50155,2.427517,2.4981375794871195,1.8845599283850198,Daro,P.207 Igan,N.43 Daro,Luar Bandar
3059,111.50155,2.694399,3.8316558687097984,3.1675021848000995,Matu,P.207 Igan,N.44 Jemoreng,Luar Bandar
3060,111.501993,2.203406,0.7404949239314129,0.6981809282781892,Sarikei,P.206 Tanjong Manis,N.42 Semop,Luar Bandar
3061,111.502733,1.49809,2.433319135733488,2.3281757162882144,Betong,P.204 Betong,N.37 Bukit Saban,Luar Bandar
3062,111.502841,2.031444,3.51187597055588,3.3111973436669726,Sarikei,P.209 Julau,N.47 Pakan,Luar Bandar
3063,111.50475,1.138147,4.065447914665382,3.304128080458382,Sri Aman,P.202 Sri Aman,N.32 Simanggang,Luar Bandar
3064,111.505072,1.273333,5.142023211614503,4.179097516555608,Sri Aman,P.203 Lubok Antu,N.33 Engkilili,Luar Bandar
3065,111.505179,1.172569,3.355156259265713,2.7268498436728827,Sri Aman,P.202 Sri Aman,N.32 Simanggang,Luar Bandar
3066,111.505673,2.136732,7.268696849310697,6.8533427436358,Sarikei,P.206 Tanjong Manis,N.41 Kuala Rajang,Luar Bandar
3067,111.506317,1.469346,1.8398794228882196,1.7603784601708274,Betong,P.204 Betong,N.37 Bukit Saban,Luar Bandar
3068,111.506574,1.619002,2.238400811235859,2.1416797885281365,Betong,P.204 Betong,N.37 Bukit Saban,Luar Bandar
3069,111.506832,1.426852,0.753653171572489,0.7210879110724433,Betong,P.204 Betong,N.36 Layar,Luar Bandar
3070,111.508849,1.161124,3.355156259265713,2.7268498436728827,Sri Aman,P.202 Sri Aman,N.32 Simanggang,Luar Bandar
3071,111.50931,2.121496,4.6240616666074486,4.359829571372738,Sarikei,P.206 Tanjong Manis,N.41 Kuala Rajang,Luar Bandar
3072,111.509846,2.674692,18.72171290859142,15.476616004435577,Matu,P.207 Igan,N.44 Jemoreng,Luar Bandar
3073,111.509868,2.09674,9.660918642136076,9.108866148299727,Sarikei,P.208 Sarikei,N.45 Repok,Luar Bandar
3074,111.509881,1.143149,2.009159903522871,1.6329127305785134,Sri Aman,P.202 Sri Aman,N.32 Simanggang,Luar Bandar
3075,111.509881,1.476751,1.9122472629045133,1.8296192947543184,Betong,P.204 Betong,N.37 Bukit Saban,Luar Bandar
3076,111.509881,1.485091,5.126301433794641,4.904794581717095,Betong,P.204 Betong,N.37 Bukit Saban,Luar Bandar
3077,111.509881,1.510111,7.286523660581864,6.971673872778944,Betong,P.204 Betong,N.37 Bukit Saban,Luar Bandar
3078,111.509881,1.535131,2.3517755406463094,2.250155609877642,Betong,P.204 Betong,N.37 Bukit Saban,Luar Bandar
3079,111.509881,1.635212,1.281909202382043,1.2265180640075104,Betong,P.204 Betong,N.37 Bukit Saban,Luar Bandar
3080,111.509881,1.993834,18.48380589335992,17.427588413739358,Sarikei,P.209 Julau,N.47 Pakan,Luar Bandar
3081,111.509881,2.010514,3.364562664438544,3.1723019407563413,Sarikei,P.209 Julau,N.47 Pakan,Luar Bandar
3082,111.509881,2.027194,3.408862775753747,3.2140706171392477,Sarikei,P.209 Julau,N.47 Pakan,Luar Bandar
3083,111.509881,2.043875,8.894943723560225,8.386661225071071,Sarikei,P.208 Sarikei,N.45 Repok,Luar Bandar
3084,111.509881,2.052215,25.57884403222939,24.11719580181628,Sarikei,P.208 Sarikei,N.45 Repok,Luar Bandar
3085,111.509881,2.060555,18.168612435786702,17.130406010884606,Sarikei,P.208 Sarikei,N.45 Repok,Luar Bandar
3086,111.509881,2.110595,11.51834137887801,10.860150442942123,Sarikei,P.208 Sarikei,N.45 Repok,Luar Bandar
3087,111.509881,2.135615,100.37162898009599,94.6361073240905,Sarikei,P.206 Tanjong Manis,N.41 Kuala Rajang,Luar Bandar
3088,111.509881,2.636018,33.314698733961784,27.540150953408407,Matu,P.207 Igan,N.44 Jemoreng,Luar Bandar
3089,111.510501,1.37878,1.9824294080305485,1.89676887805392,Betong,P.204 Betong,N.36 Layar,Luar Bandar
3090,111.510555,2.098499,21.02146236896921,19.820235947885255,Sarikei,P.208 Sarikei,N.45 Repok,Luar Bandar
3091,111.510592,1.968901,21.725685678611093,20.4842179255476,Sarikei,P.209 Julau,N.47 Pakan,Luar Bandar
3092,111.510791,1.21392,1.1087757402893852,0.9714987438726039,Lubok Antu,P.203 Lubok Antu,N.33 Engkilili,Luar Bandar
3093,111.510957,1.762411,9.258208059120417,8.832543320770052,Saratok,P.205 Saratok,N.39 Krian,Luar Bandar
3094,111.511209,1.955444,14.04750388222352,13.24478937466789,Sarikei,P.209 Julau,N.47 Pakan,Luar Bandar
3095,111.511252,1.147051,3.355156259265713,2.7268498436728827,Sri Aman,P.202 Sri Aman,N.32 Simanggang,Luar Bandar
3096,111.511381,1.126198,16.775781296328564,13.634249218364413,Sri Aman,P.202 Sri Aman,N.32 Simanggang,Luar Bandar
3097,111.511638,1.76537,3.969616706855187,3.787105593896329,Saratok,P.205 Saratok,N.39 Krian,Luar Bandar
3098,111.512089,2.130578,46.618569854614606,43.954651577208054,Sarikei,P.206 Tanjong Manis,N.41 Kuala Rajang,Luar Bandar
3099,111.512582,1.273279,2.5153178129777203,2.203897512323336,Lubok Antu,P.203 Lubok Antu,N.33 Engkilili,Luar Bandar
3100,111.512722,2.631534,5.91443552797938,4.889266703129622,Matu,P.207 Igan,N.44 Jemoreng,Luar Bandar
3101,111.513376,2.363675,11.635589149010183,8.77772514749891,Daro,P.207 Igan,N.43 Daro,Luar Bandar
3102,111.514041,1.514041,3.0416489196668604,2.9102196453602676,Betong,P.204 Betong,N.37 Bukit Saban,Luar Bandar
3103,111.514106,1.650832,3.7306680187264316,3.569466314213561,Betong,P.204 Betong,N.37 Bukit Saban,Luar Bandar
3104,111.51446,1.109485,11.183854197552375,9.089499478909609,Sri Aman,P.202 Sri Aman,N.32 Simanggang,Luar Bandar
3105,111.515651,1.435583,0.7710833021769611,0.7377648878853641,Betong,P.204 Betong,N.36 Layar,Luar Bandar
3106,111.515651,2.35973,19.39264858168364,14.629541912498187,Daro,P.207 Igan,N.43 Daro,Luar Bandar
3107,111.515938,2.145662,2.960195562678142,2.791041530525105,Sarikei,P.206 Tanjong Manis,N.41 Kuala Rajang,Luar Bandar
3108,111.516112,2.100225,58.81721574415395,55.45623198734515,Sarikei,P.208 Sarikei,N.45 Repok,Luar Bandar
3109,111.516123,1.972707,3.5535580317155486,3.350497572760374,Sarikei,P.209 Julau,N.47 Pakan,Luar Bandar
3110,111.516412,1.304374,3.161429648610972,3.0248246637944485,Betong,P.203 Lubok Antu,N.33 Engkilili,Luar Bandar
3111,111.516659,1.754191,0.2870918525299222,0.2738922271262476,Saratok,P.205 Saratok,N.39 Krian,Luar Bandar
3112,111.516992,2.630687,1.591016911751084,1.3152406470475628,Matu,P.207 Igan,N.44 Jemoreng,Luar Bandar
3113,111.51711,1.210605,6.873043356476067,6.022095131388554,Lubok Antu,P.203 Lubok Antu,N.33 Engkilili,Luar Bandar
3114,111.517131,1.414925,1.4130846076021801,1.3520253961625799,Betong,P.204 Betong,N.36 Layar,Luar Bandar
3115,111.518183,1.113422,4.473541679020951,3.6357997915638443,Sri Aman,P.202 Sri Aman,N.32 Simanggang,Luar Bandar
3116,111.518212,1.41003,3.467706948675996,3.3178677595356754,Betong,P.204 Betong,N.36 Layar,Luar Bandar
3117,111.518212,1.510111,1.9629521277003255,1.8781332086021632,Betong,P.204 Betong,N.37 Bukit Saban,Luar Bandar
3118,111.518212,1.518451,12.890028167598526,12.333051641838095,Betong,P.204 Betong,N.37 Bukit Saban,Luar Bandar
3119,111.518212,1.526791,22.875556971308598,21.88710697872119,Betong,P.204 Betong,N.37 Bukit Saban,Luar Bandar
3120,111.518212,2.035534,3.3293648720713946,3.1391154508101717,Sarikei,P.209 Julau,N.47 Pakan,Luar Bandar
3121,111.518212,2.043875,13.112300166845621,12.3630258715973,Sarikei,P.208 Sarikei,N.45 Repok,Luar Bandar
3122,111.518212,2.052215,7.582736773631327,7.149437529423821,Sarikei,P.208 Sarikei,N.45 Repok,Luar Bandar
3123,111.518212,2.060555,83.11494294681994,78.36551763557308,Sarikei,P.208 Sarikei,N.45 Repok,Luar Bandar
3124,111.518212,2.068895,43.880444444181194,41.37299047594226,Sarikei,P.208 Sarikei,N.45 Repok,Luar Bandar
3125,111.518212,2.077235,15.661039280271966,14.76612274997071,Sarikei,P.208 Sarikei,N.45 Repok,Luar Bandar
3126,111.518212,2.110595,62.31874229631656,58.75767130795562,Sarikei,P.208 Sarikei,N.45 Repok,Luar Bandar
3127,111.518212,2.118935,135.86979845741322,128.10580997413248,Sarikei,P.208 Sarikei,N.45 Repok,Luar Bandar
3128,111.518212,2.127275,245.39503742176242,231.37246385480455,Sarikei,P.208 Sarikei,N.45 Repok,Luar Bandar
3129,111.518212,2.477557,13.568800863420854,10.236112932054327,Daro,P.207 Igan,N.43 Daro,Luar Bandar
3130,111.518212,2.485897,27.955987786813576,21.089604821631294,Daro,P.207 Igan,N.43 Daro,Luar Bandar
3131,111.518212,2.636018,60.19861185872249,49.764185803210594,Matu,P.207 Igan,N.44 Jemoreng,Luar Bandar
3132,111.518212,2.644358,57.550671871590666,47.57522208051495,Matu,P.207 Igan,N.44 Jemoreng,Luar Bandar
3133,111.518212,2.744439,1.2972181749917586,1.0723670246598538,Matu,P.207 Igan,N.44 Jemoreng,Luar Bandar
3134,111.518494,1.770513,3.809615873924603,3.6344611211004842,Saratok,P.205 Saratok,N.39 Krian,Luar Bandar
3135,111.518617,1.975581,13.63604206183681,12.856839658303278,Sarikei,P.209 Julau,N.47 Pakan,Luar Bandar
3136,111.518864,2.321144,6.218166386240334,5.181805321866945,Meradong,P.206 Tanjong Manis,N.42 Semop,Luar Bandar
3137,111.519341,2.132143,64.51099177226794,60.824649385281205,Sarikei,P.208 Sarikei,N.45 Repok,Luar Bandar
3138,111.519535,1.747392,3.816591223512762,3.6411157649604506,Saratok,P.205 Saratok,N.39 Krian,Luar Bandar
3139,111.520268,1.909296,1.8866636741571627,1.7032380391696609,Pakan,P.209 Julau,N.47 Pakan,Luar Bandar
3140,111.520371,1.138898,4.03990478216775,3.283368306106374,Sri Aman,P.202 Sri Aman,N.32 Simanggang,Luar Bandar
3141,111.520715,1.741751,3.7380330471325838,3.5661694587586723,Saratok,P.205 Saratok,N.39 Krian,Luar Bandar
3142,111.520768,1.21939,0.9115235232210579,0.7986682298698793,Lubok Antu,P.203 Lubok Antu,N.33 Engkilili,Luar Bandar
3143,111.521037,1.222426,2.0948791277750347,1.8355131405266967,Lubok Antu,P.203 Lubok Antu,N.33 Engkilili,Luar Bandar
3144,111.521155,1.298378,1.6032151233106648,1.533940395760204,Betong,P.203 Lubok Antu,N.33 Engkilili,Luar Bandar
3145,111.523987,2.13314,21.177231720033088,19.967104193174055,Sarikei,P.208 Sarikei,N.46 Meradong,Luar Bandar
3146,111.524164,1.425072,1.6210036482673607,1.550960280749635,Betong,P.204 Betong,N.36 Layar,Luar Bandar
3147,111.524405,2.096483,17.26293185682834,16.276478607866725,Sarikei,P.208 Sarikei,N.45 Repok,Luar Bandar
3148,111.524663,2.026801,3.445310732752649,3.2484358337382115,Sarikei,P.209 Julau,N.47 Pakan,Luar Bandar
3149,111.524878,1.415848,35.36607349959929,33.83790982986351,Betong,P.204 Betong,N.36 Layar,Luar Bandar
3150,111.524899,2.056405,11.197864548446415,10.557986574249476,Sarikei,P.208 Sarikei,N.45 Repok,Luar Bandar
3151,111.524947,1.866793,4.510572665521295,4.072044767484503,Pakan,P.209 Julau,N.47 Pakan,Luar Bandar
3152,111.52535,1.785183,7.120802263670474,6.7934090561453955,Saratok,P.205 Saratok,N.39 Krian,Luar Bandar
3153,111.525752,2.196256,12.66555954765079,11.941813287785033,Sarikei,P.206 Tanjong Manis,N.42 Semop,Luar Bandar
3154,111.525757,1.27403,1.64918234295451,1.4449978623982376,Lubok Antu,P.203 Lubok Antu,N.33 Engkilili,Luar Bandar
3155,111.526465,2.53612,1.5514118865346913,1.1703633529998547,Daro,P.207 Igan,N.43 Daro,Luar Bandar
3156,111.526543,1.40169,43.343838149907256,41.470956254540894,Betong,P.204 Betong,N.36 Layar,Luar Bandar
3157,111.526543,1.41003,80.1828347211392,76.71814433195418,Betong,P.204 Betong,N.36 Layar,Luar Bandar
3158,111.526543,1.451731,1.6301519209515654,1.559713257700572,Betong,P.204 Betong,N.36 Layar,Luar Bandar
3159,111.526543,1.526791,11.592730800392921,11.091810333709276,Betong,P.204 Betong,N.37 Bukit Saban,Luar Bandar
3160,111.526543,1.551811,4.716493246954431,4.5126941560366465,Betong,P.204 Betong,N.37 Bukit Saban,Luar Bandar
3161,111.526543,1.985494,7.260230627630941,6.845360306052031,Sarikei,P.209 Julau,N.47 Pakan,Luar Bandar
3162,111.526543,2.068895,2.119995020443894,1.9988524478471001,Sarikei,P.208 Sarikei,N.45 Repok,Luar Bandar
3163,111.526543,2.077235,4.019884003136248,3.7901763458141766,Sarikei,P.208 Sarikei,N.45 Repok,Luar Bandar
3164,111.526543,2.085575,75.57800421043527,71.25926111269611,Sarikei,P.208 Sarikei,N.45 Repok,Luar Bandar
3165,111.526543,2.093915,109.44150395085308,103.18770372509005,Sarikei,P.208 Sarikei,N.45 Repok,Luar Bandar
3166,111.526543,2.102255,203.01368943652756,191.4129071830117,Sarikei,P.208 Sarikei,N.45 Repok,Luar Bandar
3167,111.526543,2.110595,216.18748275466368,203.83391231154008,Sarikei,P.208 Sarikei,N.45 Repok,Luar Bandar
3168,111.526543,2.118935,246.1400976166297,232.07494918139372,Sarikei,P.208 Sarikei,N.45 Repok,Luar Bandar
3169,111.526543,2.127275,88.43792700306733,83.38433117432061,Sarikei,P.208 Sarikei,N.46 Meradong,Luar Bandar
3170,111.526543,2.652698,18.50234008189996,15.295267801037301,Matu,P.207 Igan,N.44 Jemoreng,Luar Bandar
3171,111.526583,1.417274,20.75065125375415,19.854018174888232,Betong,P.204 Betong,N.36 Layar,Luar Bandar
3172,111.527388,1.736486,1.7840531433561109,1.702027711477669,Saratok,P.205 Saratok,N.39 Krian,Luar Bandar
3173,111.527785,1.788078,1.8655792242053924,1.7798054667706618,Saratok,P.205 Saratok,N.39 Krian,Luar Bandar
3174,111.528214,2.044214,10.629793796073942,10.02237700772686,Sarikei,P.209 Julau,N.47 Pakan,Luar Bandar
3175,111.528332,1.427099,1.517613746299694,1.452037843681806,Betong,P.204 Betong,N.36 Layar,Luar Bandar
3176,111.528568,1.394976,6.699586932489968,6.4100986082465745,Betong,P.204 Betong,N.36 Layar,Luar Bandar
3177,111.528869,1.409327,35.16384975463963,33.64442414795767,Betong,P.204 Betong,N.36 Layar,Luar Bandar
3178,111.52889,1.208728,1.347786137108922,1.1809173772763886,Lubok Antu,P.203 Lubok Antu,N.33 Engkilili,Luar Bandar
3179,111.528933,1.731896,5.712667846586469,5.4500164513411145,Saratok,P.205 Saratok,N.39 Krian,Luar Bandar
3180,111.529405,1.27684,2.917320488612122,2.5561284281172876,Lubok Antu,P.203 Lubok Antu,N.33 Engkilili,Luar Bandar
3181,111.529469,1.559726,4.5306305832589775,4.334862595093467,Betong,P.204 Betong,N.37 Bukit Saban,Luar Bandar
3182,111.529791,2.047827,4.214251164667056,3.973436812400367,Sarikei,P.209 Julau,N.47 Pakan,Luar Bandar
3183,111.530735,2.124981,23.00779726146973,21.693065989385744,Sarikei,P.208 Sarikei,N.46 Meradong,Luar Bandar
3184,111.530945,2.681466,2.175844018922949,1.798697722309638,Matu,P.207 Igan,N.44 Jemoreng,Luar Bandar
3185,111.531,1.417178,81.05018241336802,77.54801403748175,Betong,P.204 Betong,N.36 Layar,Luar Bandar
3186,111.531487,1.569347,2.2724404649398293,2.1742485929979845,Betong,P.204 Betong,N.37 Bukit Saban,Luar Bandar
3187,111.53169,1.204255,3.1069848424465523,2.722310528619836,Lubok Antu,P.203 Lubok Antu,N.33 Engkilili,Luar Bandar
3188,111.531787,1.981414,7.02375194111176,6.622394687333945,Sarikei,P.209 Julau,N.47 Pakan,Luar Bandar
3189,111.532001,1.406023,124.41472473728518,119.03877984122965,Betong,P.204 Betong,N.36 Layar,Luar Bandar
3190,111.53227,2.038687,9.967872528398402,9.398279812489921,Sarikei,P.208 Sarikei,N.45 Repok,Luar Bandar
3191,111.532516,1.289154,20.21477842248031,19.341300342496595,Betong,P.203 Lubok Antu,N.33 Engkilili,Luar Bandar
3192,111.532844,2.043742,2.207631403427508,2.0814810375173645,Sarikei,P.208 Sarikei,N.45 Repok,Luar Bandar
3193,111.533595,2.676766,16.681503239704014,13.79004267815532,Matu,P.207 Igan,N.44 Jemoreng,Luar Bandar
3194,111.533638,2.054502,11.961447034078082,11.277935774987906,Sarikei,P.208 Sarikei,N.45 Repok,Luar Bandar
3195,111.534276,1.399502,17.596452361217445,16.836111827090765,Betong,P.204 Betong,N.36 Layar,Luar Bandar
3196,111.534405,1.122379,5.591927098776187,4.544749739454804,Sri Aman,P.202 Sri Aman,N.32 Simanggang,Luar Bandar
3197,111.534415,2.665561,2.1333936046801902,1.7636053798689575,Matu,P.207 Igan,N.44 Jemoreng,Luar Bandar
3198,111.534834,2.639872,10.43316608784351,8.624750632617301,Matu,P.207 Igan,N.44 Jemoreng,Luar Bandar
3199,111.534874,1.40169,75.06790754665383,71.82423252920583,Betong,P.204 Betong,N.36 Layar,Luar Bandar
3200,111.534874,1.41003,72.24008770389469,69.11860243273875,Betong,P.204 Betong,N.36 Layar,Luar Bandar
3201,111.534874,1.41837,40.80002284242378,39.0370588924425,Betong,P.204 Betong,N.36 Layar,Luar Bandar
3202,111.534874,1.535131,2.243920827092337,2.14696128518094,Betong,P.204 Betong,N.37 Bukit Saban,Luar Bandar
3203,111.534874,2.085575,22.216783028355092,20.947252569591946,Sarikei,P.208 Sarikei,N.45 Repok,Luar Bandar
3204,111.534874,2.093915,11.521111261264076,10.862762046334701,Sarikei,P.208 Sarikei,N.45 Repok,Luar Bandar
3205,111.534874,2.102255,73.81009150372108,69.59237198922274,Sarikei,P.208 Sarikei,N.45 Repok,Luar Bandar
3206,111.534874,2.110595,52.20364806163684,49.22058245811474,Sarikei,P.208 Sarikei,N.46 Meradong,Luar Bandar
3207,111.534874,2.118935,55.84222478384339,52.6512405104809,Sarikei,P.208 Sarikei,N.46 Meradong,Luar Bandar
3208,111.534874,2.135615,0.6695086376001479,0.6312510011658538,Sarikei,P.208 Sarikei,N.46 Meradong,Luar Bandar
3209,111.534874,2.435857,1.5514118865346913,1.1703633529998547,Daro,P.207 Igan,N.43 Daro,Luar Bandar
3210,111.534874,2.502577,3.6412390156411885,2.746899608290721,Daro,P.207 Igan,N.43 Daro,Luar Bandar
3211,111.534874,2.644358,22.440559329936335,18.55086237941404,Matu,P.207 Igan,N.44 Jemoreng,Luar Bandar
3212,111.534874,2.669379,73.16984561885609,60.48707237825437,Matu,P.207 Igan,N.44 Jemoreng,Luar Bandar
3213,111.53595,1.405766,137.27908853690315,131.34727606925918,Betong,P.204 Betong,N.36 Layar,Luar Bandar
3214,111.536121,2.673385,7.237646510571318,5.983121115405624,Matu,P.207 Igan,N.44 Jemoreng,Luar Bandar
3215,111.537012,2.643023,17.340973527553196,14.335204782777307,Matu,P.207 Igan,N.44 Jemoreng,Luar Bandar
3216,111.537173,1.049844,2.5090549995292637,2.0391945127260307,Sri Aman,P.202 Sri Aman,N.32 Simanggang,Luar Bandar
3217,111.537613,2.067481,2.0334550595797642,1.9172576276037776,Sarikei,P.208 Sarikei,N.45 Repok,Luar Bandar
3218,111.538289,1.628569,3.697218301731377,3.5374619553602686,Betong,P.204 Betong,N.37 Bukit Saban,Luar Bandar
3219,111.538889,1.118346,2.2367708395104753,1.8178998957819221,Sri Aman,P.202 Sri Aman,N.32 Simanggang,Luar Bandar
3220,111.539555,0.991853,2.4389120375385023,1.9821869368758613,Sri Aman,P.202 Sri Aman,N.32 Simanggang,Luar Bandar
3221,111.539844,1.201681,4.811130349533247,4.215466591971987,Lubok Antu,P.203 Lubok Antu,N.33 Engkilili,Luar Bandar
3222,111.539962,2.640258,2.4044457489533246,1.987675152468082,Matu,P.207 Igan,N.44 Jemoreng,Luar Bandar
3223,111.539965,1.819227,1.414997755617872,1.2774285293772456,Pakan,P.209 Julau,N.47 Pakan,Luar Bandar
3224,111.540284,1.056022,10.002402267247431,8.129293228437051,Sri Aman,P.202 Sri Aman,N.32 Simanggang,Luar Bandar
3225,111.540563,2.257256,14.923599326976799,12.436332772480666,Meradong,P.206 Tanjong Manis,N.42 Semop,Luar Bandar
3226,111.540606,1.034611,7.949545817856838,6.460866825748816,Sri Aman,P.202 Sri Aman,N.32 Simanggang,Luar Bandar
3227,111.540756,1.846896,9.433318370785814,8.516190195848305,Pakan,P.209 Julau,N.47 Pakan,Luar Bandar
3228,111.541003,2.666847,13.850798602554008,11.449993511444646,Matu,P.207 Igan,N.44 Jemoreng,Luar Bandar
3229,111.541185,2.033975,3.1689720825881103,2.9878879635830753,Sarikei,P.209 Julau,N.47 Pakan,Luar Bandar
3230,111.541417,2.084098,2.0444066674287136,1.9275834292899299,Sarikei,P.208 Sarikei,N.45 Repok,Luar Bandar
3231,111.541808,1.069453,2.391916667778018,1.9439921981566664,Sri Aman,P.202 Sri Aman,N.32 Simanggang,Luar Bandar
3232,111.542323,2.03124,3.3346750547036863,3.144122194434905,Sarikei,P.209 Julau,N.47 Pakan,Luar Bandar
3233,111.542441,1.307592,1.7338082116282894,1.6588905728542276,Betong,P.203 Lubok Antu,N.33 Engkilili,Luar Bandar
3234,111.542516,1.03238,2.448112810121491,1.9896647183384402,Sri Aman,P.202 Sri Aman,N.32 Simanggang,Luar Bandar
3235,111.542891,1.208728,4.824959430993946,4.2275835014423135,Lubok Antu,P.203 Lubok Antu,N.33 Engkilili,Luar Bandar
3236,111.542913,1.273242,1.4671134340081036,1.2854708183690047,Lubok Antu,P.203 Lubok Antu,N.33 Engkilili,Luar Bandar
3237,111.543205,1.043068,2.2682717053091475,1.8435017230415167,Sri Aman,P.202 Sri Aman,N.32 Simanggang,Luar Bandar
3238,111.543205,1.093108,6.924030398118002,5.627395492103395,Sri Aman,P.202 Sri Aman,N.32 Simanggang,Luar Bandar
3239,111.543205,1.34331,3.566798112382396,3.4126772062917983,Betong,P.203 Lubok Antu,N.33 Engkilili,Luar Bandar
3240,111.543205,1.37667,0.7209299263127646,0.6897786332004847,Betong,P.204 Betong,N.36 Layar,Luar Bandar
3241,111.543205,1.39335,12.327205084055285,11.794548074250427,Betong,P.204 Betong,N.36 Layar,Luar Bandar
3242,111.543205,1.40169,29.88321056582999,28.59196072656573,Betong,P.204 Betong,N.36 Layar,Luar Bandar
3243,111.543205,1.41003,5.383761871817711,5.151130185998428,Betong,P.204 Betong,N.36 Layar,Luar Bandar
3244,111.543205,1.41837,9.201321468645009,8.803733503950472,Betong,P.204 Betong,N.36 Layar,Luar Bandar
3245,111.543205,1.426711,4.414906513973367,4.2241389485547645,Betong,P.204 Betong,N.36 Layar,Luar Bandar
3246,111.543205,1.493431,6.212113015490436,5.943688379018626,Betong,P.204 Betong,N.37 Bukit Saban,Luar Bandar
3247,111.543205,1.501771,17.056503105783374,16.3194937123236,Betong,P.204 Betong,N.37 Bukit Saban,Luar Bandar
3248,111.543205,1.710272,1.5667015087095864,1.4946692554355825,Saratok,P.205 Saratok,N.39 Krian,Luar Bandar
3249,111.543205,2.068895,6.356026701529759,5.992825175728059,Sarikei,P.208 Sarikei,N.45 Repok,Luar Bandar
3250,111.543205,2.669379,45.5614782590967,37.66415536085327,Matu,P.207 Igan,N.44 Jemoreng,Luar Bandar
3251,111.543589,2.0538,2.491968132099601,2.3495699531224807,Sarikei,P.208 Sarikei,N.45 Repok,Luar Bandar
3252,111.543707,2.130535,10.454723929409216,9.857311133442975,Sarikei,P.208 Sarikei,N.46 Meradong,Luar Bandar
3253,111.543733,1.992807,1.4047503882223522,1.3244789374667891,Sarikei,P.209 Julau,N.47 Pakan,Luar Bandar
3254,111.543771,2.061348,4.983936264199201,4.699139906244961,Sarikei,P.208 Sarikei,N.45 Repok,Luar Bandar
3255,111.544029,2.116758,0.4181889571763686,0.394292445337719,Sarikei,P.208 Sarikei,N.46 Meradong,Luar Bandar
3256,111.544812,1.719317,5.539144327090465,5.284471024695501,Saratok,P.205 Saratok,N.39 Krian,Luar Bandar
3257,111.545134,1.584683,7.112480740563845,6.805151325848123,Betong,P.204 Betong,N.37 Bukit Saban,Luar Bandar
3258,111.546056,1.423184,2.263577873117484,2.1657689526741364,Betong,P.204 Betong,N.36 Layar,Luar Bandar
3259,111.546335,2.125329,1.4200891700144092,1.338941217442157,Sarikei,P.208 Sarikei,N.46 Meradong,Luar Bandar
3260,111.546346,1.362949,12.12886705348819,11.604780205497958,Betong,P.203 Lubok Antu,N.33 Engkilili,Luar Bandar
3261,111.546716,1.815538,2.829995511235744,2.554857058754491,Pakan,P.209 Julau,N.47 Pakan,Luar Bandar
3262,111.547097,1.198855,3.436521678238034,3.0110475656942772,Lubok Antu,P.203 Lubok Antu,N.33 Engkilili,Luar Bandar
3263,111.548005,2.078479,9.967872528398402,9.398279812489921,Sarikei,P.208 Sarikei,N.45 Repok,Luar Bandar
3264,111.548009,1.028819,4.931754094126654,4.008204638297692,Sri Aman,P.202 Sri Aman,N.32 Simanggang,Luar Bandar
3265,111.548545,1.271413,7.460732365360082,6.537022643934548,Lubok Antu,P.203 Lubok Antu,N.33 Engkilili,Luar Bandar
3266,111.548867,2.041105,23.759953868011966,22.402242218411278,Sarikei,P.209 Julau,N.47 Pakan,Luar Bandar
3267,111.549178,2.002816,2.809500776444704,2.648957874933578,Sarikei,P.209 Julau,N.47 Pakan,Luar Bandar
3268,111.549307,1.714298,7.2806182651438505,6.945877195482064,Saratok,P.205 Saratok,N.39 Krian,Luar Bandar
3269,111.549329,1.11604,5.591927098776187,4.544749739454804,Sri Aman,P.202 Sri Aman,N.32 Simanggang,Luar Bandar
3270,111.549865,1.758207,1.9530667696691935,1.8632705963510698,Saratok,P.205 Saratok,N.39 Krian,Luar Bandar
3271,111.550133,2.153843,1.2545668715291058,1.1828773360131568,Sarikei,P.208 Sarikei,N.46 Meradong,Luar Bandar
3272,111.550455,1.428214,4.348073898238866,4.160194161895212,Betong,P.204 Betong,N.36 Layar,Luar Bandar
3273,111.550927,2.338494,14.669208490044205,12.224340408370171,Meradong,P.207 Igan,N.43 Daro,Luar Bandar
3274,111.551536,1.018048,16.3455242390213,13.28456464369896,Sri Aman,P.202 Sri Aman,N.32 Simanggang,Luar Bandar
3275,111.551536,1.101448,4.602400357563136,3.7405276314277174,Sri Aman,P.202 Sri Aman,N.32 Simanggang,Luar Bandar
3276,111.551536,2.068895,4.078290652537673,3.845245472392663,Sarikei,P.208 Sarikei,N.45 Repok,Luar Bandar
3277,111.551536,2.669379,11.747053914773645,9.710897902879545,Matu,P.207 Igan,N.44 Jemoreng,Luar Bandar
3278,111.551914,2.158517,10.454723929409216,9.857311133442975,Sarikei,P.208 Sarikei,N.46 Meradong,Luar Bandar
3279,111.551948,2.081769,3.987149011359361,3.759311924995969,Sarikei,P.208 Sarikei,N.45 Repok,Luar Bandar
3280,111.552177,1.203328,2.627811394074512,2.3024633167129056,Lubok Antu,P.203 Lubok Antu,N.33 Engkilili,Luar Bandar
3281,111.552901,1.326052,6.738259474160106,6.447100114165535,Betong,P.203 Lubok Antu,N.33 Engkilili,Luar Bandar
3282,111.554146,1.381504,4.047517035580375,3.8726243241664084,Betong,P.204 Betong,N.36 Layar,Luar Bandar
3283,111.554425,2.25508,4.974533108992267,4.145444257493556,Meradong,P.206 Tanjong Manis,N.42 Semop,Luar Bandar
3284,111.55524,1.431443,1.6956256520335096,1.622357876945642,Betong,P.204 Betong,N.36 Layar,Luar Bandar
3285,111.555476,1.321139,3.3058659656525378,3.1630199054082926,Betong,P.203 Lubok Antu,N.33 Engkilili,Luar Bandar
3286,111.555959,2.250749,7.461799663488399,6.218166386240333,Meradong,P.206 Tanjong Manis,N.42 Semop,Luar Bandar
3287,111.556456,2.055193,9.967872528398402,9.398279812489921,Sarikei,P.208 Sarikei,N.45 Repok,Luar Bandar
3288,111.5576,1.420417,1.3216196053536993,1.2645125853692802,Betong,P.204 Betong,N.36 Layar,Luar Bandar
3289,111.558257,2.062963,2.491968132099601,2.3495699531224807,Sarikei,P.208 Sarikei,N.45 Repok,Luar Bandar
3290,111.558352,1.114506,6.799260217109768,5.525990513531159,Sri Aman,P.202 Sri Aman,N.32 Simanggang,Luar Bandar
3291,111.558744,2.091506,9.750960063435471,9.193762345524872,Sarikei,P.208 Sarikei,N.45 Repok,Luar Bandar
3292,111.55936,1.141365,2.0849333131115215,1.6944963630906376,Sri Aman,P.202 Sri Aman,N.32 Simanggang,Luar Bandar
3293,111.559596,1.397485,0.7186502501176745,0.6875974615323429,Betong,P.204 Betong,N.36 Layar,Luar Bandar
3294,111.559596,1.558482,1.216659567866744,1.1640878581441072,Betong,P.204 Betong,N.37 Bukit Saban,Luar Bandar
3295,111.559639,1.601414,0.608329783933372,0.5820439290720536,Betong,P.204 Betong,N.37 Bukit Saban,Luar Bandar
3296,111.559867,1.018048,6.913847874360888,5.619119808001171,Sri Aman,P.202 Sri Aman,N.32 Simanggang,Luar Bandar
3297,111.559867,1.38501,3.1392167728164577,3.003571603620685,Betong,P.204 Betong,N.36 Layar,Luar Bandar
3298,111.559867,1.543471,2.4366243313654485,2.3313380948249662,Betong,P.204 Betong,N.37 Bukit Saban,Luar Bandar
3299,111.559867,1.868733,9.14294642476921,8.254048855694426,Pakan,P.209 Julau,N.47 Pakan,Luar Bandar
3300,111.559867,1.877073,4.326913289360466,3.9062411640059755,Pakan,P.209 Julau,N.47 Pakan,Luar Bandar
3301,111.559867,2.035534,3.0909762223058674,2.9143490096026747,Sarikei,P.209 Julau,N.47 Pakan,Luar Bandar
3302,111.559867,2.135615,3.502374774764399,3.3022390733492903,Sarikei,P.208 Sarikei,N.46 Meradong,Luar Bandar
3303,111.559867,2.143955,0.6656090615387287,0.6275742580222299,Sarikei,P.208 Sarikei,N.46 Meradong,Luar Bandar
3304,111.559867,2.327436,6.5846279249312225,4.967350890737589,Daro,P.207 Igan,N.43 Daro,Luar Bandar
3305,111.559867,2.669379,79.62886854019962,65.82653132656503,Matu,P.207 Igan,N.44 Jemoreng,Luar Bandar
3306,111.559867,2.677719,27.375953744999723,22.630788429199768,Matu,P.207 Igan,N.44 Jemoreng,Luar Bandar
3307,111.561205,1.906967,14.149977556178719,12.774285293772458,Pakan,P.209 Julau,N.47 Pakan,Luar Bandar
3308,111.56208,1.262263,4.496257368243673,3.9395778845563605,Lubok Antu,P.203 Lubok Antu,N.33 Engkilili,Luar Bandar
3309,111.562117,2.049714,2.491968132099601,2.3495699531224807,Sarikei,P.208 Sarikei,N.45 Repok,Luar Bandar
3310,111.563212,2.011941,6.843417497734822,6.452365069292833,Sarikei,P.209 Julau,N.47 Pakan,Luar Bandar
3311,111.563214,2.07465,2.491968132099601,2.3495699531224807,Sarikei,P.208 Sarikei,N.45 Repok,Luar Bandar
3312,111.563222,1.46584,15.64797398636404,14.97182696226189,Betong,P.204 Betong,N.36 Layar,Luar Bandar
3313,111.56399,1.257678,3.436521678238034,3.0110475656942772,Lubok Antu,P.203 Lubok Antu,N.33 Engkilili,Luar Bandar
3314,111.564059,1.022297,2.443140339203113,1.9856234217493465,Sri Aman,P.202 Sri Aman,N.32 Simanggang,Luar Bandar
3315,111.564145,1.463447,17.364498386749474,16.614180555223264,Betong,P.204 Betong,N.36 Layar,Luar Bandar
3316,111.564488,1.81583,4.667355783731588,4.213585082535461,Pakan,P.209 Julau,N.47 Pakan,Luar Bandar
3317,111.564682,1.987279,6.718250892028786,6.334350841055713,Sarikei,P.209 Julau,N.47 Pakan,Luar Bandar
3318,111.565089,1.099467,2.2610278781033695,1.8376144177843865,Sri Aman,P.202 Sri Aman,N.32 Simanggang,Luar Bandar
3319,111.56525,1.911374,3.7733273483143255,3.4064760783393218,Pakan,P.209 Julau,N.47 Pakan,Luar Bandar
3320,111.565282,2.021746,2.9903617585195206,2.8194839437469765,Sarikei,P.208 Sarikei,N.45 Repok,Luar Bandar
3321,111.565926,1.554932,5.022407402773083,4.805389798949554,Betong,P.204 Betong,N.37 Bukit Saban,Luar Bandar
3322,111.566127,1.968177,0.702375194111176,0.6622394687333945,Sarikei,P.209 Julau,N.47 Pakan,Luar Bandar
3323,111.566548,1.418593,2.6432392107073985,2.5290251707385605,Betong,P.204 Betong,N.36 Layar,Luar Bandar
3324,111.567271,1.704944,1.1483674101196888,1.0955689085049904,Saratok,P.205 Saratok,N.39 Krian,Luar Bandar
3325,111.567299,1.446051,3.504538261469788,3.353107595850723,Betong,P.204 Betong,N.36 Layar,Luar Bandar
3326,111.567962,2.006691,1.4047503882223522,1.3244789374667891,Sarikei,P.209 Julau,N.47 Pakan,Luar Bandar
3327,111.568198,1.37667,2.560330364532641,2.4496988055713538,Betong,P.204 Betong,N.36 Layar,Luar Bandar
3328,111.568198,1.460071,16.784806410345986,16.05953699755326,Betong,P.204 Betong,N.36 Layar,Luar Bandar
3329,111.568198,1.468411,7.264329018849716,6.9504382587759626,Betong,P.204 Betong,N.36 Layar,Luar Bandar
3330,111.568198,1.868733,9.120808615082836,8.234063333060895,Pakan,P.209 Julau,N.47 Pakan,Luar Bandar
3331,111.568198,2.010514,7.019379200389292,6.618271817509903,Sarikei,P.209 Julau,N.47 Pakan,Luar Bandar
3332,111.568198,2.018854,13.76423088826583,12.977703408936353,Sarikei,P.209 Julau,N.47 Pakan,Luar Bandar
3333,111.568198,2.118935,0.8479602400589541,0.7995053691984424,Sarikei,P.208 Sarikei,N.46 Meradong,Luar Bandar
3334,111.568198,2.669379,81.89323307717271,67.69840601046278,Matu,P.207 Igan,N.44 Jemoreng,Luar Bandar
3335,111.568198,2.677719,52.52165434601596,43.41790092603986,Matu,P.207 Igan,N.44 Jemoreng,Luar Bandar
3336,111.568587,2.05812,2.491968132099601,2.3495699531224807,Sarikei,P.208 Sarikei,N.45 Repok,Luar Bandar
3337,111.568651,1.447906,8.090601281028839,7.741007398515246,Betong,P.204 Betong,N.36 Layar,Luar Bandar
3338,111.568909,1.999792,7.02375194111176,6.622394687333945,Sarikei,P.209 Julau,N.47 Pakan,Luar Bandar
3339,111.569048,1.335104,5.390607579328083,5.157680091332426,Betong,P.203 Lubok Antu,N.33 Engkilili,Luar Bandar
3340,111.569225,2.042675,7.974298022718722,7.518623849991938,Sarikei,P.208 Sarikei,N.45 Repok,Luar Bandar
3341,111.569611,1.969249,0.702375194111176,0.6622394687333945,Sarikei,P.209 Julau,N.47 Pakan,Luar Bandar
3342,111.569831,1.471792,3.2782161165206904,3.1365648028438704,Betong,P.204 Betong,N.36 Layar,Luar Bandar
3343,111.56996,2.324446,75.69296033335462,63.07746694446219,Meradong,P.207 Igan,N.43 Daro,Luar Bandar
3344,111.570389,1.028132,4.875459525182996,3.9624521234633345,Sri Aman,P.202 Sri Aman,N.32 Simanggang,Luar Bandar
3345,111.570507,2.140141,0.8363779143527372,0.788584890675438,Sarikei,P.208 Sarikei,N.46 Meradong,Luar Bandar
3346,111.570711,1.433867,1.818814973187302,1.7402242027409371,Betong,P.204 Betong,N.36 Layar,Luar Bandar
3347,111.570754,1.979237,7.02375194111176,6.622394687333945,Sarikei,P.209 Julau,N.47 Pakan,Luar Bandar
3348,111.570808,1.096077,2.262843560920792,1.8390900850929284,Sri Aman,P.202 Sri Aman,N.32 Simanggang,Luar Bandar
3349,111.57113,2.116522,4.181889571763685,3.9429244533771897,Sarikei,P.208 Sarikei,N.46 Meradong,Luar Bandar
3350,111.57114,1.676453,5.740775324064314,5.476831631003886,Saratok,P.205 Saratok,N.39 Krian,Luar Bandar
3351,111.571383,2.069591,2.9903617585195206,2.8194839437469765,Sarikei,P.208 Sarikei,N.45 Repok,Luar Bandar
3352,111.571409,2.008847,1.4047503882223522,1.3244789374667891,Sarikei,P.209 Julau,N.47 Pakan,Luar Bandar
3353,111.571505,1.370199,16.252104301978125,15.54985288152228,Betong,P.203 Lubok Antu,N.33 Engkilili,Luar Bandar
3354,111.571913,1.608213,0.608329783933372,0.5820439290720536,Betong,P.204 Betong,N.37 Bukit Saban,Luar Bandar
3355,111.571966,1.761065,7.463298106723107,7.120157963885264,Saratok,P.205 Saratok,N.39 Krian,Luar Bandar
3356,111.572342,2.005443,1.4047503882223522,1.3244789374667891,Sarikei,P.209 Julau,N.47 Pakan,Luar Bandar
3357,111.572696,1.316645,6.738259474160106,6.447100114165535,Betong,P.203 Lubok Antu,N.33 Engkilili,Luar Bandar
3358,111.573147,1.820581,4.635713548263882,4.185019175516004,Pakan,P.209 Julau,N.47 Pakan,Luar Bandar
3359,111.57378,1.093277,2.2502099864968006,1.8288223485760517,Sri Aman,P.202 Sri Aman,N.32 Simanggang,Luar Bandar
3360,111.573822,1.403492,10.599527634941744,10.141523354419569,Betong,P.204 Betong,N.36 Layar,Luar Bandar
3361,111.574241,2.021966,2.0909447858818426,1.9714622266885948,Sarikei,P.208 Sarikei,N.46 Meradong,Luar Bandar
3362,111.574509,1.374876,34.47026935615347,32.980813272862896,Betong,P.203 Lubok Antu,N.33 Engkilili,Luar Bandar
3363,111.574531,1.568703,1.4922672074905723,1.427786525685424,Betong,P.204 Betong,N.37 Bukit Saban,Luar Bandar
3364,111.574777,2.030093,9.967872528398402,9.398279812489921,Sarikei,P.208 Sarikei,N.45 Repok,Luar Bandar
3365,111.575067,1.565506,6.588161445790819,6.303487803071463,Betong,P.204 Betong,N.37 Bukit Saban,Luar Bandar
3366,111.575164,2.045115,4.667753876340418,4.40102508340668,Sarikei,P.208 Sarikei,N.45 Repok,Luar Bandar
3367,111.575764,1.471877,2.675186402256479,2.5595919280849024,Betong,P.204 Betong,N.36 Layar,Luar Bandar
3368,111.575861,1.425447,0.8241385489572953,0.7885276240023505,Betong,P.204 Betong,N.36 Layar,Luar Bandar
3369,111.576529,1.084768,4.651002220789763,3.7800280221399944,Sri Aman,P.202 Sri Aman,N.32 Simanggang,Luar Bandar
3370,111.576529,1.36833,43.84626388238805,41.95167223314906,Betong,P.203 Lubok Antu,N.33 Engkilili,Luar Bandar
3371,111.576529,1.460071,11.463176469193616,10.967854029166732,Betong,P.204 Betong,N.36 Layar,Luar Bandar
3372,111.576529,1.868733,12.849983535615687,11.600679580764163,Pakan,P.209 Julau,N.47 Pakan,Luar Bandar
3373,111.576529,1.877073,8.798652853639762,7.943228270647007,Pakan,P.209 Julau,N.47 Pakan,Luar Bandar
3374,111.576529,2.035534,2.48205781805433,2.3402259427369394,Sarikei,P.208 Sarikei,N.45 Repok,Luar Bandar
3375,111.5768,2.005056,1.4047503882223522,1.3244789374667891,Sarikei,P.209 Julau,N.47 Pakan,Luar Bandar
3376,111.577148,2.114292,2.0909447858818426,1.9714622266885948,Sarikei,P.208 Sarikei,N.46 Meradong,Luar Bandar
3377,111.577427,1.678479,0.5741837050598444,0.5477844542524952,Saratok,P.205 Saratok,N.39 Krian,Luar Bandar
3378,111.577706,1.482538,8.077118573773783,7.72810727737615,Betong,P.204 Betong,N.36 Layar,Luar Bandar
3379,111.578243,2.107805,3.345511657410949,3.154339562701752,Sarikei,P.208 Sarikei,N.46 Meradong,Luar Bandar
3380,111.578994,1.821728,1.8866636741571627,1.7032380391696609,Pakan,P.209 Julau,N.47 Pakan,Luar Bandar
3381,111.579101,2.007957,1.4047503882223522,1.3244789374667891,Sarikei,P.209 Julau,N.47 Pakan,Luar Bandar
3382,111.579133,2.040912,2.491968132099601,2.3495699531224807,Sarikei,P.208 Sarikei,N.45 Repok,Luar Bandar
3383,111.57968,2.047184,2.491968132099601,2.3495699531224807,Sarikei,P.208 Sarikei,N.45 Repok,Luar Bandar
3384,111.580088,1.125018,15.491036961106584,12.590093709963028,Sri Aman,P.202 Sri Aman,N.32 Simanggang,Luar Bandar
3385,111.580104,1.197852,1.1682409155223188,1.0236015640766984,Lubok Antu,P.203 Lubok Antu,N.33 Engkilili,Luar Bandar
3386,111.580319,1.194172,4.763259367497308,4.173522493426212,Lubok Antu,P.203 Lubok Antu,N.33 Engkilili,Luar Bandar
3387,111.580421,1.252385,3.436521678238034,3.0110475656942772,Lubok Antu,P.203 Lubok Antu,N.33 Engkilili,Luar Bandar
3388,111.581461,1.352459,1.9034445367202237,1.8211969332816955,Betong,P.203 Lubok Antu,N.33 Engkilili,Luar Bandar
3389,111.581638,2.014895,0.4181889571763686,0.394292445337719,Sarikei,P.208 Sarikei,N.46 Meradong,Luar Bandar
3390,111.582384,1.482174,2.4315054724010414,2.3264404211244534,Betong,P.204 Betong,N.36 Layar,Luar Bandar
3391,111.582717,2.175896,0.8859946156247707,0.8353663518747838,Sarikei,P.208 Sarikei,N.46 Meradong,Luar Bandar
3392,111.58291,1.761151,3.7627297585656345,3.589730689206295,Saratok,P.205 Saratok,N.39 Krian,Luar Bandar
3393,111.582996,2.103484,6.272834357645529,5.914386680065784,Sarikei,P.208 Sarikei,N.46 Meradong,Luar Bandar
3394,111.583436,2.032382,7.743030156950184,7.300571290838745,Sarikei,P.208 Sarikei,N.46 Meradong,Luar Bandar
3395,111.583924,2.137043,4.664641473920067,3.887201228266723,Meradong,P.208 Sarikei,N.46 Meradong,Luar Bandar
3396,111.584229,1.675691,1.7225511151795327,1.6433533627574854,Saratok,P.205 Saratok,N.39 Krian,Luar Bandar
3397,111.584508,1.500042,11.446575155980103,10.951970056647628,Betong,P.204 Betong,N.36 Layar,Luar Bandar
3398,111.58486,1.043068,7.283099049048197,5.919222822634677,Sri Aman,P.202 Sri Aman,N.32 Simanggang,Luar Bandar
3399,111.58486,1.41837,9.636469580659764,9.220078919767058,Betong,P.204 Betong,N.36 Layar,Luar Bandar
3400,111.58486,1.618532,2.2726574348822157,2.1744561876959474,Betong,P.204 Betong,N.37 Bukit Saban,Luar Bandar
3401,111.58486,1.885414,4.705056797152565,4.247620719651621,Pakan,P.209 Julau,N.47 Pakan,Luar Bandar
3402,111.58486,1.918774,4.733327172208508,4.27314258602157,Pakan,P.209 Julau,N.47 Pakan,Luar Bandar
3403,111.58486,1.927114,27.72342652127818,25.028093387265024,Pakan,P.209 Julau,N.47 Pakan,Luar Bandar
3404,111.58486,2.060555,0.9523163699269396,0.8978982916454001,Sarikei,P.208 Sarikei,N.46 Meradong,Luar Bandar
3405,111.58486,2.269056,3.273469726098914,2.7278914384157615,Meradong,P.207 Igan,N.43 Daro,Luar Bandar
3406,111.58486,2.777799,2.1548765108540757,1.781364582306036,Matu,P.207 Igan,N.44 Jemoreng,Luar Bandar
3407,111.58512,2.004885,10.607833565038678,10.001671647036467,Sarikei,P.209 Julau,N.47 Pakan,Luar Bandar
3408,111.587008,2.011201,2.809500776444704,2.648957874933578,Sarikei,P.209 Julau,N.47 Pakan,Luar Bandar
3409,111.588178,2.093535,4.181889571763685,3.9429244533771897,Sarikei,P.208 Sarikei,N.46 Meradong,Luar Bandar
3410,111.588407,2.296267,6.847774947194267,6.328160588057575,Sibu,P.207 Igan,N.43 Daro,Luar Bandar
3411,111.58865,2.324644,1.9625103606124483,1.813593585281423,Sibu,P.207 Igan,N.43 Daro,Luar Bandar
3412,111.589186,1.425329,5.9452494758465635,5.6883559799766505,Betong,P.204 Betong,N.36 Layar,Luar Bandar
3413,111.589433,1.490679,6.3479901825940726,6.073694310506674,Betong,P.204 Betong,N.36 Layar,Luar Bandar
3414,111.589755,2.180871,9.821861446088667,9.260612220597885,Sarikei,P.206 Tanjong Manis,N.42 Semop,Luar Bandar
3415,111.590023,1.413831,10.093931865226526,9.657774315494517,Betong,P.204 Betong,N.36 Layar,Luar Bandar
3416,111.590248,2.010161,8.428502329334112,7.946873624800734,Sarikei,P.209 Julau,N.47 Pakan,Luar Bandar
3417,111.590592,2.257791,4.584127653138814,3.8201063776156783,Meradong,P.207 Igan,N.43 Daro,Luar Bandar
3418,111.590629,2.45167,2.9786400317729025,2.4623424262655993,Matu,P.207 Igan,N.43 Daro,Luar Bandar
3419,111.590742,2.036301,1.0454723929409213,0.9857311133442974,Sarikei,P.208 Sarikei,N.46 Meradong,Luar Bandar
3420,111.590796,1.375294,1.7609252183309736,1.6848358570450674,Betong,P.203 Lubok Antu,N.33 Engkilili,Luar Bandar
3421,111.590796,1.707295,3.74363658457343,3.5715153622941926,Saratok,P.205 Saratok,N.39 Krian,Luar Bandar
3422,111.592078,2.441519,6.532242673992721,5.399987277167316,Matu,P.207 Igan,N.43 Daro,Luar Bandar
3423,111.592426,1.403299,2.565395955382934,2.4545455128663876,Betong,P.204 Betong,N.36 Layar,Luar Bandar
3424,111.592491,1.697408,1.1483674101196888,1.0955689085049904,Saratok,P.205 Saratok,N.39 Krian,Luar Bandar
3425,111.593191,1.043068,4.73393055778604,3.847426708013374,Sri Aman,P.202 Sri Aman,N.32 Simanggang,Luar Bandar
3426,111.593191,1.201529,2.1300179083364035,1.8663014053995155,Lubok Antu,P.203 Lubok Antu,N.33 Engkilili,Luar Bandar
3427,111.593191,1.618532,4.810541603380526,4.602678694592479,Betong,P.204 Betong,N.37 Bukit Saban,Luar Bandar
3428,111.593191,2.535938,6.516063271405486,5.3866123043618686,Matu,P.207 Igan,N.43 Daro,Luar Bandar
3429,111.594449,2.003395,0.702375194111176,0.6622394687333945,Sarikei,P.209 Julau,N.47 Pakan,Luar Bandar
3430,111.595323,2.435903,32.70850601020747,30.22655975469037,Sibu,P.207 Igan,N.43 Daro,Luar Bandar
3431,111.595409,1.630306,2.3296500729743155,2.228986180932216,Betong,P.204 Betong,N.37 Bukit Saban,Luar Bandar
3432,111.595559,1.441353,8.837542070857978,8.455672969030783,Betong,P.204 Betong,N.36 Layar,Luar Bandar
3433,111.595623,1.695831,1.1483674101196888,1.0955689085049904,Saratok,P.205 Saratok,N.39 Krian,Luar Bandar
3434,111.596696,2.178566,16.449952147167142,13.708293455972619,Meradong,P.206 Tanjong Manis,N.42 Semop,Luar Bandar
3435,111.596836,2.452126,3.0117883667592062,2.4897450498542772,Matu,P.207 Igan,N.43 Daro,Luar Bandar
3436,111.596889,2.418591,5.7222786073507255,5.288067764516524,Sibu,P.207 Igan,N.43 Daro,Luar Bandar
3437,111.597126,1.558086,1.216659567866744,1.1640878581441072,Betong,P.204 Betong,N.37 Bukit Saban,Luar Bandar
3438,111.5971777,1.060916,4.559151049824118,3.705377444988141,Sri Aman,P.202 Sri Aman,N.32 Simanggang,Luar Bandar
3439,111.598542,2.050047,1.2545668715291058,1.1828773360131568,Sarikei,P.208 Sarikei,N.46 Meradong,Luar Bandar
3440,111.598724,1.181386,3.436521678238034,3.0110475656942772,Lubok Antu,P.203 Lubok Antu,N.33 Engkilili,Luar Bandar
3441,111.598874,2.044214,1.0454723929409213,0.9857311133442974,Sarikei,P.208 Sarikei,N.46 Meradong,Luar Bandar
3442,111.598928,2.01208,3.51187597055588,3.3111973436669726,Sarikei,P.209 Julau,N.47 Pakan,Luar Bandar
3443,111.59896,1.53374,1.1031658469573178,1.0554981869036066,Betong,P.204 Betong,N.36 Layar,Luar Bandar
3444,111.599143,1.184154,1.1069920776315991,0.9699359156391152,Lubok Antu,P.203 Lubok Antu,N.33 Engkilili,Luar Bandar
3445,111.599164,1.750641,0.2870918525299222,0.2738922271262476,Saratok,P.205 Saratok,N.39 Krian,Luar Bandar
3446,111.599314,1.123173,8.362664112665588,6.796622144001621,Sri Aman,P.202 Sri Aman,N.32 Simanggang,Luar Bandar
3447,111.599438,2.376662,8.017703905826052,7.409314449557408,Sibu,P.207 Igan,N.43 Daro,Luar Bandar
3448,111.599935,1.368488,6.738259474160106,6.447100114165535,Betong,P.203 Lubok Antu,N.33 Engkilili,Luar Bandar
3449,111.599979,2.442634,2.616680480816598,2.4181247803752304,Sibu,P.207 Igan,N.43 Daro,Luar Bandar
3450,111.600173,1.458969,3.2420072965347213,3.10192056149927,Betong,P.204 Betong,N.36 Layar,Luar Bandar
3451,111.600451,1.763928,1.7225511151795327,1.6433533627574854,Saratok,P.205 Saratok,N.39 Krian,Luar Bandar
3452,111.600816,1.375653,12.290771589699537,11.75968886668783,Betong,P.203 Lubok Antu,N.33 Engkilili,Luar Bandar
3453,111.600902,1.50431,1.9923303655783133,1.9062420164483864,Betong,P.204 Betong,N.36 Layar,Luar Bandar
3454,111.601063,2.090811,3.345511657410949,3.154339562701752,Sarikei,P.208 Sarikei,N.46 Meradong,Luar Bandar
3455,111.601522,1.059748,2.4862274095520225,2.020641752332543,Sri Aman,P.202 Sri Aman,N.32 Simanggang,Luar Bandar
3456,111.601522,1.159829,2.623602389059701,2.2987754266046903,Lubok Antu,P.203 Lubok Antu,N.33 Engkilili,Luar Bandar
3457,111.601522,1.35999,5.891826499807179,5.637241404136499,Betong,P.203 Lubok Antu,N.33 Engkilili,Luar Bandar
3458,111.601522,1.885414,4.860072586939419,4.3875655298758645,Pakan,P.209 Julau,N.47 Pakan,Luar Bandar
3459,111.601522,2.035534,2.0370935078295203,1.9206881645249763,Sarikei,P.208 Sarikei,N.46 Meradong,Luar Bandar
3460,111.601696,1.710389,0.2870918525299222,0.2738922271262476,Saratok,P.205 Saratok,N.39 Krian,Luar Bandar
3461,111.602232,1.505018,4.91247818920044,4.700210613123879,Betong,P.204 Betong,N.36 Layar,Luar Bandar
3462,111.602747,1.632021,4.417436446042081,4.226559562571127,Betong,P.204 Betong,N.37 Bukit Saban,Luar Bandar
3463,111.603563,2.021944,0.9324440812827822,0.8791615623523374,Sarikei,P.208 Sarikei,N.46 Meradong,Luar Bandar
3464,111.604003,2.081526,0.8363779143527372,0.788584890675438,Sarikei,P.208 Sarikei,N.46 Meradong,Luar Bandar
3465,111.605312,1.384357,32.101633838734635,30.71452620372758,Betong,P.203 Lubok Antu,N.33 Engkilili,Luar Bandar
3466,111.605587,2.3435,18.472248874898742,17.07056061338881,Sibu,P.207 Igan,N.43 Daro,Luar Bandar
3467,111.605607,1.671176,0.8612755575897665,0.8216766813787428,Saratok,P.205 Saratok,N.39 Krian,Luar Bandar
3468,111.605676,1.443487,2.4315054724010414,2.3264404211244534,Betong,P.204 Betong,N.36 Layar,Luar Bandar
3469,111.607382,1.85452,20.32467295572455,18.34866308502911,Pakan,P.209 Julau,N.47 Pakan,Luar Bandar
3470,111.607533,1.965695,7.546654696628651,6.8129521566786435,Pakan,P.209 Julau,N.47 Pakan,Luar Bandar
3471,111.607726,1.832248,5.231111151394276,4.722530900564277,Pakan,P.209 Julau,N.47 Pakan,Luar Bandar
3472,111.60823,1.532013,2.4315054724010414,2.3264404211244534,Betong,P.204 Betong,N.36 Layar,Luar Bandar
3473,111.60852,1.924305,4.716659185392907,4.258095097924152,Pakan,P.209 Julau,N.47 Pakan,Luar Bandar
3474,111.60853,2.087295,7.02332570439565,5.8527714203297085,Meradong,P.208 Sarikei,N.46 Meradong,Luar Bandar
3475,111.608573,1.483225,1.6210036482673607,1.550960280749635,Betong,P.204 Betong,N.36 Layar,Luar Bandar
3476,111.608756,2.148579,1.2920312040933406,1.076692670077784,Meradong,P.208 Sarikei,N.46 Meradong,Luar Bandar
3477,111.609356,1.971035,4.750820293268665,4.288934986978656,Pakan,P.209 Julau,N.47 Pakan,Luar Bandar
3478,111.609705,1.830269,19.596536948815622,17.69131807879188,Pakan,P.209 Julau,N.47 Pakan,Luar Bandar
3479,111.609854,2.027194,0.9852161424388316,0.9289180771566126,Sarikei,P.208 Sarikei,N.46 Meradong,Luar Bandar
3480,111.609854,2.035534,4.915137363741514,4.634272371527714,Sarikei,P.208 Sarikei,N.46 Meradong,Luar Bandar
3481,111.609854,2.093915,1.7462427358660895,1.455202279888408,Meradong,P.208 Sarikei,N.46 Meradong,Luar Bandar
3482,111.610065,2.046176,0.9769231672858328,0.9210989862980711,Sarikei,P.208 Sarikei,N.46 Meradong,Luar Bandar
3483,111.610145,1.573701,1.4922672074905723,1.427786525685424,Betong,P.204 Betong,N.37 Bukit Saban,Luar Bandar
3484,111.610966,1.94944,14.149977556178719,12.774285293772458,Pakan,P.209 Julau,N.47 Pakan,Luar Bandar
3485,111.61118,1.956238,2.829995511235744,2.554857058754491,Pakan,P.209 Julau,N.47 Pakan,Luar Bandar
3486,111.611599,1.773344,4.716659185392907,4.258095097924152,Pakan,P.209 Julau,N.47 Pakan,Luar Bandar
3487,111.611727,1.182877,1.9592140865281276,1.7166447234341686,Lubok Antu,P.203 Lubok Antu,N.33 Engkilili,Luar Bandar
3488,111.612586,1.851453,4.897998510480326,4.4218042108502935,Pakan,P.209 Julau,N.47 Pakan,Luar Bandar
3489,111.613466,1.25808,1.2935655950018403,1.1334098546682791,Lubok Antu,P.203 Lubok Antu,N.33 Engkilili,Luar Bandar
3490,111.613626,2.78128,18.119659120588086,14.97891820635282,Matu,P.207 Igan,N.44 Jemoreng,Luar Bandar
3491,111.614689,1.135155,2.7492173425904265,2.4088380525554216,Lubok Antu,P.203 Lubok Antu,N.33 Engkilili,Luar Bandar
3492,111.614903,2.031937,1.0724904983546875,1.011205327020134,Sarikei,P.208 Sarikei,N.46 Meradong,Luar Bandar
3493,111.614978,1.733612,1.9378213763848093,1.8487261406889564,Saratok,P.205 Saratok,N.39 Krian,Luar Bandar
3494,111.615075,1.435679,1.8226727345586435,1.74391527071969,Betong,P.204 Betong,N.36 Layar,Luar Bandar
3495,111.615161,2.010761,2.0909447858818426,1.9714622266885948,Sarikei,P.208 Sarikei,N.46 Meradong,Luar Bandar
3496,111.615871,1.58101,1.4922672074905723,1.427786525685424,Betong,P.204 Betong,N.37 Bukit Saban,Luar Bandar
3497,111.616137,2.075436,2.8093302817582613,2.3411085681318844,Meradong,P.208 Sarikei,N.46 Meradong,Luar Bandar
3498,111.617521,1.522597,2.086161631251948,1.99601884471637,Betong,P.204 Betong,N.36 Layar,Luar Bandar
3499,111.617927,1.412203,1.9824294080305485,1.89676887805392,Betong,P.204 Betong,N.36 Layar,Luar Bandar
3500,111.618185,1.893754,19.029003866368246,17.178961823804666,Pakan,P.209 Julau,N.47 Pakan,Luar Bandar
3501,111.618185,2.018854,2.9717945720599315,2.801977739370792,Sarikei,P.208 Sarikei,N.46 Meradong,Luar Bandar
3502,111.618185,2.043875,1.8234902241099868,1.5195751867583225,Meradong,P.208 Sarikei,N.46 Meradong,Luar Bandar
3503,111.618185,2.093915,1.6866687486387286,1.405557290532274,Meradong,P.208 Sarikei,N.46 Meradong,Luar Bandar
3504,111.618185,2.160635,2.254885747692138,1.8790714564101147,Meradong,P.208 Sarikei,N.46 Meradong,Luar Bandar
3505,111.618185,2.168975,11.545478031913158,9.621231693260965,Meradong,P.206 Tanjong Manis,N.42 Semop,Luar Bandar
3506,111.618401,1.258145,1.2424578418594285,1.088629728105404,Lubok Antu,P.203 Lubok Antu,N.33 Engkilili,Luar Bandar
3507,111.619034,1.84674,4.287658420680782,3.8708027408923726,Pakan,P.209 Julau,N.47 Pakan,Luar Bandar
3508,111.619699,1.431164,2.7551717564791653,2.636121125026362,Betong,P.204 Betong,N.36 Layar,Luar Bandar
3509,111.620096,1.789408,4.875401281209323,4.401403934425083,Pakan,P.209 Julau,N.47 Pakan,Luar Bandar
3510,111.620901,1.041155,2.4894069852017555,2.0232259018306404,Sri Aman,P.202 Sri Aman,N.32 Simanggang,Luar Bandar
3511,111.621051,1.331822,6.738259474160106,6.447100114165535,Betong,P.203 Lubok Antu,N.33 Engkilili,Luar Bandar
3512,111.621684,1.296845,9.040041546753384,7.920798307631536,Lubok Antu,P.203 Lubok Antu,N.33 Engkilili,Luar Bandar
3513,111.622016,1.551801,2.4315054724010414,2.3264404211244534,Betong,P.204 Betong,N.36 Layar,Luar Bandar
3514,111.622896,2.035197,0.7023325704395652,0.585277142032971,Meradong,P.208 Sarikei,N.46 Meradong,Luar Bandar
3515,111.623422,1.978187,47.16659185392907,42.58095097924152,Pakan,P.209 Julau,N.47 Pakan,Luar Bandar
3516,111.623749,1.176254,2.06191300694282,1.806628539416566,Lubok Antu,P.203 Lubok Antu,N.33 Engkilili,Luar Bandar
3517,111.623851,1.583739,2.9845344149811446,2.855573051370848,Betong,P.204 Betong,N.37 Bukit Saban,Luar Bandar
3518,111.623926,1.583653,4.784065723050061,4.577346833782466,Betong,P.204 Betong,N.37 Bukit Saban,Luar Bandar
3519,111.624109,1.842392,9.977057266040731,9.007065587397882,Pakan,P.209 Julau,N.47 Pakan,Luar Bandar
3520,111.625096,1.299279,1.6031946964511135,1.4047039245095472,Lubok Antu,P.203 Lubok Antu,N.33 Engkilili,Luar Bandar
3521,111.625525,1.550535,2.4315054724010414,2.3264404211244534,Betong,P.204 Betong,N.36 Layar,Luar Bandar
3522,111.626516,1.126469,3.8569788023013603,3.3794480934450015,Lubok Antu,P.203 Lubok Antu,N.34 Batang Ai,Luar Bandar
3523,111.626516,1.134809,0.873309766506136,0.7651857001768048,Lubok Antu,P.202 Sri Aman,N.32 Simanggang,Luar Bandar
3524,111.626516,1.28493,60.17312067864329,52.72311526128745,Lubok Antu,P.203 Lubok Antu,N.33 Engkilili,Luar Bandar
3525,111.626516,1.902094,8.832713203298672,7.973977197422413,Pakan,P.209 Julau,N.47 Pakan,Luar Bandar
3526,111.626516,2.068895,4.970280484424213,4.1419004036868445,Meradong,P.208 Sarikei,N.46 Meradong,Luar Bandar
3527,111.626516,2.160635,157.7069842750947,131.42248689591224,Meradong,P.206 Tanjong Manis,N.42 Semop,Luar Bandar
3528,111.626705,2.11352,2.969251144672636,2.4743759538938632,Meradong,P.208 Sarikei,N.46 Meradong,Luar Bandar
3529,111.627553,1.287395,6.023570233641438,5.2777948713810705,Lubok Antu,P.203 Lubok Antu,N.33 Engkilili,Luar Bandar
3530,111.627799,1.280487,5.961392182282663,5.223315054952428,Lubok Antu,P.203 Lubok Antu,N.33 Engkilili,Luar Bandar
3531,111.628116,1.567727,1.0331766908943691,0.9885332536335014,Betong,P.204 Betong,N.37 Bukit Saban,Luar Bandar
3532,111.62884,2.065036,1.7725015663773283,1.4770846386477736,Meradong,P.208 Sarikei,N.46 Meradong,Luar Bandar
3533,111.629055,1.031307,2.7354906298944712,2.2232264669928847,Sri Aman,P.202 Sri Aman,N.32 Simanggang,Luar Bandar
3534,111.629827,2.175328,6.536788792128324,5.44732399344027,Meradong,P.208 Sarikei,N.46 Meradong,Luar Bandar
3535,111.629999,2.165572,39.79012508501234,33.15843757084362,Meradong,P.208 Sarikei,N.46 Meradong,Luar Bandar
3536,111.63061,1.284821,4.3872238483113115,3.844043752806102,Lubok Antu,P.203 Lubok Antu,N.33 Engkilili,Luar Bandar
3537,111.6309,1.132977,8.33301020029027,7.301304175492426,Lubok Antu,P.202 Sri Aman,N.32 Simanggang,Luar Bandar
3538,111.630903,1.190003,1.0309565034714099,0.9033142697082829,Lubok Antu,P.203 Lubok Antu,N.33 Engkilili,Luar Bandar
3539,111.631061,2.195451,10.534988556593477,8.779157130494564,Meradong,P.208 Sarikei,N.46 Meradong,Luar Bandar
3540,111.631147,1.308804,5.851359785089391,5.126905716459277,Lubok Antu,P.203 Lubok Antu,N.33 Engkilili,Luar Bandar
3541,111.631216,1.845738,10.072948220777748,9.093633810424356,Pakan,P.209 Julau,N.47 Pakan,Luar Bandar
3542,111.631839,1.746674,1.8866636741571627,1.7032380391696609,Pakan,P.209 Julau,N.47 Pakan,Luar Bandar
3543,111.63325,2.212776,2.8093302817582613,2.3411085681318844,Meradong,P.208 Sarikei,N.46 Meradong,Luar Bandar
3544,111.63355,2.06346,1.7442033467949993,1.4535027889958327,Meradong,P.208 Sarikei,N.46 Meradong,Luar Bandar
3545,111.633947,1.13022,28.688549263419258,25.13663364032925,Lubok Antu,P.203 Lubok Antu,N.34 Batang Ai,Luar Bandar
3546,111.63414,1.573615,1.1012491167396286,1.0536642783619903,Betong,P.204 Betong,N.37 Bukit Saban,Luar Bandar
3547,111.634847,1.134809,36.64117453125453,32.10464816071825,Lubok Antu,P.203 Lubok Antu,N.34 Batang Ai,Luar Bandar
3548,111.634847,1.451731,4.19329270891418,4.0121010486524575,Betong,P.204 Betong,N.36 Layar,Luar Bandar
3549,111.634847,1.818693,10.073108389090365,9.093778406817691,Pakan,P.209 Julau,N.47 Pakan,Luar Bandar
3550,111.634847,2.068895,3.4468443264322333,2.872370272026861,Meradong,P.208 Sarikei,N.46 Meradong,Luar Bandar
3551,111.634847,2.152295,62.820721763858124,52.350601469881774,Meradong,P.208 Sarikei,N.46 Meradong,Luar Bandar
3552,111.634847,2.160635,72.18624305523379,60.155202546028164,Meradong,P.208 Sarikei,N.46 Meradong,Luar Bandar
3553,111.634847,2.168975,109.31456521688611,91.09547101407176,Meradong,P.208 Sarikei,N.46 Meradong,Luar Bandar
3554,111.63532,1.518221,1.6210036482673607,1.550960280749635,Betong,P.204 Betong,N.36 Layar,Luar Bandar
3555,111.635567,2.206859,3.644239473157967,3.036866227631639,Meradong,P.208 Sarikei,N.46 Meradong,Luar Bandar
3556,111.636001,1.978535,1.8866636741571627,1.7032380391696609,Pakan,P.209 Julau,N.47 Pakan,Luar Bandar
3557,111.636227,1.672967,0.4716659185392907,0.4258095097924152,Pakan,P.209 Julau,N.47 Pakan,Luar Bandar
3558,111.636871,2.328819,3.125719806753477,2.8885378159971165,Sibu,P.207 Igan,N.43 Daro,Luar Bandar
3559,111.637326,2.316486,14.827815128716868,13.702669265291199,Sibu,P.207 Igan,N.43 Daro,Luar Bandar
3560,111.63782,1.965856,4.7276706451005435,4.2680359990491015,Pakan,P.209 Julau,N.47 Pakan,Luar Bandar
3561,111.638067,1.810201,2.3583295926964536,2.129047548962076,Pakan,P.209 Julau,N.47 Pakan,Luar Bandar
3562,111.638217,2.058378,1.7970575269569402,1.4975479391307835,Meradong,P.208 Sarikei,N.46 Meradong,Luar Bandar
3563,111.638238,1.11841,7.353926086035067,6.443439999192629,Lubok Antu,P.203 Lubok Antu,N.34 Batang Ai,Luar Bandar
3564,111.638437,2.320737,6.916755888496277,6.391907203190327,Sibu,P.207 Igan,N.43 Daro,Luar Bandar
3565,111.638496,2.084888,2.8093302817582613,2.3411085681318844,Meradong,P.208 Sarikei,N.46 Meradong,Luar Bandar
3566,111.638555,2.313056,19.625103606124483,18.135935852814228,Sibu,P.207 Igan,N.43 Daro,Luar Bandar
3567,111.639097,1.259421,1.3815422915939202,1.2104941983489588,Lubok Antu,P.203 Lubok Antu,N.33 Engkilili,Luar Bandar
3568,111.63914,1.553216,1.216659567866744,1.1640878581441072,Betong,P.204 Betong,N.37 Bukit Saban,Luar Bandar
3569,111.639751,2.141588,10.534988556593477,8.779157130494564,Meradong,P.208 Sarikei,N.46 Meradong,Luar Bandar
3570,111.64018,1.138995,24.656223245365457,21.60354798641545,Lubok Antu,P.203 Lubok Antu,N.33 Engkilili,Luar Bandar
3571,111.640341,2.17372,0.7023325704395652,0.585277142032971,Meradong,P.208 Sarikei,N.46 Meradong,Luar Bandar
3572,111.64179,2.168381,76.4184455367275,63.68203794727292,Meradong,P.208 Sarikei,N.46 Meradong,Luar Bandar
3573,111.641944,1.063178,2.7354906298944712,2.2232264669928847,Sri Aman,P.202 Sri Aman,N.32 Simanggang,Luar Bandar
3574,111.642487,1.774341,14.052602438595791,12.68637720151009,Pakan,P.209 Julau,N.47 Pakan,Luar Bandar
3575,111.643178,1.126469,1.8033346047317727,1.580064606050696,Lubok Antu,P.203 Lubok Antu,N.34 Batang Ai,Luar Bandar
3576,111.643178,1.134809,31.0766585657292,27.22907226711511,Lubok Antu,P.203 Lubok Antu,N.33 Engkilili,Luar Bandar
3577,111.643178,1.226549,2.6041736336724846,2.281752136170177,Lubok Antu,P.203 Lubok Antu,N.33 Engkilili,Luar Bandar
3578,111.643178,1.234889,28.014839719446517,24.54633575418171,Lubok Antu,P.203 Lubok Antu,N.33 Engkilili,Luar Bandar
3579,111.643178,1.243229,2.615497971942783,2.291674413511772,Lubok Antu,P.203 Lubok Antu,N.33 Engkilili,Luar Bandar
3580,111.643178,1.451731,2.190037326193656,2.0954060837038067,Betong,P.204 Betong,N.36 Layar,Luar Bandar
3581,111.643178,1.601852,2.076980318509132,1.9872342553636755,Betong,P.204 Betong,N.37 Bukit Saban,Luar Bandar
3582,111.643178,1.952134,9.792914627583087,8.840825705456954,Pakan,P.209 Julau,N.47 Pakan,Luar Bandar
3583,111.643178,2.102255,4.635902884090413,3.8632524034086777,Meradong,P.208 Sarikei,N.46 Meradong,Luar Bandar
3584,111.643178,2.118935,2.983360008700516,2.4861333405837636,Meradong,P.208 Sarikei,N.46 Meradong,Luar Bandar
3585,111.643178,2.152295,36.79700447613573,30.66417039677978,Meradong,P.208 Sarikei,N.46 Meradong,Luar Bandar
3586,111.643178,2.160635,118.61383536451899,98.84486280376584,Meradong,P.208 Sarikei,N.46 Meradong,Luar Bandar
3587,111.643178,2.535938,2.5187031413309295,2.082127930166902,Matu,P.207 Igan,N.43 Daro,Luar Bandar
3588,111.643178,2.585978,3.6353635583236263,3.0052338748808647,Matu,P.207 Igan,N.43 Daro,Luar Bandar
3589,111.643356,2.050733,3.511662852197826,2.926385710164855,Meradong,P.208 Sarikei,N.46 Meradong,Luar Bandar
3590,111.644188,1.677332,0.4716659185392907,0.4258095097924152,Pakan,P.209 Julau,N.47 Pakan,Luar Bandar
3591,111.646285,1.977554,9.619400546667082,8.68418104907445,Pakan,P.209 Julau,N.47 Pakan,Luar Bandar
3592,111.646339,1.417113,1.1065639979298427,1.0587495041921335,Betong,P.204 Betong,N.36 Layar,Luar Bandar
3593,111.646677,1.15428,3.436521678238034,3.0110475656942772,Lubok Antu,P.203 Lubok Antu,N.33 Engkilili,Luar Bandar
3594,111.64768,1.505662,1.050156170942596,1.0047790524450764,Betong,P.204 Betong,N.36 Layar,Luar Bandar
3595,111.648468,1.674592,4.716659185392907,4.258095097924152,Pakan,P.209 Julau,N.47 Pakan,Luar Bandar
3596,111.648597,1.622096,2.433319135733488,2.3281757162882144,Betong,P.204 Betong,N.37 Bukit Saban,Luar Bandar
3597,111.649375,2.064484,1.8416508370110756,1.534709030842563,Meradong,P.208 Sarikei,N.46 Meradong,Luar Bandar
3598,111.649606,2.236914,1.3069829458669968,1.089152454889164,Meradong,P.208 Sarikei,N.46 Meradong,Luar Bandar
3599,111.651338,1.584243,2.238400811235859,2.1416797885281365,Betong,P.204 Betong,N.37 Bukit Saban,Luar Bandar
3600,111.651478,1.474923,2.4315054724010414,2.3264404211244534,Betong,P.204 Betong,N.36 Layar,Luar Bandar
3601,111.651509,1.134809,1.3781700576140214,1.2075394790522855,Lubok Antu,P.203 Lubok Antu,N.33 Engkilili,Luar Bandar
3602,111.651509,1.860393,68.37330016085691,61.72589597855138,Pakan,P.209 Julau,N.47 Pakan,Luar Bandar
3603,111.651509,1.910434,4.392458258830412,3.965413705888566,Pakan,P.209 Julau,N.47 Pakan,Luar Bandar
3604,111.651509,1.935454,4.25544907769592,3.8417248618088173,Pakan,P.209 Julau,N.47 Pakan,Luar Bandar
3605,111.651509,1.943794,17.766430961350153,16.039139062329998,Pakan,P.209 Julau,N.47 Pakan,Luar Bandar
3606,111.651509,2.002174,2.085424215129779,1.7378535126081491,Meradong,P.208 Sarikei,N.46 Meradong,Luar Bandar
3607,111.651509,2.093915,9.586682397447474,7.988901997872896,Meradong,P.208 Sarikei,N.46 Meradong,Luar Bandar
3608,111.651509,2.102255,1.5422760248152438,1.2852300206793699,Meradong,P.208 Sarikei,N.46 Meradong,Luar Bandar
3609,111.651509,2.143955,22.560253265346287,18.80021105445524,Meradong,P.208 Sarikei,N.46 Meradong,Luar Bandar
3610,111.651509,2.152295,116.86684497105003,97.38903747587503,Meradong,P.208 Sarikei,N.46 Meradong,Luar Bandar
3611,111.651509,2.160635,100.80897125797269,84.00747604831058,Meradong,P.208 Sarikei,N.46 Meradong,Luar Bandar
3612,111.651509,2.168975,6.6230794794325725,5.519232899527144,Meradong,P.208 Sarikei,N.46 Meradong,Luar Bandar
3613,111.651735,2.362753,8.886007963243522,8.211730936222335,Sibu,P.212 Sibu,N.53 Bawang Assan,Luar Bandar
3614,111.651784,1.4382,1.3216196053536993,1.2645125853692802,Betong,P.204 Betong,N.36 Layar,Luar Bandar
3615,111.652111,1.962425,5.659991022471488,5.109714117508982,Pakan,P.209 Julau,N.47 Pakan,Luar Bandar
3616,111.652122,2.066055,1.8496719195420126,1.5413932662850107,Meradong,P.208 Sarikei,N.46 Meradong,Luar Bandar
3617,111.654782,1.202014,2.72058007684116,2.3837463530417784,Lubok Antu,P.203 Lubok Antu,N.33 Engkilili,Luar Bandar
3618,111.655759,2.016916,6.1364275616115025,5.113689634676252,Meradong,P.208 Sarikei,N.46 Meradong,Luar Bandar
3619,111.655791,1.184572,3.8353154179042512,3.3604668423542003,Lubok Antu,P.203 Lubok Antu,N.33 Engkilili,Luar Bandar
3620,111.655898,1.2185425,15.186777744175552,13.306510023468102,Lubok Antu,P.203 Lubok Antu,N.33 Engkilili,Luar Bandar
3621,111.657035,1.318769,4.604815511383066,4.03469549568802,Lubok Antu,P.203 Lubok Antu,N.33 Engkilili,Luar Bandar
3622,111.657132,2.070644,1.7558314260989125,1.4631928550824271,Meradong,P.208 Sarikei,N.46 Meradong,Luar Bandar
3623,111.657186,1.152264,10.844011264075446,9.501419393285152,Lubok Antu,P.203 Lubok Antu,N.33 Engkilili,Luar Bandar
3624,111.657486,1.740191,9.47631239839134,8.555004248547739,Pakan,P.209 Julau,N.47 Pakan,Luar Bandar
3625,111.657658,1.728218,14.062433248702767,12.69525223841222,Pakan,P.209 Julau,N.47 Pakan,Luar Bandar
3626,111.658398,1.524028,4.38519471312883,4.195710990956597,Betong,P.204 Betong,N.36 Layar,Luar Bandar
3627,111.658516,1.200254,1.286699593765587,1.127393929775562,Lubok Antu,P.203 Lubok Antu,N.33 Engkilili,Luar Bandar
3628,111.659224,1.548487,2.0590911998361303,1.9701181233000016,Betong,P.204 Betong,N.37 Bukit Saban,Luar Bandar
3629,111.65976,1.648055,0.9433318370785814,0.8516190195848304,Pakan,P.209 Julau,N.47 Pakan,Luar Bandar
3630,111.65984,1.134809,59.61016905867747,52.2298624133174,Lubok Antu,P.203 Lubok Antu,N.33 Engkilili,Luar Bandar
3631,111.65984,1.143149,6.927272080941265,6.069609823300918,Lubok Antu,P.203 Lubok Antu,N.33 Engkilili,Luar Bandar
3632,111.65984,1.159829,6.847066442368009,5.9993344066462555,Lubok Antu,P.203 Lubok Antu,N.33 Engkilili,Luar Bandar
3633,111.65984,1.168169,12.26795964415901,10.749069402501227,Lubok Antu,P.203 Lubok Antu,N.33 Engkilili,Luar Bandar
3634,111.65984,1.176509,6.92158279558816,6.0646249256581966,Lubok Antu,P.203 Lubok Antu,N.33 Engkilili,Luar Bandar
3635,111.65984,1.993834,8.696638110262423,7.247198425218686,Meradong,P.208 Sarikei,N.46 Meradong,Luar Bandar
3636,111.65984,2.077235,1.4287062727216306,1.1905885606013589,Meradong,P.208 Sarikei,N.46 Meradong,Luar Bandar
3637,111.65984,2.085575,3.105631906455943,2.588026588713286,Meradong,P.208 Sarikei,N.46 Meradong,Luar Bandar
3638,111.65984,2.093915,1.357590770084328,1.13132564173694,Meradong,P.208 Sarikei,N.46 Meradong,Luar Bandar
3639,111.65984,2.102255,2.664102155114547,2.220085129262123,Meradong,P.208 Sarikei,N.46 Meradong,Luar Bandar
3640,111.65984,2.110595,1.546126827912058,1.2884390232600482,Meradong,P.208 Sarikei,N.46 Meradong,Luar Bandar
3641,111.65984,2.143955,82.77928368300279,68.98273640250233,Meradong,P.208 Sarikei,N.46 Meradong,Luar Bandar
3642,111.65984,2.152295,137.60593319382465,114.67161099485386,Meradong,P.208 Sarikei,N.46 Meradong,Luar Bandar
3643,111.65984,2.160635,25.20306342338014,21.002552852816784,Meradong,P.208 Sarikei,N.46 Meradong,Luar Bandar
3644,111.660018,1.156587,54.51771613022642,47.76790365696029,Lubok Antu,P.203 Lubok Antu,N.33 Engkilili,Luar Bandar
3645,111.660318,2.332807,3.68331344719166,3.403820827892564,Sibu,P.212 Sibu,N.53 Bawang Assan,Luar Bandar
3646,111.660887,2.256254,13.48533235859394,11.23777696549495,Meradong,P.207 Igan,N.43 Daro,Luar Bandar
3647,111.662003,2.064795,3.6526406334943853,3.0438671945786546,Meradong,P.208 Sarikei,N.46 Meradong,Luar Bandar
3648,111.662163,1.782351,1.414997755617872,1.2774285293772456,Pakan,P.209 Julau,N.47 Pakan,Luar Bandar
3649,111.662518,1.227403,3.982871342385331,3.489753938090004,Lubok Antu,P.203 Lubok Antu,N.33 Engkilili,Luar Bandar
3650,111.662762,2.328289,7.275459662588736,6.723392262717505,Sibu,P.212 Sibu,N.53 Bawang Assan,Luar Bandar
3651,111.663816,2.347628,2.28614734536892,2.112672750056374,Sibu,P.212 Sibu,N.53 Bawang Assan,Luar Bandar
3652,111.664385,1.673074,14.324877966995818,12.932181497982334,Pakan,P.209 Julau,N.47 Pakan,Luar Bandar
3653,111.664674,1.115267,5.183150036086401,4.5414266982852265,Lubok Antu,P.203 Lubok Antu,N.33 Engkilili,Luar Bandar
3654,111.664771,1.129566,21.135289151092707,18.518539065719324,Lubok Antu,P.203 Lubok Antu,N.33 Engkilili,Luar Bandar
3655,111.664857,1.335973,5.778410921505464,5.062988616938121,Lubok Antu,P.203 Lubok Antu,N.33 Engkilili,Luar Bandar
3656,111.666176,1.810941,18.86663674157163,17.03238039169661,Pakan,P.209 Julau,N.47 Pakan,Luar Bandar
3657,111.666423,2.166001,6.152166798696091,5.1268056655800756,Meradong,P.208 Sarikei,N.46 Meradong,Luar Bandar
3658,111.666616,1.572253,1.4922672074905723,1.427786525685424,Betong,P.204 Betong,N.37 Bukit Saban,Luar Bandar
3659,111.666884,2.262574,3.173561966304314,2.644634971920262,Meradong,P.207 Igan,N.43 Daro,Luar Bandar
3660,111.667314,2.33017,5.94778570183574,5.4964632095555235,Sibu,P.212 Sibu,N.53 Bawang Assan,Luar Bandar
3661,111.667786,1.789708,1.414997755617872,1.2774285293772456,Pakan,P.209 Julau,N.47 Pakan,Luar Bandar
3662,111.668118,1.597521,1.102707721229161,1.0550598567316047,Betong,P.204 Betong,N.37 Bukit Saban,Luar Bandar
3663,111.668171,1.134809,112.42563797034282,98.50627326925276,Lubok Antu,P.203 Lubok Antu,N.33 Engkilili,Luar Bandar
3664,111.668171,1.143149,60.26111522865278,52.800215247962434,Lubok Antu,P.203 Lubok Antu,N.33 Engkilili,Luar Bandar
3665,111.668171,1.918774,4.862653867351817,4.38989585247039,Pakan,P.209 Julau,N.47 Pakan,Luar Bandar
3666,111.668171,1.927114,9.679704949315962,8.73862252368802,Pakan,P.209 Julau,N.47 Pakan,Luar Bandar
3667,111.668171,2.027194,2.0231108934892945,1.685925744574412,Meradong,P.208 Sarikei,N.46 Meradong,Luar Bandar
3668,111.668171,2.068895,2.9265303052239022,2.438775254353252,Meradong,P.208 Sarikei,N.46 Meradong,Luar Bandar
3669,111.668171,2.077235,14.92854650306824,12.440455419223534,Meradong,P.208 Sarikei,N.46 Meradong,Luar Bandar
3670,111.668171,2.085575,5.058578686138176,4.21548223844848,Meradong,P.208 Sarikei,N.46 Meradong,Luar Bandar
3671,111.668171,2.093915,1.569718400890215,1.3080986674085124,Meradong,P.208 Sarikei,N.46 Meradong,Luar Bandar
3672,111.668171,2.143955,7.808181326456312,6.506817772046928,Meradong,P.208 Sarikei,N.46 Meradong,Luar Bandar
3673,111.668171,2.152295,18.040394937009278,15.033662447507734,Meradong,P.208 Sarikei,N.46 Meradong,Luar Bandar
3674,111.668171,2.335776,21.529647214091227,19.895961246626314,Sibu,P.212 Sibu,N.53 Bawang Assan,Luar Bandar
3675,111.669722,1.483857,1.9824294080305485,1.89676887805392,Betong,P.204 Betong,N.36 Layar,Luar Bandar
3676,111.669744,1.740411,2.829995511235744,2.554857058754491,Pakan,P.209 Julau,N.47 Pakan,Luar Bandar
3677,111.670205,1.979902,0.9433318370785814,0.8516190195848304,Pakan,P.209 Julau,N.47 Pakan,Luar Bandar
3678,111.670511,2.273905,12.07763638765933,10.06469698971611,Meradong,P.212 Sibu,N.53 Bawang Assan,Luar Bandar
3679,111.671026,1.451617,1.0110417478577056,0.8858651505038946,Lubok Antu,P.204 Betong,N.36 Layar,Luar Bandar
3680,111.671251,2.26787,2.311437416667095,1.9261978472225794,Meradong,P.208 Sarikei,N.46 Meradong,Luar Bandar
3681,111.671262,1.784368,28.299955112357438,25.548570587544916,Pakan,P.209 Julau,N.47 Pakan,Luar Bandar
3682,111.671621,1.513748,5.673512768935762,5.4283609826237225,Betong,P.204 Betong,N.36 Layar,Luar Bandar
3683,111.672249,1.866144,17.11739698910779,15.453205615166755,Pakan,P.209 Julau,N.47 Pakan,Luar Bandar
3684,111.672549,1.602786,0.9674301507116811,0.9256276133352506,Betong,P.204 Betong,N.37 Bukit Saban,Luar Bandar
3685,111.67256,1.83331,14.715157157759045,13.284516878532472,Pakan,P.209 Julau,N.47 Pakan,Luar Bandar
3686,111.67271,1.541762,2.9845344149811446,2.855573051370848,Betong,P.204 Betong,N.37 Bukit Saban,Luar Bandar
3687,111.672914,1.14276,4.641482196974753,4.066822496396927,Lubok Antu,P.203 Lubok Antu,N.33 Engkilili,Luar Bandar
3688,111.673005,1.734041,4.716659185392907,4.258095097924152,Pakan,P.209 Julau,N.47 Pakan,Luar Bandar
3689,111.673096,2.061037,1.7156312898504529,1.4296927415420442,Meradong,P.208 Sarikei,N.46 Meradong,Luar Bandar
3690,111.673343,2.033353,2.099668372992366,1.7497236441603052,Meradong,P.208 Sarikei,N.46 Meradong,Luar Bandar
3691,111.675725,1.812763,5.659991022471488,5.109714117508982,Pakan,P.209 Julau,N.47 Pakan,Luar Bandar
3692,111.676047,1.337421,9.490079745081676,8.315117490928706,Lubok Antu,P.203 Lubok Antu,N.33 Engkilili,Luar Bandar
3693,111.676154,1.888652,26.676281128728927,24.082753796769172,Pakan,P.209 Julau,N.47 Pakan,Luar Bandar
3694,111.676487,1.683305,4.716659185392907,4.258095097924152,Pakan,P.209 Julau,N.47 Pakan,Luar Bandar
3695,111.676502,1.126469,17.74862829579031,15.551179078216272,Lubok Antu,P.203 Lubok Antu,N.33 Engkilili,Luar Bandar
3696,111.676502,1.134809,15.013301882428534,13.154512125556428,Lubok Antu,P.203 Lubok Antu,N.33 Engkilili,Luar Bandar
3697,111.676502,1.151489,1.2179610417620141,1.0671658651629077,Lubok Antu,P.203 Lubok Antu,N.33 Engkilili,Luar Bandar
3698,111.676502,1.201529,15.140612694113555,13.266060646270924,Lubok Antu,P.203 Lubok Antu,N.33 Engkilili,Luar Bandar
3699,111.676502,1.868733,49.35414211300517,44.55582274090744,Pakan,P.209 Julau,N.47 Pakan,Luar Bandar
3700,111.676502,1.893754,97.31049435243172,87.8497518459453,Pakan,P.209 Julau,N.47 Pakan,Luar Bandar
3701,111.676502,1.902094,4.367770600548452,3.9431262366062416,Pakan,P.209 Julau,N.47 Pakan,Luar Bandar
3702,111.676502,2.043875,1.9150354834755694,1.5958629028963078,Meradong,P.208 Sarikei,N.46 Meradong,Luar Bandar
3703,111.676502,2.068895,22.766847895580607,18.972373246317172,Meradong,P.208 Sarikei,N.46 Meradong,Luar Bandar
3704,111.676502,2.077235,12.310995075737628,10.25916256311469,Meradong,P.208 Sarikei,N.46 Meradong,Luar Bandar
3705,111.676502,2.085575,8.986343489966135,7.488619574971779,Meradong,P.208 Sarikei,N.46 Meradong,Luar Bandar
3706,111.676502,2.118935,17.80557523232051,14.837979360267092,Meradong,P.208 Sarikei,N.46 Meradong,Luar Bandar
3707,111.676502,2.319096,8.225194729494167,7.601060712079974,Sibu,P.212 Sibu,N.53 Bawang Assan,Luar Bandar
3708,111.677721,2.174063,3.511662852197826,2.926385710164855,Meradong,P.208 Sarikei,N.46 Meradong,Luar Bandar
3709,111.677828,1.520355,3.2420072965347213,3.10192056149927,Betong,P.204 Betong,N.36 Layar,Luar Bandar
3710,111.678911,1.89871,4.05792205848109,3.663401858350984,Pakan,P.209 Julau,N.47 Pakan,Luar Bandar
3711,111.679051,1.895611,12.734171459509655,11.496127012057327,Pakan,P.209 Julau,N.47 Pakan,Luar Bandar
3712,111.679255,2.057402,3.015121096579713,2.5126009138164274,Meradong,P.208 Sarikei,N.46 Meradong,Luar Bandar
3713,111.680349,1.50579,1.6210036482673607,1.550960280749635,Betong,P.204 Betong,N.36 Layar,Luar Bandar
3714,111.681615,1.808689,4.716659185392907,4.258095097924152,Pakan,P.209 Julau,N.47 Pakan,Luar Bandar
3715,111.681803,2.696877,9.138417785883046,7.554425369663319,Matu,P.207 Igan,N.43 Daro,Luar Bandar
3716,111.682334,2.173109,3.511662852197826,2.926385710164855,Meradong,P.208 Sarikei,N.46 Meradong,Luar Bandar
3717,111.683289,1.412222,2.06191300694282,1.806628539416566,Lubok Antu,P.203 Lubok Antu,N.33 Engkilili,Luar Bandar
3718,111.684833,1.718612,9.427540541580251,8.510974100037727,Pakan,P.209 Julau,N.47 Pakan,Luar Bandar
3719,111.684833,1.877073,22.023959344288006,19.88274107470445,Pakan,P.209 Julau,N.47 Pakan,Luar Bandar
3720,111.684833,1.885414,52.45419547382515,47.35448202498104,Pakan,P.209 Julau,N.47 Pakan,Luar Bandar
3721,111.684833,1.893754,73.60069655071665,66.44507327495253,Pakan,P.209 Julau,N.47 Pakan,Luar Bandar
3722,111.684833,2.052215,1.8533505928654654,1.544458827387888,Meradong,P.208 Sarikei,N.46 Meradong,Luar Bandar
3723,111.684833,2.060555,11.550710530560488,9.625592108800408,Meradong,P.208 Sarikei,N.46 Meradong,Luar Bandar
3724,111.684833,2.068895,18.98392432164395,15.819936934703293,Meradong,P.208 Sarikei,N.46 Meradong,Luar Bandar
3725,111.684833,2.085575,6.948119166508148,5.790099305423457,Meradong,P.208 Sarikei,N.46 Meradong,Luar Bandar
3726,111.684833,2.093915,10.247487019239223,8.539572516032687,Meradong,P.208 Sarikei,N.46 Meradong,Luar Bandar
3727,111.684833,2.102255,1.5883784045561842,1.3236486704634869,Meradong,P.208 Sarikei,N.46 Meradong,Luar Bandar
3728,111.684833,2.110595,38.94040539091889,32.45033782576574,Meradong,P.208 Sarikei,N.46 Meradong,Luar Bandar
3729,111.684833,2.118935,7.26316637760717,6.052638648005976,Meradong,P.208 Sarikei,N.46 Meradong,Luar Bandar
3730,111.684833,2.302416,36.50969730963857,33.739313773947835,Sibu,P.212 Sibu,N.53 Bawang Assan,Luar Bandar
3731,111.684833,2.310756,14.357878489535983,13.268391774882847,Sibu,P.212 Sibu,N.53 Bawang Assan,Luar Bandar
3732,111.685118,1.10586,1.8384815215087666,1.6108599997981572,Lubok Antu,P.203 Lubok Antu,N.34 Batang Ai,Luar Bandar
3733,111.685145,1.228819,2.06191300694282,1.806628539416566,Lubok Antu,P.203 Lubok Antu,N.33 Engkilili,Luar Bandar
3734,111.686196,1.93936,9.426772149689025,8.510280412913703,Pakan,P.209 Julau,N.47 Pakan,Luar Bandar
3735,111.68812,1.261781,5.498434685180853,4.817676105110843,Lubok Antu,P.203 Lubok Antu,N.33 Engkilili,Luar Bandar
3736,111.688696,1.528335,5.673512768935762,5.4283609826237225,Betong,P.204 Betong,N.36 Layar,Luar Bandar
3737,111.689501,1.337078,3.7822541149056708,3.3139750340125875,Lubok Antu,P.203 Lubok Antu,N.33 Engkilili,Luar Bandar
3738,111.689672,2.053199,3.637767566312937,3.031472971927448,Meradong,P.208 Sarikei,N.46 Meradong,Luar Bandar
3739,111.689994,1.964859,9.725725515620976,8.780168868268937,Pakan,P.209 Julau,N.47 Pakan,Luar Bandar
3740,111.690091,1.049865,4.156812402877704,3.642159438711893,Lubok Antu,P.203 Lubok Antu,N.34 Batang Ai,Luar Bandar
3741,111.690381,1.208921,0.3436521678238034,0.3011047565694277,Lubok Antu,P.203 Lubok Antu,N.33 Engkilili,Luar Bandar
3742,111.691346,1.62179,0.9314381943376575,0.8911908649526971,Betong,P.204 Betong,N.37 Bukit Saban,Luar Bandar
3743,111.692124,1.442688,1.3746086712952132,1.2044190262777108,Lubok Antu,P.203 Lubok Antu,N.33 Engkilili,Luar Bandar
3744,111.692891,1.979881,5.039504437509024,4.549552617195646,Pakan,P.209 Julau,N.47 Pakan,Luar Bandar
3745,111.693164,1.126469,10.785405644890542,9.450069707904094,Lubok Antu,P.203 Lubok Antu,N.34 Batang Ai,Luar Bandar
3746,111.693164,1.877073,22.51323782479134,20.32445081404774,Pakan,P.209 Julau,N.47 Pakan,Luar Bandar
3747,111.693164,2.060555,5.4738590666857245,4.561549222238104,Meradong,P.208 Sarikei,N.46 Meradong,Luar Bandar
3748,111.693164,2.077235,5.058678708831195,4.215565590692663,Meradong,P.208 Sarikei,N.46 Meradong,Luar Bandar
3749,111.693164,2.085575,3.0377855245456273,2.5314879371213563,Meradong,P.208 Sarikei,N.46 Meradong,Luar Bandar
3750,111.693164,2.093915,6.905335221073297,5.75444601756108,Meradong,P.208 Sarikei,N.46 Meradong,Luar Bandar
3751,111.693164,2.285736,3.056577904374204,2.824642453635782,Sibu,P.212 Sibu,N.53 Bawang Assan,Luar Bandar
3752,111.693874,2.294776,21.375507098628276,19.753517400087375,Sibu,P.212 Sibu,N.53 Bawang Assan,Luar Bandar
3753,111.694694,1.493564,1.6210036482673607,1.550960280749635,Betong,P.204 Betong,N.36 Layar,Luar Bandar
3754,111.694969,1.294847,3.5536848627247783,3.1137048321017105,Lubok Antu,P.203 Lubok Antu,N.33 Engkilili,Luar Bandar
3755,111.695133,1.696571,4.55496159791431,4.112118109228196,Pakan,P.209 Julau,N.47 Pakan,Luar Bandar
3756,111.695144,1.42535,0.3436521678238034,0.3011047565694277,Lubok Antu,P.203 Lubok Antu,N.33 Engkilili,Luar Bandar
3757,111.696475,2.052341,1.778031674041034,1.4816930617008617,Meradong,P.208 Sarikei,N.46 Meradong,Luar Bandar
3758,111.696646,2.079414,2.1069977113186953,1.7558314260989127,Meradong,P.208 Sarikei,N.46 Meradong,Luar Bandar
3759,111.697043,1.4828,1.6210036482673607,1.550960280749635,Betong,P.204 Betong,N.36 Layar,Luar Bandar
3760,111.697698,1.555163,0.608329783933372,0.5820439290720536,Betong,P.204 Betong,N.37 Bukit Saban,Luar Bandar
3761,111.697805,1.218833,2.06191300694282,1.806628539416566,Lubok Antu,P.203 Lubok Antu,N.33 Engkilili,Luar Bandar
3762,111.697859,1.098952,1.9665594120824168,1.7230806277293556,Lubok Antu,P.203 Lubok Antu,N.34 Batang Ai,Luar Bandar
3763,111.698127,2.087123,3.0662108887978494,2.5551757406648745,Meradong,P.208 Sarikei,N.46 Meradong,Luar Bandar
3764,111.699023,2.320002,6.046413364852531,5.5876069306631795,Sibu,P.212 Sibu,N.53 Bawang Assan,Luar Bandar
3765,111.699028,2.121732,2.158481144086582,1.7987342867388183,Meradong,P.208 Sarikei,N.46 Meradong,Luar Bandar
3766,111.700031,1.166021,9.014217648855217,7.898171654235048,Lubok Antu,P.203 Lubok Antu,N.34 Batang Ai,Luar Bandar
3767,111.700133,1.22285,2.06191300694282,1.806628539416566,Lubok Antu,P.203 Lubok Antu,N.33 Engkilili,Luar Bandar
3768,111.700627,2.026051,2.8093302817582613,2.3411085681318844,Meradong,P.208 Sarikei,N.46 Meradong,Luar Bandar
3769,111.701152,1.606612,3.2072313891904343,3.068647316818008,Betong,P.204 Betong,N.37 Bukit Saban,Luar Bandar
3770,111.701372,1.608095,2.118497472728815,2.0269574584751004,Betong,P.204 Betong,N.37 Bukit Saban,Luar Bandar
3771,111.701495,1.076428,2.011423160563243,1.7623898168744605,Lubok Antu,P.203 Lubok Antu,N.34 Batang Ai,Luar Bandar
3772,111.701495,2.060555,3.7383562607226137,3.115296883935512,Meradong,P.208 Sarikei,N.46 Meradong,Luar Bandar
3773,111.701495,2.068895,5.225163627433171,4.354303022860976,Meradong,P.208 Sarikei,N.46 Meradong,Luar Bandar
3774,111.701495,2.093915,1.4893651769498568,1.241137647458214,Meradong,P.208 Sarikei,N.46 Meradong,Luar Bandar
3775,111.701495,2.110595,5.571697057322626,4.643080881102189,Meradong,P.208 Sarikei,N.46 Meradong,Luar Bandar
3776,111.701495,2.135615,1.3481778456005828,1.1234815380004857,Meradong,P.208 Sarikei,N.46 Meradong,Luar Bandar
3777,111.701495,2.152295,17.88889109801709,14.907409248347577,Meradong,P.208 Sarikei,N.46 Meradong,Luar Bandar
3778,111.701495,2.294076,35.88698644820485,33.163854685197435,Sibu,P.212 Sibu,N.53 Bawang Assan,Luar Bandar
3779,111.701495,2.636018,13.61978165264576,11.259019499520495,Matu,P.207 Igan,N.43 Daro,Luar Bandar
3780,111.701495,2.82784,11.353335164661532,9.3854237361202,Matu,P.207 Igan,N.44 Jemoreng,Luar Bandar
3781,111.701893,1.365029,1.9565858821726105,1.7143419158083826,Lubok Antu,P.203 Lubok Antu,N.33 Engkilili,Luar Bandar
3782,111.703126,1.856772,4.318619411139037,3.8987536350560745,Pakan,P.209 Julau,N.47 Pakan,Luar Bandar
3783,111.704049,1.069689,2.0211952478292035,1.7709520266693972,Lubok Antu,P.203 Lubok Antu,N.34 Batang Ai,Luar Bandar
3784,111.704156,1.955691,9.534071663443825,8.607148029497898,Pakan,P.209 Julau,N.47 Pakan,Luar Bandar
3785,111.704273,2.050465,3.511662852197826,2.926385710164855,Meradong,P.208 Sarikei,N.46 Meradong,Luar Bandar
3786,111.705583,2.821026,6.147483933972725,5.081920052084119,Matu,P.207 Igan,N.44 Jemoreng,Luar Bandar
3787,111.705809,2.504814,6.240631990010276,5.158922445075161,Matu,P.207 Igan,N.43 Daro,Luar Bandar
3788,111.705927,1.939232,6.603322859550071,5.961333137093813,Pakan,P.209 Julau,N.47 Pakan,Luar Bandar
3789,111.706131,2.502649,3.120315995005138,2.5794612225375806,Matu,P.207 Igan,N.43 Daro,Luar Bandar
3790,111.706302,2.3916,9.22996313224721,8.529586526006229,Sibu,P.207 Igan,N.43 Daro,Luar Bandar
3791,111.706485,2.092591,1.383456553516839,1.1528804612640327,Meradong,P.208 Sarikei,N.46 Meradong,Luar Bandar
3792,111.707665,1.898742,4.392923216716258,3.965833459535511,Pakan,P.209 Julau,N.47 Pakan,Luar Bandar
3793,111.70804,1.388626,2.06191300694282,1.806628539416566,Lubok Antu,P.203 Lubok Antu,N.33 Engkilili,Luar Bandar
3794,111.708298,1.108134,9.722051162063895,8.518368637236938,Lubok Antu,P.203 Lubok Antu,N.34 Batang Ai,Luar Bandar
3795,111.708448,2.143593,1.0534988556593476,0.8779157130494564,Meradong,P.208 Sarikei,N.46 Meradong,Luar Bandar
3796,111.709826,1.234889,3.0044810003087514,2.632497638365763,Lubok Antu,P.203 Lubok Antu,N.33 Engkilili,Luar Bandar
3797,111.709826,2.068895,1.7053145511401235,1.4210954592834364,Meradong,P.208 Sarikei,N.46 Meradong,Luar Bandar
3798,111.709826,2.118935,18.91876166696549,15.765634722471244,Meradong,P.208 Sarikei,N.46 Meradong,Luar Bandar
3799,111.709826,2.294076,8.294245567038061,7.66487191967474,Sibu,P.212 Sibu,N.53 Bawang Assan,Luar Bandar
3800,111.709826,2.636018,39.33522841996029,32.517122160500506,Matu,P.207 Igan,N.43 Daro,Luar Bandar
3801,111.709826,2.8195,25.300756233907702,20.915291820030365,Matu,P.207 Igan,N.44 Jemoreng,Luar Bandar
3802,111.709826,2.82784,21.648772050220966,17.896318228182665,Matu,P.207 Igan,N.44 Jemoreng,Luar Bandar
3803,111.710089,2.075447,9.432871115028364,7.860725929190304,Meradong,P.208 Sarikei,N.46 Meradong,Luar Bandar
3804,111.710626,2.106594,11.678204154389928,9.73183679532494,Meradong,P.208 Sarikei,N.46 Meradong,Luar Bandar
3805,111.710883,1.585906,1.0387750014634407,0.9938896618940327,Betong,P.204 Betong,N.37 Bukit Saban,Luar Bandar
3806,111.711173,1.61853,0.9890082450690818,0.9462733208994303,Betong,P.204 Betong,N.37 Bukit Saban,Luar Bandar
3807,111.711576,2.289158,11.697236155560308,10.809641000124836,Sibu,P.212 Sibu,N.53 Bawang Assan,Luar Bandar
3808,111.711892,1.833009,37.36847261933455,33.73542667023258,Pakan,P.209 Julau,N.47 Pakan,Luar Bandar
3809,111.712128,1.865115,4.770999766814564,4.307152567263147,Pakan,P.209 Julau,N.47 Pakan,Luar Bandar
3810,111.71231,1.485831,3.2420072965347213,3.10192056149927,Betong,P.204 Betong,N.36 Layar,Luar Bandar
3811,111.712375,1.969732,4.716659185392907,4.258095097924152,Pakan,P.209 Julau,N.47 Pakan,Luar Bandar
3812,111.712525,2.82168,2.643224192660988,2.18506533259975,Matu,P.207 Igan,N.44 Jemoreng,Luar Bandar
3813,111.713104,2.135059,3.511662852197826,2.926385710164855,Meradong,P.208 Sarikei,N.46 Meradong,Luar Bandar
3814,111.713769,2.316583,6.046413364852531,5.5876069306631795,Sibu,P.212 Sibu,N.53 Bawang Assan,Luar Bandar
3815,111.714494,1.824543,2.829995511235744,2.554857058754491,Pakan,P.209 Julau,N.47 Pakan,Luar Bandar
3816,111.714982,1.137557,13.788611411315749,12.08144999848618,Lubok Antu,P.203 Lubok Antu,N.34 Batang Ai,Luar Bandar
3817,111.715035,1.849019,4.926501404570795,4.447535990237523,Pakan,P.209 Julau,N.47 Pakan,Luar Bandar
3818,111.715443,2.509916,9.98501118401644,8.254275912120256,Matu,P.207 Igan,N.43 Daro,Luar Bandar
3819,111.715829,2.50803,3.120315995005138,2.5794612225375806,Matu,P.207 Igan,N.43 Daro,Luar Bandar
3820,111.71643,1.263754,1.574892779545992,1.3799060544593453,Lubok Antu,P.203 Lubok Antu,N.33 Engkilili,Luar Bandar
3821,111.716924,1.271177,1.6084454898857263,1.4093046197093984,Lubok Antu,P.203 Lubok Antu,N.33 Engkilili,Luar Bandar
3822,111.718157,1.843713,9.806006752817169,8.852644985182163,Pakan,P.209 Julau,N.47 Pakan,Luar Bandar
3823,111.718157,1.893754,9.379009322117478,8.467161193578278,Pakan,P.209 Julau,N.47 Pakan,Luar Bandar
3824,111.718157,1.902094,8.353185632695713,7.541070362850297,Pakan,P.209 Julau,N.47 Pakan,Luar Bandar
3825,111.718157,2.052215,5.453168115283829,4.544306762736524,Meradong,P.208 Sarikei,N.46 Meradong,Luar Bandar
3826,111.718157,2.285736,27.934763011830533,25.81505199738269,Sibu,P.212 Sibu,N.53 Bawang Assan,Luar Bandar
3827,111.718157,2.560958,20.751682780374228,17.15472443177603,Matu,P.207 Igan,N.43 Daro,Luar Bandar
3828,111.718157,2.8195,23.958349282035584,19.805568739816085,Matu,P.207 Igan,N.44 Jemoreng,Luar Bandar
3829,111.718184,1.672222,2.8690473390945628,2.590112181127036,Pakan,P.209 Julau,N.48 Meluan,Luar Bandar
3830,111.718329,1.812828,10.882806083531177,9.824755492076758,Pakan,P.209 Julau,N.47 Pakan,Luar Bandar
3831,111.718512,2.816751,1.4213422606808814,1.1749762688295284,Matu,P.207 Igan,N.44 Jemoreng,Luar Bandar
3832,111.71908,1.93031,6.603322859550071,5.961333137093813,Pakan,P.209 Julau,N.47 Pakan,Luar Bandar
3833,111.721344,1.334943,2.06191300694282,1.806628539416566,Lubok Antu,P.203 Lubok Antu,N.33 Engkilili,Luar Bandar
3834,111.721548,1.687305,17.214284034567378,15.540673086762215,Pakan,P.209 Julau,N.48 Meluan,Luar Bandar
3835,111.721644,1.159408,7.353926086035067,6.443439999192629,Lubok Antu,P.203 Lubok Antu,N.34 Batang Ai,Luar Bandar
3836,111.721988,1.220356,1.6628703985004911,1.456991206305192,Lubok Antu,P.203 Lubok Antu,N.33 Engkilili,Luar Bandar
3837,111.7221,1.761751,4.303571008641844,3.885168271690554,Pakan,P.209 Julau,N.48 Meluan,Luar Bandar
3838,111.722556,1.406527,1.3746086712952132,1.2044190262777108,Lubok Antu,P.203 Lubok Antu,N.33 Engkilili,Luar Bandar
3839,111.722782,2.045383,10.568480401923674,8.807067001603063,Meradong,P.208 Sarikei,N.46 Meradong,Luar Bandar
3840,111.722814,1.619517,0.9155408538349663,0.8759804465704926,Betong,P.204 Betong,N.37 Bukit Saban,Luar Bandar
3841,111.723458,2.041834,1.8498519624964447,1.5415433020803706,Meradong,P.208 Sarikei,N.46 Meradong,Luar Bandar
3842,111.723812,1.096602,33.01229121798489,28.925055162424854,Lubok Antu,P.203 Lubok Antu,N.34 Batang Ai,Luar Bandar
3843,111.724085,1.779124,2.8690473390945628,2.590112181127036,Pakan,P.209 Julau,N.48 Meluan,Luar Bandar
3844,111.724917,1.843969,4.986624098867885,4.501813422589064,Pakan,P.209 Julau,N.47 Pakan,Luar Bandar
3845,111.72541,1.598025,2.238400811235859,2.1416797885281365,Betong,P.204 Betong,N.37 Bukit Saban,Luar Bandar
3846,111.725657,2.032865,1.953489451691767,1.6279078764098058,Meradong,P.208 Sarikei,N.46 Meradong,Luar Bandar
3847,111.726488,2.052215,3.554677937388607,2.962231614490506,Meradong,P.208 Sarikei,N.46 Meradong,Luar Bandar
3848,111.726488,2.060555,3.7366721205959754,3.11389343382998,Meradong,P.208 Sarikei,N.46 Meradong,Luar Bandar
3849,111.726488,2.135615,3.5659357539847103,2.971613128320592,Meradong,P.208 Sarikei,N.46 Meradong,Luar Bandar
3850,111.726488,2.143955,1.7267456360560647,1.4389546967133873,Meradong,P.208 Sarikei,N.46 Meradong,Luar Bandar
3851,111.726488,2.185655,2.9281291084315697,2.4401075903596414,Meradong,P.208 Sarikei,N.46 Meradong,Luar Bandar
3852,111.726488,2.285736,6.810445101336404,6.293663359229576,Sibu,P.212 Sibu,N.53 Bawang Assan,Bandar
3853,111.726488,2.8195,7.703129910902518,6.367920726346082,Matu,P.207 Igan,N.44 Jemoreng,Luar Bandar
3854,111.726789,1.703611,14.345236695472813,12.950560905635179,Pakan,P.209 Julau,N.48 Meluan,Luar Bandar
3855,111.726962,2.274643,61.41495524744741,56.75474184113704,Sibu,P.212 Sibu,N.53 Bawang Assan,Luar Bandar
3856,111.728876,2.03183,7.564537550469165,6.3037812920576375,Meradong,P.208 Sarikei,N.46 Meradong,Luar Bandar
3857,111.730281,1.785451,3.5863091738682034,3.2376402264087947,Pakan,P.209 Julau,N.48 Meluan,Luar Bandar
3858,111.730378,1.460449,1.3746086712952132,1.2044190262777108,Lubok Antu,P.203 Lubok Antu,N.33 Engkilili,Luar Bandar
3859,111.730732,1.913465,4.793597392284937,4.327553201368346,Pakan,P.209 Julau,N.47 Pakan,Luar Bandar
3860,111.730753,1.216762,4.811130349533247,4.215466591971987,Lubok Antu,P.203 Lubok Antu,N.33 Engkilili,Luar Bandar
3861,111.731011,1.524334,2.4315054724010414,2.3264404211244534,Betong,P.204 Betong,N.36 Layar,Luar Bandar
3862,111.731032,1.26014,4.963346044828455,4.34883653451636,Lubok Antu,P.203 Lubok Antu,N.33 Engkilili,Luar Bandar
3863,111.731472,1.222297,10.3095650347141,9.03314269708283,Lubok Antu,P.203 Lubok Antu,N.33 Engkilili,Luar Bandar
3864,111.73181,1.806131,4.716659185392907,4.258095097924152,Pakan,P.209 Julau,N.47 Pakan,Luar Bandar
3865,111.732159,1.536614,0.6608098026768496,0.6322562926846401,Betong,P.204 Betong,N.36 Layar,Luar Bandar
3866,111.732277,1.634145,3.9798388622520013,3.8078705163522235,Betong,P.204 Betong,N.37 Bukit Saban,Luar Bandar
3867,111.732641,1.093642,8.212816543499507,7.1959916381138544,Lubok Antu,P.203 Lubok Antu,N.34 Batang Ai,Luar Bandar
3868,111.732877,2.278622,32.58215831649223,30.10979941984784,Sibu,P.212 Sibu,N.53 Bawang Assan,Bandar
3869,111.733049,1.107614,3.7879446889319848,3.318961060778501,Lubok Antu,P.203 Lubok Antu,N.34 Batang Ai,Luar Bandar
3870,111.73482,1.209869,3.26846684283809,2.863799519439089,Lubok Antu,P.203 Lubok Antu,N.33 Engkilili,Luar Bandar
3871,111.73482,2.060555,7.245443977387749,6.037869981156458,Meradong,P.208 Sarikei,N.46 Meradong,Luar Bandar
3872,111.73482,2.118935,1.6520879556210437,1.3767399630175365,Meradong,P.208 Sarikei,N.46 Meradong,Luar Bandar
3873,111.73482,2.135615,3.5801594255085507,2.9834661879237925,Meradong,P.208 Sarikei,N.46 Meradong,Luar Bandar
3874,111.73482,2.143955,1.7294146276482631,1.4411788563735526,Meradong,P.208 Sarikei,N.46 Meradong,Luar Bandar
3875,111.73482,2.152295,6.245942374837371,5.204951979031143,Meradong,P.208 Sarikei,N.46 Meradong,Luar Bandar
3876,111.73482,2.269056,29.078984136564895,26.872448754928534,Sibu,P.212 Sibu,N.53 Bawang Assan,Luar Bandar
3877,111.735088,1.24373,2.1526065701426886,1.8860933757440699,Lubok Antu,P.203 Lubok Antu,N.34 Batang Ai,Luar Bandar
3878,111.735517,1.998924,32.479958534520506,27.06663211210042,Meradong,P.209 Julau,N.48 Meluan,Luar Bandar
3879,111.735914,2.055333,12.345500681946648,10.28791723495554,Meradong,P.208 Sarikei,N.46 Meradong,Luar Bandar
3880,111.739583,2.182618,1.7558314260989125,1.4631928550824271,Meradong,P.208 Sarikei,N.46 Meradong,Luar Bandar
3881,111.740119,2.122075,1.6394619073861527,1.3662182561551273,Meradong,P.208 Sarikei,N.46 Meradong,Luar Bandar
3882,111.740382,1.703006,2.8690473390945628,2.590112181127036,Pakan,P.209 Julau,N.48 Meluan,Luar Bandar
3883,111.740592,1.826918,3.7733273483143255,3.4064760783393218,Pakan,P.209 Julau,N.47 Pakan,Luar Bandar
3884,111.740667,1.717762,26.305172035303343,23.747724754093298,Pakan,P.209 Julau,N.48 Meluan,Luar Bandar
3885,111.741128,2.268309,12.695044687899333,11.731735063885294,Sibu,P.212 Sibu,N.53 Bawang Assan,Luar Bandar
3886,111.741139,2.045271,7.502444875736008,6.252037396446673,Meradong,P.208 Sarikei,N.46 Meradong,Luar Bandar
3887,111.74145,1.957053,5.250168762320914,4.711689914903385,Julau,P.209 Julau,N.48 Meluan,Luar Bandar
3888,111.742324,1.104025,3.6769630430175333,3.2217199995963144,Lubok Antu,P.203 Lubok Antu,N.34 Batang Ai,Luar Bandar
3889,111.74292,1.55268,2.4315054724010414,2.3264404211244534,Betong,P.204 Betong,N.36 Layar,Luar Bandar
3890,111.743151,1.176509,3.7271480786256026,3.265691649843385,Lubok Antu,P.203 Lubok Antu,N.34 Batang Ai,Luar Bandar
3891,111.743151,1.26825,3.436521678238034,3.0110475656942772,Lubok Antu,P.203 Lubok Antu,N.33 Engkilili,Luar Bandar
3892,111.743151,2.077235,3.387853722624184,2.8232114355201534,Meradong,P.208 Sarikei,N.46 Meradong,Luar Bandar
3893,111.743151,2.152295,6.6334439149524265,5.527869929127022,Meradong,P.208 Sarikei,N.46 Meradong,Luar Bandar
3894,111.743151,2.260716,8.485592221840369,7.841699045115354,Sibu,P.212 Sibu,N.53 Bawang Assan,Luar Bandar
3895,111.743151,2.277396,13.384923389850492,12.369265246447204,Sibu,P.212 Sibu,N.53 Bawang Assan,Bandar
3896,111.743376,1.999594,5.354819257741334,4.80560702617812,Julau,P.209 Julau,N.48 Meluan,Luar Bandar
3897,111.743746,2.044782,0.7023325704395652,0.585277142032971,Meradong,P.208 Sarikei,N.46 Meradong,Luar Bandar
3898,111.744078,2.110046,1.639308919686999,1.3660907664058326,Meradong,P.208 Sarikei,N.46 Meradong,Luar Bandar
3899,111.745216,1.379338,11.729847828330435,10.277580954346668,Lubok Antu,P.203 Lubok Antu,N.33 Engkilili,Luar Bandar
3900,111.745548,1.572671,0.9483127959550249,0.9073363171174621,Betong,P.204 Betong,N.37 Bukit Saban,Luar Bandar
3901,111.745618,1.499205,3.436521678238034,3.0110475656942772,Lubok Antu,P.203 Lubok Antu,N.33 Engkilili,Luar Bandar
3902,111.746063,2.173784,1.7558314260989125,1.4631928550824271,Meradong,P.208 Sarikei,N.46 Meradong,Luar Bandar
3903,111.746267,1.182813,6.021021124619843,5.2755613663335765,Lubok Antu,P.203 Lubok Antu,N.34 Batang Ai,Luar Bandar
3904,111.746846,2.036462,5.6186605635165225,4.682217136263769,Meradong,P.208 Sarikei,N.46 Meradong,Luar Bandar
3905,111.748896,1.181826,25.287949465282765,22.1570604838668,Lubok Antu,P.203 Lubok Antu,N.34 Batang Ai,Luar Bandar
3906,111.749861,1.840966,2.829995511235744,2.554857058754491,Pakan,P.209 Julau,N.47 Pakan,Luar Bandar
3907,111.750205,1.571846,2.0170531681055928,1.92989654973066,Betong,P.204 Betong,N.37 Bukit Saban,Luar Bandar
3908,111.750956,2.05128,4.84482289813484,4.037352415112367,Meradong,P.208 Sarikei,N.46 Meradong,Luar Bandar
3909,111.751482,1.226549,2.104682226095265,1.844102521912042,Lubok Antu,P.203 Lubok Antu,N.34 Batang Ai,Luar Bandar
3910,111.751482,1.927114,6.520069361862565,5.88617372945926,Pakan,P.209 Julau,N.48 Meluan,Luar Bandar
3911,111.751482,2.244036,8.535605283566648,7.887917077767554,Sibu,P.212 Sibu,N.53 Bawang Assan,Luar Bandar
3912,111.751482,2.252376,5.092842452099156,4.706393702346375,Sibu,P.212 Sibu,N.53 Bawang Assan,Luar Bandar
3913,111.751482,2.269056,74.7209203390903,69.0510402049588,Sibu,P.212 Sibu,N.53 Bawang Assan,Bandar
3914,111.751482,2.277396,11.470941732152173,10.600517969278838,Sibu,P.212 Sibu,N.53 Bawang Assan,Bandar
3915,111.751482,2.769459,1.1883815447675352,0.9823954103411625,Matu,P.207 Igan,N.44 Jemoreng,Luar Bandar
3916,111.752082,1.178941,3.8667364914992852,3.38799768778985,Lubok Antu,P.203 Lubok Antu,N.34 Batang Ai,Luar Bandar
3917,111.753455,1.59778,3.7306680187264316,3.569466314213561,Betong,P.204 Betong,N.37 Bukit Saban,Luar Bandar
3918,111.753702,2.261823,113.72405337326566,105.09458590862764,Sibu,P.212 Sibu,N.53 Bawang Assan,Bandar
3919,111.754045,1.982229,5.159484259896608,4.6303063870867005,Julau,P.209 Julau,N.48 Meluan,Luar Bandar
3920,111.754196,2.154486,1.7558314260989125,1.4631928550824271,Meradong,P.208 Sarikei,N.46 Meradong,Luar Bandar
3921,111.754598,1.417076,1.8548694433739001,1.625218940860941,Lubok Antu,P.203 Lubok Antu,N.33 Engkilili,Luar Bandar
3922,111.75521,1.397748,1.7876610129571278,1.5663315542100549,Lubok Antu,P.203 Lubok Antu,N.33 Engkilili,Luar Bandar
3923,111.757661,2.09213,5.6186605635165225,4.682217136263769,Meradong,P.208 Sarikei,N.46 Meradong,Luar Bandar
3924,111.758541,2.185116,9.674261383764048,8.940171089061085,Sibu,P.212 Sibu,N.53 Bawang Assan,Luar Bandar
3925,111.75919,2.056807,8.427990845274781,7.023325704395651,Meradong,P.208 Sarikei,N.46 Meradong,Luar Bandar
3926,111.75926,1.096002,4.596203803771917,4.027149999495393,Lubok Antu,P.203 Lubok Antu,N.34 Batang Ai,Luar Bandar
3927,111.759506,1.23075,9.426207900140597,8.259153588694618,Lubok Antu,P.203 Lubok Antu,N.34 Batang Ai,Luar Bandar
3928,111.759813,1.076428,1.9610974939881487,1.7182949471134257,Lubok Antu,P.203 Lubok Antu,N.34 Batang Ai,Luar Bandar
3929,111.759813,1.168169,23.231572244510904,20.355282347571457,Lubok Antu,P.203 Lubok Antu,N.34 Batang Ai,Luar Bandar
3930,111.759813,1.943794,10.549371696687857,9.467384856001923,Julau,P.209 Julau,N.48 Meluan,Luar Bandar
3931,111.759813,2.168975,35.99087998692047,29.99239998910039,Meradong,P.212 Sibu,N.53 Bawang Assan,Luar Bandar
3932,111.759813,2.252376,35.63992083175431,32.93553659519843,Sibu,P.212 Sibu,N.53 Bawang Assan,Bandar
3933,111.759813,2.260716,76.29455330292907,70.50526470541685,Sibu,P.212 Sibu,N.53 Bawang Assan,Bandar
3934,111.760247,2.241326,24.341548449609608,22.494493282701562,Sibu,P.212 Sibu,N.53 Bawang Assan,Luar Bandar
3935,111.761427,2.275192,3.4077629451970313,3.149179307079099,Sibu,P.212 Sibu,N.53 Bawang Assan,Bandar
3936,111.762301,1.675402,5.7380946781891256,5.180224362254072,Pakan,P.209 Julau,N.48 Meluan,Luar Bandar
3937,111.763819,1.232873,2.0955406249245683,1.8360927380291454,Lubok Antu,P.203 Lubok Antu,N.34 Batang Ai,Luar Bandar
3938,111.764045,1.06705,4.596203803771917,4.027149999495393,Lubok Antu,P.203 Lubok Antu,N.34 Batang Ai,Luar Bandar
3939,111.76618,1.787767,10.709638515482668,9.61121405235624,Julau,P.209 Julau,N.48 Meluan,Luar Bandar
3940,111.76736,2.296429,8.607495484176049,7.954352195403883,Sibu,P.212 Sibu,N.53 Bawang Assan,Bandar
3941,111.768144,1.051408,8.431268243698254,7.3873969373356125,Lubok Antu,P.203 Lubok Antu,N.34 Batang Ai,Luar Bandar
3942,111.768144,2.060555,11.831192850855889,9.85932737571324,Meradong,P.208 Sarikei,N.46 Meradong,Luar Bandar
3943,111.768144,2.077235,7.152959117844122,5.960799264870102,Meradong,P.208 Sarikei,N.46 Meradong,Luar Bandar
3944,111.768144,2.252376,24.26723795679861,22.42582152647243,Sibu,P.212 Sibu,N.53 Bawang Assan,Bandar
3945,111.768336,1.166476,2.0539665835775507,1.7996659589441393,Lubok Antu,P.203 Lubok Antu,N.34 Batang Ai,Luar Bandar
3946,111.768712,1.713129,4.303571008641844,3.885168271690554,Pakan,P.209 Julau,N.48 Meluan,Luar Bandar
3947,111.769023,2.243427,10.398616036965493,9.609561161531797,Sibu,P.212 Sibu,N.53 Bawang Assan,Luar Bandar
3948,111.769506,2.1654,4.237052389289598,3.530876991074665,Meradong,P.212 Sibu,N.53 Bawang Assan,Luar Bandar
3949,111.770284,1.94284,2.141927703096534,1.9222428104712481,Julau,P.209 Julau,N.48 Meluan,Luar Bandar
3950,111.771201,1.971324,2.677409628870667,2.40280351308906,Julau,P.209 Julau,N.48 Meluan,Luar Bandar
3951,111.772537,1.651256,13.362235114831641,12.063128923111899,Pakan,P.209 Julau,N.48 Meluan,Luar Bandar
3952,111.772816,1.555361,0.6873043356476066,0.6022095131388554,Lubok Antu,P.203 Lubok Antu,N.33 Engkilili,Luar Bandar
3953,111.772971,1.69789,5.7380946781891256,5.180224362254072,Pakan,P.209 Julau,N.48 Meluan,Luar Bandar
3954,111.776475,2.244036,29.290364849226343,27.06778973871595,Sibu,P.212 Sibu,N.53 Bawang Assan,Luar Bandar
3955,111.778829,2.248744,7.807494156994782,7.2150555759762085,Sibu,P.212 Sibu,N.53 Bawang Assan,Luar Bandar
3956,111.780567,2.295753,18.13924009455759,16.762820791989537,Sibu,P.212 Sibu,N.53 Bawang Assan,Bandar
3957,111.781012,1.655771,13.27658850732569,11.98580906911347,Pakan,P.209 Julau,N.48 Meluan,Luar Bandar
3958,111.781699,1.781456,2.677409628870667,2.40280351308906,Julau,P.209 Julau,N.48 Meluan,Luar Bandar
3959,111.78234,1.861512,4.283855406193068,3.8444856209424962,Julau,P.209 Julau,N.48 Meluan,Luar Bandar
3960,111.78341,1.229377,35.8279049209116,31.392069073560634,Lubok Antu,P.203 Lubok Antu,N.34 Batang Ai,Luar Bandar
3961,111.784719,1.962039,46.41820408454538,41.65736263997662,Julau,P.209 Julau,N.48 Meluan,Luar Bandar
3962,111.784806,1.151489,10.301116124184219,9.025739842142364,Lubok Antu,P.203 Lubok Antu,N.34 Batang Ai,Luar Bandar
3963,111.784806,2.235696,16.06957232968374,14.850200987593919,Sibu,P.212 Sibu,N.53 Bawang Assan,Luar Bandar
3964,111.784806,2.244036,11.16130704900554,10.314378600842518,Sibu,P.212 Sibu,N.53 Bawang Assan,Luar Bandar
3965,111.784806,2.252376,144.03543409739868,133.10591606290774,Sibu,P.212 Sibu,N.53 Bawang Assan,Luar Bandar
3966,111.784806,2.269056,7.59722315346173,7.0207400957464765,Sibu,P.212 Sibu,N.53 Bawang Assan,Bandar
3967,111.784806,2.369137,7.117227016519108,6.577166429899771,Sibu,P.212 Sibu,N.53 Bawang Assan,Luar Bandar
3968,111.784806,2.377477,48.38187520288413,44.710621799955256,Sibu,P.212 Sibu,N.53 Bawang Assan,Luar Bandar
3969,111.784859,2.776522,8.912861585756513,7.367965577558717,Matu,P.207 Igan,N.44 Jemoreng,Luar Bandar
3970,111.785309,2.796153,4.13419291341425,3.417599475089114,Matu,P.207 Igan,N.44 Jemoreng,Luar Bandar
3971,111.786103,1.234075,18.422667104435106,16.141765462933616,Lubok Antu,P.203 Lubok Antu,N.34 Batang Ai,Luar Bandar
3972,111.787895,1.92763,4.91576339797339,4.411582536642786,Julau,P.209 Julau,N.48 Meluan,Luar Bandar
3973,111.788256,2.784086,2.970953861918838,2.455988525852906,Matu,P.207 Igan,N.44 Jemoreng,Luar Bandar
3974,111.789172,1.53914,0.3436521678238034,0.3011047565694277,Lubok Antu,P.203 Lubok Antu,N.33 Engkilili,Luar Bandar
3975,111.789472,2.35198,30.232066824262645,27.93803465331589,Sibu,P.212 Sibu,N.53 Bawang Assan,Luar Bandar
3976,111.789547,1.454052,5.498434685180853,4.817676105110843,Lubok Antu,P.203 Lubok Antu,N.33 Engkilili,Luar Bandar
3977,111.789794,2.232942,13.449071554790915,12.428545799955831,Sibu,P.212 Sibu,N.53 Bawang Assan,Luar Bandar
3978,111.79003,2.759044,2.970953861918838,2.455988525852906,Matu,P.207 Igan,N.44 Jemoreng,Luar Bandar
3979,111.790754,1.801686,2.141927703096534,1.9222428104712481,Julau,P.209 Julau,N.48 Meluan,Luar Bandar
3980,111.790797,1.518843,2.7492173425904265,2.4088380525554216,Lubok Antu,P.203 Lubok Antu,N.33 Engkilili,Luar Bandar
3981,111.7918,1.143318,23.45828697416933,20.553927634510266,Lubok Antu,P.203 Lubok Antu,N.34 Batang Ai,Luar Bandar
3982,111.792197,1.949611,1.070963851548267,0.9611214052356241,Julau,P.209 Julau,N.48 Meluan,Luar Bandar
3983,111.792559,1.17502,0.45962038037719166,0.4027149999495393,Lubok Antu,P.203 Lubok Antu,N.34 Batang Ai,Luar Bandar
3984,111.793056,1.717279,20.060808448300133,18.110452071382063,Pakan,P.209 Julau,N.48 Meluan,Luar Bandar
3985,111.793137,2.060555,3.5770431579087916,3.3056144087991814,Sibu,P.211 Lanang,N.52 Dudong,Luar Bandar
3986,111.793137,2.244036,15.766650744695259,14.570265322333558,Sibu,P.212 Sibu,N.53 Bawang Assan,Bandar
3987,111.793137,2.260716,22.401619676752627,20.701767777161646,Sibu,P.212 Sibu,N.53 Bawang Assan,Bandar
3988,111.793137,2.319096,21.299537832774757,19.68331273977288,Sibu,P.212 Sibu,N.53 Bawang Assan,Bandar
3989,111.793137,2.360797,33.727393932646606,31.168133688434942,Sibu,P.212 Sibu,N.53 Bawang Assan,Luar Bandar
3990,111.793137,2.369137,7.7129711730384,7.127705067767193,Sibu,P.212 Sibu,N.53 Bawang Assan,Luar Bandar
3991,111.793137,2.385817,9.247264496668947,8.545575049767239,Sibu,P.212 Sibu,N.53 Bawang Assan,Luar Bandar
3992,111.793137,2.402497,27.199072715780083,25.135186439243927,Sibu,P.212 Sibu,N.53 Bawang Assan,Luar Bandar
3993,111.793137,2.410837,9.21425722768996,8.515072397404543,Sibu,P.212 Sibu,N.53 Bawang Assan,Luar Bandar
3994,111.794729,1.603135,5.7380946781891256,5.180224362254072,Pakan,P.209 Julau,N.48 Meluan,Luar Bandar
3995,111.794761,1.03902,16.360416165012232,14.334840830296432,Lubok Antu,P.203 Lubok Antu,N.34 Batang Ai,Luar Bandar
3996,111.795759,2.252647,41.786706738429594,38.615899723047406,Sibu,P.212 Sibu,N.53 Bawang Assan,Bandar
3997,111.798162,1.73588,25.614252200875995,23.123977681346386,Pakan,P.209 Julau,N.48 Meluan,Luar Bandar
3998,111.798398,1.123833,4.596203803771917,4.027149999495393,Lubok Antu,P.203 Lubok Antu,N.34 Batang Ai,Luar Bandar
3999,111.798398,2.741919,1.7825723171513028,1.4735931155117434,Matu,P.207 Igan,N.44 Jemoreng,Luar Bandar
4000,111.798479,2.033358,1.070963851548267,0.9611214052356241,Julau,P.209 Julau,N.48 Meluan,Luar Bandar
4001,111.799418,1.628879,2.151785504320922,1.942584135845277,Pakan,P.209 Julau,N.48 Meluan,Luar Bandar
4002,111.800351,2.73684,4.315813193003988,3.567738906216631,Matu,P.207 Igan,N.44 Jemoreng,Luar Bandar
4003,111.800694,2.062897,6.6114166020982,6.109737293537902,Sibu,P.211 Lanang,N.52 Dudong,Luar Bandar
4004,111.801124,1.972911,4.8005595851341525,4.3081944994793675,Julau,P.209 Julau,N.48 Meluan,Luar Bandar
4005,111.801468,2.252376,6.4625720197126535,5.972187151008171,Sibu,P.212 Sibu,N.53 Bawang Assan,Bandar
4006,111.801468,2.260716,29.32216101435266,27.097173186705305,Sibu,P.212 Sibu,N.53 Bawang Assan,Bandar
4007,111.801468,2.269056,2.000555943101288,1.8487522401017327,Sibu,P.211 Lanang,N.52 Dudong,Bandar
4008,111.801468,2.277396,6.64805409372995,6.143594704503829,Sibu,P.212 Sibu,N.53 Bawang Assan,Bandar
4009,111.801468,2.294076,14.944327837016484,13.810340900874314,Sibu,P.212 Sibu,N.53 Bawang Assan,Bandar
4010,111.801468,2.302416,11.574636083990658,10.696343915015756,Sibu,P.212 Sibu,N.53 Bawang Assan,Bandar
4011,111.801468,2.310756,16.328884158278214,15.089836037866862,Sibu,P.212 Sibu,N.53 Bawang Assan,Bandar
4012,111.801468,2.319096,3.5449725034341917,3.2759772999215704,Sibu,P.212 Sibu,N.53 Bawang Assan,Bandar
4013,111.801468,2.360797,49.02272802529842,45.30284622392077,Sibu,P.212 Sibu,N.53 Bawang Assan,Luar Bandar
4014,111.801468,2.394157,13.17141591175209,12.171958877798001,Sibu,P.212 Sibu,N.53 Bawang Assan,Luar Bandar
4015,111.801468,2.752779,20.542088825121418,16.981460095433707,Matu,P.207 Igan,N.44 Jemoreng,Luar Bandar
4016,111.803516,1.775167,4.283855406193068,3.8444856209424962,Julau,P.209 Julau,N.48 Meluan,Luar Bandar
4017,111.8049,1.117917,11.0308891290526,9.665159998788944,Lubok Antu,P.203 Lubok Antu,N.34 Batang Ai,Luar Bandar
4018,111.805179,1.936572,5.118929694750756,4.593911264519909,Julau,P.209 Julau,N.48 Meluan,Luar Bandar
4019,111.805608,1.040468,4.596203803771917,4.027149999495393,Lubok Antu,P.203 Lubok Antu,N.34 Batang Ai,Luar Bandar
4020,111.806906,1.183939,2.304565472513664,2.019238318773877,Lubok Antu,P.203 Lubok Antu,N.34 Batang Ai,Luar Bandar
4021,111.807083,2.0778,6.073062503027889,5.612233912012224,Sibu,P.211 Lanang,N.52 Dudong,Luar Bandar
4022,111.807979,2.103125,3.1736381031423564,2.93282003569524,Sibu,P.211 Lanang,N.52 Dudong,Luar Bandar
4023,111.808307,1.477959,1.3746086712952132,1.2044190262777108,Lubok Antu,P.203 Lubok Antu,N.33 Engkilili,Luar Bandar
4024,111.809799,1.109789,18.497515318176735,16.207346754973898,Lubok Antu,P.203 Lubok Antu,N.34 Batang Ai,Luar Bandar
4025,111.809799,1.151489,24.402545534080993,21.381277991766204,Lubok Antu,P.203 Lubok Antu,N.34 Batang Ai,Luar Bandar
4026,111.809799,1.676912,6.851044512001525,6.184970740001376,Pakan,P.209 Julau,N.48 Meluan,Luar Bandar
4027,111.809799,2.002174,30.89925234093998,27.73009825468973,Julau,P.209 Julau,N.48 Meluan,Luar Bandar
4028,111.809799,2.085575,3.273802142677006,3.0253835519047674,Sibu,P.211 Lanang,N.52 Dudong,Luar Bandar
4029,111.809799,2.227356,7.629278765348392,7.050363303479139,Sibu,P.212 Sibu,N.53 Bawang Assan,Bandar
4030,111.809799,2.252376,25.56804531589538,23.627922636098443,Sibu,P.211 Lanang,N.52 Dudong,Bandar
4031,111.809799,2.285736,36.03867249378259,33.304030678536215,Sibu,P.212 Sibu,N.53 Bawang Assan,Bandar
4032,111.809799,2.294076,24.523205574625123,22.662366127228097,Sibu,P.212 Sibu,N.53 Bawang Assan,Bandar
4033,111.809799,2.302416,29.42010866628108,27.187688496481975,Sibu,P.212 Sibu,N.53 Bawang Assan,Bandar
4034,111.809799,2.310756,20.62529918269641,19.060235830079883,Sibu,P.212 Sibu,N.53 Bawang Assan,Bandar
4035,111.809799,2.327436,27.84590686624818,25.732938323551842,Sibu,P.212 Sibu,N.55 Nangka,Bandar
4036,111.809799,2.335776,15.806812211101773,14.607379306194321,Sibu,P.212 Sibu,N.55 Nangka,Bandar
4037,111.809799,2.344116,8.749088857774453,8.085201356371515,Sibu,P.212 Sibu,N.53 Bawang Assan,Bandar
4038,111.809799,2.352457,3.5508391653946854,3.2813987951208343,Sibu,P.212 Sibu,N.53 Bawang Assan,Bandar
4039,111.809799,2.360797,13.77796772137541,12.732485075850988,Sibu,P.212 Sibu,N.53 Bawang Assan,Bandar
4040,111.809799,2.394157,7.433939947982701,6.869846943799731,Sibu,P.212 Sibu,N.53 Bawang Assan,Luar Bandar
4041,111.809943,2.065872,31.73638103142357,29.3282003569524,Sibu,P.211 Lanang,N.52 Dudong,Luar Bandar
4042,111.810844,1.499661,1.3746086712952132,1.2044190262777108,Lubok Antu,P.203 Lubok Antu,N.33 Engkilili,Luar Bandar
4043,111.810908,1.242077,4.596203803771917,4.027149999495393,Lubok Antu,P.203 Lubok Antu,N.34 Batang Ai,Luar Bandar
4044,111.810962,1.709011,4.303571008641844,3.885168271690554,Pakan,P.209 Julau,N.48 Meluan,Luar Bandar
4045,111.811085,1.099735,2.3308995288393035,2.042311968125866,Lubok Antu,P.203 Lubok Antu,N.34 Batang Ai,Luar Bandar
4046,111.811616,1.638558,6.810931123159716,6.148757263963633,Pakan,P.209 Julau,N.48 Meluan,Luar Bandar
4047,111.811713,2.262703,22.411545453567136,20.71094037849971,Sibu,P.211 Lanang,N.52 Dudong,Luar Bandar
4048,111.812319,1.814131,2.141927703096534,1.9222428104712481,Julau,P.209 Julau,N.48 Meluan,Luar Bandar
4049,111.8141,1.859485,5.354819257741334,4.80560702617812,Julau,P.209 Julau,N.48 Meluan,Luar Bandar
4050,111.814374,1.099627,10.513505644829646,9.211833517374545,Lubok Antu,P.203 Lubok Antu,N.34 Batang Ai,Luar Bandar
4051,111.815479,2.288967,33.20650342671586,30.686768749349895,Sibu,P.212 Sibu,N.53 Bawang Assan,Bandar
4052,111.815677,1.702727,2.151785504320922,1.942584135845277,Pakan,P.209 Julau,N.48 Meluan,Luar Bandar
4053,111.816005,2.120757,4.760457154713535,4.39923005354286,Sibu,P.211 Lanang,N.52 Dudong,Luar Bandar
4054,111.816241,2.277229,2.014925700386601,1.862031609300355,Sibu,P.211 Lanang,N.52 Dudong,Luar Bandar
4055,111.816262,1.687665,11.476189356378251,10.360448724508144,Pakan,P.209 Julau,N.48 Meluan,Luar Bandar
4056,111.816584,2.636909,1.153627764525494,0.9536656186744085,Matu,P.212 Sibu,N.53 Bawang Assan,Luar Bandar
4057,111.816857,2.064012,3.254749004005362,3.0077761798531935,Sibu,P.211 Lanang,N.52 Dudong,Luar Bandar
4058,111.817657,1.105399,10.850304493027775,9.506933460557669,Lubok Antu,P.203 Lubok Antu,N.34 Batang Ai,Luar Bandar
4059,111.817743,1.145527,27.37749344424708,23.987899017816485,Lubok Antu,P.203 Lubok Antu,N.34 Batang Ai,Luar Bandar
4060,111.81813,1.093108,41.14937051874887,36.05468654976091,Lubok Antu,P.203 Lubok Antu,N.34 Batang Ai,Luar Bandar
4061,111.81813,1.29327,2.2967902335674752,2.012425728459121,Lubok Antu,P.203 Lubok Antu,N.34 Batang Ai,Luar Bandar
4062,111.81813,2.302416,419.37597304116366,387.5534059811296,Sibu,P.212 Sibu,N.55 Nangka,Bandar
4063,111.81813,2.319096,5.855783339300821,5.411442056101842,Sibu,P.212 Sibu,N.55 Nangka,Bandar
4064,111.81813,2.335776,73.00748633310064,67.46762287151037,Sibu,P.212 Sibu,N.55 Nangka,Bandar
4065,111.81813,2.344116,90.18864400917624,83.34506126593253,Sibu,P.212 Sibu,N.55 Nangka,Bandar
4066,111.81813,2.352457,8.486148130294419,7.842212770814084,Sibu,P.212 Sibu,N.53 Bawang Assan,Bandar
4067,111.81813,2.360797,45.8714979964619,42.39073392084961,Sibu,P.212 Sibu,N.53 Bawang Assan,Bandar
4068,111.81813,2.410837,28.7839756741394,26.599825758486546,Sibu,P.212 Sibu,N.53 Bawang Assan,Luar Bandar
4069,111.81813,2.560958,34.608832935764816,28.609968560232247,Matu,P.212 Sibu,N.53 Bawang Assan,Luar Bandar
4070,111.818515,1.239631,1.8384815215087666,1.6108599997981572,Lubok Antu,P.203 Lubok Antu,N.34 Batang Ai,Luar Bandar
4071,111.818526,2.614836,7.554427557194812,6.244993447281045,Matu,P.212 Sibu,N.53 Bawang Assan,Luar Bandar
4072,111.818558,2.667769,17.304416467882408,14.304984280116123,Matu,P.212 Sibu,N.53 Bawang Assan,Luar Bandar
4073,111.819035,1.0419,4.002689393572815,3.5071183257971335,Lubok Antu,P.203 Lubok Antu,N.34 Batang Ai,Luar Bandar
4074,111.819534,2.294606,156.243100172921,144.38725517334976,Sibu,P.211 Lanang,N.51 Bukit Assek,Bandar
4075,111.819631,2.310043,119.62549488893106,110.54822156402574,Sibu,P.212 Sibu,N.54 Pelawan,Bandar
4076,111.820049,2.250277,1.644205807184582,1.519442222899573,Sibu,P.211 Lanang,N.52 Dudong,Bandar
4077,111.820205,1.648719,6.9261919526629105,6.252812179487349,Pakan,P.209 Julau,N.48 Meluan,Luar Bandar
4078,111.820607,1.398108,4.714748890965075,4.131018075893208,Lubok Antu,P.203 Lubok Antu,N.34 Batang Ai,Luar Bandar
4079,111.8211337,1.134693,14.313081570758364,12.5409857572359,Lubok Antu,P.203 Lubok Antu,N.34 Batang Ai,Luar Bandar
4080,111.821712,1.530329,5.288544424582723,4.633772257729623,Lubok Antu,P.203 Lubok Antu,N.33 Engkilili,Luar Bandar
4081,111.822184,1.569411,2.06191300694282,1.806628539416566,Lubok Antu,P.203 Lubok Antu,N.33 Engkilili,Luar Bandar
4082,111.822485,2.634856,23.072555290509875,19.073312373488168,Matu,P.212 Sibu,N.53 Bawang Assan,Luar Bandar
4083,111.823037,2.066135,6.2988629719136595,5.820900469979832,Sibu,P.211 Lanang,N.52 Dudong,Luar Bandar
4084,111.823104,2.14554,2.3802285773567675,2.19961502677143,Sibu,P.211 Lanang,N.52 Dudong,Luar Bandar
4085,111.823128,1.754298,14.431635302169287,12.951467578869874,Julau,P.209 Julau,N.48 Meluan,Luar Bandar
4086,111.823214,1.055797,2.7092009198380795,2.3737760440486033,Lubok Antu,P.203 Lubok Antu,N.34 Batang Ai,Luar Bandar
4087,111.823493,2.621079,2.307255529050988,1.907331237348817,Matu,P.212 Sibu,N.53 Bawang Assan,Luar Bandar
4088,111.824008,1.320131,0.45962038037719166,0.4027149999495393,Lubok Antu,P.203 Lubok Antu,N.34 Batang Ai,Luar Bandar
4089,111.82447,2.152197,2.3802285773567675,2.19961502677143,Sibu,P.211 Lanang,N.52 Dudong,Luar Bandar
4090,111.82447,2.732992,0.7840110658605881,0.6481158144447529,Matu,P.207 Igan,N.44 Jemoreng,Luar Bandar
4091,111.82463,1.13006,22.981019018859584,20.13574999747697,Lubok Antu,P.203 Lubok Antu,N.34 Batang Ai,Luar Bandar
4092,111.824861,1.642993,2.151785504320922,1.942584135845277,Pakan,P.209 Julau,N.48 Meluan,Luar Bandar
4093,111.82492,1.655197,13.003457032530612,11.739232043256802,Pakan,P.209 Julau,N.48 Meluan,Luar Bandar
4094,111.826111,1.890099,30.674052600420737,27.527995923454505,Julau,P.209 Julau,N.48 Meluan,Luar Bandar
4095,111.826251,2.725534,5.048463167875532,4.173396218777107,Matu,P.207 Igan,N.44 Jemoreng,Luar Bandar
4096,111.826261,1.325006,0.45962038037719166,0.4027149999495393,Lubok Antu,P.203 Lubok Antu,N.34 Batang Ai,Luar Bandar
4097,111.826461,1.093108,17.86913409121437,15.65676510849259,Lubok Antu,P.203 Lubok Antu,N.34 Batang Ai,Luar Bandar
4098,111.826461,1.29327,2.3743082359394316,2.08034626387074,Lubok Antu,P.203 Lubok Antu,N.34 Batang Ai,Luar Bandar
4099,111.826461,2.235696,2.2347723789665324,2.065196155088313,Sibu,P.211 Lanang,N.52 Dudong,Bandar
4100,111.826461,2.260716,4.626408981701845,4.275353557616069,Sibu,P.211 Lanang,N.52 Dudong,Luar Bandar
4101,111.826461,2.294076,371.2828788912415,343.10965230870835,Sibu,P.211 Lanang,N.51 Bukit Assek,Bandar
4102,111.826461,2.302416,336.5559525168463,311.01783145865744,Sibu,P.211 Lanang,N.51 Bukit Assek,Bandar
4103,111.826461,2.310756,310.8328797560466,287.2466449778101,Sibu,P.212 Sibu,N.54 Pelawan,Bandar
4104,111.826461,2.319096,196.995427776848,182.04726523551537,Sibu,P.212 Sibu,N.54 Pelawan,Bandar
4105,111.826461,2.327436,90.60023279615312,83.7254183834369,Sibu,P.212 Sibu,N.54 Pelawan,Bandar
4106,111.826461,2.335776,57.89001850394788,53.497279972483,Sibu,P.212 Sibu,N.54 Pelawan,Bandar
4107,111.826461,2.344116,67.68855661118866,62.552297572941285,Sibu,P.212 Sibu,N.55 Nangka,Bandar
4108,111.826461,2.352457,61.43698792103839,56.775102658737374,Sibu,P.212 Sibu,N.55 Nangka,Bandar
4109,111.826461,2.469217,14.036189502568476,12.971112792346478,Sibu,P.212 Sibu,N.53 Bawang Assan,Luar Bandar
4110,111.826461,2.610998,18.362599750675816,15.17974912722534,Matu,P.212 Sibu,N.53 Bawang Assan,Luar Bandar
4111,111.82653,2.020883,18.48291800288424,16.587234105152525,Julau,P.209 Julau,N.48 Meluan,Luar Bandar
4112,111.826583,2.274034,4.256945303322917,3.9339250635043763,Sibu,P.211 Lanang,N.52 Dudong,Bandar
4113,111.826626,2.065561,13.458641743220658,12.437389795225595,Sibu,P.211 Lanang,N.52 Dudong,Luar Bandar
4114,111.826672,2.673964,28.840694113137346,23.84164046686021,Matu,P.212 Sibu,N.53 Bawang Assan,Luar Bandar
4115,111.826723,1.303328,4.596203803771917,4.027149999495393,Lubok Antu,P.203 Lubok Antu,N.34 Batang Ai,Luar Bandar
4116,111.826867,1.209045,0.9192407607543834,0.8054299998990788,Lubok Antu,P.203 Lubok Antu,N.34 Batang Ai,Luar Bandar
4117,111.826905,2.287499,134.1571608987598,123.97721373029023,Sibu,P.211 Lanang,N.51 Bukit Assek,Bandar
4118,111.82698,1.745805,22.32485540484188,20.03512664537092,Julau,P.209 Julau,N.48 Meluan,Luar Bandar
4119,111.82698,2.2416737,36.87077855399339,34.072995899489825,Sibu,P.211 Lanang,N.52 Dudong,Bandar
4120,111.827527,2.001336,5.354819257741334,4.80560702617812,Julau,P.209 Julau,N.48 Meluan,Luar Bandar
4121,111.828053,1.124165,3.6769630430175333,3.2217199995963144,Lubok Antu,P.203 Lubok Antu,N.34 Batang Ai,Luar Bandar
4122,111.828595,1.555077,2.06191300694282,1.806628539416566,Lubok Antu,P.203 Lubok Antu,N.33 Engkilili,Luar Bandar
4123,111.828825,1.045832,44.13881646438338,38.674010616412104,Lubok Antu,P.203 Lubok Antu,N.34 Batang Ai,Luar Bandar
4124,111.829796,2.149501,0.7934095257855891,0.73320500892381,Sibu,P.211 Lanang,N.52 Dudong,Luar Bandar
4125,111.830301,1.804823,4.283855406193068,3.8444856209424962,Julau,P.209 Julau,N.48 Meluan,Luar Bandar
4126,111.832184,1.098512,2.718846579326011,2.3822274790285043,Lubok Antu,P.203 Lubok Antu,N.34 Batang Ai,Luar Bandar
4127,111.832404,1.332568,0.9192407607543834,0.8054299998990788,Lubok Antu,P.203 Lubok Antu,N.34 Batang Ai,Luar Bandar
4128,111.832538,2.062425,19.835238144639725,18.33012522309525,Sibu,P.211 Lanang,N.52 Dudong,Luar Bandar
4129,111.832645,1.039953,17.38355343251271,15.231303959915898,Lubok Antu,P.203 Lubok Antu,N.34 Batang Ai,Luar Bandar
4130,111.832699,1.229591,1.8384815215087666,1.6108599997981572,Lubok Antu,P.203 Lubok Antu,N.34 Batang Ai,Luar Bandar
4131,111.833353,1.364364,18.806250720344238,16.477857774015902,Lubok Antu,P.203 Lubok Antu,N.34 Batang Ai,Luar Bandar
4132,111.834018,1.335995,1.8384815215087666,1.6108599997981572,Lubok Antu,P.203 Lubok Antu,N.34 Batang Ai,Luar Bandar
4133,111.834624,1.375734,0.45962038037719166,0.4027149999495393,Lubok Antu,P.203 Lubok Antu,N.34 Batang Ai,Luar Bandar
4134,111.834792,1.034728,21.505253520674138,18.842698322876387,Lubok Antu,P.203 Lubok Antu,N.34 Batang Ai,Luar Bandar
4135,111.834792,1.043068,89.27025674379902,78.21774876599534,Lubok Antu,P.203 Lubok Antu,N.34 Batang Ai,Luar Bandar
4136,111.834792,1.051408,31.780995814562026,27.84620585656863,Lubok Antu,P.203 Lubok Antu,N.34 Batang Ai,Luar Bandar
4137,111.834792,1.109789,3.107978712243759,2.723181347870722,Lubok Antu,P.203 Lubok Antu,N.34 Batang Ai,Luar Bandar
4138,111.834792,2.219016,2.0436787124400806,1.888602820981213,Sibu,P.211 Lanang,N.52 Dudong,Luar Bandar
4139,111.834792,2.235696,1.9815658685858013,1.8312031468502934,Sibu,P.211 Lanang,N.52 Dudong,Luar Bandar
4140,111.834792,2.244036,65.85998496568075,60.86247933142855,Sibu,P.211 Lanang,N.52 Dudong,Bandar
4141,111.834792,2.285736,324.46220892286624,299.84177030541304,Sibu,P.211 Lanang,N.51 Bukit Assek,Bandar
4142,111.834792,2.294076,373.2413306894496,344.9194952983803,Sibu,P.211 Lanang,N.51 Bukit Assek,Bandar
4143,111.834792,2.302416,348.5805147510163,322.1299607861696,Sibu,P.212 Sibu,N.54 Pelawan,Bandar
4144,111.834792,2.310756,354.7938433981135,327.8718173408041,Sibu,P.212 Sibu,N.54 Pelawan,Bandar
4145,111.834792,2.319096,331.1156876777889,305.9903780437019,Sibu,P.212 Sibu,N.54 Pelawan,Bandar
4146,111.834792,2.327436,164.12019100498205,151.6666263758777,Sibu,P.212 Sibu,N.54 Pelawan,Bandar
4147,111.834792,2.335776,195.56590703656082,180.72621761373236,Sibu,P.212 Sibu,N.54 Pelawan,Bandar
4148,111.834792,2.344116,85.40312774374397,78.9226736060073,Sibu,P.212 Sibu,N.55 Nangka,
4149,111.834792,2.352457,36.70068755377422,33.91581153343363,Sibu,P.212 Sibu,N.55 Nangka,Bandar
4150,111.834792,2.360797,35.82624249779497,33.10772003183763,Sibu,P.212 Sibu,N.55 Nangka,Bandar
4151,111.834792,2.419177,34.041633738348615,31.458528739232733,Sibu,P.212 Sibu,N.53 Bawang Assan,Luar Bandar
4152,111.834792,2.602658,30.66949775473789,25.353451477249987,Matu,P.212 Sibu,N.53 Bawang Assan,Luar Bandar
4153,111.835005,1.104176,3.009154293808587,2.6365923336227617,Lubok Antu,P.203 Lubok Antu,N.34 Batang Ai,Luar Bandar
4154,111.835102,1.734309,9.415185067409336,8.449525060495558,Julau,P.209 Julau,N.48 Meluan,Luar Bandar
4155,111.835628,1.759274,4.705635624110119,4.223006329329594,Julau,P.209 Julau,N.48 Meluan,Luar Bandar
4156,111.835638,2.720068,5.941907723837676,4.911977051705812,Matu,P.207 Igan,N.44 Jemoreng,Luar Bandar
4157,111.835649,1.023273,7.025323508355607,6.155521550178246,Lubok Antu,P.203 Lubok Antu,N.34 Batang Ai,Luar Bandar
4158,111.835907,1.045102,17.15585918747685,15.031800430932098,Lubok Antu,P.203 Lubok Antu,N.34 Batang Ai,Luar Bandar
4159,111.836089,1.221176,1.8384815215087666,1.6108599997981572,Lubok Antu,P.203 Lubok Antu,N.34 Batang Ai,Luar Bandar
4160,111.837344,2.249109,25.809916082885586,23.85144006575606,Sibu,P.211 Lanang,N.52 Dudong,Bandar
4161,111.838235,2.279512,63.112778347738356,58.323732836256866,Sibu,P.211 Lanang,N.52 Dudong,Bandar
4162,111.838648,1.100512,15.137182181326917,13.263054863638821,Lubok Antu,P.203 Lubok Antu,N.34 Batang Ai,Luar Bandar
4163,111.840279,1.204111,0.45962038037719166,0.4027149999495393,Lubok Antu,P.203 Lubok Antu,N.34 Batang Ai,Luar Bandar
4164,111.840279,1.204164,0.45962038037719166,0.4027149999495393,Lubok Antu,P.203 Lubok Antu,N.34 Batang Ai,Luar Bandar
4165,111.841496,1.559319,3.5218058470364317,3.0857727421652545,Lubok Antu,P.203 Lubok Antu,N.33 Engkilili,Luar Bandar
4166,111.841995,1.193105,2.75772228226315,2.416289999697236,Lubok Antu,P.203 Lubok Antu,N.34 Batang Ai,Luar Bandar
4167,111.842204,1.105098,8.485768187164137,7.435149268753338,Lubok Antu,P.203 Lubok Antu,N.34 Batang Ai,Luar Bandar
4168,111.842923,2.714227,11.651054004839544,10.944929519697755,Dalat,P.213 Mukah,N.56 Dalat,Luar Bandar
4169,111.843123,1.043068,9.371835379071246,8.211512903567186,Lubok Antu,P.203 Lubok Antu,N.34 Batang Ai,Luar Bandar
4170,111.843123,2.060555,8.569983787368397,7.9196869146141555,Sibu,P.211 Lanang,N.52 Dudong,Luar Bandar
4171,111.843123,2.219016,4.663969186211507,4.310063665306569,Sibu,P.211 Lanang,N.52 Dudong,Luar Bandar
4172,111.843123,2.227356,13.899340508931596,12.844648004188818,Sibu,P.211 Lanang,N.52 Dudong,Luar Bandar
4173,111.843123,2.244036,198.33149097358333,183.28194694306757,Sibu,P.211 Lanang,N.52 Dudong,Bandar
4174,111.843123,2.252376,195.41894165056937,180.5904040727484,Sibu,P.211 Lanang,N.52 Dudong,Bandar
4175,111.843123,2.260716,140.30614391450166,129.65960724890263,Sibu,P.211 Lanang,N.52 Dudong,Bandar
4176,111.843123,2.269056,150.2632067066683,138.86112056090485,Sibu,P.211 Lanang,N.52 Dudong,Bandar
4177,111.843123,2.277396,240.38774581919338,222.14694125838741,Sibu,P.211 Lanang,N.52 Dudong,Bandar
4178,111.843123,2.285736,256.32642544859203,236.87618178311624,Sibu,P.211 Lanang,N.51 Bukit Assek,Bandar
4179,111.843123,2.294076,273.5521289562689,252.79478583763603,Sibu,P.211 Lanang,N.51 Bukit Assek,Bandar
4180,111.843123,2.302416,225.19848483342827,208.11025292194861,Sibu,P.212 Sibu,N.54 Pelawan,Bandar
4181,111.843123,2.310756,331.69811328628924,306.52860875508026,Sibu,P.212 Sibu,N.54 Pelawan,Bandar
4182,111.843123,2.319096,327.4836062319225,302.6339016939989,Sibu,P.212 Sibu,N.54 Pelawan,Bandar
4183,111.843123,2.327436,245.91170293035117,227.25173631232994,Sibu,P.212 Sibu,N.54 Pelawan,Bandar
4184,111.843123,2.335776,176.17909648879981,162.8104929611944,Sibu,P.212 Sibu,N.54 Pelawan,Bandar
4185,111.843123,2.344116,209.24212596350554,193.3646746708818,Sibu,P.212 Sibu,N.54 Pelawan,
4186,111.843123,2.352457,176.12784831927098,162.76313354165688,Sibu,P.212 Sibu,N.55 Nangka,
4187,111.843123,2.360797,60.612301738511135,56.01299428951842,Sibu,P.212 Sibu,N.55 Nangka,Bandar
4188,111.843123,2.419177,41.00712596310545,37.89547412850666,Sibu,P.212 Sibu,N.53 Bawang Assan,Luar Bandar
4189,111.843123,2.427517,4.61707488159894,4.266727736111759,Sibu,P.212 Sibu,N.53 Bawang Assan,Luar Bandar
4190,111.843123,2.719419,1.7421161051821406,1.440149313617236,Matu,P.207 Igan,N.44 Jemoreng,Luar Bandar
4191,111.843578,2.496207,19.23780645706252,17.7780271053071,Sibu,P.212 Sibu,N.53 Bawang Assan,Luar Bandar
4192,111.844291,2.696732,4.100581212074145,3.852061138615106,Dalat,P.213 Mukah,N.56 Dalat,Luar Bandar
4193,111.844318,1.893724,13.71816052297265,12.311169700103658,Julau,P.209 Julau,N.48 Meluan,Luar Bandar
4194,111.845096,2.01142,4.587244324049758,4.116757726711321,Julau,P.209 Julau,N.48 Meluan,Luar Bandar
4195,111.845284,1.235888,1.8384815215087666,1.6108599997981572,Lubok Antu,P.203 Lubok Antu,N.34 Batang Ai,Luar Bandar
4196,111.846217,1.049704,2.7015298115660276,2.3670546920388054,Lubok Antu,P.203 Lubok Antu,N.34 Batang Ai,Luar Bandar
4197,111.846335,1.797257,4.756386561919819,4.2685520427485555,Julau,P.209 Julau,N.48 Meluan,Luar Bandar
4198,111.846606,2.06981,1.983523814463973,1.833012522309525,Sibu,P.211 Lanang,N.52 Dudong,Luar Bandar
4199,111.846737,1.116678,14.021079301199432,12.285136149622357,Lubok Antu,P.203 Lubok Antu,N.34 Batang Ai,Luar Bandar
4200,111.847746,2.665235,3.642965655342096,3.0115182750828,Matu,P.212 Sibu,N.53 Bawang Assan,Luar Bandar
4201,111.849731,2.075361,2.3802285773567675,2.19961502677143,Sibu,P.211 Lanang,N.52 Dudong,Luar Bandar
4202,111.850197,1.06514,7.353926086035067,6.443439999192629,Lubok Antu,P.203 Lubok Antu,N.34 Batang Ai,Luar Bandar
4203,111.850315,2.399671,3.60290732321102,3.329515981612352,Sibu,P.212 Sibu,N.53 Bawang Assan,Luar Bandar
4204,111.851238,2.08128,23.802285773567675,21.996150267714302,Sibu,P.211 Lanang,N.52 Dudong,Luar Bandar
4205,111.851455,1.051408,31.865443365411178,27.920197996360265,Lubok Antu,P.203 Lubok Antu,N.34 Batang Ai,Luar Bandar
4206,111.851455,1.118129,12.05396371352561,10.561568206136723,Lubok Antu,P.203 Lubok Antu,N.34 Batang Ai,Luar Bandar
4207,111.851455,2.060555,5.22647391422662,4.690425307639274,Julau,P.211 Lanang,N.52 Dudong,Luar Bandar
4208,111.851455,2.244036,360.28939382160695,332.95036122809756,Sibu,P.211 Lanang,N.52 Dudong,Bandar
4209,111.851455,2.252376,298.2534008041097,275.62170643415016,Sibu,P.211 Lanang,N.52 Dudong,Bandar
4210,111.851455,2.260716,133.27544576805764,123.1624038127579,Sibu,P.211 Lanang,N.52 Dudong,Bandar
4211,111.851455,2.269056,238.000869422102,219.94118285348722,Sibu,P.211 Lanang,N.52 Dudong,Bandar
4212,111.851455,2.277396,311.4967191996002,287.86011178066036,Sibu,P.211 Lanang,N.52 Dudong,Bandar
4213,111.851455,2.285736,136.36622596894102,126.01865326669075,Sibu,P.211 Lanang,N.51 Bukit Assek,Bandar
4214,111.851455,2.294076,32.422290886213275,29.962062851487065,Sibu,P.211 Lanang,N.51 Bukit Assek,Luar Bandar
4215,111.851455,2.302416,168.78321902521083,155.97582029159048,Sibu,P.211 Lanang,N.51 Bukit Assek,Bandar
4216,111.851455,2.310756,422.19134169243773,390.15514232282186,Sibu,P.212 Sibu,N.55 Nangka,Bandar
4217,111.851455,2.319096,411.6570442248469,380.42019534057675,Sibu,P.212 Sibu,N.55 Nangka,Bandar
4218,111.851455,2.327436,462.34296102954465,427.2600263172757,Sibu,P.212 Sibu,N.55 Nangka,Bandar
4219,111.851455,2.335776,103.83357859499242,95.95460786149707,Sibu,P.212 Sibu,N.55 Nangka,Bandar
4220,111.851455,2.344116,62.657789382608044,57.90326877904971,Sibu,P.212 Sibu,N.54 Pelawan,
4221,111.851455,2.352457,260.09586819559684,240.35959635419655,Sibu,P.212 Sibu,N.55 Nangka,Bandar
4222,111.851455,2.360797,102.1682733048408,94.41566720040844,Sibu,P.212 Sibu,N.55 Nangka,Bandar
4223,111.851455,2.419177,14.971596205958658,13.835540125289707,Sibu,P.212 Sibu,N.53 Bawang Assan,Luar Bandar
4224,111.851455,2.427517,2.9893180676774134,2.762486344384818,Sibu,P.212 Sibu,N.53 Bawang Assan,Luar Bandar
4225,111.851455,2.510918,24.282742061113325,22.44014916758711,Sibu,P.212 Sibu,N.53 Bawang Assan,Luar Bandar
4226,111.851528,2.239192,44.523689390884996,41.14519805499128,Sibu,P.211 Lanang,N.51 Bukit Assek,Bandar
4227,111.852461,1.400145,11.0308891290526,9.665159998788944,Lubok Antu,P.203 Lubok Antu,N.34 Batang Ai,Luar Bandar
4228,111.852955,1.900093,4.973869723012269,4.463729238600755,Julau,P.209 Julau,N.48 Meluan,Luar Bandar
4229,111.853073,2.088399,2.7473462992762157,2.5388755773799176,Sibu,P.211 Lanang,N.52 Dudong,Luar Bandar
4230,111.853588,1.8133,20.116586074867215,18.053346477444936,Julau,P.209 Julau,N.48 Meluan,Luar Bandar
4231,111.85583,1.664109,12.887300297091029,11.634368323762732,Pakan,P.209 Julau,N.48 Meluan,Luar Bandar
4232,111.856656,2.238388,64.90322246235849,59.978316692857035,Sibu,P.211 Lanang,N.51 Bukit Assek,Bandar
4233,111.859349,2.238131,114.56818478509311,105.87466398839229,Sibu,P.211 Lanang,N.51 Bukit Assek,Bandar
4234,111.859387,1.789102,8.567710812386135,7.6889712418849925,Julau,P.209 Julau,N.48 Meluan,Luar Bandar
4235,111.859786,1.059748,3.0458774106562685,2.66876877886073,Lubok Antu,P.203 Lubok Antu,N.34 Batang Ai,Luar Bandar
4236,111.859786,1.076428,11.093320413253702,9.719861695422292,Lubok Antu,P.203 Lubok Antu,N.34 Batang Ai,Luar Bandar
4237,111.859786,2.060555,5.668189449511305,5.086836685458864,Julau,P.211 Lanang,N.52 Dudong,Luar Bandar
4238,111.859786,2.244036,236.29228834951897,218.3622502091761,Sibu,P.211 Lanang,N.52 Dudong,Bandar
4239,111.859786,2.252376,83.39195832745979,77.06411325112138,Sibu,P.211 Lanang,N.52 Dudong,Bandar
4240,111.859786,2.260716,116.26037995798089,107.43845410751081,Sibu,P.211 Lanang,N.52 Dudong,Bandar
4241,111.859786,2.269056,339.10585996586076,313.37424999555157,Sibu,P.211 Lanang,N.52 Dudong,Bandar
4242,111.859786,2.277396,204.1339582476159,188.6441185973903,Sibu,P.211 Lanang,N.52 Dudong,Bandar
4243,111.859786,2.285736,12.81321848625215,11.840941744747923,Sibu,P.211 Lanang,N.51 Bukit Assek,Bandar
4244,111.859786,2.294076,2.1371332673361576,1.97496597333775,Sibu,P.211 Lanang,N.51 Bukit Assek,Bandar
4245,111.859786,2.302416,279.23668990392525,258.04799798709627,Sibu,P.212 Sibu,N.55 Nangka,Bandar
4246,111.859786,2.310756,122.75668873341334,113.44181804361503,Sibu,P.212 Sibu,N.55 Nangka,Bandar
4247,111.859786,2.319096,38.95743413500336,36.00131447164267,Sibu,P.212 Sibu,N.55 Nangka,Bandar
4248,111.859786,2.327436,85.36091969031366,78.88366833169908,Sibu,P.212 Sibu,N.55 Nangka,Bandar
4249,111.859786,2.335776,21.137870355044775,19.53391271292756,Sibu,P.212 Sibu,N.55 Nangka,Bandar
4250,111.859786,2.352457,113.10522164235798,104.52271159903543,Sibu,P.212 Sibu,N.55 Nangka,Bandar
4251,111.859786,2.360797,77.49545108897789,71.61503745620992,Sibu,P.212 Sibu,N.55 Nangka,Bandar
4252,111.859786,2.385817,8.423146872682851,7.783992096435915,Sibu,P.212 Sibu,N.55 Nangka,Luar Bandar
4253,111.863919,2.672077,56.56607303202503,53.13782618159928,Dalat,P.212 Sibu,N.53 Bawang Assan,Luar Bandar
4254,111.864837,1.0956,2.9429937601499967,2.578623104131425,Lubok Antu,P.203 Lubok Antu,N.34 Batang Ai,Luar Bandar
4255,111.866441,1.912467,4.17041802399515,3.7426828420469294,Julau,P.209 Julau,N.48 Meluan,Luar Bandar
4256,111.867009,2.058131,3.2128915546448003,2.883364215706872,Julau,P.209 Julau,N.48 Meluan,Luar Bandar
4257,111.86716,2.237927,62.49770484554757,57.755331578134744,Sibu,P.211 Lanang,N.51 Bukit Assek,Bandar
4258,111.867557,1.80537,3.2128915546448003,2.883364215706872,Julau,P.209 Julau,N.48 Meluan,Luar Bandar
4259,111.868117,1.059748,26.62340965586774,23.327177984188875,Lubok Antu,P.203 Lubok Antu,N.34 Batang Ai,Luar Bandar
4260,111.868117,1.126469,75.35450761562096,66.0249019108298,Lubok Antu,P.203 Lubok Antu,N.34 Batang Ai,Luar Bandar
4261,111.868117,2.227356,2.3184198411853205,2.1424963844016105,Sibu,P.211 Lanang,N.51 Bukit Assek,Luar Bandar
4262,111.868117,2.244036,22.787057217548753,21.057958024889224,Sibu,P.211 Lanang,N.51 Bukit Assek,Bandar
4263,111.868117,2.252376,66.76262431545686,61.69662572241407,Sibu,P.211 Lanang,N.52 Dudong,Bandar
4264,111.868117,2.260716,255.81870365804855,236.40698630730236,Sibu,P.211 Lanang,N.52 Dudong,Bandar
4265,111.868117,2.269056,150.65243641531578,139.2208152239097,Sibu,P.211 Lanang,N.51 Bukit Assek,Bandar
4266,111.868117,2.277396,104.0784330882976,96.1808826100528,Sibu,P.211 Lanang,N.51 Bukit Assek,Bandar
4267,111.868117,2.285736,35.41663768757097,32.72919634542467,Sibu,P.211 Lanang,N.51 Bukit Assek,Bandar
4268,111.868117,2.294076,34.096453520313005,31.509188754544,Sibu,P.212 Sibu,N.55 Nangka,Bandar
4269,111.868117,2.302416,150.08354321059974,138.69509006724803,Sibu,P.212 Sibu,N.55 Nangka,Bandar
4270,111.868117,2.310756,50.4075259992832,46.58256467684437,Sibu,P.212 Sibu,N.55 Nangka,Bandar
4271,111.868117,2.327436,77.49891732602703,71.61824067256157,Sibu,P.212 Sibu,N.55 Nangka,Bandar
4272,111.868117,2.335776,106.58554508782157,98.49775304863728,Sibu,P.212 Sibu,N.55 Nangka,Bandar
4273,111.868117,2.352457,57.943725191418025,53.54691135575487,Sibu,P.212 Sibu,N.55 Nangka,Bandar
4274,111.868117,2.360797,50.57623347540888,46.73847050166512,Sibu,P.212 Sibu,N.55 Nangka,Bandar
4275,111.868117,2.369137,15.523159508371673,14.345250385785207,Sibu,P.212 Sibu,N.55 Nangka,Bandar
4276,111.868117,2.385817,55.80541724529566,51.57085983914857,Sibu,P.212 Sibu,N.55 Nangka,Bandar
4277,111.868117,2.8612,9.237512707624541,8.677663452616994,Dalat,P.213 Mukah,N.56 Dalat,Luar Bandar
4278,111.869316,2.849932,15.150020261349951,14.231837215207529,Dalat,P.213 Mukah,N.56 Dalat,Luar Bandar
4279,111.869627,1.418298,4.596203803771917,4.027149999495393,Lubok Antu,P.203 Lubok Antu,N.34 Batang Ai,Luar Bandar
4280,111.871912,2.003534,10.153649769595233,9.112249793226491,Julau,P.209 Julau,N.48 Meluan,Luar Bandar
4281,111.872621,1.350989,5.083338687174633,4.453972944953012,Lubok Antu,P.203 Lubok Antu,N.34 Batang Ai,Luar Bandar
4282,111.873822,1.633437,3.4362768660648206,3.0838382131350954,Julau,P.209 Julau,N.48 Meluan,Luar Bandar
4283,111.874316,2.866857,36.35188772296099,34.1487430124785,Dalat,P.213 Mukah,N.56 Dalat,Luar Bandar
4284,111.875153,2.856474,20.845097939407253,19.581758670352265,Dalat,P.213 Mukah,N.56 Dalat,Luar Bandar
4285,111.876448,2.227356,16.985913930018178,15.697009891968023,Sibu,P.211 Lanang,N.51 Bukit Assek,Luar Bandar
4286,111.876448,2.252376,28.342240139850446,26.191609451731715,Sibu,P.211 Lanang,N.51 Bukit Assek,Bandar
4287,111.876448,2.260716,62.122901094177024,57.40896821982214,Sibu,P.211 Lanang,N.51 Bukit Assek,Bandar
4288,111.876448,2.277396,22.35410323717879,20.6578569210785,Sibu,P.211 Lanang,N.51 Bukit Assek,Bandar
4289,111.876448,2.294076,13.100864411084984,12.106760878536532,Sibu,P.212 Sibu,N.55 Nangka,Bandar
4290,111.876448,2.302416,63.13879365811087,58.34777408513769,Sibu,P.212 Sibu,N.55 Nangka,Bandar
4291,111.876448,2.310756,3.477887053749515,3.2139823450639153,Sibu,P.212 Sibu,N.55 Nangka,Bandar
4292,111.876448,2.327436,39.95818800356377,36.92613037727709,Sibu,P.212 Sibu,N.55 Nangka,Bandar
4293,111.876448,2.352457,31.09189606134756,28.732619395445848,Sibu,P.212 Sibu,N.55 Nangka,Bandar
4294,111.876448,2.369137,17.163467010326084,15.861090109813539,Sibu,P.212 Sibu,N.55 Nangka,Bandar
4295,111.876448,2.711079,5.19806672440392,4.883032377470349,Dalat,P.213 Mukah,N.56 Dalat,Luar Bandar
4296,111.876448,2.719419,29.87522187524977,28.064602367658875,Dalat,P.213 Mukah,N.56 Dalat,Luar Bandar
4297,111.876448,2.8612,89.74662917815851,76.08744231503043,Bintulu,P.213 Mukah,N.56 Dalat,Luar Bandar
4298,111.878554,2.062506,5.354819257741334,4.80560702617812,Julau,P.209 Julau,N.48 Meluan,Luar Bandar
4299,111.882872,1.339041,1.8384815215087666,1.6108599997981572,Lubok Antu,P.203 Lubok Antu,N.34 Batang Ai,Luar Bandar
4300,111.884779,2.235696,6.881942948704261,6.359735895686052,Sibu,P.211 Lanang,N.51 Bukit Assek,Bandar
4301,111.884779,2.294076,41.055463700489994,37.94014396169943,Sibu,P.212 Sibu,N.55 Nangka,Bandar
4302,111.884779,2.302416,79.23355737511362,73.22125491846542,Sibu,P.212 Sibu,N.55 Nangka,Bandar
4303,111.884779,2.310756,3.1376510333751417,2.8995636920892234,Sibu,P.212 Sibu,N.55 Nangka,Bandar
4304,111.884779,2.327436,6.384418673314608,5.899964139838161,Sibu,P.212 Sibu,N.55 Nangka,Bandar
4305,111.884779,2.435857,3.072973118207086,2.8397935862022123,Sibu,P.212 Sibu,N.53 Bawang Assan,Luar Bandar
4306,111.884779,2.711079,1.9514488872572333,1.8331792577264918,Dalat,P.213 Mukah,N.56 Dalat,Luar Bandar
4307,111.884779,2.719419,11.39987947699253,10.708977690508133,Dalat,P.213 Mukah,N.56 Dalat,Luar Bandar
4308,111.884779,2.85286,43.91418276168325,41.25271713976305,Dalat,P.213 Mukah,N.57 Tellian,Luar Bandar
4309,111.884779,2.8612,168.81487374342376,158.58366927412536,Dalat,P.213 Mukah,N.57 Tellian,Luar Bandar
4310,111.884991,2.005454,4.404766556751422,3.9529956278538414,Julau,P.209 Julau,N.48 Meluan,Luar Bandar
4311,111.885281,1.090638,5.926943470594166,5.193131421853935,Lubok Antu,P.203 Lubok Antu,N.34 Batang Ai,Luar Bandar
4312,111.885855,1.79374,1.6064457773224006,1.4416821078534363,Julau,P.209 Julau,N.48 Meluan,Luar Bandar
4313,111.887662,2.869857,5.831096183413909,5.477696414722157,Dalat,P.213 Mukah,N.56 Dalat,Luar Bandar
4314,111.888971,1.780754,10.709638515482668,9.61121405235624,Julau,P.209 Julau,N.48 Meluan,Luar Bandar
4315,111.889079,1.675498,3.9305007169648016,3.527372438301745,Julau,P.209 Julau,N.48 Meluan,Luar Bandar
4316,111.890264,2.42819,18.13924009455759,16.762820791989537,Sibu,P.212 Sibu,N.53 Bawang Assan,Luar Bandar
4317,111.890731,2.348539,2.800631290615318,2.588117263143153,Sibu,P.212 Sibu,N.55 Nangka,Bandar
4318,111.891954,2.84968,9.420283034357519,8.849356789851003,Dalat,P.213 Mukah,N.57 Tellian,Luar Bandar
4319,111.892657,2.819655,31.143623683339058,29.256131338894264,Dalat,P.213 Mukah,N.56 Dalat,Luar Bandar
4320,111.893102,2.441498,3.3612694426448675,3.1062137667802165,Sibu,P.212 Sibu,N.53 Bawang Assan,Luar Bandar
4321,111.89311,1.918774,4.704000605017238,4.22153900450265,Julau,P.209 Julau,N.48 Meluan,Luar Bandar
4322,111.89311,1.927114,14.712744442817645,13.203745012785065,Julau,P.209 Julau,N.48 Meluan,Luar Bandar
4323,111.89311,2.060555,12.843504752379442,11.526222213673858,Julau,P.209 Julau,N.48 Meluan,Luar Bandar
4324,111.89311,2.235696,16.990756008293214,15.701484549669342,Sibu,P.211 Lanang,N.51 Bukit Assek,Bandar
4325,111.89311,2.252376,16.77466925566315,15.50179462379711,Sibu,P.211 Lanang,N.51 Bukit Assek,Bandar
4326,111.89311,2.260716,6.442273525499535,5.953428921938595,Sibu,P.211 Lanang,N.51 Bukit Assek,Bandar
4327,111.89311,2.285736,17.549400787784304,16.217738939388745,Sibu,P.212 Sibu,N.55 Nangka,Bandar
4328,111.89311,2.294076,181.7270251013824,167.9374405408439,Sibu,P.212 Sibu,N.55 Nangka,Bandar
4329,111.89311,2.302416,230.69089718989443,213.18589686112196,Sibu,P.212 Sibu,N.55 Nangka,Bandar
4330,111.89311,2.310756,34.232403907206255,31.634823122919606,Sibu,P.212 Sibu,N.55 Nangka,Bandar
4331,111.897233,2.824011,9.765248578073706,9.173415330917724,Dalat,P.213 Mukah,N.57 Tellian,Luar Bandar
4332,111.897576,2.227753,18.528044768059463,17.12212267183815,Sibu,P.211 Lanang,N.52 Dudong,Bandar
4333,111.898102,2.838382,20.83780203486741,19.57490494184514,Dalat,P.213 Mukah,N.57 Tellian,Luar Bandar
4334,111.899014,2.204746,6.460477551226912,5.970251612380427,Sibu,P.211 Lanang,N.51 Bukit Assek,Luar Bandar
4335,111.899207,2.367432,3.6499739015434884,3.373011112266476,Sibu,P.212 Sibu,N.55 Nangka,Bandar
4336,111.900293,1.985785,4.3374435799929865,3.8925775717885776,Julau,P.209 Julau,N.48 Meluan,Luar Bandar
4337,111.901277,1.910977,2.141927703096534,1.9222428104712481,Julau,P.209 Julau,N.48 Meluan,Luar Bandar
4338,111.901441,1.893754,29.28635364228429,26.282625063588466,Julau,P.209 Julau,N.48 Meluan,Luar Bandar
4339,111.901441,1.943794,18.978151854089482,17.03167474084954,Julau,P.209 Julau,N.48 Meluan,Luar Bandar
4340,111.901441,1.968814,9.166371360050924,8.226230707738008,Julau,P.209 Julau,N.48 Meluan,Luar Bandar
4341,111.901441,2.043875,56.96712525030209,51.12434317334803,Julau,P.209 Julau,N.48 Meluan,Luar Bandar
4342,111.901441,2.052215,104.37975407733524,93.67413827453161,Julau,P.209 Julau,N.48 Meluan,Luar Bandar
4343,111.901441,2.102255,8.326110978385387,7.694319359429315,Sibu,P.211 Lanang,N.52 Dudong,Luar Bandar
4344,111.901441,2.227356,27.89792643356751,25.78101060663014,Sibu,P.211 Lanang,N.52 Dudong,Bandar
4345,111.901441,2.285736,54.81306591484597,50.653808880657124,Sibu,P.212 Sibu,N.55 Nangka,Bandar
4346,111.901441,2.294076,123.88107929877552,114.48088899968144,Sibu,P.212 Sibu,N.55 Nangka,Bandar
4347,111.901441,2.302416,132.4803837602847,122.42767171343382,Sibu,P.212 Sibu,N.55 Nangka,Bandar
4348,111.901441,2.310756,56.6270641707528,52.330159572430105,Sibu,P.212 Sibu,N.55 Nangka,Bandar
4349,111.90261,2.00159,2.677409628870667,2.40280351308906,Julau,P.209 Julau,N.48 Meluan,Luar Bandar
4350,111.903241,1.952549,5.354819257741334,4.80560702617812,Julau,P.209 Julau,N.48 Meluan,Luar Bandar
4351,111.903992,1.889821,4.59147189709266,4.120551702519054,Julau,P.209 Julau,N.48 Meluan,Luar Bandar
4352,111.904649,1.975952,4.758975414618769,4.270875372093767,Julau,P.209 Julau,N.48 Meluan,Luar Bandar
4353,111.905107,2.028249,26.376077692485968,23.670838954795098,Julau,P.209 Julau,N.48 Meluan,Luar Bandar
4354,111.905386,2.346652,8.031034105636666,7.421633143691336,Sibu,P.212 Sibu,N.55 Nangka,Bandar
4355,111.908466,1.889617,4.725796601079732,4.241099513789503,Julau,P.209 Julau,N.48 Meluan,Luar Bandar
4356,111.909659,1.988219,4.212317528036019,3.7802849610579656,Julau,P.209 Julau,N.48 Meluan,Luar Bandar
4357,111.909772,1.885414,7.912510199683188,7.100970692023374,Julau,P.209 Julau,N.48 Meluan,Luar Bandar
4358,111.909772,1.960474,14.523716956189261,13.03410496068267,Julau,P.209 Julau,N.48 Meluan,Luar Bandar
4359,111.909772,2.018854,20.863704476624108,18.72383735081651,Julau,P.209 Julau,N.48 Meluan,Luar Bandar
4360,111.909772,2.027194,36.80335289368265,33.02865003279212,Julau,P.209 Julau,N.48 Meluan,Luar Bandar
4361,111.909772,2.043875,21.968714418948032,19.715512940081567,Julau,P.209 Julau,N.48 Meluan,Luar Bandar
4362,111.909772,2.052215,165.49238717368254,148.5188090020228,Julau,P.209 Julau,N.48 Meluan,Luar Bandar
4363,111.909772,2.060555,4.415135694090909,3.9623012639277384,Julau,P.209 Julau,N.48 Meluan,Luar Bandar
4364,111.909772,2.152295,17.499929391742647,16.172021470418002,Sibu,P.211 Lanang,N.52 Dudong,Luar Bandar
4365,111.909772,2.219016,34.72257524548041,32.08779988809978,Sibu,P.211 Lanang,N.52 Dudong,Luar Bandar
4366,111.909772,2.285736,6.26365266552547,5.788361948358225,Sibu,P.212 Sibu,N.55 Nangka,Bandar
4367,111.909772,2.294076,36.26389370958414,33.51216193758317,Sibu,P.212 Sibu,N.55 Nangka,Bandar
4368,111.909772,2.302416,90.87111426754632,83.97574516323385,Sibu,P.212 Sibu,N.55 Nangka,Bandar
4369,111.909772,2.802819,52.25096090546175,49.08423600210043,Dalat,P.213 Mukah,N.56 Dalat,Luar Bandar
4370,111.909914,2.092328,3.1736381031423564,2.93282003569524,Sibu,P.211 Lanang,N.52 Dudong,Luar Bandar
4371,111.911319,1.799263,4.03802439849001,3.623868049926932,Julau,P.209 Julau,N.48 Meluan,Luar Bandar
4372,111.913165,1.879301,4.507098111279507,4.044831638327763,Julau,P.209 Julau,N.48 Meluan,Luar Bandar
4373,111.914339,2.006282,6.921468230391044,6.211574052915039,Julau,P.209 Julau,N.48 Meluan,Luar Bandar
4374,111.915418,2.211704,2.2749056089814976,2.1022840451563436,Sibu,P.211 Lanang,N.52 Dudong,Luar Bandar
4375,111.915589,2.795565,46.004818518039976,43.21664769876483,Dalat,P.213 Mukah,N.56 Dalat,Luar Bandar
4376,111.915643,2.800591,98.86167689317283,92.8700601117684,Dalat,P.213 Mukah,N.56 Dalat,Luar Bandar
4377,111.915729,2.019285,52.34210098640802,46.973680372417455,Julau,P.209 Julau,N.48 Meluan,Luar Bandar
4378,111.91596,2.065031,7.872904227917276,7.065426871207812,Julau,P.209 Julau,N.48 Meluan,Luar Bandar
4379,111.916276,2.091197,6.556957599835213,6.059410681690535,Sibu,P.211 Lanang,N.52 Dudong,Luar Bandar
4380,111.916866,1.79641,13.182406925798293,11.83036518981898,Julau,P.209 Julau,N.48 Meluan,Luar Bandar
4381,111.917017,2.024925,73.27825007380505,65.76253211751735,Julau,P.209 Julau,N.48 Meluan,Luar Bandar
4382,111.918103,2.035534,7.11591503935898,6.386077599424726,Julau,P.209 Julau,N.48 Meluan,Luar Bandar
4383,111.918103,2.285736,25.403104021772734,23.475497212532524,Sibu,P.212 Sibu,N.55 Nangka,Bandar
4384,111.918103,2.294076,62.77635806340835,58.012840378380076,Sibu,P.212 Sibu,N.55 Nangka,Bandar
4385,111.918103,2.302416,158.01170733324741,146.02165908031807,Sibu,P.212 Sibu,N.55 Nangka,Bandar
4386,111.918103,2.310756,2.921410202602862,2.6997313796411273,Sibu,P.212 Sibu,N.55 Nangka,Bandar
4387,111.918103,2.711079,53.506634463583715,50.26380813245743,Dalat,P.213 Mukah,N.56 Dalat,Luar Bandar
4388,111.918407,1.979975,1.070963851548267,0.9611214052356241,Julau,P.209 Julau,N.48 Meluan,Luar Bandar
4389,111.919291,2.714474,29.072883766356465,27.31089081081971,Dalat,P.213 Mukah,N.56 Dalat,Luar Bandar
4390,111.919645,2.70948,37.6146840699634,35.33500624754137,Dalat,P.213 Mukah,N.56 Dalat,Luar Bandar
4391,111.921147,1.800678,4.253199276922377,3.816973710058543,Julau,P.209 Julau,N.48 Meluan,Luar Bandar
4392,111.921946,1.845582,5.354819257741334,4.80560702617812,Julau,P.209 Julau,N.48 Meluan,Luar Bandar
4393,111.922631,1.999188,8.567710812386135,7.6889712418849925,Julau,P.209 Julau,N.48 Meluan,Luar Bandar
4394,111.923357,2.388448,4.837130691882024,4.4700855445305425,Sibu,P.212 Sibu,N.53 Bawang Assan,Luar Bandar
4395,111.923389,2.37164,7.04974535021807,6.514805323643257,Sibu,P.212 Sibu,N.53 Bawang Assan,Luar Bandar
4396,111.923786,2.035947,31.932493568487327,28.657366023001448,Julau,P.209 Julau,N.48 Meluan,Luar Bandar
4397,111.924419,1.158968,1.8384815215087666,1.6108599997981572,Lubok Antu,P.203 Lubok Antu,N.34 Batang Ai,Luar Bandar
4398,111.924661,1.65309,5.354819257741334,4.80560702617812,Julau,P.209 Julau,N.48 Meluan,Luar Bandar
4399,111.925632,1.85229,4.321594717952717,3.878354234060131,Julau,P.209 Julau,N.48 Meluan,Luar Bandar
4400,111.926434,1.810353,12.375613422236754,11.106319737904778,Julau,P.209 Julau,N.48 Meluan,Luar Bandar
4401,111.926434,1.818693,31.974900845406253,28.695423835621,Julau,P.209 Julau,N.48 Meluan,Luar Bandar
4402,111.926434,1.827033,3.8632929587813702,3.467057783521742,Julau,P.209 Julau,N.48 Meluan,Luar Bandar
4403,111.926434,1.860393,22.524589488448406,20.21437518194088,Julau,P.209 Julau,N.48 Meluan,Luar Bandar
4404,111.926434,1.868733,8.703312162045336,7.810664760809917,Julau,P.209 Julau,N.48 Meluan,Luar Bandar
4405,111.926434,2.068895,3.6485901762593755,3.2743757992071325,Julau,P.211 Lanang,N.52 Dudong,Luar Bandar
4406,111.926434,2.219016,11.526493758264067,10.651854665496064,Sibu,P.211 Lanang,N.52 Dudong,Luar Bandar
4407,111.926434,2.285736,3.1966721581725177,2.9541062491512964,Sibu,P.212 Sibu,N.55 Nangka,Bandar
4408,111.926434,2.294076,42.84993999106786,39.598454029686025,Sibu,P.212 Sibu,N.55 Nangka,Bandar
4409,111.926434,2.302416,13.44762861073153,12.42721234758659,Sibu,P.212 Sibu,N.55 Nangka,Bandar
4410,111.926434,2.310756,3.0202980585982138,2.791115550086696,Sibu,P.212 Sibu,N.55 Nangka,Bandar
4411,111.926434,2.369137,11.078419316145371,10.23778045204762,Sibu,P.212 Sibu,N.53 Bawang Assan,Luar Bandar
4412,111.926434,2.719419,11.606944842387833,10.903493639818873,Dalat,P.213 Mukah,N.56 Dalat,Luar Bandar
4413,111.926434,2.736099,40.575731301256155,38.116596070876994,Dalat,P.213 Mukah,N.56 Dalat,Luar Bandar
4414,111.927402,1.816281,15.313239818230134,13.74265111892448,Julau,P.209 Julau,N.48 Meluan,Luar Bandar
4415,111.927901,2.197799,2.2928393618566396,2.1188569712550516,Sibu,P.211 Lanang,N.52 Dudong,Luar Bandar
4416,111.928266,1.275248,11.512363906972269,10.087023613728084,Lubok Antu,P.203 Lubok Antu,N.34 Batang Ai,Luar Bandar
4417,111.92863,2.376121,1.209282672970506,1.1175213861326356,Sibu,P.212 Sibu,N.53 Bawang Assan,Luar Bandar
4418,111.929333,2.775965,9.679741940839248,9.093090914121719,Dalat,P.213 Mukah,N.56 Dalat,Luar Bandar
4419,111.929891,2.73355,38.22422579820277,35.90760605285715,Dalat,P.213 Mukah,N.56 Dalat,Luar Bandar
4420,111.93002,1.821514,12.382279561763244,11.11230217081317,Julau,P.209 Julau,N.48 Meluan,Luar Bandar
4421,111.93046,2.420065,4.194018319956163,3.8757730273849638,Sibu,P.212 Sibu,N.53 Bawang Assan,Luar Bandar
4422,111.931136,2.407443,24.185653459410123,22.350427722652718,Sibu,P.212 Sibu,N.53 Bawang Assan,Luar Bandar
4423,111.931404,1.256815,2.75772228226315,2.416289999697236,Lubok Antu,P.203 Lubok Antu,N.34 Batang Ai,Luar Bandar
4424,111.931543,2.771379,2.7899976277081846,2.6209068623925376,Dalat,P.213 Mukah,N.56 Dalat,Luar Bandar
4425,111.931543,2.776587,63.975166299263904,60.09788349324792,Dalat,P.213 Mukah,N.56 Dalat,Luar Bandar
4426,111.932209,2.773265,29.239227150953546,27.467152778168483,Dalat,P.213 Mukah,N.56 Dalat,Luar Bandar
4427,111.933314,1.867452,4.308975715818357,3.8670294885549357,Julau,P.209 Julau,N.48 Meluan,Luar Bandar
4428,111.934765,1.860393,16.716270116544866,15.001780873822316,Julau,P.209 Julau,N.48 Meluan,Luar Bandar
4429,111.934765,2.294076,66.80514438635831,61.735919338070964,Sibu,P.212 Sibu,N.55 Nangka,Bandar
4430,111.934765,2.302416,57.5894845505604,53.21955076352601,Sibu,P.212 Sibu,N.55 Nangka,Bandar
4431,111.934765,2.419177,25.10715376275312,23.202003883736623,Sibu,P.212 Sibu,N.53 Bawang Assan,Luar Bandar
4432,111.934765,2.686059,53.86449795040867,50.59998292311117,Dalat,P.213 Mukah,N.56 Dalat,Luar Bandar
4433,111.934765,2.694399,3.504924252751639,3.292504601069722,Dalat,P.213 Mukah,N.56 Dalat,Luar Bandar
4434,111.934765,2.727759,16.028697216317838,15.057261021389484,Dalat,P.213 Mukah,N.56 Dalat,Luar Bandar
4435,111.934765,2.736099,60.62154349072654,56.947510551894624,Dalat,P.213 Mukah,N.56 Dalat,Luar Bandar
4436,111.934765,2.744439,79.25707821609913,74.45361893027493,Dalat,P.213 Mukah,N.56 Dalat,Luar Bandar
4437,111.934765,2.752779,18.19594007159187,17.093155824828727,Dalat,P.213 Mukah,N.56 Dalat,Luar Bandar
4438,111.934765,2.769459,73.47334256432029,69.02041271193724,Dalat,P.213 Mukah,N.56 Dalat,Luar Bandar
4439,111.934789,2.678711,30.673358523839767,28.814367098152513,Dalat,P.213 Mukah,N.56 Dalat,Luar Bandar
4440,111.934891,2.180882,1.7847991390855622,1.64936722609262,Sibu,P.211 Lanang,N.52 Dudong,Luar Bandar
4441,111.935706,1.890384,1.070963851548267,0.9611214052356241,Julau,P.209 Julau,N.48 Meluan,Luar Bandar
4442,111.935846,2.76003,3.949763342481502,3.710383745967472,Dalat,P.213 Mukah,N.56 Dalat,Luar Bandar
4443,111.935964,1.78288,6.4257831092896005,5.766728431413744,Julau,P.209 Julau,N.48 Meluan,Luar Bandar
4444,111.937004,2.679054,2.592530612929658,2.435407545479376,Dalat,P.213 Mukah,N.56 Dalat,Luar Bandar
4445,111.937627,1.893381,1.070963851548267,0.9611214052356241,Julau,P.209 Julau,N.48 Meluan,Luar Bandar
4446,111.938517,2.036098,2.677409628870667,2.40280351308906,Julau,P.209 Julau,N.48 Meluan,Luar Bandar
4447,111.938673,1.302154,0.9192407607543834,0.8054299998990788,Lubok Antu,P.203 Lubok Antu,N.34 Batang Ai,Luar Bandar
4448,111.9387,1.29094,5.566206253652201,4.877056907961928,Lubok Antu,P.203 Lubok Antu,N.34 Batang Ai,Luar Bandar
4449,111.938775,2.770393,97.23798016811725,91.3447692488374,Dalat,P.213 Mukah,N.56 Dalat,Luar Bandar
4450,111.938989,1.67849,5.354819257741334,4.80560702617812,Julau,P.209 Julau,N.48 Meluan,Luar Bandar
4451,111.939129,1.252159,2.4759068687553554,2.169366018338026,Lubok Antu,P.203 Lubok Antu,N.34 Batang Ai,Luar Bandar
4452,111.93989,2.759205,4.529601167149648,4.255079884292094,Dalat,P.213 Mukah,N.56 Dalat,Luar Bandar
4453,111.941355,1.661229,16.064457773224,14.41682107853436,Julau,P.209 Julau,N.48 Meluan,Luar Bandar
4454,111.94206,2.38259,16.123774229288767,14.9002900059281,Sibu,P.212 Sibu,N.53 Bawang Assan,Luar Bandar
4455,111.942782,1.893954,1.6064457773224006,1.4416821078534363,Julau,P.209 Julau,N.48 Meluan,Luar Bandar
4456,111.943096,2.160635,1.8625246456034503,1.7211948621972266,Sibu,P.211 Lanang,N.52 Dudong,Luar Bandar
4457,111.943096,2.294076,81.29386197197898,75.1252220391459,Sibu,P.212 Sibu,N.55 Nangka,Bandar
4458,111.943096,2.302416,19.705198797211196,18.20995336002444,Sibu,P.212 Sibu,N.55 Nangka,Bandar
4459,111.943096,2.360797,23.130042316959617,21.3749171546971,Sibu,P.212 Sibu,N.53 Bawang Assan,Luar Bandar
4460,111.943096,2.460877,8.987961237978173,8.3059479191072,Sibu,P.214 Selangau,N.59 Tamin,Luar Bandar
4461,111.943096,2.469217,13.48194185696726,12.458921878660801,Sibu,P.214 Selangau,N.59 Tamin,Luar Bandar
4462,111.943096,2.736099,66.13589202445885,62.12765614418862,Dalat,P.213 Mukah,N.56 Dalat,Luar Bandar
4463,111.943096,2.744439,144.77772700954435,136.0033193119962,Dalat,P.213 Mukah,N.56 Dalat,Luar Bandar
4464,111.943096,2.752779,28.18274632441762,26.47470109263474,Dalat,P.213 Mukah,N.56 Dalat,Luar Bandar
4465,111.944499,1.31184,5.855270845761343,5.130332550571843,Lubok Antu,P.203 Lubok Antu,N.34 Batang Ai,Luar Bandar
4466,111.946896,2.70664,14.607795215076756,13.722474292950892,Dalat,P.213 Mukah,N.56 Dalat,Luar Bandar
4467,111.946998,2.385613,16.54227397317254,15.287033671685194,Sibu,P.212 Sibu,N.53 Bawang Assan,Luar Bandar
4468,111.949643,2.469217,5.652981977594169,5.224029415608705,Sibu,P.214 Selangau,N.59 Tamin,Luar Bandar
4469,111.950587,1.771563,8.590035045303948,7.709005809888158,Julau,P.209 Julau,N.48 Meluan,Luar Bandar
4470,111.950963,1.333882,2.75772228226315,2.416289999697236,Lubok Antu,P.203 Lubok Antu,N.34 Batang Ai,Luar Bandar
4471,111.951427,2.152295,22.298901239286966,20.606843692674403,Sibu,P.211 Lanang,N.52 Dudong,Luar Bandar
4472,111.951427,2.160635,13.409366465432786,12.391853562906725,Sibu,P.211 Lanang,N.52 Dudong,Luar Bandar
4473,111.951427,2.285736,20.55015739472754,18.990795858000247,Sibu,P.212 Sibu,N.55 Nangka,Bandar
4474,111.951427,2.294076,20.1153833336582,18.589012782594708,Sibu,P.212 Sibu,N.55 Nangka,Bandar
4475,111.951427,2.302416,58.819744677473935,54.356457818478624,Sibu,P.214 Selangau,N.59 Tamin,Bandar
4476,111.951427,2.310756,29.26187447537172,27.04146123604812,Sibu,P.212 Sibu,N.55 Nangka,Bandar
4477,111.951427,2.335776,7.38452038131558,6.824177371351254,Sibu,P.214 Selangau,N.59 Tamin,Luar Bandar
4478,111.951427,2.360797,7.325009028501911,6.769181785146753,Sibu,P.212 Sibu,N.53 Bawang Assan,Luar Bandar
4479,111.951427,2.736099,1.8523608608093434,1.7400965662148375,Dalat,P.213 Mukah,N.56 Dalat,Luar Bandar
4480,111.951427,2.744439,17.66951031858747,16.598630905339746,Dalat,P.213 Mukah,N.56 Dalat,Luar Bandar
4481,111.951971,1.749226,10.709638515482668,9.61121405235624,Julau,P.209 Julau,N.48 Meluan,Luar Bandar
4482,111.953725,1.762304,10.709638515482668,9.61121405235624,Julau,P.209 Julau,N.48 Meluan,Luar Bandar
4483,111.954439,2.466168,1.428478832179934,1.3200847744535436,Sibu,P.214 Selangau,N.59 Tamin,Luar Bandar
4484,111.954643,1.899214,4.283855406193068,3.8444856209424962,Julau,P.209 Julau,N.48 Meluan,Luar Bandar
4485,111.955168,2.17654,2.0681409054789865,1.911208804250229,Sibu,P.211 Lanang,N.52 Dudong,Luar Bandar
4486,111.957164,2.063353,9.958108100055208,8.936763679536725,Julau,P.211 Lanang,N.52 Dudong,Luar Bandar
4487,111.957732,2.387365,49.954581033883194,46.163989519116996,Sibu,P.212 Sibu,N.53 Bawang Assan,Luar Bandar
4488,111.959758,2.160635,4.731047620873164,4.372052137446474,Sibu,P.211 Lanang,N.52 Dudong,Luar Bandar
4489,111.959758,2.244036,136.36678223163506,126.01916731974947,Sibu,P.211 Lanang,N.52 Dudong,Bandar
4490,111.959758,2.252376,14.2484555132331,13.16727189705281,Sibu,P.211 Lanang,N.52 Dudong,Bandar
4491,111.959758,2.269056,8.53008542799512,7.882816073025301,Sibu,P.211 Lanang,N.52 Dudong,Bandar
4492,111.959758,2.277396,10.234441610721516,9.457844415328013,Sibu,P.211 Lanang,N.52 Dudong,Bandar
4493,111.959758,2.285736,14.355322570775947,13.266029801177769,Sibu,P.212 Sibu,N.55 Nangka,Bandar
4494,111.959758,2.294076,3.5423373154524356,3.2735420720034707,Sibu,P.212 Sibu,N.55 Nangka,Bandar
4495,111.959758,2.302416,24.04668380705616,22.2220031929706,Sibu,P.214 Selangau,N.59 Tamin,Bandar
4496,111.959758,2.310756,4.05865008529411,3.750676637087511,Sibu,P.214 Selangau,N.59 Tamin,Bandar
4497,111.959758,2.327436,3.1297284788288597,2.892242306993608,Sibu,P.214 Selangau,N.59 Tamin,Luar Bandar
4498,111.959758,2.335776,2.2969558825120098,2.1226611271994456,Sibu,P.214 Selangau,N.59 Tamin,Luar Bandar
4499,111.959758,2.344116,54.749940018724715,50.59547302543396,Sibu,P.212 Sibu,N.55 Nangka,Luar Bandar
4500,111.959758,2.352457,6.424947329808738,5.937417451124064,Sibu,P.212 Sibu,N.55 Nangka,Luar Bandar
4501,111.960297,2.197767,4.397867163893059,4.064153666361879,Sibu,P.211 Lanang,N.52 Dudong,Luar Bandar
4502,111.96226,2.192557,2.2418224192471,2.071711232962768,Sibu,P.211 Lanang,N.52 Dudong,Luar Bandar
4503,111.962878,1.908575,2.677409628870667,2.40280351308906,Julau,P.209 Julau,N.48 Meluan,Luar Bandar
4504,111.964492,2.05009,0.8999322296741217,0.7952889471538749,Kanowit,P.210 Kanowit,N.50 Machan,Luar Bandar
4505,111.965436,2.060436,4.499661148370607,3.9764447357693733,Kanowit,P.210 Kanowit,N.50 Machan,Luar Bandar
4506,111.965961,2.149522,4.06474876978629,3.7563125487726965,Sibu,P.211 Lanang,N.52 Dudong,Luar Bandar
4507,111.967163,2.023349,21.84683095983425,19.306501778458177,Kanowit,P.210 Kanowit,N.50 Machan,Luar Bandar
4508,111.967716,1.740979,25.556529127258507,22.935346652667892,Julau,P.209 Julau,N.48 Meluan,Luar Bandar
4509,111.968089,2.235696,16.33994491708102,15.100057497898721,Sibu,P.211 Lanang,N.52 Dudong,Bandar
4510,111.968089,2.244036,195.61812600124452,180.7744741637517,Sibu,P.211 Lanang,N.52 Dudong,Bandar
4511,111.968089,2.252376,71.50205768868793,66.07642729496636,Sibu,P.211 Lanang,N.52 Dudong,Bandar
4512,111.968089,2.260716,32.94655937755383,30.446549451885794,Sibu,P.211 Lanang,N.52 Dudong,Bandar
4513,111.968089,2.277396,6.851369032202635,6.331481951168289,Sibu,P.212 Sibu,N.55 Nangka,Bandar
4514,111.968089,2.285736,14.382879667944277,13.291495844902435,Sibu,P.211 Lanang,N.52 Dudong,Bandar
4515,111.968089,2.302416,24.23971561858086,22.400387604162802,Sibu,P.212 Sibu,N.55 Nangka,Bandar
4516,111.968089,2.344116,21.970144704277505,20.303033453004417,Sibu,P.214 Selangau,N.59 Tamin,Luar Bandar
4517,111.96874,2.881848,41.67560406973482,39.14980988369028,Dalat,P.213 Mukah,N.57 Tellian,Luar Bandar
4518,111.969641,2.139573,3.9728517131705923,3.6713887105451812,Sibu,P.211 Lanang,N.52 Dudong,Luar Bandar
4519,111.970527,1.159333,3.0926060283838814,2.7097119486792103,Lubok Antu,P.203 Lubok Antu,N.34 Batang Ai,Luar Bandar
4520,111.970972,2.128669,9.722565616274826,8.984809959755328,Sibu,P.211 Lanang,N.52 Dudong,Luar Bandar
4521,111.971433,1.670897,3.2128915546448003,2.883364215706872,Julau,P.209 Julau,N.48 Meluan,Luar Bandar
4522,111.973085,2.068054,2.9477580047494905,2.7240798905679573,Sibu,P.210 Kanowit,N.50 Machan,Luar Bandar
4523,111.973246,2.137879,15.528448327897621,14.350137885672329,Sibu,P.211 Lanang,N.52 Dudong,Luar Bandar
4524,111.973772,2.411377,1.6077694444140642,1.4857706789842706,Sibu,P.214 Selangau,N.59 Tamin,Luar Bandar
4525,111.974995,2.869171,6.9459340116224695,6.524968313948381,Dalat,P.213 Mukah,N.57 Tellian,Luar Bandar
4526,111.975296,2.074182,0.294775800474949,0.2724079890567957,Sibu,P.210 Kanowit,N.50 Machan,Luar Bandar
4527,111.976219,1.37981,6.027472792918177,5.281214256652118,Lubok Antu,P.203 Lubok Antu,N.34 Batang Ai,Luar Bandar
4528,111.976421,2.118935,36.00176715289912,33.269925742923036,Sibu,P.211 Lanang,N.52 Dudong,Luar Bandar
4529,111.976421,2.127275,10.501578869028753,9.704711095769119,Sibu,P.211 Lanang,N.52 Dudong,Luar Bandar
4530,111.976421,2.152295,3.918438416850156,3.621104336438763,Sibu,P.211 Lanang,N.52 Dudong,Luar Bandar
4531,111.976421,2.227356,5.625814464599269,5.198923394114773,Sibu,P.211 Lanang,N.52 Dudong,Luar Bandar
4532,111.976421,2.235696,194.42140538814968,179.66856161885917,Sibu,P.211 Lanang,N.52 Dudong,Luar Bandar
4533,111.976421,2.244036,278.15378043640015,257.0472605116869,Sibu,P.211 Lanang,N.52 Dudong,Luar Bandar
4534,111.976421,2.252376,8.728568134890224,8.06623776151102,Sibu,P.211 Lanang,N.52 Dudong,Bandar
4535,111.976421,2.260716,7.712447829246905,7.127221435699713,Sibu,P.211 Lanang,N.52 Dudong,Luar Bandar
4536,111.976421,2.269056,24.910806635891987,23.020555725851402,Sibu,P.211 Lanang,N.52 Dudong,Luar Bandar
4537,111.976421,2.285736,24.238633884724585,22.39938795309237,Sibu,P.212 Sibu,N.55 Nangka,Bandar
4538,111.976421,2.294076,27.076459748483227,25.021877436945203,Sibu,P.212 Sibu,N.55 Nangka,Bandar
4539,111.977119,1.738352,4.168298920673657,3.7407810826558467,Julau,P.209 Julau,N.48 Meluan,Luar Bandar
4540,111.977881,2.1006,23.802285773567675,21.996150267714302,Sibu,P.211 Lanang,N.52 Dudong,Luar Bandar
4541,111.978364,1.862198,3.2128915546448003,2.883364215706872,Julau,P.209 Julau,N.48 Meluan,Luar Bandar
4542,111.978482,2.389263,4.799013043907656,4.4348602926084295,Sibu,P.212 Sibu,N.53 Bawang Assan,Luar Bandar
4543,111.978678,2.026113,4.499661148370607,3.9764447357693733,Kanowit,P.210 Kanowit,N.50 Machan,Luar Bandar
4544,111.980081,2.093031,2.9900186534641966,2.7631337691904907,Sibu,P.211 Lanang,N.52 Dudong,Luar Bandar
4545,111.981293,1.678699,8.06426078140121,7.2371571115139055,Julau,P.209 Julau,N.48 Meluan,Luar Bandar
4546,111.981529,2.42811,1.1234951547472716,1.0382434898884,Sibu,P.214 Selangau,N.59 Tamin,Luar Bandar
4547,111.981604,2.039212,22.498305741853038,19.88222367884687,Kanowit,P.210 Kanowit,N.50 Machan,Luar Bandar
4548,111.983718,2.440571,1.6878542907659428,1.5597786264259799,Sibu,P.214 Selangau,N.59 Tamin,Luar Bandar
4549,111.984752,2.143955,11.511117457852057,10.63764513042697,Sibu,P.211 Lanang,N.52 Dudong,Luar Bandar
4550,111.984752,2.152295,2.100929139668306,1.9415090423493022,Sibu,P.211 Lanang,N.52 Dudong,Luar Bandar
4551,111.984752,2.235696,45.04532105933653,41.62724791662264,Sibu,P.211 Lanang,N.52 Dudong,Luar Bandar
4552,111.984752,2.244036,16.323561978333167,15.084917708974551,Sibu,P.211 Lanang,N.52 Dudong,Luar Bandar
4553,111.984752,2.252376,85.08086950844331,78.62486857013326,Sibu,P.211 Lanang,N.52 Dudong,Luar Bandar
4554,111.984752,2.260716,74.24193902623799,68.60840435758035,Sibu,P.211 Lanang,N.52 Dudong,Luar Bandar
4555,111.984752,2.269056,7.472815750541694,6.905772820961296,Sibu,P.211 Lanang,N.52 Dudong,Bandar
4556,111.984752,2.285736,19.229170860622723,17.770046784477913,Sibu,P.212 Sibu,N.55 Nangka,Bandar
4557,111.985489,1.38972,5.525613185598468,4.841489648333896,Lubok Antu,P.203 Lubok Antu,N.34 Batang Ai,Luar Bandar
4558,111.98552,2.087648,8.896407794948626,8.221341620806182,Sibu,P.211 Lanang,N.52 Dudong,Luar Bandar
4559,111.986684,1.684705,4.032495229530129,3.618905975219346,Julau,P.209 Julau,N.48 Meluan,Luar Bandar
4560,111.987087,2.436278,2.6963883713934527,2.4917843757321605,Sibu,P.214 Selangau,N.59 Tamin,Luar Bandar
4561,111.987526,2.112169,3.1736381031423564,2.93282003569524,Sibu,P.211 Lanang,N.52 Dudong,Luar Bandar
4562,111.987773,1.157134,1.378861141131575,1.208144999848618,Lubok Antu,P.203 Lubok Antu,N.34 Batang Ai,Luar Bandar
4563,111.988707,2.433019,3.212207287980591,2.96846256152136,Sibu,P.214 Selangau,N.59 Tamin,Luar Bandar
4564,111.989259,1.731521,8.644933823968765,7.758273944587353,Julau,P.209 Julau,N.48 Meluan,Luar Bandar
4565,111.98935,2.011276,4.499661148370607,3.9764447357693733,Kanowit,P.210 Kanowit,N.50 Machan,Luar Bandar
4566,111.989576,2.152578,4.517737713257018,4.174928347481417,Sibu,P.211 Lanang,N.52 Dudong,Luar Bandar
4567,111.989581,2.015323,4.499661148370607,3.9764447357693733,Kanowit,P.210 Kanowit,N.50 Machan,Luar Bandar
4568,111.989758,1.70752,4.028868233737825,3.6156509789954834,Julau,P.209 Julau,N.48 Meluan,Luar Bandar
4569,111.990885,1.688533,4.066971935593146,3.6498466088656434,Julau,P.209 Julau,N.48 Meluan,Luar Bandar
4570,111.992113,1.701595,10.709638515482668,9.61121405235624,Julau,P.209 Julau,N.48 Meluan,Luar Bandar
4571,111.992344,2.052915,0.8999322296741217,0.7952889471538749,Kanowit,P.210 Kanowit,N.50 Machan,Luar Bandar
4572,111.993083,2.219016,9.598391527161366,8.870058294748038,Sibu,P.211 Lanang,N.52 Dudong,Luar Bandar
4573,111.993083,2.252376,21.610765073946045,19.970923821722497,Sibu,P.211 Lanang,N.52 Dudong,Luar Bandar
4574,111.993083,2.277396,8.310857846868162,7.680223647105807,Sibu,P.211 Lanang,N.52 Dudong,Bandar
4575,111.993083,2.285736,43.63673931552736,40.32555042437623,Sibu,P.211 Lanang,N.52 Dudong,Bandar
4576,111.995723,2.073228,7.395382744565514,6.535454518453246,Kanowit,P.210 Kanowit,N.50 Machan,Luar Bandar
4577,112.000009,2.104428,19.835238144639725,18.33012522309525,Sibu,P.211 Lanang,N.52 Dudong,Luar Bandar
4578,112.000165,1.747435,10.709638515482668,9.61121405235624,Julau,P.209 Julau,N.48 Meluan,Luar Bandar
4579,112.001414,2.160635,2.117112780290556,1.956464656040866,Sibu,P.211 Lanang,N.52 Dudong,Luar Bandar
4580,112.001414,2.244036,2.360154209548104,2.1810639172246704,Sibu,P.211 Lanang,N.52 Dudong,Luar Bandar
4581,112.001414,2.277396,2.1994390306256166,2.032543928030719,Sibu,P.211 Lanang,N.52 Dudong,Bandar
4582,112.001414,2.285736,7.681589499462886,7.098704659395241,Sibu,P.211 Lanang,N.52 Dudong,Bandar
4583,112.001414,2.88622,99.87613351179868,86.04713041016502,Mukah,P.213 Mukah,N.57 Tellian,Luar Bandar
4584,112.002077,2.022941,0.44996611483706084,0.39764447357693744,Kanowit,P.210 Kanowit,N.50 Machan,Luar Bandar
4585,112.002214,2.010059,4.499661148370607,3.9764447357693733,Kanowit,P.210 Kanowit,N.50 Machan,Luar Bandar
4586,112.002895,2.876002,13.628614058187027,11.7415751885919,Mukah,P.213 Mukah,N.57 Tellian,Luar Bandar
4587,112.003673,1.976492,4.499661148370607,3.9764447357693733,Kanowit,P.210 Kanowit,N.50 Machan,Luar Bandar
4588,112.004671,2.667354,0.9087971930740246,0.8537185753119625,Dalat,P.213 Mukah,N.56 Dalat,Luar Bandar
4589,112.005036,2.01356,6.48921976480446,5.734659327036501,Kanowit,P.210 Kanowit,N.50 Machan,Luar Bandar
4590,112.00528,2.664934,0.9087971930740246,0.8537185753119625,Dalat,P.213 Mukah,N.56 Dalat,Luar Bandar
4591,112.005658,2.676916,0.9087971930740246,0.8537185753119625,Dalat,P.213 Mukah,N.56 Dalat,Luar Bandar
4592,112.005808,2.079307,2.358206403799592,2.1792639124543656,Sibu,P.210 Kanowit,N.50 Machan,Luar Bandar
4593,112.006479,2.107821,3.1736381031423564,2.93282003569524,Sibu,P.211 Lanang,N.52 Dudong,Luar Bandar
4594,112.009745,2.152295,29.345868343266332,27.119081585511704,Sibu,P.211 Lanang,N.52 Dudong,Luar Bandar
4595,112.009745,2.160635,25.46475335292764,23.532468545659423,Sibu,P.211 Lanang,N.52 Dudong,Luar Bandar
4596,112.009745,2.285736,2.312657357625465,2.1371711624668936,Sibu,P.211 Lanang,N.52 Dudong,Luar Bandar
4597,112.009745,2.294076,2.650612618984738,2.4494821221512075,Sibu,P.211 Lanang,N.52 Dudong,Luar Bandar
4598,112.009745,2.319096,20.617646531742288,19.053163868087047,Sibu,P.212 Sibu,N.55 Nangka,Luar Bandar
4599,112.009923,2.391085,1.1234951547472716,1.0382434898884,Sibu,P.214 Selangau,N.59 Tamin,Luar Bandar
4600,112.012948,2.052851,1.7998644593482434,1.5905778943077498,Kanowit,P.210 Kanowit,N.50 Machan,Luar Bandar
4601,112.017138,2.05515,15.13708659806229,13.376960249450395,Kanowit,P.210 Kanowit,N.50 Machan,Luar Bandar
4602,112.017803,1.983183,4.499661148370607,3.9764447357693733,Kanowit,P.210 Kanowit,N.50 Machan,Luar Bandar
4603,112.018076,2.018854,58.255941869139036,51.48199514016939,Kanowit,P.210 Kanowit,N.50 Machan,Luar Bandar
4604,112.018076,2.152295,12.976103486192944,11.991466907294834,Sibu,P.211 Lanang,N.52 Dudong,Luar Bandar
4605,112.018076,2.160635,4.371409687917107,4.0397038037391155,Sibu,P.211 Lanang,N.52 Dudong,Luar Bandar
4606,112.018076,2.177315,14.709634289273902,13.593456077621683,Sibu,P.211 Lanang,N.52 Dudong,Luar Bandar
4607,112.018076,2.185655,23.50772165707975,21.723937899902968,Sibu,P.211 Lanang,N.52 Dudong,Luar Bandar
4608,112.018076,2.202336,9.302638946676577,8.596747644489737,Sibu,P.211 Lanang,N.52 Dudong,Luar Bandar
4609,112.018076,2.269056,12.19515640879725,11.269778686720494,Sibu,P.211 Lanang,N.52 Dudong,Luar Bandar
4610,112.018076,2.285736,59.927061080821346,55.37975021289995,Sibu,P.212 Sibu,N.55 Nangka,Luar Bandar
4611,112.018076,2.319096,8.334088811921962,7.701691828903494,Sibu,P.212 Sibu,N.55 Nangka,Luar Bandar
4612,112.018098,1.230986,2.6550792779571544,2.3263551768767448,Lubok Antu,P.203 Lubok Antu,N.34 Batang Ai,Luar Bandar
4613,112.0193,2.420944,3.5337498414264488,3.265606222022816,Sibu,P.214 Selangau,N.59 Tamin,Luar Bandar
4614,112.020223,1.955326,4.794381546246701,4.236895319938945,Kanowit,P.210 Kanowit,N.50 Machan,Luar Bandar
4615,112.020861,2.027177,10.708304328084552,9.463152662028207,Kanowit,P.210 Kanowit,N.50 Machan,Luar Bandar
4616,112.021183,1.233796,5.589805850921511,4.897734650331229,Lubok Antu,P.203 Lubok Antu,N.34 Batang Ai,Luar Bandar
4617,112.02136,2.013592,3.2154080102793667,2.841523357921301,Kanowit,P.210 Kanowit,N.50 Machan,Luar Bandar
4618,112.021397,1.736947,3.8388336587548935,3.445107129651828,Julau,P.209 Julau,N.48 Meluan,Luar Bandar
4619,112.021419,2.03138,30.313324495795527,26.788519321865813,Kanowit,P.210 Kanowit,N.50 Machan,Luar Bandar
4620,112.021816,2.03465,26.655456967287087,23.555985226904873,Kanowit,P.210 Kanowit,N.50 Machan,Luar Bandar
4621,112.023409,2.050454,4.499661148370607,3.9764447357693733,Kanowit,P.210 Kanowit,N.50 Machan,Luar Bandar
4622,112.023629,2.060254,11.230628467925817,9.92474143677165,Kanowit,P.210 Kanowit,N.50 Machan,Luar Bandar
4623,112.023892,1.973721,5.399593378044729,4.77173368292325,Kanowit,P.210 Kanowit,N.50 Machan,Luar Bandar
4624,112.02394,2.047034,3.8622226192373006,3.4131269658376144,Kanowit,P.210 Kanowit,N.50 Machan,Luar Bandar
4625,112.023954,2.018642,21.75659096645014,19.22675480756059,Kanowit,P.210 Kanowit,N.50 Machan,Luar Bandar
4626,112.024122,2.078149,3.967047628927946,3.66602504461905,Sibu,P.211 Lanang,N.52 Dudong,Luar Bandar
4627,112.024509,1.741194,4.271555448473938,3.8334471973484066,Julau,P.209 Julau,N.48 Meluan,Luar Bandar
4628,112.025252,2.024748,4.499661148370607,3.9764447357693733,Kanowit,P.210 Kanowit,N.50 Machan,Luar Bandar
4629,112.025871,2.092355,23.802285773567675,21.996150267714302,Sibu,P.211 Lanang,N.52 Dudong,Luar Bandar
4630,112.026091,2.669666,3.6351887722960985,3.41487430124785,Dalat,P.213 Mukah,N.56 Dalat,Luar Bandar
4631,112.026407,2.152295,2.1089383454191486,1.9489105034903247,Sibu,P.211 Lanang,N.52 Dudong,Luar Bandar
4632,112.026407,2.160635,2.229135429614131,2.059986941730132,Sibu,P.211 Lanang,N.52 Dudong,Luar Bandar
4633,112.026407,2.202336,2.163296074510037,1.9991435268507391,Sibu,P.211 Lanang,N.52 Dudong,Luar Bandar
4634,112.027706,2.057381,7.335230002729855,6.482296281482197,Kanowit,P.210 Kanowit,N.50 Machan,Luar Bandar
4635,112.030297,2.028689,13.498983445111822,11.929334207308123,Kanowit,P.210 Kanowit,N.50 Machan,Luar Bandar
4636,112.030914,2.412106,6.74097092848363,6.229460939330401,Sibu,P.214 Selangau,N.59 Tamin,Luar Bandar
4637,112.031338,1.738357,8.698828070669745,7.80664057624208,Julau,P.209 Julau,N.48 Meluan,Luar Bandar
4638,112.032319,2.216089,2.3802285773567675,2.19961502677143,Sibu,P.211 Lanang,N.52 Dudong,Luar Bandar
4639,112.034738,2.294076,28.183919359877954,26.045302172678543,Sibu,P.212 Sibu,N.55 Nangka,Luar Bandar
4640,112.034738,2.394157,3.617029342206269,3.3425664110903464,Sibu,P.214 Selangau,N.59 Tamin,Luar Bandar
4641,112.034851,1.658832,3.876267789726371,3.4787018625749484,Julau,P.209 Julau,N.48 Meluan,Luar Bandar
4642,112.035162,1.23814,2.8663342100665266,2.5114547364392417,Lubok Antu,P.203 Lubok Antu,N.34 Batang Ai,Luar Bandar
4643,112.035307,2.669645,1.8175943861480492,1.707437150623925,Dalat,P.213 Mukah,N.56 Dalat,Luar Bandar
4644,112.035318,2.645038,0.9087971930740246,0.8537185753119625,Dalat,P.213 Mukah,N.56 Dalat,Luar Bandar
4645,112.035484,2.196995,6.347276206284713,5.86564007139048,Sibu,P.211 Lanang,N.52 Dudong,Luar Bandar
4646,112.0366643,2.403027,8.987961237978173,8.3059479191072,Sibu,P.214 Selangau,N.59 Tamin,Luar Bandar
4647,112.036836,2.675732,1.8175943861480492,1.707437150623925,Dalat,P.213 Mukah,N.56 Dalat,Luar Bandar
4648,112.037019,2.384702,2.246990309494543,2.0764869797768,Sibu,P.214 Selangau,N.59 Tamin,Luar Bandar
4649,112.037185,2.030645,8.999322296741216,7.952889471538749,Kanowit,P.210 Kanowit,N.50 Machan,Luar Bandar
4650,112.037351,2.158614,3.967047628927946,3.66602504461905,Sibu,P.211 Lanang,N.52 Dudong,Luar Bandar
4651,112.038091,2.038148,2.8494664006901695,2.518133098284336,Kanowit,P.210 Kanowit,N.50 Machan,Luar Bandar
4652,112.038424,2.639556,0.9087971930740246,0.8537185753119625,Dalat,P.213 Mukah,N.56 Dalat,Luar Bandar
4653,112.039014,2.148911,2.3802285773567675,2.19961502677143,Sibu,P.211 Lanang,N.52 Dudong,Luar Bandar
4654,112.03939,2.237236,2.3802285773567675,2.19961502677143,Sibu,P.211 Lanang,N.52 Dudong,Luar Bandar
4655,112.039754,2.194347,6.347276206284713,5.86564007139048,Sibu,P.211 Lanang,N.52 Dudong,Luar Bandar
4656,112.040082,2.635376,0.9087971930740246,0.8537185753119625,Dalat,P.213 Mukah,N.56 Dalat,Luar Bandar
4657,112.040114,2.1993,3.967047628927946,3.66602504461905,Sibu,P.211 Lanang,N.52 Dudong,Luar Bandar
4658,112.040312,1.739124,4.452927735826753,3.996217198818881,Julau,P.209 Julau,N.48 Meluan,Luar Bandar
4659,112.042598,2.233275,11.901142886783838,10.998075133857151,Sibu,P.211 Lanang,N.52 Dudong,Luar Bandar
4660,112.042946,2.674216,9.087971930740249,8.537185753119626,Dalat,P.213 Mukah,N.56 Dalat,Luar Bandar
4661,112.043048,1.95397,22.498305741853038,19.88222367884687,Kanowit,P.210 Kanowit,N.50 Machan,Luar Bandar
4662,112.045661,2.651999,5.452783158444148,5.122311451871775,Dalat,P.213 Mukah,N.56 Dalat,Luar Bandar
4663,112.046524,1.740641,5.354819257741334,4.80560702617812,Julau,P.209 Julau,N.48 Meluan,Luar Bandar
4664,112.04668,2.051275,7.199457837392973,6.362311577230999,Kanowit,P.210 Kanowit,N.50 Machan,Luar Bandar
4665,112.046846,2.081944,0.6401900343131885,0.591611928728448,Sibu,P.210 Kanowit,N.50 Machan,Luar Bandar
4666,112.048756,2.534419,6.178286409142217,5.803844808588142,Dalat,P.213 Mukah,N.57 Tellian,Luar Bandar
4667,112.049056,2.58496,41.67560406973482,39.14980988369028,Dalat,P.213 Mukah,N.57 Tellian,Luar Bandar
4668,112.049603,2.167448,19.835238144639725,18.33012522309525,Sibu,P.211 Lanang,N.52 Dudong,Luar Bandar
4669,112.049609,2.559499,8.335120813946965,7.829961976738057,Dalat,P.213 Mukah,N.57 Tellian,Luar Bandar
4670,112.049958,2.667305,1.8175943861480492,1.707437150623925,Dalat,P.213 Mukah,N.56 Dalat,Luar Bandar
4671,112.050617,2.530179,6.9459340116224695,6.524968313948381,Dalat,P.213 Mukah,N.57 Tellian,Luar Bandar
4672,112.05073,2.029916,2.7859689842286874,2.462019102341631,Kanowit,P.210 Kanowit,N.50 Machan,Luar Bandar
4673,112.051272,2.651741,2.0414099198405062,1.9176881065168392,Dalat,P.213 Mukah,N.56 Dalat,Luar Bandar
4674,112.0514,2.085575,0.8315957162875113,0.7684936023144752,Sibu,P.210 Kanowit,N.50 Machan,Luar Bandar
4675,112.0514,2.152295,4.653557023080622,4.300441585014884,Sibu,P.211 Lanang,N.52 Dudong,Luar Bandar
4676,112.0514,2.168975,4.441237399249762,4.104232935350051,Sibu,P.211 Lanang,N.52 Dudong,Luar Bandar
4677,112.0514,2.294076,10.01992003530432,9.259600899834075,Sibu,P.212 Sibu,N.55 Nangka,Luar Bandar
4678,112.052178,2.216679,1.5868190515711782,1.46641001784762,Sibu,P.211 Lanang,N.52 Dudong,Luar Bandar
4679,112.053165,2.577463,1.5940288352080696,1.4974210270136412,Dalat,P.213 Mukah,N.57 Tellian,Luar Bandar
4680,112.054603,2.668396,4.5439859653701244,4.268592876559813,Dalat,P.213 Mukah,N.56 Dalat,Luar Bandar
4681,112.054764,2.661119,18.175943861480498,17.074371506239252,Dalat,P.213 Mukah,N.56 Dalat,Luar Bandar
4682,112.054979,2.654791,9.087971930740249,8.537185753119626,Dalat,P.213 Mukah,N.56 Dalat,Luar Bandar
4683,112.055258,2.492777,7.887907893558484,6.530848471010789,Selangau,P.214 Selangau,N.59 Tamin,Luar Bandar
4684,112.055891,2.114871,11.901142886783838,10.998075133857151,Sibu,P.211 Lanang,N.52 Dudong,Luar Bandar
4685,112.056357,2.2186837,6.347276206284713,5.86564007139048,Sibu,P.211 Lanang,N.52 Dudong,Luar Bandar
4686,112.056524,1.203708,5.721250824800765,5.012905484587336,Lubok Antu,P.203 Lubok Antu,N.34 Batang Ai,Luar Bandar
4687,112.057178,2.896474,8.843372340112461,7.618905400712276,Mukah,P.213 Mukah,N.57 Tellian,Luar Bandar
4688,112.058326,1.218693,1.378861141131575,1.208144999848618,Lubok Antu,P.203 Lubok Antu,N.34 Batang Ai,Luar Bandar
4689,112.059731,2.302416,1.2300542934873255,1.1367168403229757,Sibu,P.214 Selangau,N.59 Tamin,Luar Bandar
4690,112.059731,2.360797,16.417955328357102,15.172148419972283,Sibu,P.214 Selangau,N.59 Tamin,Luar Bandar
4691,112.059839,2.500007,1.9965551462408382,1.653061787747791,Selangau,P.214 Selangau,N.59 Tamin,Luar Bandar
4692,112.061073,2.215875,3.967047628927946,3.66602504461905,Sibu,P.211 Lanang,N.52 Dudong,Luar Bandar
4693,112.061427,2.464983,6.578258609466491,5.4465151927840845,Selangau,P.214 Selangau,N.59 Tamin,Luar Bandar
4694,112.061512,1.7361,8.003828336799298,7.182922866358345,Julau,P.209 Julau,N.48 Meluan,Luar Bandar
4695,112.062542,2.462207,9.982775731204192,8.265308938738954,Selangau,P.214 Selangau,N.59 Tamin,Luar Bandar
4696,112.063642,1.959733,17.99864459348243,15.905778943077499,Kanowit,P.210 Kanowit,N.50 Machan,Luar Bandar
4697,112.064592,2.055247,8.999322296741216,7.952889471538749,Kanowit,P.210 Kanowit,N.50 Machan,Luar Bandar
4698,112.064903,2.014278,3.1127423178253553,2.7507955366828725,Kanowit,P.210 Kanowit,N.50 Machan,Luar Bandar
4699,112.065171,2.500098,0.33275919104013973,0.27551029795796517,Selangau,P.214 Selangau,N.59 Tamin,Luar Bandar
4700,112.065579,2.326102,1.1234951547472716,1.0382434898884,Sibu,P.214 Selangau,N.59 Tamin,Luar Bandar
4701,112.065707,2.272919,4.708360423393623,4.351086461726899,Sibu,P.212 Sibu,N.55 Nangka,Luar Bandar
4702,112.065815,2.299318,17.2540278501485,15.944779124391975,Sibu,P.214 Selangau,N.59 Tamin,Luar Bandar
4703,112.066963,2.028276,14.135370395335364,12.491722674947532,Kanowit,P.210 Kanowit,N.50 Machan,Luar Bandar
4704,112.067311,1.933967,8.999322296741216,7.952889471538749,Kanowit,P.210 Kanowit,N.50 Machan,Luar Bandar
4705,112.067912,2.17209,7.934095257855892,7.3320500892381,Sibu,P.211 Lanang,N.52 Dudong,Luar Bandar
4706,112.068062,2.018854,12.225875687806175,10.80426223573569,Kanowit,P.210 Kanowit,N.50 Machan,Luar Bandar
4707,112.068062,2.143955,2.1176011349614106,1.956915953988729,Sibu,P.211 Lanang,N.52 Dudong,Luar Bandar
4708,112.068062,2.335776,3.7335041858348577,3.450203055202403,Sibu,P.214 Selangau,N.59 Tamin,Luar Bandar
4709,112.068062,2.360797,1.9030102563515945,1.758608394081013,Sibu,P.214 Selangau,N.59 Tamin,Luar Bandar
4710,112.068062,2.89456,133.51655488503027,115.02964728556455,Mukah,P.213 Mukah,N.57 Tellian,Luar Bandar
4711,112.068062,2.9029,16.071244695975587,13.625246039139002,Bintulu,P.213 Mukah,N.57 Tellian,Luar Bandar
4712,112.068261,2.135927,2.3802285773567675,2.19961502677143,Sibu,P.211 Lanang,N.52 Dudong,Luar Bandar
4713,112.06906,2.522864,4.401188371598524,3.643994673258993,Selangau,P.213 Mukah,N.57 Tellian,Luar Bandar
4714,112.069334,2.364286,4.965089510210568,4.588334750628194,Sibu,P.214 Selangau,N.59 Tamin,Luar Bandar
4715,112.069581,1.258844,1.378861141131575,1.208144999848618,Lubok Antu,P.203 Lubok Antu,N.34 Batang Ai,Luar Bandar
4716,112.070729,2.340853,3.672753398177956,3.3940620834110655,Sibu,P.214 Selangau,N.59 Tamin,Luar Bandar
4717,112.071329,2.886498,49.02861412003649,42.24003678033913,Mukah,P.213 Mukah,N.57 Tellian,Luar Bandar
4718,112.071828,1.929093,2.6997966890223646,2.385866841461625,Kanowit,P.210 Kanowit,N.50 Machan,Luar Bandar
4719,112.072735,2.880771,9.412057192546838,8.108849273578814,Mukah,P.213 Mukah,N.57 Tellian,Luar Bandar
4720,112.073931,2.87918,16.752531106903337,14.43294987671672,Mukah,P.213 Mukah,N.57 Tellian,Luar Bandar
4721,112.074655,2.50818,14.102110509448897,11.675940959436184,Selangau,P.214 Selangau,N.59 Tamin,Luar Bandar
4722,112.075653,2.027917,6.028037790089312,5.3271031633347405,Kanowit,P.210 Kanowit,N.50 Machan,Luar Bandar
4723,112.075943,2.066912,7.59221622961666,6.7094003889635605,Kanowit,P.210 Kanowit,N.50 Machan,Luar Bandar
4724,112.076393,2.077235,3.7199676192969724,3.287413244960115,Kanowit,P.210 Kanowit,N.50 Machan,Luar Bandar
4725,112.076393,2.88622,77.64545827913207,66.89454867125225,Mukah,P.213 Mukah,N.57 Tellian,Luar Bandar
4726,112.076393,2.89456,70.26898293179146,60.53943144892803,Mukah,P.213 Mukah,N.57 Tellian,Luar Bandar
4727,112.076393,2.9029,20.10045544674815,17.04122214188402,Bintulu,P.213 Mukah,N.57 Tellian,Luar Bandar
4728,112.077552,2.085408,7.199457837392973,6.362311577230999,Kanowit,P.210 Kanowit,N.50 Machan,Luar Bandar
4729,112.078475,2.043431,3.710313047344483,3.278881297653264,Kanowit,P.210 Kanowit,N.50 Machan,Luar Bandar
4730,112.078695,2.058807,3.7344598975409933,3.30022037457111,Kanowit,P.210 Kanowit,N.50 Machan,Luar Bandar
4731,112.079532,2.20079,6.347276206284713,5.86564007139048,Sibu,P.211 Lanang,N.52 Dudong,Luar Bandar
4732,112.080331,1.923587,8.999322296741216,7.952889471538749,Kanowit,P.210 Kanowit,N.50 Machan,Luar Bandar
4733,112.08128,2.030292,13.498983445111822,11.929334207308123,Kanowit,P.210 Kanowit,N.50 Machan,Luar Bandar
4734,112.082353,1.709274,16.064457773224,14.41682107853436,Julau,P.209 Julau,N.48 Meluan,Luar Bandar
4735,112.084617,2.446906,5.324147056642236,4.408164767327443,Selangau,P.214 Selangau,N.59 Tamin,Luar Bandar
4736,112.084724,2.143955,1.6814286845484965,1.4859137212289042,Kanowit,P.210 Kanowit,N.49 Ngemah,Luar Bandar
4737,112.084724,2.335776,1.8535809886896248,1.7129298567565372,Sibu,P.214 Selangau,N.59 Tamin,Luar Bandar
4738,112.084724,2.352457,11.04716905733077,10.208901486584804,Sibu,P.214 Selangau,N.59 Tamin,Luar Bandar
4739,112.084724,2.360797,13.788009350402195,12.741764738447557,Sibu,P.214 Selangau,N.59 Tamin,Luar Bandar
4740,112.084724,2.88622,128.92583909568967,111.07456906705573,Mukah,P.213 Mukah,N.57 Tellian,Luar Bandar
4741,112.084724,2.89456,231.39854487576855,199.3587463545083,Mukah,P.213 Mukah,N.57 Tellian,Luar Bandar
4742,112.084724,2.9029,115.3442745466508,99.37352884019145,Mukah,P.213 Mukah,N.57 Tellian,Luar Bandar
4743,112.085567,2.074793,18.510910298784495,16.358478868693275,Kanowit,P.210 Kanowit,N.50 Machan,Luar Bandar
4744,112.085588,1.731274,3.8569875380864636,3.461399072641698,Julau,P.209 Julau,N.48 Meluan,Luar Bandar
4745,112.085657,2.4495,5.324147056642236,4.408164767327443,Selangau,P.214 Selangau,N.59 Tamin,Luar Bandar
4746,112.086623,2.132084,8.999322296741216,7.952889471538749,Kanowit,P.210 Kanowit,N.50 Machan,Luar Bandar
4747,112.088023,2.050047,2.9628887599022824,2.6183668110764358,Kanowit,P.210 Kanowit,N.50 Machan,Luar Bandar
4748,112.088656,2.223792,6.347276206284713,5.86564007139048,Sibu,P.211 Lanang,N.52 Dudong,Luar Bandar
4749,112.089082,2.897069,25.610254374979505,22.064219153828496,Mukah,P.213 Mukah,N.57 Tellian,Luar Bandar
4750,112.093055,2.335776,3.5868021427815053,3.314632874494562,Sibu,P.214 Selangau,N.59 Tamin,Luar Bandar
4751,112.093055,2.360797,1.8964841767907572,1.7525775183892907,Sibu,P.214 Selangau,N.59 Tamin,Luar Bandar
4752,112.093055,2.88622,96.59807534306522,83.2229572186408,Mukah,P.213 Mukah,N.57 Tellian,Luar Bandar
4753,112.093055,2.89456,200.82808330800535,173.02111792689692,Mukah,P.213 Mukah,N.58 Balingian,Luar Bandar
4754,112.093055,2.9029,92.10886223122762,79.35532746074995,Mukah,P.213 Mukah,N.58 Balingian,Luar Bandar
4755,112.094793,2.298921,6.4053402195733,5.919298143291316,Sibu,P.212 Sibu,N.55 Nangka,Luar Bandar
4756,112.09526,2.489856,6.4244224461907375,5.319145466200934,Selangau,P.214 Selangau,N.59 Tamin,Luar Bandar
4757,112.096177,2.137139,2.2498305741853035,1.9882223678846866,Kanowit,P.210 Kanowit,N.50 Machan,Luar Bandar
4758,112.096531,2.223101,3.967047628927946,3.66602504461905,Sibu,P.211 Lanang,N.52 Dudong,Luar Bandar
4759,112.097626,2.072166,3.612052215377904,3.192046143822334,Kanowit,P.210 Kanowit,N.50 Machan,Luar Bandar
4760,112.100801,2.437435,13.31036764160559,11.020411918318606,Selangau,P.214 Selangau,N.59 Tamin,Luar Bandar
4761,112.101054,2.278301,25.6213608782932,23.677192573165264,Sibu,P.212 Sibu,N.55 Nangka,Luar Bandar
4762,112.101097,2.296841,6.4053402195733,5.919298143291316,Sibu,P.212 Sibu,N.55 Nangka,Luar Bandar
4763,112.101387,2.043875,8.896184480940942,7.8617444250175765,Kanowit,P.210 Kanowit,N.50 Machan,Luar Bandar
4764,112.101387,2.177315,3.7966725287602956,3.50857813633404,Sibu,P.211 Lanang,N.52 Dudong,Luar Bandar
4765,112.101387,2.369137,1.7677922473167071,1.633650830176144,Sibu,P.214 Selangau,N.59 Tamin,Luar Bandar
4766,112.101387,2.86954,38.3770273094551,33.06328506660747,Mukah,P.213 Mukah,N.57 Tellian,Luar Bandar
4767,112.101387,2.87788,46.91006967786125,40.414829260926616,Mukah,P.213 Mukah,N.58 Balingian,Luar Bandar
4768,112.101387,2.88622,78.06501346309146,67.2560115989711,Mukah,P.213 Mukah,N.58 Balingian,Luar Bandar
4769,112.101387,2.89456,87.11217946604445,75.0504930784383,Mukah,P.213 Mukah,N.58 Balingian,Luar Bandar
4770,112.101387,2.9029,36.18106354623003,31.171377824444335,Mukah,P.213 Mukah,N.58 Balingian,Luar Bandar
4771,112.102239,1.702512,5.354819257741334,4.80560702617812,Julau,P.209 Julau,N.48 Meluan,Luar Bandar
4772,112.102915,2.255112,6.4053402195733,5.919298143291316,Sibu,P.212 Sibu,N.55 Nangka,Luar Bandar
4773,112.103205,2.147431,1.53881843157404,1.3598860558096169,Kanowit,P.210 Kanowit,N.49 Ngemah,Luar Bandar
4774,112.103269,1.948882,3.5997289186964867,3.1811557886154995,Kanowit,P.210 Kanowit,N.50 Machan,Luar Bandar
4775,112.104401,2.083344,4.499661148370607,3.9764447357693733,Kanowit,P.210 Kanowit,N.50 Machan,Luar Bandar
4776,112.104524,2.8651,3.1175626374639793,2.685900118430505,Mukah,P.213 Mukah,N.57 Tellian,Luar Bandar
4777,112.105291,2.869814,20.216725535247456,17.417486614982423,Mukah,P.213 Mukah,N.57 Tellian,Luar Bandar
4778,112.10593,2.094682,1.7998644593482434,1.5905778943077498,Kanowit,P.210 Kanowit,N.50 Machan,Luar Bandar
4779,112.106901,2.862876,16.330710443343964,14.06953515118865,Mukah,P.213 Mukah,N.57 Tellian,Luar Bandar
4780,112.107528,2.890431,31.719433694768718,27.327512106262276,Mukah,P.213 Mukah,N.58 Balingian,Luar Bandar
4781,112.108634,2.081462,4.499661148370607,3.9764447357693733,Kanowit,P.210 Kanowit,N.50 Machan,Luar Bandar
4782,112.10888,2.157188,0.615527372629616,0.5439544223238468,Kanowit,P.210 Kanowit,N.49 Ngemah,Luar Bandar
4783,112.109718,2.068895,31.124149143808097,27.505062034062973,Kanowit,P.210 Kanowit,N.50 Machan,Luar Bandar
4784,112.109718,2.168975,1.8829653782929665,1.664015915700761,Kanowit,P.210 Kanowit,N.49 Ngemah,Luar Bandar
4785,112.109718,2.89456,45.299928765504575,39.02763093643472,Mukah,P.213 Mukah,N.58 Balingian,Luar Bandar
4786,112.109718,2.9029,22.542359247954614,19.421109505930133,Mukah,P.213 Mukah,N.58 Balingian,Luar Bandar
4787,112.109867,2.12854,1.231054745259232,1.0879088446476937,Kanowit,P.210 Kanowit,N.49 Ngemah,Luar Bandar
4788,112.110211,2.498774,3.4172252904126528,2.829315563029831,Selangau,P.214 Selangau,N.59 Tamin,Luar Bandar
4789,112.111938,1.969711,0.8999322296741217,0.7952889471538749,Kanowit,P.210 Kanowit,N.50 Machan,Luar Bandar
4790,112.112314,2.36971,3.5651846834604273,2.951819576628526,Selangau,P.214 Selangau,N.59 Tamin,Luar Bandar
4791,112.113322,2.244494,9.473775799880434,8.75489850341254,Sibu,P.212 Sibu,N.55 Nangka,Luar Bandar
4792,112.114094,2.598673,8.335120813946965,7.829961976738057,Dalat,P.213 Mukah,N.57 Tellian,Luar Bandar
4793,112.115768,2.146445,7.875293334033996,6.959561551006788,Kanowit,P.210 Kanowit,N.49 Ngemah,Luar Bandar
4794,112.116755,2.898467,26.17114249669794,22.547445843308992,Mukah,P.213 Mukah,N.58 Balingian,Luar Bandar
4795,112.118038,2.416136,15.608754208290044,12.923377140197136,Selangau,P.214 Selangau,N.59 Tamin,Luar Bandar
4796,112.118049,2.118935,2.912349303828212,2.573704035941211,Kanowit,P.210 Kanowit,N.50 Machan,Luar Bandar
4797,112.118049,2.369137,2.4860324247549803,2.058327921571328,Selangau,P.214 Selangau,N.59 Tamin,Luar Bandar
4798,112.118049,2.9029,18.305218396563685,15.770649695501021,Mukah,P.213 Mukah,N.58 Balingian,Luar Bandar
4799,112.118945,2.572366,6.00054646473578,5.63687698202452,Dalat,P.213 Mukah,N.57 Tellian,Luar Bandar
4800,112.121358,2.578395,13.891868023244939,13.049936627896763,Dalat,P.213 Mukah,N.57 Tellian,Luar Bandar
4801,112.124019,2.348871,6.541983685508378,5.416481115958549,Selangau,P.214 Selangau,N.59 Tamin,Luar Bandar
4802,112.126046,2.131575,1.6167214569056951,1.4287305898236378,Kanowit,P.210 Kanowit,N.49 Ngemah,Luar Bandar
4803,112.12638,2.077235,6.003086461674863,5.305053152177787,Kanowit,P.210 Kanowit,N.50 Machan,Luar Bandar
4804,112.12638,2.085575,10.63091491697407,9.394762019651505,Kanowit,P.210 Kanowit,N.50 Machan,Luar Bandar
4805,112.12638,2.118935,10.469803892606132,9.25238483532635,Kanowit,P.210 Kanowit,N.50 Machan,Luar Bandar
4806,112.12638,2.352457,120.46536820394886,99.74014356671034,Selangau,P.214 Selangau,N.59 Tamin,Luar Bandar
4807,112.12638,2.385817,10.616727917559205,8.790194082280202,Selangau,P.214 Selangau,N.59 Tamin,Luar Bandar
4808,112.128149,2.041287,24.83347710536207,21.94586348845951,Kanowit,P.210 Kanowit,N.50 Machan,Luar Bandar
4809,112.129619,2.039132,2.875369503730246,2.5410242125988223,Kanowit,P.210 Kanowit,N.50 Machan,Luar Bandar
4810,112.1308,2.196165,0.9378257248077755,0.7764793635505238,Selangau,P.210 Kanowit,N.49 Ngemah,Luar Bandar
4811,112.13096,2.35094,12.527306753884604,10.372071183323813,Selangau,P.214 Selangau,N.59 Tamin,Luar Bandar
4812,112.132484,2.073946,3.3111428791662036,2.9261262653096685,Kanowit,P.210 Kanowit,N.50 Machan,Luar Bandar
4813,112.134711,2.394157,3.495718674691983,2.894304709153577,Selangau,P.214 Selangau,N.59 Tamin,Luar Bandar
4814,112.135112,2.040365,18.434985590373067,16.291382614748294,Kanowit,P.210 Kanowit,N.50 Machan,Luar Bandar
4815,112.136126,2.581718,5.226176497021936,4.909438527505455,Dalat,P.213 Mukah,N.57 Tellian,Luar Bandar
4816,112.136142,2.892295,8.804939192017889,7.585793765430797,Mukah,P.213 Mukah,N.58 Balingian,Luar Bandar
4817,112.136518,2.575957,5.327779274796629,5.00488356117259,Dalat,P.213 Mukah,N.57 Tellian,Luar Bandar
4818,112.136909,2.555533,6.9459340116224695,6.524968313948381,Dalat,P.213 Mukah,N.57 Tellian,Luar Bandar
4819,112.137398,2.400786,7.09502294958524,5.874373839979178,Selangau,P.214 Selangau,N.59 Tamin,Luar Bandar
4820,112.140466,2.555137,5.556747209297976,5.219974651158704,Dalat,P.213 Mukah,N.57 Tellian,Luar Bandar
4821,112.141271,2.083692,8.999322296741216,7.952889471538749,Kanowit,P.210 Kanowit,N.50 Machan,Luar Bandar
4822,112.142569,2.874508,10.735909304164714,9.249398785126523,Mukah,P.213 Mukah,N.58 Balingian,Luar Bandar
4823,112.142918,2.169764,1.231054745259232,1.0879088446476937,Kanowit,P.210 Kanowit,N.49 Ngemah,Luar Bandar
4824,112.143042,2.093915,35.59169851438929,31.453128919692865,Kanowit,P.210 Kanowit,N.50 Machan,Luar Bandar
4825,112.143042,2.102255,43.01129486702405,38.009981510393345,Kanowit,P.210 Kanowit,N.50 Machan,Luar Bandar
4826,112.143042,2.110595,52.78489267514831,46.64711445710782,Kanowit,P.210 Kanowit,N.50 Machan,Luar Bandar
4827,112.143042,2.118935,50.34207169730465,44.48834243017621,Kanowit,P.210 Kanowit,N.50 Machan,Luar Bandar
4828,112.143042,2.402497,21.13343549009696,17.49757562083297,Selangau,P.214 Selangau,N.59 Tamin,Luar Bandar
4829,112.143042,2.87788,10.140731696575807,8.736630384742233,Mukah,P.213 Mukah,N.58 Balingian,Luar Bandar
4830,112.143042,2.88622,0.8618273579838736,0.7424974161091834,Mukah,P.213 Mukah,N.58 Balingian,Luar Bandar
4831,112.143695,2.043812,4.499661148370607,3.9764447357693733,Kanowit,P.210 Kanowit,N.50 Machan,Luar Bandar
4832,112.143846,2.893195,20.566673189201143,17.718979978388678,Mukah,P.213 Mukah,N.58 Balingian,Luar Bandar
4833,112.145755,2.141599,11.694379143620132,10.33456761529221,Kanowit,P.210 Kanowit,N.49 Ngemah,Luar Bandar
4834,112.145943,2.169448,6.155273726296162,5.439544223238468,Kanowit,P.210 Kanowit,N.49 Ngemah,Luar Bandar
4835,112.14627,2.907768,3.1828722749362583,2.7421668830220076,Mukah,P.213 Mukah,N.58 Balingian,Luar Bandar
4836,112.146313,2.047618,17.99864459348243,15.905778943077499,Kanowit,P.210 Kanowit,N.50 Machan,Luar Bandar
4837,112.147622,2.882598,1.484799773504782,1.2792121125579659,Mukah,P.213 Mukah,N.58 Balingian,Luar Bandar
4838,112.147944,2.875858,11.705385951023604,10.084640203958799,Mukah,P.213 Mukah,N.58 Balingian,Luar Bandar
4839,112.148534,2.653269,17.956695123394965,15.470383490924894,Mukah,P.213 Mukah,N.57 Tellian,Luar Bandar
4840,112.149167,2.167512,3.07763686314808,2.7197721116192337,Kanowit,P.210 Kanowit,N.49 Ngemah,Luar Bandar
4841,112.1495,2.868148,53.04787124893764,45.70278138370012,Mukah,P.213 Mukah,N.58 Balingian,Luar Bandar
4842,112.14972,2.066199,20.825938488196062,18.40431773375466,Kanowit,P.210 Kanowit,N.50 Machan,Luar Bandar
4843,112.150272,2.078653,5.1933376457456415,4.5894611753101024,Kanowit,P.210 Kanowit,N.50 Machan,Luar Bandar
4844,112.151373,2.093915,12.406810302338181,10.964157941601185,Kanowit,P.210 Kanowit,N.50 Machan,Luar Bandar
4845,112.151373,2.102255,242.99277963780077,214.73780526131233,Kanowit,P.210 Kanowit,N.50 Machan,Luar Bandar
4846,112.151373,2.110595,61.33448749208182,54.20257034183975,Kanowit,P.210 Kanowit,N.50 Machan,Luar Bandar
4847,112.151373,2.118935,65.03842367634256,57.475816272116674,Kanowit,P.210 Kanowit,N.50 Machan,Luar Bandar
4848,112.151373,2.143955,36.54942146438475,32.29948873596792,Kanowit,P.210 Kanowit,N.49 Ngemah,Luar Bandar
4849,112.151373,2.410837,3.5580731936161345,2.945931568907983,Selangau,P.214 Selangau,N.59 Tamin,Luar Bandar
4850,112.151373,2.610998,4.817194416518923,4.525243239760201,Dalat,P.213 Mukah,N.57 Tellian,Luar Bandar
4851,112.151522,2.491094,3.3275919104013973,2.7551029795796516,Selangau,P.214 Selangau,N.59 Tamin,Luar Bandar
4852,112.153158,2.495912,3.3275919104013973,2.7551029795796516,Selangau,P.214 Selangau,N.59 Tamin,Luar Bandar
4853,112.155304,2.347585,0.6655183820802795,0.5510205959159303,Selangau,P.214 Selangau,N.59 Tamin,Luar Bandar
4854,112.156785,2.106411,17.675456844588005,15.620171164984749,Kanowit,P.210 Kanowit,N.49 Ngemah,Luar Bandar
4855,112.157235,2.100986,93.03022831885168,82.21275990968289,Kanowit,P.210 Kanowit,N.49 Ngemah,Luar Bandar
4856,112.159704,2.143955,82.05369105886865,72.51256419155834,Kanowit,P.210 Kanowit,N.49 Ngemah,Luar Bandar
4857,112.159704,2.410837,10.818228961243085,8.957028279738898,Selangau,P.214 Selangau,N.59 Tamin,Luar Bandar
4858,112.159704,2.8612,10.609574249787528,9.140556276740025,Mukah,P.213 Mukah,N.58 Balingian,Luar Bandar
4859,112.162026,2.545951,5.556747209297976,5.219974651158704,Dalat,P.213 Mukah,N.57 Tellian,Luar Bandar
4860,112.16209,2.659817,7.990090680943896,6.883770432813203,Mukah,P.213 Mukah,N.57 Tellian,Luar Bandar
4861,112.162111,2.336865,0.6655183820802795,0.5510205959159303,Selangau,P.214 Selangau,N.59 Tamin,Luar Bandar
4862,112.162524,2.862431,31.828722749362583,27.421668830220078,Mukah,P.213 Mukah,N.58 Balingian,Luar Bandar
4863,112.162836,2.571327,8.335120813946965,7.829961976738057,Dalat,P.213 Mukah,N.57 Tellian,Luar Bandar
4864,112.164295,2.175071,17.38841491804914,15.366506206648076,Kanowit,P.210 Kanowit,N.49 Ngemah,Luar Bandar
4865,112.164665,2.545549,5.556747209297976,5.219974651158704,Dalat,P.213 Mukah,N.57 Tellian,Luar Bandar
4866,112.165164,2.155548,2.182598966097611,1.9288083886444007,Kanowit,P.210 Kanowit,N.49 Ngemah,Luar Bandar
4867,112.166183,2.134416,55.73845855482945,49.25724244380278,Kanowit,P.210 Kanowit,N.49 Ngemah,Luar Bandar
4868,112.166762,2.16005,6.842735437805711,6.047068526432954,Kanowit,P.210 Kanowit,N.49 Ngemah,Luar Bandar
4869,112.16702,2.070536,4.499661148370607,3.9764447357693733,Kanowit,P.210 Kanowit,N.50 Machan,Luar Bandar
4870,112.167213,2.344026,9.982775731204192,8.265308938738954,Selangau,P.214 Selangau,N.59 Tamin,Luar Bandar
4871,112.167588,2.099528,17.80129806745322,15.731379687516803,Kanowit,P.210 Kanowit,N.49 Ngemah,Luar Bandar
4872,112.168035,2.135615,10.744550705332959,9.49518434424773,Kanowit,P.210 Kanowit,N.49 Ngemah,Luar Bandar
4873,112.168608,2.062259,4.499661148370607,3.9764447357693733,Kanowit,P.210 Kanowit,N.50 Machan,Luar Bandar
4874,112.169665,2.253547,3.3275919104013973,2.7551029795796516,Selangau,P.214 Selangau,N.59 Tamin,Luar Bandar
4875,112.169681,2.853559,10.20268838276208,8.790008452841176,Mukah,P.213 Mukah,N.58 Balingian,Luar Bandar
4876,112.172062,2.15648,1.53881843157404,1.3598860558096169,Kanowit,P.210 Kanowit,N.49 Ngemah,Luar Bandar
4877,112.173339,2.437843,13.31036764160559,11.020411918318606,Selangau,P.214 Selangau,N.59 Tamin,Luar Bandar
4878,112.174321,2.585405,3.95399703662253,3.4065205238594105,Mukah,P.213 Mukah,N.57 Tellian,Luar Bandar
4879,112.180055,2.100161,1.8363531787553087,1.6228237393651566,Kanowit,P.210 Kanowit,N.49 Ngemah,Luar Bandar
4880,112.180324,2.64821,14.450823037726293,12.449939847887268,Mukah,P.213 Mukah,N.57 Tellian,Luar Bandar
4881,112.183585,2.072113,13.498983445111822,11.929334207308123,Kanowit,P.210 Kanowit,N.50 Machan,Luar Bandar
4882,112.184277,2.645809,19.97522670235974,17.209426082033005,Mukah,P.213 Mukah,N.57 Tellian,Luar Bandar
4883,112.18432,2.331773,5.324147056642236,4.408164767327443,Selangau,P.214 Selangau,N.59 Tamin,Luar Bandar
4884,112.184443,2.417884,1.9965551462408382,1.653061787747791,Selangau,P.214 Selangau,N.59 Tamin,Luar Bandar
4885,112.184513,2.053864,3.5896071208289273,3.1722109439883543,Kanowit,P.210 Kanowit,N.50 Machan,Luar Bandar
4886,112.184697,2.127275,11.629239125140035,10.277002017565614,Kanowit,P.210 Kanowit,N.49 Ngemah,Luar Bandar
4887,112.184697,2.82784,5.717834037465424,4.926133939970212,Mukah,P.213 Mukah,N.58 Balingian,Luar Bandar
4888,112.184697,2.83618,9.082411601685983,7.8248469183756155,Mukah,P.213 Mukah,N.58 Balingian,Luar Bandar
4889,112.186965,2.145512,2.481251955398338,2.1927342861659733,Kanowit,P.210 Kanowit,N.49 Ngemah,Luar Bandar
4890,112.188043,2.749935,39.95045340471948,34.41885216406601,Mukah,P.213 Mukah,N.57 Tellian,Luar Bandar
4891,112.1883,2.77588,15.980181361887793,13.767540865626406,Mukah,P.213 Mukah,N.57 Tellian,Luar Bandar
4892,112.188821,2.540399,5.556747209297976,5.219974651158704,Dalat,P.213 Mukah,N.57 Tellian,Luar Bandar
4893,112.189513,2.573958,23.970272042831688,20.65131129843961,Mukah,P.213 Mukah,N.57 Tellian,Luar Bandar
4894,112.191728,2.07549,7.514649467061815,6.640853017403465,Kanowit,P.210 Kanowit,N.50 Machan,Luar Bandar
4895,112.192147,2.152942,9.232910589444241,8.159316334857703,Kanowit,P.210 Kanowit,N.49 Ngemah,Luar Bandar
4896,112.192828,2.327421,3.3275919104013973,2.7551029795796516,Selangau,P.214 Selangau,N.59 Tamin,Luar Bandar
4897,112.193028,2.377477,36.295726512078495,30.051300445484344,Selangau,P.214 Selangau,N.59 Tamin,Luar Bandar
4898,112.195301,2.812555,1.5914361374681292,1.3710834415110038,Mukah,P.213 Mukah,N.58 Balingian,Luar Bandar
4899,112.196015,2.592393,9.98761335117987,8.604713041016502,Mukah,P.213 Mukah,N.57 Tellian,Luar Bandar
4900,112.197763,2.818187,1.0609574249787528,0.9140556276740024,Mukah,P.213 Mukah,N.58 Balingian,Luar Bandar
4901,112.197838,2.615307,9.98761335117987,8.604713041016502,Mukah,P.213 Mukah,N.57 Tellian,Luar Bandar
4902,112.197935,2.411114,7.3654979124217075,6.098315475876038,Selangau,P.214 Selangau,N.59 Tamin,Luar Bandar
4903,112.199727,2.72854,39.95045340471948,34.41885216406601,Mukah,P.213 Mukah,N.57 Tellian,Luar Bandar
4904,112.201359,2.068895,5.044743333293788,4.458145271282882,Kanowit,P.210 Kanowit,N.50 Machan,Luar Bandar
4905,112.201359,2.118935,131.73733279219627,116.41903828147579,Kanowit,P.210 Kanowit,N.49 Ngemah,Luar Bandar
4906,112.201359,2.127275,40.621287845155194,35.89788228176505,Kanowit,P.210 Kanowit,N.49 Ngemah,Luar Bandar
4907,112.201359,2.143955,2.297301912775883,2.030173783383338,Kanowit,P.210 Kanowit,N.49 Ngemah,Luar Bandar
4908,112.201359,2.91124,4.151853708246509,3.5769816563354535,Mukah,P.213 Mukah,N.58 Balingian,Luar Bandar
4909,112.202017,2.790952,5.478470846106513,4.719913344337919,Mukah,P.213 Mukah,N.58 Balingian,Luar Bandar
4910,112.202168,2.047184,8.999322296741216,7.952889471538749,Kanowit,P.210 Kanowit,N.50 Machan,Luar Bandar
4911,112.2025,2.725769,11.985136021415844,10.325655649219803,Mukah,P.213 Mukah,N.57 Tellian,Luar Bandar
4912,112.203798,2.7121,19.97522670235974,17.209426082033005,Mukah,P.213 Mukah,N.57 Tellian,Luar Bandar
4913,112.204775,2.291154,6.668915142131433,5.52157490262495,Selangau,P.214 Selangau,N.59 Tamin,Luar Bandar
4914,112.204823,2.511969,1.3915265220939432,1.152124109690684,Selangau,P.213 Mukah,N.57 Tellian,Luar Bandar
4915,112.205054,2.292264,10.169723664806055,8.420093786989959,Selangau,P.214 Selangau,N.59 Tamin,Luar Bandar
4916,112.205225,2.414441,15.066853489780556,12.474706652829063,Selangau,P.214 Selangau,N.59 Tamin,Luar Bandar
4917,112.206207,2.797381,1.0609574249787528,0.9140556276740024,Mukah,P.213 Mukah,N.58 Balingian,Luar Bandar
4918,112.20794,2.123394,4.801009196164802,4.242752312889826,Kanowit,P.210 Kanowit,N.49 Ngemah,Luar Bandar
4919,112.208557,2.301365,5.324147056642236,4.408164767327443,Selangau,P.214 Selangau,N.59 Tamin,Luar Bandar
4920,112.20969,2.043875,8.455531679255216,7.472330321202284,Kanowit,P.210 Kanowit,N.50 Machan,Luar Bandar
4921,112.20969,2.143955,2.643326581758006,2.335963025739633,Kanowit,P.210 Kanowit,N.49 Ngemah,Luar Bandar
4922,112.20969,2.419177,14.978155429303476,12.401268473724384,Selangau,P.214 Selangau,N.59 Tamin,Luar Bandar
4923,112.209957,2.150916,3.693164235777697,3.263726533943081,Kanowit,P.210 Kanowit,N.49 Ngemah,Luar Bandar
4924,112.210246,2.16591,4.924218981036928,4.351635378590775,Kanowit,P.210 Kanowit,N.49 Ngemah,Luar Bandar
4925,112.210445,2.712191,5.993064586853652,5.163255644058531,Mukah,P.213 Mukah,N.57 Tellian,Luar Bandar
4926,112.210863,2.082164,1.231054745259232,1.0879088446476937,Kanowit,P.210 Kanowit,N.49 Ngemah,Luar Bandar
4927,112.211598,2.126075,11.740335229756795,10.37517997048275,Kanowit,P.210 Kanowit,N.49 Ngemah,Luar Bandar
4928,112.211735,2.07256,3.07763686314808,2.7197721116192337,Kanowit,P.210 Kanowit,N.49 Ngemah,Luar Bandar
4929,112.212296,2.284347,6.655183820802795,5.510205959159303,Selangau,P.214 Selangau,N.59 Tamin,Luar Bandar
4930,112.21266,2.160067,6.155273726296162,5.439544223238468,Kanowit,P.210 Kanowit,N.49 Ngemah,Luar Bandar
4931,112.215106,2.284845,6.655183820802795,5.510205959159303,Selangau,P.214 Selangau,N.59 Tamin,Luar Bandar
4932,112.215761,2.124938,8.892773290208169,7.858729884370009,Kanowit,P.210 Kanowit,N.49 Ngemah,Luar Bandar
4933,112.218561,2.204575,3.6094656231822597,2.988482290161656,Selangau,P.214 Selangau,N.59 Tamin,Luar Bandar
4934,112.219875,2.12735,0.615527372629616,0.5439544223238468,Kanowit,P.210 Kanowit,N.49 Ngemah,Luar Bandar
4935,112.2211458,2.209641,3.4495478990240684,2.8560772927403573,Selangau,P.214 Selangau,N.59 Tamin,Luar Bandar
4936,112.221442,2.096242,6.155273726296162,5.439544223238468,Kanowit,P.210 Kanowit,N.49 Ngemah,Luar Bandar
4937,112.222719,2.213656,0.9982775731204191,0.8265308938738954,Selangau,P.214 Selangau,N.59 Tamin,Luar Bandar
4938,112.223164,2.10255,1.53881843157404,1.3598860558096169,Kanowit,P.210 Kanowit,N.49 Ngemah,Luar Bandar
4939,112.223609,1.95472,13.498983445111822,11.929334207308123,Kanowit,P.210 Kanowit,N.50 Machan,Luar Bandar
4940,112.22384,1.952544,8.999322296741216,7.952889471538749,Kanowit,P.210 Kanowit,N.50 Machan,Luar Bandar
4941,112.224355,1.927951,4.125728382663674,3.6459925242144102,Kanowit,P.210 Kanowit,N.50 Machan,Luar Bandar
4942,112.22488,1.989617,9.250758025114042,8.175088487310084,Kanowit,P.210 Kanowit,N.50 Machan,Luar Bandar
4943,112.226082,2.16384,2.462109490518464,2.1758176892953864,Kanowit,P.210 Kanowit,N.49 Ngemah,Luar Bandar
4944,112.226353,2.686059,49.93806675589934,43.02356520508251,Mukah,P.213 Mukah,N.57 Tellian,Luar Bandar
4945,112.227536,1.987713,9.302750286783088,8.221035137157145,Kanowit,P.210 Kanowit,N.50 Machan,Luar Bandar
4946,112.2287,2.610425,9.98761335117987,8.604713041016502,Mukah,P.213 Mukah,N.57 Tellian,Luar Bandar
4947,112.22899,2.942644,8.487659399830024,7.312445021392021,Mukah,P.213 Mukah,N.58 Balingian,Luar Bandar
4948,112.229676,2.083252,3.8118590842846674,3.3686196558794737,Kanowit,P.210 Kanowit,N.49 Ngemah,Luar Bandar
4949,112.231307,2.127013,1.8465821178888484,1.6318632669715405,Kanowit,P.210 Kanowit,N.49 Ngemah,Luar Bandar
4950,112.231463,1.901525,5.399593378044729,4.77173368292325,Kanowit,P.210 Kanowit,N.50 Machan,Luar Bandar
4951,112.231465,2.281817,3.3275919104013973,2.7551029795796516,Selangau,P.214 Selangau,N.59 Tamin,Luar Bandar
4952,112.231886,2.276912,6.857449864556508,5.677673543772593,Selangau,P.214 Selangau,N.59 Tamin,Luar Bandar
4953,112.231988,2.11858,9.232910589444241,8.159316334857703,Kanowit,P.210 Kanowit,N.49 Ngemah,Luar Bandar
4954,112.232037,2.532875,13.194184846298615,10.92421756091391,Selangau,P.213 Mukah,N.57 Tellian,Luar Bandar
4955,112.234225,1.945628,17.99864459348243,15.905778943077499,Kanowit,P.210 Kanowit,N.50 Machan,Luar Bandar
4956,112.234684,2.068895,15.3881843157404,13.598860558096169,Kanowit,P.210 Kanowit,N.49 Ngemah,Luar Bandar
4957,112.236398,2.147249,3.07763686314808,2.7197721116192337,Kanowit,P.210 Kanowit,N.49 Ngemah,Luar Bandar
4958,112.236591,2.931244,8.487659399830024,7.312445021392021,Mukah,P.213 Mukah,N.58 Balingian,Luar Bandar
4959,112.237444,2.673112,19.97522670235974,17.209426082033005,Mukah,P.213 Mukah,N.57 Tellian,Luar Bandar
4960,112.238565,2.547114,3.518449292346298,2.913124682910376,Selangau,P.213 Mukah,N.57 Tellian,Luar Bandar
4961,112.239048,2.114002,1.53881843157404,1.3598860558096169,Kanowit,P.210 Kanowit,N.49 Ngemah,Luar Bandar
4962,112.239509,2.664136,4.993806675589935,4.302356520508251,Mukah,P.213 Mukah,N.57 Tellian,Luar Bandar
4963,112.239879,2.815336,1.587830945785393,1.3679774302151078,Mukah,P.213 Mukah,N.58 Balingian,Luar Bandar
4964,112.243015,2.661038,39.95045340471948,34.41885216406601,Mukah,P.213 Mukah,N.57 Tellian,Luar Bandar
4965,112.243136,2.574815,4.398061615432874,3.6414058536379708,Selangau,P.213 Mukah,N.57 Tellian,Luar Bandar
4966,112.243431,2.318694,5.324147056642236,4.408164767327443,Selangau,P.214 Selangau,N.59 Tamin,Luar Bandar
4967,112.245464,1.990394,7.199457837392973,6.362311577230999,Kanowit,P.210 Kanowit,N.50 Machan,Luar Bandar
4968,112.246639,1.993128,7.199457837392973,6.362311577230999,Kanowit,P.210 Kanowit,N.50 Machan,Luar Bandar
4969,112.247347,2.545083,7.036898584692596,5.826249365820752,Selangau,P.213 Mukah,N.57 Tellian,Luar Bandar
4970,112.249074,2.806753,1.2482167340795174,1.0753867247454305,Mukah,P.213 Mukah,N.58 Balingian,Luar Bandar
4971,112.250243,2.062114,7.719114201033881,6.821542782309011,Kanowit,P.210 Kanowit,N.50 Machan,Luar Bandar
4972,112.251306,2.556788,7.426895963085204,6.14915042104904,Selangau,P.213 Mukah,N.57 Tellian,Luar Bandar
4973,112.256053,2.531605,4.398061615432874,3.6414058536379708,Selangau,P.213 Mukah,N.57 Tellian,Luar Bandar
4974,112.257035,2.06429,15.3881843157404,13.598860558096169,Kanowit,P.210 Kanowit,N.49 Ngemah,Luar Bandar
4975,112.25718,2.115562,9.232910589444241,8.159316334857703,Kanowit,P.210 Kanowit,N.49 Ngemah,Luar Bandar
4976,112.257947,2.439644,1.9965551462408382,1.653061787747791,Selangau,P.214 Selangau,N.59 Tamin,Luar Bandar
4977,112.259677,2.060555,2.6997966890223646,2.385866841461625,Kanowit,P.210 Kanowit,N.50 Machan,Luar Bandar
4978,112.259677,2.636018,39.2530317677837,33.81799659993673,Mukah,P.213 Mukah,N.57 Tellian,Luar Bandar
4979,112.260318,2.641555,19.97522670235974,17.209426082033005,Mukah,P.213 Mukah,N.57 Tellian,Luar Bandar
4980,112.260699,2.031385,16.21641308226682,14.330783654096258,Kanowit,P.210 Kanowit,N.50 Machan,Luar Bandar
4981,112.264159,2.02738,16.02016021729148,14.157350889699446,Kanowit,P.210 Kanowit,N.50 Machan,Luar Bandar
4982,112.264304,2.947557,3.422782113998817,2.948858436675904,Mukah,P.213 Mukah,N.58 Balingian,Luar Bandar
4983,112.264545,2.088956,6.155273726296162,5.439544223238468,Kanowit,P.210 Kanowit,N.49 Ngemah,Luar Bandar
4984,112.26492,2.013817,4.499661148370607,3.9764447357693733,Kanowit,P.210 Kanowit,N.50 Machan,Luar Bandar
4985,112.265178,2.632171,4.951496524684594,4.2659046981898046,Mukah,P.213 Mukah,N.57 Tellian,Luar Bandar
4986,112.2653805,2.03572,8.999322296741216,7.952889471538749,Kanowit,P.210 Kanowit,N.50 Machan,Luar Bandar
4987,112.265822,2.526423,22.479286924929216,18.611882722790856,Selangau,P.213 Mukah,N.57 Tellian,Luar Bandar
4988,112.266927,1.994597,7.199457837392973,6.362311577230999,Kanowit,P.210 Kanowit,N.50 Machan,Luar Bandar
4989,112.26845,1.99954,14.067305488033501,12.431572291750536,Kanowit,P.210 Kanowit,N.50 Machan,Luar Bandar
4990,112.269952,2.048321,26.997966890223644,23.858668414616247,Kanowit,P.210 Kanowit,N.50 Machan,Luar Bandar
4991,112.271669,2.621245,19.97522670235974,17.209426082033005,Mukah,P.213 Mukah,N.57 Tellian,Luar Bandar
4992,112.273235,2.613941,79.90090680943896,68.83770432813202,Mukah,P.213 Mukah,N.57 Tellian,Luar Bandar
4993,112.273509,2.822537,3.1828722749362583,2.7421668830220076,Mukah,P.213 Mukah,N.58 Balingian,Luar Bandar
4994,112.273681,2.625602,9.98761335117987,8.604713041016502,Mukah,P.213 Mukah,N.57 Tellian,Luar Bandar
4995,112.273793,2.602864,8.67592290108684,7.474641268628663,Mukah,P.213 Mukah,N.57 Tellian,Luar Bandar
4996,112.27389,2.521171,5.737573213001024,4.750463843022354,Selangau,P.214 Selangau,N.59 Tamin,Luar Bandar
4997,112.276339,2.452537,8.58310805606517,7.106444304484064,Selangau,P.214 Selangau,N.59 Tamin,Luar Bandar
4998,112.276339,2.460877,2.6028048344515993,2.1550104543308937,Selangau,P.214 Selangau,N.59 Tamin,Luar Bandar
4999,112.276339,2.669379,4.263667005593953,3.6733131125117136,Mukah,P.213 Mukah,N.57 Tellian,Luar Bandar
5000,112.277945,2.112544,3.693164235777697,3.263726533943081,Kanowit,P.210 Kanowit,N.49 Ngemah,Luar Bandar
5001,112.278348,2.134668,3.693164235777697,3.263726533943081,Kanowit,P.210 Kanowit,N.49 Ngemah,Luar Bandar
5002,112.279104,2.320453,7.153988157755273,5.923194496205979,Selangau,P.214 Selangau,N.59 Tamin,Luar Bandar
5003,112.279984,2.06963,3.693164235777697,3.263726533943081,Kanowit,P.210 Kanowit,N.49 Ngemah,Luar Bandar
5004,112.280727,2.115248,1.8465821178888484,1.6318632669715405,Kanowit,P.210 Kanowit,N.49 Ngemah,Luar Bandar
5005,112.28147,2.063374,2.462109490518464,2.1758176892953864,Kanowit,P.210 Kanowit,N.49 Ngemah,Luar Bandar
5006,112.281539,2.956632,5.304787124893765,4.570278138370013,Mukah,P.213 Mukah,N.58 Balingian,Luar Bandar
5007,112.282012,2.51519,3.3275919104013973,2.7551029795796516,Selangau,P.214 Selangau,N.59 Tamin,Luar Bandar
5008,112.28213,2.154411,2.462109490518464,2.1758176892953864,Kanowit,P.210 Kanowit,N.49 Ngemah,Luar Bandar
5009,112.282457,2.120505,1.53881843157404,1.3598860558096169,Kanowit,P.210 Kanowit,N.49 Ngemah,Luar Bandar
5010,112.283154,1.823921,4.308691608407313,3.8076809562669274,Kanowit,P.210 Kanowit,N.49 Ngemah,Luar Bandar
5011,112.28442,2.855772,1.533734045455806,1.321370869931156,Mukah,P.213 Mukah,N.58 Balingian,Luar Bandar
5012,112.28467,2.460877,15.332827079280962,12.69492134521112,Selangau,P.214 Selangau,N.59 Tamin,Luar Bandar
5013,112.28467,2.477557,3.047902501492026,2.5235321786546883,Selangau,P.214 Selangau,N.59 Tamin,Luar Bandar
5014,112.285611,1.849373,1.231054745259232,1.0879088446476937,Kanowit,P.210 Kanowit,N.49 Ngemah,Luar Bandar
5015,112.287918,1.841717,2.462109490518464,2.1758176892953864,Kanowit,P.210 Kanowit,N.49 Ngemah,Luar Bandar
5016,112.288127,2.103506,0.307763686314808,0.2719772111619234,Kanowit,P.210 Kanowit,N.49 Ngemah,Luar Bandar
5017,112.289098,2.11613,4.308691608407313,3.8076809562669274,Kanowit,P.210 Kanowit,N.49 Ngemah,Luar Bandar
5018,112.290589,2.112088,6.155273726296162,5.439544223238468,Kanowit,P.210 Kanowit,N.49 Ngemah,Luar Bandar
5019,112.291142,2.557672,4.398061615432874,3.6414058536379708,Selangau,P.213 Mukah,N.57 Tellian,Luar Bandar
5020,112.291464,2.562328,8.796123230865744,7.282811707275939,Selangau,P.213 Mukah,N.57 Tellian,Luar Bandar
5021,112.292907,2.146649,3.07763686314808,2.7197721116192337,Kanowit,P.210 Kanowit,N.49 Ngemah,Luar Bandar
5022,112.293001,2.736099,7.091839379174448,6.109892388211832,Mukah,P.213 Mukah,N.57 Tellian,Luar Bandar
5023,112.293001,2.786139,36.00828477289675,31.022522265880276,Mukah,P.213 Mukah,N.58 Balingian,Luar Bandar
5024,112.293001,2.8612,6.569083573745518,5.659518155842292,Mukah,P.213 Mukah,N.58 Balingian,Luar Bandar
5025,112.293448,2.595013,5.992568010707922,5.162827824609902,Mukah,P.213 Mukah,N.57 Tellian,Luar Bandar
5026,112.29384,2.816568,3.1828722749362583,2.7421668830220076,Mukah,P.213 Mukah,N.58 Balingian,Luar Bandar
5027,112.294436,2.132446,6.155273726296162,5.439544223238468,Kanowit,P.210 Kanowit,N.49 Ngemah,Luar Bandar
5028,112.297622,2.485585,8.205872757379023,6.7941097023460735,Selangau,P.214 Selangau,N.59 Tamin,Luar Bandar
5029,112.29855,2.563106,0.6655183820802795,0.5510205959159303,Selangau,P.214 Selangau,N.59 Tamin,Luar Bandar
5030,112.301629,2.595935,15.980181361887793,13.767540865626406,Mukah,P.213 Mukah,N.57 Tellian,Luar Bandar
5031,112.301667,2.962804,2.6523935624468824,2.2851390691850066,Mukah,P.213 Mukah,N.58 Balingian,Luar Bandar
5032,112.30304,2.089214,2.9238294218618437,2.5838492565290707,Kanowit,P.210 Kanowit,N.49 Ngemah,Luar Bandar
5033,112.305733,2.505414,3.0133759994755427,2.4949457199958793,Selangau,P.214 Selangau,N.59 Tamin,Luar Bandar
5034,112.30804,2.553443,2.662073528321118,2.2040823836637213,Selangau,P.214 Selangau,N.59 Tamin,Luar Bandar
5035,112.308726,2.549858,5.324147056642236,4.408164767327443,Selangau,P.214 Selangau,N.59 Tamin,Luar Bandar
5036,112.309273,1.883151,24.621094905184638,21.75817689295387,Kanowit,P.210 Kanowit,N.49 Ngemah,Luar Bandar
5037,112.309663,2.510918,2.4681405839814032,2.043514246952345,Selangau,P.214 Selangau,N.59 Tamin,Luar Bandar
5038,112.310995,2.598786,9.98761335117987,8.604713041016502,Mukah,P.213 Mukah,N.57 Tellian,Luar Bandar
5039,112.312202,2.486893,13.211913986752212,10.93889652666581,Selangau,P.214 Selangau,N.59 Tamin,Luar Bandar
5040,112.315013,2.526669,5.4001516244557255,4.471093280463343,Selangau,P.214 Selangau,N.59 Tamin,Luar Bandar
5041,112.315593,2.05396,22.244544932050616,19.657969939951705,Kanowit,P.210 Kanowit,N.49 Ngemah,Luar Bandar
5042,112.31562,2.503105,6.655183820802795,5.510205959159303,Selangau,P.214 Selangau,N.59 Tamin,Luar Bandar
5043,112.31776,2.492724,13.455861054119765,11.140874206099161,Selangau,P.214 Selangau,N.59 Tamin,Luar Bandar
5044,112.317994,2.052215,25.20322945004829,22.272621374461284,Kanowit,P.210 Kanowit,N.49 Ngemah,Luar Bandar
5045,112.318135,2.513694,27.327639351812888,22.626110000963358,Selangau,P.214 Selangau,N.59 Tamin,Luar Bandar
5046,112.319037,2.548277,2.6999435687339557,2.2354371483066084,Selangau,P.214 Selangau,N.59 Tamin,Luar Bandar
5047,112.319198,2.086726,3.07763686314808,2.7197721116192337,Kanowit,P.210 Kanowit,N.49 Ngemah,Luar Bandar
5048,112.31967,2.45838,5.687301636183632,4.7088411396359104,Selangau,P.214 Selangau,N.59 Tamin,Luar Bandar
5049,112.321397,2.436031,23.29314337280978,19.285720857057562,Selangau,P.214 Selangau,N.59 Tamin,Luar Bandar
5050,112.321944,2.054582,14.601253331571716,12.903433176737796,Kanowit,P.210 Kanowit,N.49 Ngemah,Luar Bandar
5051,112.322025,2.450464,1.9965551462408382,1.653061787747791,Selangau,P.214 Selangau,N.59 Tamin,Luar Bandar
5052,112.322298,2.066355,6.261668266648384,5.5335673054102,Kanowit,P.210 Kanowit,N.49 Ngemah,Luar Bandar
5053,112.325742,2.626513,17.187327416053094,14.807543619984205,Mukah,P.213 Mukah,N.57 Tellian,Luar Bandar
5054,112.326325,2.085575,11.630590798629234,10.27819651971886,Kanowit,P.210 Kanowit,N.49 Ngemah,Luar Bandar
5055,112.326325,2.519258,48.549188184591614,40.19663967971564,Selangau,P.214 Selangau,N.59 Tamin,Luar Bandar
5056,112.326325,2.527598,82.61425992562994,68.40105391691941,Selangau,P.214 Selangau,N.59 Tamin,Luar Bandar
5057,112.326325,2.83618,4.227450512934255,3.6421112111433587,Mukah,P.213 Mukah,N.58 Balingian,Luar Bandar
5058,112.326901,2.622124,16.963969384923526,14.615112085472575,Mukah,P.213 Mukah,N.57 Tellian,Luar Bandar
5059,112.327019,2.972302,31.828722749362583,27.421668830220078,Mukah,P.213 Mukah,N.58 Balingian,Luar Bandar
5060,112.328242,2.516262,2.694707124355222,2.2311015975844315,Selangau,P.214 Selangau,N.59 Tamin,Luar Bandar
5061,112.330259,2.507419,9.40370682929864,7.785864794150488,Selangau,P.214 Selangau,N.59 Tamin,Luar Bandar
5062,112.330345,2.797097,5.366246750404519,4.623227969579277,Mukah,P.213 Mukah,N.58 Balingian,Luar Bandar
5063,112.331252,2.908667,12.68220019004322,10.92620324065262,Mukah,P.213 Mukah,N.58 Balingian,Luar Bandar
5064,112.333338,2.839607,9.243089408673354,7.96327702901089,Mukah,P.213 Mukah,N.58 Balingian,Luar Bandar
5065,112.334046,2.66405,19.97522670235974,17.209426082033005,Mukah,P.213 Mukah,N.57 Tellian,Luar Bandar
5066,112.334062,2.656768,9.98761335117987,8.604713041016502,Mukah,P.213 Mukah,N.57 Tellian,Luar Bandar
5067,112.334656,2.535938,11.950639048956786,9.89461512655562,Selangau,P.214 Selangau,N.59 Tamin,Luar Bandar
5068,112.334656,2.585978,52.909797118646644,43.80703632404077,Selangau,P.213 Mukah,N.57 Tellian,Luar Bandar
5069,112.334656,2.669379,63.29637810379839,54.532264212503236,Mukah,P.213 Mukah,N.57 Tellian,Luar Bandar
5070,112.334656,2.686059,3.896708406043791,3.3571641652069584,Mukah,P.213 Mukah,N.57 Tellian,Luar Bandar
5071,112.335452,2.858992,5.304787124893765,4.570278138370013,Mukah,P.213 Mukah,N.58 Balingian,Luar Bandar
5072,112.335656,2.713616,7.990090680943896,6.883770432813203,Mukah,P.213 Mukah,N.57 Tellian,Luar Bandar
5073,112.336203,1.682383,1.6200680035378205,1.3200554102900761,Song,P.215 Kapit,N.62 Katibas,Luar Bandar
5074,112.33778,2.67358,37.84801516328082,32.607520756057326,Mukah,P.214 Selangau,N.60 Kakus,Luar Bandar
5075,112.338311,2.884312,5.304787124893765,4.570278138370013,Mukah,P.213 Mukah,N.58 Balingian,Luar Bandar
5076,112.338864,2.056051,11.47491862024525,10.140625757426033,Kanowit,P.210 Kanowit,N.49 Ngemah,Luar Bandar
5077,112.338939,2.53952,12.082702852900841,10.003958276057686,Selangau,P.214 Selangau,N.59 Tamin,Luar Bandar
5078,112.339743,2.879158,6.237907528836554,5.374197255613031,Mukah,P.213 Mukah,N.58 Balingian,Luar Bandar
5079,112.340162,2.761948,4.002558898014641,3.448358435212614,Mukah,P.214 Selangau,N.60 Kakus,Luar Bandar
5080,112.340784,2.82438,14.237762227148416,12.266379764927866,Mukah,P.213 Mukah,N.58 Balingian,Luar Bandar
5081,112.341964,2.752314,5.674020666698634,4.8883870359249775,Mukah,P.214 Selangau,N.60 Kakus,Luar Bandar
5082,112.342988,1.685252,4.372610128764111,3.5628675123263127,Song,P.215 Kapit,N.62 Katibas,Luar Bandar
5083,112.342988,2.352457,20.104161744400713,16.645381229235,Selangau,P.214 Selangau,N.59 Tamin,Luar Bandar
5084,112.342988,2.544278,48.17079049815451,39.88334267051503,Selangau,P.214 Selangau,N.59 Tamin,Luar Bandar
5085,112.342988,2.552618,48.44923406530437,40.11388196804771,Selangau,P.214 Selangau,N.59 Tamin,Luar Bandar
5086,112.342988,2.577638,2.771856212747666,2.2949777245330134,Selangau,P.214 Selangau,N.59 Tamin,Luar Bandar
5087,112.342988,2.585978,2.331822355948697,1.9306486172908564,Selangau,P.214 Selangau,N.59 Tamin,Luar Bandar
5088,112.342988,2.686059,4.333842119244631,3.733771671964605,Mukah,P.214 Selangau,N.60 Kakus,Luar Bandar
5089,112.342988,2.694399,11.766878703155687,10.137618575026439,Mukah,P.214 Selangau,N.60 Kakus,Luar Bandar
5090,112.343359,2.505832,5.324147056642236,4.408164767327443,Selangau,P.214 Selangau,N.59 Tamin,Luar Bandar
5091,112.34514,2.744973,9.456701111164389,8.147311726541629,Mukah,P.214 Selangau,N.60 Kakus,Luar Bandar
5092,112.345601,2.062002,24.621094905184638,21.75817689295387,Kanowit,P.210 Kanowit,N.49 Ngemah,Luar Bandar
5093,112.347286,2.739947,9.456701111164389,8.147311726541629,Mukah,P.214 Selangau,N.60 Kakus,Luar Bandar
5094,112.348123,2.076005,1.8465821178888484,1.6318632669715405,Kanowit,P.210 Kanowit,N.49 Ngemah,Luar Bandar
5095,112.348589,2.87387,3.604502590888652,3.1054176167656085,Mukah,P.213 Mukah,N.58 Balingian,Luar Bandar
5096,112.350864,2.974938,2.6523935624468824,2.2851390691850066,Mukah,P.213 Mukah,N.58 Balingian,Luar Bandar
5097,112.351319,2.694399,29.492173243337223,25.40864156349053,Mukah,P.214 Selangau,N.60 Kakus,Luar Bandar
5098,112.351341,2.732564,14.61965051457296,12.595391212555166,Mukah,P.214 Selangau,N.60 Kakus,Luar Bandar
5099,112.351642,2.071416,2.856366678218175,2.524231017960248,Kanowit,P.210 Kanowit,N.49 Ngemah,Luar Bandar
5100,112.353948,2.041223,5.205906566068617,4.600568593269941,Kanowit,P.210 Kanowit,N.49 Ngemah,Luar Bandar
5101,112.35545,2.797194,5.304787124893765,4.570278138370013,Mukah,P.213 Mukah,N.58 Balingian,Luar Bandar
5102,112.357264,2.619519,18.913402222328777,16.294623453083258,Mukah,P.214 Selangau,N.60 Kakus,Luar Bandar
5103,112.357623,2.874181,1.5914361374681292,1.3710834415110038,Mukah,P.213 Mukah,N.58 Balingian,Luar Bandar
5104,112.358626,2.398487,3.9931102924816764,3.306123575495582,Selangau,P.214 Selangau,N.59 Tamin,Luar Bandar
5105,112.358707,2.723974,9.456701111164389,8.147311726541629,Mukah,P.214 Selangau,N.60 Kakus,Luar Bandar
5106,112.35965,2.085575,19.74721391271848,17.45102624844889,Kanowit,P.210 Kanowit,N.49 Ngemah,Luar Bandar
5107,112.36155,2.800687,5.304787124893765,4.570278138370013,Mukah,P.213 Mukah,N.58 Balingian,Luar Bandar
5108,112.362231,2.544644,6.655183820802795,5.510205959159303,Selangau,P.214 Selangau,N.59 Tamin,Luar Bandar
5109,112.362725,1.924659,1.8465821178888484,1.6318632669715405,Kanowit,P.210 Kanowit,N.49 Ngemah,Luar Bandar
5110,112.362789,2.398176,6.655183820802795,5.510205959159303,Selangau,P.214 Selangau,N.59 Tamin,Luar Bandar
5111,112.364151,1.963229,6.155273726296162,5.439544223238468,Kanowit,P.210 Kanowit,N.49 Ngemah,Luar Bandar
5112,112.364645,1.933162,6.155273726296162,5.439544223238468,Kanowit,P.210 Kanowit,N.49 Ngemah,Luar Bandar
5113,112.365496,1.954511,3.07763686314808,2.7197721116192337,Kanowit,P.210 Kanowit,N.49 Ngemah,Luar Bandar
5114,112.366008,2.701185,47.28350555582195,40.73655863270814,Mukah,P.214 Selangau,N.60 Kakus,Luar Bandar
5115,112.366147,2.856913,7.42670197485127,6.398389393718017,Mukah,P.213 Mukah,N.58 Balingian,Luar Bandar
5116,112.366201,1.965781,6.155273726296162,5.439544223238468,Kanowit,P.210 Kanowit,N.49 Ngemah,Luar Bandar
5117,112.367981,2.085575,2.6093183768080954,2.3059092632257587,Kanowit,P.210 Kanowit,N.49 Ngemah,Luar Bandar
5118,112.367981,2.602658,6.193865017196538,5.1282538314422945,Selangau,P.214 Selangau,N.60 Kakus,Luar Bandar
5119,112.369612,1.699526,1.6200680035378205,1.3200554102900761,Song,P.215 Kapit,N.62 Katibas,Luar Bandar
5120,112.375588,2.516122,25.82151613493281,21.379104756879855,Selangau,P.214 Selangau,N.59 Tamin,Luar Bandar
5121,112.376312,2.8612,2.4946273971516213,2.1492174498537047,Mukah,P.213 Mukah,N.58 Balingian,Luar Bandar
5122,112.378158,1.96073,6.155273726296162,5.439544223238468,Kanowit,P.210 Kanowit,N.49 Ngemah,Luar Bandar
5123,112.378491,2.189978,3.3275919104013973,2.7551029795796516,Selangau,P.214 Selangau,N.59 Tamin,Luar Bandar
5124,112.378619,2.033283,3.07763686314808,2.7197721116192337,Kanowit,P.210 Kanowit,N.49 Ngemah,Luar Bandar
5125,112.379896,2.550485,3.3275919104013973,2.7551029795796516,Selangau,P.214 Selangau,N.59 Tamin,Luar Bandar
5126,112.381146,2.98082,47.743084124043875,41.132503245330106,Mukah,P.213 Mukah,N.58 Balingian,Luar Bandar
5127,112.382455,1.963609,3.07763686314808,2.7197721116192337,Kanowit,P.210 Kanowit,N.49 Ngemah,Luar Bandar
5128,112.384193,2.38684,13.31036764160559,11.020411918318606,Selangau,P.214 Selangau,N.59 Tamin,Luar Bandar
5129,112.38481,2.864628,7.597285010856008,6.5453532401220995,Mukah,P.213 Mukah,N.58 Balingian,Luar Bandar
5130,112.390662,1.993123,9.619396588951606,8.500862101864211,Kanowit,P.210 Kanowit,N.49 Ngemah,Luar Bandar
5131,112.391392,2.550871,3.172813370434545,2.6269530056286015,Selangau,P.214 Selangau,N.59 Tamin,Luar Bandar
5132,112.391832,1.706239,2.700113339229701,2.2000923504834597,Song,P.215 Kapit,N.62 Katibas,Luar Bandar
5133,112.395088,2.003454,6.155273726296162,5.439544223238468,Kanowit,P.210 Kanowit,N.49 Ngemah,Luar Bandar
5134,112.395201,2.029964,0.8884675041148167,0.7239364848342951,Song,P.210 Kanowit,N.49 Ngemah,Luar Bandar
5135,112.395775,2.301875,1.9965551462408382,1.653061787747791,Selangau,P.214 Selangau,N.59 Tamin,Luar Bandar
5136,112.398033,1.98684,17.388788278487556,15.366836153082026,Kanowit,P.210 Kanowit,N.49 Ngemah,Luar Bandar
5137,112.398307,2.017387,1.7772632081256532,1.448140391806088,Song,P.210 Kanowit,N.49 Ngemah,Luar Bandar
5138,112.39887,2.467985,3.3275919104013973,2.7551029795796516,Selangau,P.214 Selangau,N.59 Tamin,Luar Bandar
5139,112.399364,1.990694,26.4553206742291,23.37912059583037,Kanowit,P.210 Kanowit,N.49 Ngemah,Luar Bandar
5140,112.400452,2.023724,11.318447700909758,9.22243886740795,Song,P.215 Kapit,N.62 Katibas,Luar Bandar
5141,112.401305,1.710272,3.557426094978844,2.898643484797576,Song,P.215 Kapit,N.62 Katibas,Luar Bandar
5142,112.401305,1.985494,37.20876741817574,32.882166555597166,Kanowit,P.210 Kanowit,N.49 Ngemah,Luar Bandar
5143,112.401381,2.5507,3.156793324734748,2.6136890968233937,Selangau,P.214 Selangau,N.59 Tamin,Luar Bandar
5144,112.403923,2.740923,75.65360888931511,65.17849381233303,Mukah,P.214 Selangau,N.60 Kakus,Luar Bandar
5145,112.405876,2.375418,3.3275919104013973,2.7551029795796516,Selangau,P.214 Selangau,N.59 Tamin,Luar Bandar
5146,112.40674,2.02299,7.3872045189056355,6.019203682071259,Song,P.215 Kapit,N.62 Katibas,Luar Bandar
5147,112.407238,2.984935,21.21914849957506,18.281112553480053,Mukah,P.213 Mukah,N.58 Balingian,Luar Bandar
5148,112.409636,2.552618,12.160012130236815,10.067967032561665,Selangau,P.214 Selangau,N.59 Tamin,Luar Bandar
5149,112.410854,2.709105,6.402679087272573,5.516154290573294,Mukah,P.214 Selangau,N.60 Kakus,Luar Bandar
5150,112.413113,1.704957,2.700113339229701,2.2000923504834597,Song,P.215 Kapit,N.62 Katibas,Luar Bandar
5151,112.415704,2.55608,6.099901768430062,5.050456302893707,Selangau,P.214 Selangau,N.59 Tamin,Luar Bandar
5152,112.419308,1.682689,2.700113339229701,2.2000923504834597,Song,P.215 Kapit,N.62 Katibas,Luar Bandar
5153,112.4208,2.0593,2.700113339229701,2.2000923504834597,Song,P.215 Kapit,N.62 Katibas,Luar Bandar
5154,112.421218,2.570378,1.9965551462408382,1.653061787747791,Selangau,P.214 Selangau,N.59 Tamin,Luar Bandar
5155,112.42346,2.598588,6.728049458522354,5.5705355731851744,Selangau,P.214 Selangau,N.59 Tamin,Luar Bandar
5156,112.424759,2.579746,2.60539359846806,2.157153839591835,Selangau,P.214 Selangau,N.59 Tamin,Luar Bandar
5157,112.426298,2.035534,16.081419755340836,13.103379059907347,Song,P.215 Kapit,N.62 Katibas,Luar Bandar
5158,112.426298,2.702739,15.217078802597793,13.110098660699638,Mukah,P.214 Selangau,N.60 Kakus,Luar Bandar
5159,112.429597,2.36118,6.655183820802795,5.510205959159303,Selangau,P.214 Selangau,N.59 Tamin,Luar Bandar
5160,112.434629,2.86954,18.328558356088664,15.790757968322541,Mukah,P.214 Selangau,N.60 Kakus,Luar Bandar
5161,112.436823,1.67518,1.6200680035378205,1.3200554102900761,Song,P.215 Kapit,N.62 Katibas,Luar Bandar
5162,112.43862,2.086319,1.0800453356918802,0.8800369401933841,Song,P.215 Kapit,N.62 Katibas,Luar Bandar
5163,112.43935,2.562661,6.655183820802795,5.510205959159303,Selangau,P.214 Selangau,N.59 Tamin,Luar Bandar
5164,112.439355,2.352795,6.362802157759543,5.26812651771489,Selangau,P.214 Selangau,N.59 Tamin,Luar Bandar
5165,112.439618,2.030211,12.266584804657253,9.99499502601702,Song,P.215 Kapit,N.62 Katibas,Luar Bandar
5166,112.440798,2.957163,11.787045881252979,10.154993374617952,Mukah,P.213 Mukah,N.58 Balingian,Luar Bandar
5167,112.447069,2.993158,15.914361374681292,13.710834415110039,Mukah,P.213 Mukah,N.58 Balingian,Luar Bandar
5168,112.450781,2.457191,3.3275919104013973,2.7551029795796516,Selangau,P.214 Selangau,N.59 Tamin,Luar Bandar
5169,112.452192,2.028045,2.700113339229701,2.2000923504834597,Song,P.215 Kapit,N.62 Katibas,Luar Bandar
5170,112.45701,2.753916,7.565360888931513,6.517849381233304,Mukah,P.214 Selangau,N.60 Kakus,Luar Bandar
5171,112.45878,2.339818,3.9931102924816764,3.306123575495582,Selangau,P.214 Selangau,N.59 Tamin,Luar Bandar
5172,112.46158,2.759934,56.740206666986346,48.88387035924978,Mukah,P.214 Selangau,N.60 Kakus,Luar Bandar
5173,112.461644,2.56476,2.662073528321118,2.2040823836637213,Selangau,P.214 Selangau,N.59 Tamin,Luar Bandar
5174,112.463382,2.458027,1.331036764160559,1.1020411918318607,Selangau,P.214 Selangau,N.59 Tamin,Luar Bandar
5175,112.464203,2.033069,8.100340017689103,6.60027705145038,Song,P.215 Kapit,N.62 Katibas,Luar Bandar
5176,112.46475,2.751945,5.674020666698634,4.8883870359249775,Mukah,P.214 Selangau,N.60 Kakus,Luar Bandar
5177,112.464981,2.685817,9.982775731204192,8.265308938738954,Selangau,P.214 Selangau,N.59 Tamin,Luar Bandar
5178,112.467127,2.563106,3.3275919104013973,2.7551029795796516,Selangau,P.214 Selangau,N.59 Tamin,Luar Bandar
5179,112.467577,2.079543,2.700113339229701,2.2000923504834597,Song,P.215 Kapit,N.62 Katibas,Luar Bandar
5180,112.468811,2.995274,15.914361374681292,13.710834415110039,Mukah,P.213 Mukah,N.58 Balingian,Luar Bandar
5181,112.471504,2.335493,9.191250880527669,7.609960406458393,Selangau,P.214 Selangau,N.59 Tamin,Luar Bandar
5182,112.473339,1.69211,2.700113339229701,2.2000923504834597,Song,P.215 Kapit,N.62 Katibas,Luar Bandar
5183,112.473425,2.979192,31.828722749362583,27.421668830220078,Mukah,P.213 Mukah,N.58 Balingian,Luar Bandar
5184,112.474058,2.562886,2.9654867734863357,2.4552955006284716,Selangau,P.214 Selangau,N.59 Tamin,Luar Bandar
5185,112.479049,2.561461,5.332120973788871,4.414766827760678,Selangau,P.214 Selangau,N.59 Tamin,Luar Bandar
5186,112.479551,2.029107,4.320181342767523,3.5201477607735367,Song,P.215 Kapit,N.62 Katibas,Luar Bandar
5187,112.482469,2.083869,2.700113339229701,2.2000923504834597,Song,P.215 Kapit,N.62 Katibas,Luar Bandar
5188,112.48307,3.001102,4.243829699915011,3.6562225106960096,Mukah,P.213 Mukah,N.58 Balingian,Luar Bandar
5189,112.486804,1.875446,2.700113339229701,2.2000923504834597,Song,P.215 Kapit,N.62 Katibas,Luar Bandar
5190,112.48726,2.080851,9.06138886901663,7.38335389327281,Song,P.215 Kapit,N.62 Katibas,Luar Bandar
5191,112.490891,2.022818,5.673032802495728,4.622471172403927,Song,P.215 Kapit,N.62 Katibas,Luar Bandar
5192,112.491197,1.695584,8.100340017689103,6.60027705145038,Song,P.215 Kapit,N.62 Katibas,Luar Bandar
5193,112.492947,2.727759,5.712698912793196,4.921709832560292,Mukah,P.214 Selangau,N.60 Kakus,Luar Bandar
5194,112.492947,2.8612,9.456701111164389,8.147311726541629,Mukah,P.214 Selangau,N.60 Kakus,Luar Bandar
5195,112.493434,2.560785,6.025396806531729,4.988769398956378,Selangau,P.214 Selangau,N.59 Tamin,Luar Bandar
5196,112.498337,2.022824,3.7187971239456568,3.0301309898816466,Song,P.215 Kapit,N.62 Katibas,Luar Bandar
5197,112.499029,1.866192,2.700113339229701,2.2000923504834597,Song,P.215 Kapit,N.62 Katibas,Luar Bandar
5198,112.5053514,2.976085,26.52393562446882,22.85139069185006,Mukah,P.213 Mukah,N.58 Balingian,Luar Bandar
5199,112.505933,2.019296,3.6839633905342533,3.001747947842725,Song,P.215 Kapit,N.62 Katibas,Luar Bandar
5200,112.506078,2.570169,0.6655183820802795,0.5510205959159303,Selangau,P.214 Selangau,N.59 Tamin,Luar Bandar
5201,112.506931,2.558127,24.62795881724012,20.390890633628917,Selangau,P.214 Selangau,N.59 Tamin,Luar Bandar
5202,112.50743,2.583347,5.324147056642236,4.408164767327443,Selangau,P.214 Selangau,N.59 Tamin,Luar Bandar
5203,112.509609,2.068895,9.103147585269248,7.417379513923092,Song,P.215 Kapit,N.62 Katibas,Luar Bandar
5204,112.51031,2.798801,7.792929658543791,6.713908628899267,Mukah,P.214 Selangau,N.60 Kakus,Luar Bandar
5205,112.511324,3.003224,8.487659399830024,7.312445021392021,Mukah,P.213 Mukah,N.58 Balingian,Luar Bandar
5206,112.511979,2.059809,1.6200680035378205,1.3200554102900761,Song,P.215 Kapit,N.62 Katibas,Luar Bandar
5207,112.513964,3.005227,15.914361374681292,13.710834415110039,Mukah,P.213 Mukah,N.58 Balingian,Luar Bandar
5208,112.514194,2.617837,2.6803918485808564,2.219249164954042,Selangau,P.214 Selangau,N.59 Tamin,Luar Bandar
5209,112.517091,2.623839,2.108371241556109,1.7456407053744125,Selangau,P.214 Selangau,N.59 Tamin,Luar Bandar
5210,112.51794,2.669379,7.48473692424609,6.197040249106977,Selangau,P.214 Selangau,N.59 Tamin,Luar Bandar
5211,112.518319,2.046927,1.6200680035378205,1.3200554102900761,Song,P.215 Kapit,N.62 Katibas,Luar Bandar
5212,112.518754,2.61246,2.662073528321118,2.2040823836637213,Selangau,P.214 Selangau,N.59 Tamin,Luar Bandar
5213,112.518808,2.318196,1.331036764160559,1.1020411918318607,Selangau,P.214 Selangau,N.59 Tamin,Luar Bandar
5214,112.519441,1.865265,3.240136007075641,2.6401108205801522,Song,P.215 Kapit,N.62 Katibas,Luar Bandar
5215,112.521522,2.55459,3.3275919104013973,2.7551029795796516,Selangau,P.214 Selangau,N.59 Tamin,Luar Bandar
5216,112.523062,1.708089,2.700113339229701,2.2000923504834597,Song,P.215 Kapit,N.62 Katibas,Luar Bandar
5217,112.524043,1.947778,4.13212758749378,3.3669187749949323,Song,P.215 Kapit,N.62 Katibas,Luar Bandar
5218,112.525379,2.316293,5.324147056642236,4.408164767327443,Selangau,P.214 Selangau,N.59 Tamin,Luar Bandar
5219,112.526271,3.011321,2.8460446318345367,2.4519769135805243,Mukah,P.213 Mukah,N.58 Balingian,Luar Bandar
5220,112.526388,2.029621,2.700113339229701,2.2000923504834597,Song,P.215 Kapit,N.62 Katibas,Luar Bandar
5221,112.527444,2.024636,4.003032121937316,3.26172987713411,Song,P.215 Kapit,N.62 Katibas,Luar Bandar
5222,112.530684,1.869554,2.1600906713837613,1.7600738803867684,Song,P.215 Kapit,N.62 Katibas,Luar Bandar
5223,112.537647,1.949407,8.67647810010595,7.0697228963826255,Song,P.215 Kapit,N.62 Katibas,Luar Bandar
5224,112.541242,2.925233,4.390927510736269,3.7829529323266318,Mukah,P.213 Mukah,N.58 Balingian,Luar Bandar
5225,112.541735,2.556219,7.67560872095278,6.355073887240474,Selangau,P.214 Selangau,N.59 Tamin,Luar Bandar
5226,112.542933,1.960474,20.1703540547448,16.435103303866132,Song,P.215 Kapit,N.62 Katibas,Luar Bandar
5227,112.542933,1.985494,12.865359708471214,10.482885688383952,Song,P.215 Kapit,N.62 Katibas,Luar Bandar
5228,112.542933,2.002174,7.108451676051439,5.7920717360419145,Song,P.215 Kapit,N.62 Katibas,Luar Bandar
5229,112.542933,2.010514,84.85995823473252,69.1451511542265,Song,P.215 Kapit,N.62 Katibas,Luar Bandar
5230,112.542933,2.610998,5.837570105820206,4.833256969335009,Selangau,P.214 Selangau,N.59 Tamin,Luar Bandar
5231,112.542933,2.91124,4.953131206618951,4.267313039548634,Mukah,P.213 Mukah,N.58 Balingian,Luar Bandar
5232,112.542933,2.92792,80.93606926864987,69.72953660068298,Mukah,P.213 Mukah,N.58 Balingian,Luar Bandar
5233,112.542933,2.986301,3.725286665092393,3.2094777422334464,Mukah,P.213 Mukah,N.58 Balingian,Luar Bandar
5234,112.544042,2.933687,35.77607449602246,30.822464181188582,Mukah,P.213 Mukah,N.58 Balingian,Luar Bandar
5235,112.544825,1.980149,8.31909751939503,6.778523904692246,Song,P.215 Kapit,N.62 Katibas,Luar Bandar
5236,112.54556,2.577736,12.295923455672089,10.180495764373664,Selangau,P.214 Selangau,N.59 Tamin,Luar Bandar
5237,112.545801,1.922075,15.50404723510756,12.632927376754308,Song,P.215 Kapit,N.62 Katibas,Luar Bandar
5238,112.54607,2.923347,20.072204071947443,17.292975815831642,Mukah,P.213 Mukah,N.58 Balingian,Luar Bandar
5239,112.546638,2.033653,1.6200680035378205,1.3200554102900761,Song,P.215 Kapit,N.62 Katibas,Luar Bandar
5240,112.546896,2.612864,3.413781194850839,2.8264640000377916,Selangau,P.214 Selangau,N.59 Tamin,Luar Bandar
5241,112.547078,3.011291,2.89041366446045,2.490202541689003,Mukah,P.213 Mukah,N.58 Balingian,Luar Bandar
5242,112.547582,1.990421,37.92756291855754,30.903940155861697,Song,P.215 Kapit,N.62 Katibas,Luar Bandar
5243,112.5477,2.603502,5.324147056642236,4.408164767327443,Selangau,P.214 Selangau,N.59 Tamin,Luar Bandar
5244,112.547738,1.729987,9.44579699022831,7.696575325371214,Song,P.215 Kapit,N.62 Katibas,Luar Bandar
5245,112.548618,2.575834,21.813260660595688,18.06044162221363,Selangau,P.214 Selangau,N.59 Tamin,Luar Bandar
5246,112.549063,2.618887,5.303591288206124,4.391145475181415,Selangau,P.214 Selangau,N.59 Tamin,Luar Bandar
5247,112.549074,2.007416,26.64884119137455,21.713870600379266,Song,P.215 Kapit,N.62 Katibas,Luar Bandar
5248,112.54968,1.740422,4.556179609787163,3.7124426450117625,Song,P.215 Kapit,N.62 Katibas,Luar Bandar
5249,112.550114,2.020481,4.320181342767523,3.5201477607735367,Song,P.215 Kapit,N.62 Katibas,Luar Bandar
5250,112.550662,1.881435,2.700113339229701,2.2000923504834597,Song,P.215 Kapit,N.62 Katibas,Luar Bandar
5251,112.550914,1.710357,8.286853613733534,6.75225109267177,Song,P.215 Kapit,N.62 Katibas,Luar Bandar
5252,112.550983,2.93463,3.6697487034259666,3.1616296521823717,Mukah,P.213 Mukah,N.58 Balingian,Luar Bandar
5253,112.551166,2.025161,3.4918011384833596,2.8451712980234785,Song,P.215 Kapit,N.62 Katibas,Luar Bandar
5254,112.551264,1.993834,23.463454496841294,19.118370330759575,Song,P.215 Kapit,N.62 Katibas,Luar Bandar
5255,112.551264,2.002174,167.77570785188817,136.70613232376073,Song,P.215 Kapit,N.62 Katibas,Luar Bandar
5256,112.551264,2.010514,170.41077492075317,138.85322400950258,Song,P.215 Kapit,N.62 Katibas,Luar Bandar
5257,112.552325,2.586091,3.2438539584259622,2.685771556976334,Selangau,P.214 Selangau,N.59 Tamin,Luar Bandar
5258,112.552432,1.710389,4.093871718015715,3.335747325790583,Song,P.215 Kapit,N.62 Katibas,Luar Bandar
5259,112.552743,1.986175,7.267098962987195,5.921339895767344,Song,P.215 Kapit,N.62 Katibas,Luar Bandar
5260,112.555704,2.004285,53.15355014369308,43.31030011708325,Song,P.215 Kapit,N.62 Katibas,Luar Bandar
5261,112.556187,2.591519,0.6655183820802795,0.5510205959159303,Selangau,P.214 Selangau,N.59 Tamin,Luar Bandar
5262,112.556573,2.636121,11.260840340122005,9.323491464402089,Selangau,P.214 Selangau,N.59 Tamin,Luar Bandar
5263,112.557056,2.571691,2.662073528321118,2.2040823836637213,Selangau,P.214 Selangau,N.59 Tamin,Luar Bandar
5264,112.559888,1.884952,2.700113339229701,2.2000923504834597,Song,P.215 Kapit,N.62 Katibas,Luar Bandar
5265,112.561948,2.028731,3.4821890789901406,2.8373392495475223,Song,P.215 Kapit,N.62 Katibas,Luar Bandar
5266,112.564641,1.977468,4.625868922686976,3.769226529596796,Song,P.215 Kapit,N.62 Katibas,Luar Bandar
5267,112.567926,2.594318,6.312104275156289,5.226150851473486,Selangau,P.214 Selangau,N.59 Tamin,Luar Bandar
5268,112.567926,2.93626,4.318813114189421,3.7208236060708866,Mukah,P.213 Mukah,N.58 Balingian,Luar Bandar
5269,112.568278,2.569478,8.972861695621592,7.429143554439381,Selangau,P.214 Selangau,N.59 Tamin,Luar Bandar
5270,112.568536,2.305787,3.4730547110665553,2.8755399220658577,Selangau,P.214 Selangau,N.59 Tamin,Luar Bandar
5271,112.571234,2.305246,6.91683788320986,5.726844268894185,Selangau,P.214 Selangau,N.59 Tamin,Luar Bandar
5272,112.572162,1.902216,2.700113339229701,2.2000923504834597,Song,P.215 Kapit,N.62 Katibas,Luar Bandar
5273,112.575059,1.885692,4.012117608567254,3.269132866239985,Song,P.215 Kapit,N.62 Katibas,Luar Bandar
5274,112.576257,2.602658,6.152921819034211,5.094354624361658,Selangau,P.214 Selangau,N.59 Tamin,Luar Bandar
5275,112.57706,2.989456,5.237327814851563,4.512159348179808,Mukah,P.213 Mukah,N.58 Balingian,Luar Bandar
5276,112.577237,2.035165,1.6200680035378205,1.3200554102900761,Song,P.215 Kapit,N.62 Katibas,Luar Bandar
5277,112.578675,1.993187,2.700113339229701,2.2000923504834597,Song,P.215 Kapit,N.62 Katibas,Luar Bandar
5278,112.583202,3.01127,1.0123311607286605,0.8582571791386608,Bintulu,P.213 Mukah,N.58 Balingian,Luar Bandar
5279,112.583932,2.607376,3.125378082554424,2.5876786274912975,Selangau,P.214 Selangau,N.59 Tamin,Luar Bandar
5280,112.584602,2.779384,8.328547111952464,6.895678791616556,Selangau,P.214 Selangau,N.60 Kakus,Luar Bandar
5281,112.586753,3.011313,31.375670587833305,27.03134696797946,Mukah,P.213 Mukah,N.58 Balingian,Luar Bandar
5282,112.587569,3.003754,10.609574249787528,9.140556276740025,Mukah,P.213 Mukah,N.58 Balingian,Luar Bandar
5283,112.589044,2.995627,5.304787124893765,4.570278138370013,Mukah,P.213 Mukah,N.58 Balingian,Luar Bandar
5284,112.58921,1.761548,4.125485223895718,3.3615064787298445,Song,P.215 Kapit,N.62 Katibas,Luar Bandar
5285,112.589264,2.698516,8.415147794564088,6.96738043205844,Selangau,P.214 Selangau,N.60 Kakus,Luar Bandar
5286,112.590197,1.739392,4.062265182748311,3.3099938526097348,Song,P.215 Kapit,N.62 Katibas,Luar Bandar
5287,112.591721,2.723272,4.065516889957509,3.366073123943314,Selangau,P.214 Selangau,N.60 Kakus,Luar Bandar
5288,112.591732,2.987447,4.243829699915011,3.6562225106960096,Mukah,P.213 Mukah,N.58 Balingian,Luar Bandar
5289,112.59193,2.042965,4.320181342767523,3.5201477607735367,Song,P.215 Kapit,N.62 Katibas,Luar Bandar
5290,112.594982,2.721617,8.077896016945527,6.688150465643071,Selangau,P.214 Selangau,N.60 Kakus,Luar Bandar
5291,112.595057,1.992823,2.700113339229701,2.2000923504834597,Song,P.215 Kapit,N.62 Katibas,Luar Bandar
5292,112.598512,2.717249,0.8328547111952462,0.6895678791616556,Selangau,P.214 Selangau,N.60 Kakus,Luar Bandar
5293,112.599102,2.769332,4.164273555976232,3.447839395808278,Selangau,P.214 Selangau,N.60 Kakus,Luar Bandar
5294,112.599252,1.882534,7.936936859122165,6.467133737062505,Song,P.215 Kapit,N.62 Katibas,Luar Bandar
5295,112.601251,2.88622,12.242137469599214,10.547072281500864,Mukah,P.214 Selangau,N.60 Kakus,Luar Bandar
5296,112.601251,2.89456,8.031329097154355,6.919298914471446,Mukah,P.214 Selangau,N.60 Kakus,Luar Bandar
5297,112.601661,2.605458,3.3275919104013973,2.7551029795796516,Selangau,P.214 Selangau,N.59 Tamin,Luar Bandar
5298,112.602879,2.294295,9.982775731204192,8.265308938738954,Selangau,P.214 Selangau,N.59 Tamin,Luar Bandar
5299,112.602943,2.696137,16.657094223904927,13.791357583233111,Selangau,P.214 Selangau,N.60 Kakus,Luar Bandar
5300,112.603018,2.696116,24.98564133585739,20.687036374849665,Selangau,P.214 Selangau,N.60 Kakus,Luar Bandar
5301,112.608871,1.872278,1.6200680035378205,1.3200554102900761,Song,P.215 Kapit,N.62 Katibas,Luar Bandar
5302,112.609166,1.992019,2.700113339229701,2.2000923504834597,Song,P.215 Kapit,N.62 Katibas,Luar Bandar
5303,112.609472,1.766051,5.400226678459402,4.4001847009669195,Song,P.215 Kapit,N.62 Katibas,Luar Bandar
5304,112.612755,2.790839,3.6294370148702084,3.0050177434946885,Selangau,P.214 Selangau,N.60 Kakus,Luar Bandar
5305,112.613801,2.761498,58.394764685131406,48.34835355650665,Selangau,P.214 Selangau,N.60 Kakus,Luar Bandar
5306,112.614048,2.801866,3.7418392540969156,3.0980819630694896,Selangau,P.214 Selangau,N.60 Kakus,Luar Bandar
5307,112.614718,2.607467,0.6655183820802795,0.5510205959159303,Selangau,P.214 Selangau,N.59 Tamin,Luar Bandar
5308,112.617572,2.041641,9.00124319759503,7.334346309151506,Song,P.215 Kapit,N.63 Bukit Goram,Luar Bandar
5309,112.619718,2.028421,7.200994558076024,5.867477047321206,Song,P.215 Kapit,N.63 Bukit Goram,Luar Bandar
5310,112.620989,3.033716,31.828722749362583,27.421668830220078,Mukah,P.213 Mukah,N.58 Balingian,Luar Bandar
5311,112.62144,2.011512,7.200994558076024,5.867477047321206,Song,P.215 Kapit,N.63 Bukit Goram,Luar Bandar
5312,112.621569,2.653622,2.662073528321118,2.2040823836637213,Selangau,P.214 Selangau,N.59 Tamin,Luar Bandar
5313,112.623762,1.858622,2.700113339229701,2.2000923504834597,Song,P.215 Kapit,N.62 Katibas,Luar Bandar
5314,112.626449,1.903332,5.400226678459402,4.4001847009669195,Song,P.215 Kapit,N.62 Katibas,Luar Bandar
5315,112.626686,1.902474,6.480272014151282,5.2802216411603045,Song,P.215 Kapit,N.62 Katibas,Luar Bandar
5316,112.628,2.806426,4.164273555976232,3.447839395808278,Selangau,P.214 Selangau,N.60 Kakus,Luar Bandar
5317,112.631117,2.647449,2.662073528321118,2.2040823836637213,Selangau,P.214 Selangau,N.59 Tamin,Luar Bandar
5318,112.635548,2.619021,1.331036764160559,1.1020411918318607,Selangau,P.214 Selangau,N.59 Tamin,Luar Bandar
5319,112.635822,1.846119,4.320181342767523,3.5201477607735367,Song,P.215 Kapit,N.62 Katibas,Luar Bandar
5320,112.638091,2.798394,0.8328547111952462,0.6895678791616556,Selangau,P.214 Selangau,N.60 Kakus,Luar Bandar
5321,112.639421,2.009276,9.00124319759503,7.334346309151506,Song,P.215 Kapit,N.63 Bukit Goram,Luar Bandar
5322,112.639507,1.779585,0.5400226678459401,0.44001847009669204,Song,P.215 Kapit,N.62 Katibas,Luar Bandar
5323,112.640451,1.76884,8.100340017689103,6.60027705145038,Song,P.215 Kapit,N.62 Katibas,Luar Bandar
5324,112.642908,3.038505,21.21914849957506,18.281112553480053,Mukah,P.213 Mukah,N.58 Balingian,Luar Bandar
5325,112.643209,2.620505,3.9931102924816764,3.306123575495582,Selangau,P.214 Selangau,N.59 Tamin,Luar Bandar
5326,112.643257,1.843582,2.1600906713837613,1.7600738803867684,Song,P.215 Kapit,N.62 Katibas,Luar Bandar
5327,112.643874,2.739631,4.1281262031817585,3.417910942419306,Selangau,P.214 Selangau,N.60 Kakus,Luar Bandar
5328,112.647897,2.632434,5.324147056642236,4.408164767327443,Selangau,P.214 Selangau,N.59 Tamin,Luar Bandar
5329,112.648326,2.575769,3.568836435398854,2.954843070168944,Selangau,P.214 Selangau,N.59 Tamin,Luar Bandar
5330,112.64935,1.905691,2.700113339229701,2.2000923504834597,Song,P.215 Kapit,N.62 Katibas,Luar Bandar
5331,112.650332,2.046048,7.200994558076024,5.867477047321206,Song,P.215 Kapit,N.63 Bukit Goram,Luar Bandar
5332,112.651867,1.990603,14.207131350315972,11.576181100257458,Song,P.215 Kapit,N.62 Katibas,Luar Bandar
5333,112.652205,1.833208,5.400226678459402,4.4001847009669195,Song,P.215 Kapit,N.62 Katibas,Luar Bandar
5334,112.652564,1.736116,2.700113339229701,2.2000923504834597,Song,P.215 Kapit,N.62 Katibas,Luar Bandar
5335,112.652993,2.053553,7.200994558076024,5.867477047321206,Song,P.215 Kapit,N.63 Bukit Goram,Luar Bandar
5336,112.654313,2.802948,0.8328547111952462,0.6895678791616556,Selangau,P.214 Selangau,N.60 Kakus,Luar Bandar
5337,112.654479,2.629304,3.5233833920232036,2.9172099052235128,Selangau,P.214 Selangau,N.59 Tamin,Luar Bandar
5338,112.65457,1.740245,4.320181342767523,3.5201477607735367,Song,P.215 Kapit,N.62 Katibas,Luar Bandar
5339,112.655815,1.904704,4.320181342767523,3.5201477607735367,Song,P.215 Kapit,N.62 Katibas,Luar Bandar
5340,112.657333,2.633131,3.3275919104013973,2.7551029795796516,Selangau,P.214 Selangau,N.59 Tamin,Luar Bandar
5341,112.65854,1.811187,4.320181342767523,3.5201477607735367,Song,P.215 Kapit,N.62 Katibas,Luar Bandar
5342,112.660273,1.723043,2.700113339229701,2.2000923504834597,Song,P.215 Kapit,N.62 Katibas,Luar Bandar
5343,112.660514,2.807326,4.164273555976232,3.447839395808278,Selangau,P.214 Selangau,N.60 Kakus,Luar Bandar
5344,112.664677,2.743505,8.328547111952464,6.895678791616556,Selangau,P.214 Selangau,N.60 Kakus,Luar Bandar
5345,112.666753,2.643344,8.328547111952464,6.895678791616556,Selangau,P.214 Selangau,N.60 Kakus,Luar Bandar
5346,112.666833,1.706791,5.400226678459402,4.4001847009669195,Song,P.215 Kapit,N.62 Katibas,Luar Bandar
5347,112.667899,2.736099,21.91591759268418,18.145437146630993,Selangau,P.214 Selangau,N.60 Kakus,Luar Bandar
5348,112.668046,2.016079,4.945779376700653,4.324570372863856,Kapit,P.215 Kapit,N.63 Bukit Goram,Luar Bandar
5349,112.670728,2.014085,4.945779376700653,4.324570372863856,Kapit,P.215 Kapit,N.63 Bukit Goram,Luar Bandar
5350,112.671441,1.907229,2.700113339229701,2.2000923504834597,Song,P.215 Kapit,N.62 Katibas,Luar Bandar
5351,112.676103,2.690398,4.164273555976232,3.447839395808278,Selangau,P.214 Selangau,N.60 Kakus,Luar Bandar
5352,112.677278,2.694873,4.164273555976232,3.447839395808278,Selangau,P.214 Selangau,N.60 Kakus,Luar Bandar
5353,112.6779,2.006531,14.837338130101958,12.973711118591568,Kapit,P.215 Kapit,N.63 Bukit Goram,Luar Bandar
5354,112.679526,2.711162,6.66283768956197,5.516543033293245,Selangau,P.214 Selangau,N.60 Kakus,Luar Bandar
5355,112.679772,2.707401,3.331418844780985,2.7582715166466225,Selangau,P.214 Selangau,N.60 Kakus,Luar Bandar
5356,112.682948,1.685847,4.492354728131135,3.6604371858846285,Song,P.215 Kapit,N.62 Katibas,Luar Bandar
5357,112.684075,2.755015,8.328547111952464,6.895678791616556,Selangau,P.214 Selangau,N.60 Kakus,Luar Bandar
5358,112.686403,2.714361,4.164273555976232,3.447839395808278,Selangau,P.214 Selangau,N.60 Kakus,Luar Bandar
5359,112.686526,3.055582,1.5914361374681292,1.3710834415110038,Mukah,P.213 Mukah,N.58 Balingian,Luar Bandar
5360,112.690415,3.047392,2.832084528573688,2.4399497476942544,Mukah,P.213 Mukah,N.58 Balingian,Luar Bandar
5361,112.690871,1.908656,2.700113339229701,2.2000923504834597,Song,P.215 Kapit,N.62 Katibas,Luar Bandar
5362,112.694696,2.847044,16.657094223904927,13.791357583233111,Selangau,P.214 Selangau,N.60 Kakus,Luar Bandar
5363,112.698264,2.020792,3.9566235013605224,3.4596562982910846,Kapit,P.215 Kapit,N.63 Bukit Goram,Luar Bandar
5364,112.699637,1.909229,2.700113339229701,2.2000923504834597,Song,P.215 Kapit,N.62 Katibas,Luar Bandar
5365,112.700104,2.012873,5.934935252040782,5.189484447436627,Kapit,P.215 Kapit,N.63 Bukit Goram,Luar Bandar
5366,112.701224,2.95294,5.667859338676554,4.8830788148598,Mukah,P.213 Mukah,N.58 Balingian,Luar Bandar
5367,112.703344,2.715813,24.98564133585739,20.687036374849665,Selangau,P.214 Selangau,N.60 Kakus,Luar Bandar
5368,112.704073,2.838771,4.164273555976232,3.447839395808278,Selangau,P.214 Selangau,N.60 Kakus,Luar Bandar
5369,112.705736,2.772279,24.98564133585739,20.687036374849665,Selangau,P.214 Selangau,N.60 Kakus,Luar Bandar
5370,112.710081,1.699236,2.1600906713837613,1.7600738803867684,Song,P.215 Kapit,N.62 Katibas,Luar Bandar
5371,112.714319,2.049854,7.913247002721045,6.919312596582169,Kapit,P.215 Kapit,N.63 Bukit Goram,Luar Bandar
5372,112.715178,2.792272,4.164273555976232,3.447839395808278,Selangau,P.214 Selangau,N.60 Kakus,Luar Bandar
5373,112.715403,2.707797,4.164273555976232,3.447839395808278,Selangau,P.214 Selangau,N.60 Kakus,Luar Bandar
5374,112.715569,2.071073,7.913247002721045,6.919312596582169,Kapit,P.215 Kapit,N.63 Bukit Goram,Luar Bandar
5375,112.715843,2.70246,4.164273555976232,3.447839395808278,Selangau,P.214 Selangau,N.60 Kakus,Luar Bandar
5376,112.716165,2.017666,4.945779376700653,4.324570372863856,Kapit,P.215 Kapit,N.63 Bukit Goram,Luar Bandar
5377,112.716288,1.664404,4.320181342767523,3.5201477607735367,Song,P.215 Kapit,N.62 Katibas,Luar Bandar
5378,112.718761,2.030297,2.967467626020391,2.5947422237183133,Kapit,P.215 Kapit,N.63 Bukit Goram,Luar Bandar
5379,112.719673,2.054636,6.501252427805497,5.68466999725988,Kapit,P.215 Kapit,N.63 Bukit Goram,Luar Bandar
5380,112.720156,2.697413,4.164273555976232,3.447839395808278,Selangau,P.214 Selangau,N.60 Kakus,Luar Bandar
5381,112.720327,3.0626643,11.512687137537071,8.122840369262267,Tatau,P.217 Bintulu,N.67 Jepak,Luar Bandar
5382,112.721298,3.063826,60.012415913058135,42.342093449768804,Tatau,P.217 Bintulu,N.67 Jepak,Luar Bandar
5383,112.721803,3.044161,36.141230941315115,25.49964627526122,Tatau,P.217 Bintulu,N.67 Jepak,Luar Bandar
5384,112.72184,1.698292,5.400226678459402,4.4001847009669195,Song,P.215 Kapit,N.62 Katibas,Luar Bandar
5385,112.722344,1.771424,1.3500566696148506,1.1000461752417299,Song,P.215 Kapit,N.62 Katibas,Luar Bandar
5386,112.72302,1.899123,2.700113339229701,2.2000923504834597,Song,P.215 Kapit,N.62 Katibas,Luar Bandar
5387,112.723069,2.041909,4.945779376700653,4.324570372863856,Kapit,P.215 Kapit,N.63 Bukit Goram,Luar Bandar
5388,112.725461,1.896399,1.6200680035378205,1.3200554102900761,Song,P.215 Kapit,N.62 Katibas,Luar Bandar
5389,112.732038,2.015382,5.754062121776729,5.031329681360329,Kapit,P.215 Kapit,N.63 Bukit Goram,Luar Bandar
5390,112.734548,2.794479,50.33304877319101,41.67359952188933,Selangau,P.214 Selangau,N.60 Kakus,Luar Bandar
5391,112.738507,1.884121,2.700113339229701,2.2000923504834597,Song,P.215 Kapit,N.62 Katibas,Luar Bandar
5392,112.738695,1.844011,2.1600906713837613,1.7600738803867684,Song,P.215 Kapit,N.62 Katibas,Luar Bandar
5393,112.739114,2.797365,16.06042285866054,13.297339356095287,Selangau,P.214 Selangau,N.60 Kakus,Luar Bandar
5394,112.742879,2.8612,13.150708734667232,9.278555607237436,Tatau,P.214 Selangau,N.60 Kakus,Luar Bandar
5395,112.742879,2.86954,64.08029490121773,45.21220806919251,Tatau,P.214 Selangau,N.60 Kakus,Luar Bandar
5396,112.743287,2.013903,9.891558753401306,8.649140745727712,Kapit,P.215 Kapit,N.63 Bukit Goram,Luar Bandar
5397,112.744853,2.80477,4.443996170848217,3.135486187209575,Tatau,P.214 Selangau,N.60 Kakus,Luar Bandar
5398,112.747042,1.878052,2.700113339229701,2.2000923504834597,Song,P.215 Kapit,N.62 Katibas,Luar Bandar
5399,112.75121,2.8195,6.693010363488622,4.722290645350306,Tatau,P.214 Selangau,N.60 Kakus,Luar Bandar
5400,112.75121,2.86954,7.540755932141802,5.320422241011161,Tatau,P.214 Selangau,N.60 Kakus,Luar Bandar
5401,112.752686,3.069167,10.096838181432922,7.123880272455452,Tatau,P.217 Bintulu,N.67 Jepak,Luar Bandar
5402,112.760217,1.667273,2.1600906713837613,1.7600738803867684,Song,P.215 Kapit,N.62 Katibas,Luar Bandar
5403,112.762343,2.669227,8.328547111952464,6.895678791616556,Selangau,P.214 Selangau,N.60 Kakus,Luar Bandar
5404,112.764144,1.876755,8.100340017689103,6.60027705145038,Song,P.215 Kapit,N.62 Katibas,Luar Bandar
5405,112.767872,2.83618,6.422773958518367,4.531623848510181,Tatau,P.214 Selangau,N.60 Kakus,Luar Bandar
5406,112.773832,2.012225,4.945779376700653,4.324570372863856,Kapit,P.215 Kapit,N.63 Bukit Goram,Luar Bandar
5407,112.77409,2.667239,2.4985641335857385,2.0687036374849663,Selangau,P.214 Selangau,N.60 Kakus,Luar Bandar
5408,112.774723,2.015618,4.945779376700653,4.324570372863856,Kapit,P.215 Kapit,N.63 Bukit Goram,Luar Bandar
5409,112.777469,1.659787,5.400226678459402,4.4001847009669195,Song,P.215 Kapit,N.62 Katibas,Luar Bandar
5410,112.777652,2.012032,4.945779376700653,4.324570372863856,Kapit,P.215 Kapit,N.63 Bukit Goram,Luar Bandar
5411,112.778059,2.015672,4.945779376700653,4.324570372863856,Kapit,P.215 Kapit,N.63 Bukit Goram,Luar Bandar
5412,112.78028,2.841274,7.172073110547001,5.060296027997051,Tatau,P.214 Selangau,N.60 Kakus,Luar Bandar
5413,112.782243,3.030705,28.246865849810384,19.92973312736622,Tatau,P.217 Bintulu,N.67 Jepak,Luar Bandar
5414,112.784432,1.909256,2.1600906713837613,1.7600738803867684,Song,P.215 Kapit,N.62 Katibas,Luar Bandar
5415,112.786106,2.843176,7.161429502095458,5.052786370922907,Tatau,P.214 Selangau,N.60 Kakus,Luar Bandar
5416,112.796277,2.046551,7.913247002721045,6.919312596582169,Kapit,P.215 Kapit,N.63 Bukit Goram,Luar Bandar
5417,112.796288,2.854234,5.422825499723626,3.826104658138336,Tatau,P.214 Selangau,N.60 Kakus,Luar Bandar
5418,112.798262,3.080545,17.56276009964963,12.39150295919724,Tatau,P.217 Bintulu,N.67 Jepak,Luar Bandar
5419,112.799345,2.045683,19.78311750680261,17.298281491455423,Kapit,P.215 Kapit,N.63 Bukit Goram,Luar Bandar
5420,112.80045,2.859581,8.676520799557801,6.121767453021339,Tatau,P.214 Selangau,N.60 Kakus,Luar Bandar
5421,112.801196,3.078041,135.87643279917714,95.86837203053054,Tatau,P.217 Bintulu,N.67 Jepak,Luar Bandar
5422,112.803937,2.861028,8.676520799557801,6.121767453021339,Tatau,P.214 Selangau,N.60 Kakus,Luar Bandar
5423,112.804484,2.037073,14.837338130101958,12.973711118591568,Kapit,P.215 Kapit,N.63 Bukit Goram,Luar Bandar
5424,112.80861,2.867028,5.422825499723626,3.826104658138336,Tatau,P.214 Selangau,N.60 Kakus,Luar Bandar
5425,112.808776,2.665433,8.328547111952464,6.895678791616556,Selangau,P.214 Selangau,N.60 Kakus,Luar Bandar
5426,112.809527,2.8612,6.945154422213736,4.9001922867841365,Tatau,P.214 Selangau,N.60 Kakus,Luar Bandar
5427,112.810514,3.078305,38.93960791031595,27.47405669227848,Tatau,P.217 Bintulu,N.67 Jepak,Luar Bandar
5428,112.813604,2.054325,4.945779376700653,4.324570372863856,Kapit,P.215 Kapit,N.63 Bukit Goram,Luar Bandar
5429,112.814795,2.868764,16.268476499170877,11.47831397441501,Tatau,P.214 Selangau,N.60 Kakus,Luar Bandar
5430,112.816823,2.018385,6.187215535054081,5.4100773519071925,Kapit,P.215 Kapit,N.63 Bukit Goram,Luar Bandar
5431,112.818142,3.053225,20.193676362865844,14.247760544910903,Tatau,P.217 Bintulu,N.67 Jepak,Luar Bandar
5432,112.821522,3.025605,29.683757149797696,20.94353976680171,Tatau,P.217 Bintulu,N.67 Jepak,Luar Bandar
5433,112.821575,1.935232,4.945779376700653,4.324570372863856,Kapit,P.215 Kapit,N.63 Bukit Goram,Luar Bandar
5434,112.823088,2.009086,7.913247002721045,6.919312596582169,Kapit,P.215 Kapit,N.63 Bukit Goram,Luar Bandar
5435,112.824826,2.061686,4.945779376700653,4.324570372863856,Kapit,P.215 Kapit,N.63 Bukit Goram,Luar Bandar
5436,112.828807,1.940357,9.891558753401306,8.649140745727712,Kapit,P.215 Kapit,N.63 Bukit Goram,Luar Bandar
5437,112.829053,2.932937,12.948553099160657,9.135923575518909,Tatau,P.214 Selangau,N.60 Kakus,Luar Bandar
5438,112.829386,2.011876,2.967467626020391,2.5947422237183133,Kapit,P.215 Kapit,N.63 Bukit Goram,Luar Bandar
5439,112.832315,2.944477,5.55511854894773,3.919444753979788,Tatau,P.214 Selangau,N.60 Kakus,Luar Bandar
5440,112.833104,2.937298,4.4935766186359345,3.170467947593132,Tatau,P.214 Selangau,N.60 Kakus,Luar Bandar
5441,112.833431,1.994249,4.945779376700653,4.324570372863856,Kapit,P.215 Kapit,N.63 Bukit Goram,Luar Bandar
5442,112.834289,1.947895,19.78311750680261,17.298281491455423,Kapit,P.215 Kapit,N.63 Bukit Goram,Luar Bandar
5443,112.834783,2.886112,6.569077508637896,4.634849131094516,Tatau,P.214 Selangau,N.60 Kakus,Luar Bandar
5444,112.834879,2.8678,5.422825499723626,3.826104658138336,Tatau,P.214 Selangau,N.60 Kakus,Luar Bandar
5445,112.835727,2.953991,4.82111115096447,3.4015617565138214,Tatau,P.214 Selangau,N.60 Kakus,Luar Bandar
5446,112.838194,2.902185,13.292464646925309,9.378572278663968,Tatau,P.214 Selangau,N.60 Kakus,Luar Bandar
5447,112.840158,2.852134,10.845650999447253,7.652209316276674,Tatau,P.214 Selangau,N.60 Kakus,Luar Bandar
5448,112.842852,2.87788,204.6813424041763,144.4140582518355,Tatau,P.214 Selangau,N.60 Kakus,Luar Bandar
5449,112.842852,2.88622,145.14749677867334,102.4096227271751,Tatau,P.214 Selangau,N.60 Kakus,Luar Bandar
5450,112.845104,2.873179,4.301869590029629,3.035207988520905,Tatau,P.214 Selangau,N.60 Kakus,Luar Bandar
5451,112.846179,1.991641,7.913247002721045,6.919312596582169,Kapit,P.215 Kapit,N.63 Bukit Goram,Luar Bandar
5452,112.848843,2.859828,3.2536952998341757,2.295662794883002,Tatau,P.214 Selangau,N.60 Kakus,Luar Bandar
5453,112.849202,1.960666,9.891558753401306,8.649140745727712,Kapit,P.215 Kapit,N.63 Bukit Goram,Luar Bandar
5454,112.851183,2.86954,57.58575504227734,40.629949390940126,Tatau,P.214 Selangau,N.60 Kakus,Luar Bandar
5455,112.851183,2.87788,449.1302511210891,316.88634384654625,Tatau,P.214 Selangau,N.60 Kakus,Luar Bandar
5456,112.851183,2.88622,233.65802304910028,164.85871626242078,Tatau,P.214 Selangau,N.60 Kakus,Luar Bandar
5457,112.853376,2.011839,3.9566235013605224,3.4596562982910846,Kapit,P.215 Kapit,N.63 Bukit Goram,Luar Bandar
5458,112.857184,1.975109,9.891558753401306,8.649140745727712,Kapit,P.215 Kapit,N.63 Bukit Goram,Luar Bandar
5459,112.858772,2.876924,4.915535648799327,3.4681834855417475,Tatau,P.214 Selangau,N.60 Kakus,Luar Bandar
5460,112.858901,2.902249,8.676520799557801,6.121767453021339,Tatau,P.214 Selangau,N.60 Kakus,Luar Bandar
5461,112.859514,2.88622,120.19210750252651,84.80220918233817,Tatau,P.214 Selangau,N.60 Kakus,Luar Bandar
5462,112.860285,2.879458,229.66713442611785,162.04292262287203,Tatau,P.214 Selangau,N.60 Kakus,Luar Bandar
5463,112.864432,3.095254,38.111895610305474,26.89005968060442,Tatau,P.217 Bintulu,N.67 Jepak,Luar Bandar
5464,112.866218,2.015125,4.945779376700653,4.324570372863856,Kapit,P.215 Kapit,N.63 Bukit Goram,Luar Bandar
5465,112.867845,2.91124,6.3452974378245335,4.476959858909533,Tatau,P.214 Selangau,N.60 Kakus,Luar Bandar
5466,112.870724,2.888405,6.357412643854764,4.485507809830861,Tatau,P.214 Selangau,N.60 Kakus,Luar Bandar
5467,112.875037,2.842168,6.507390599668351,4.591325589766004,Tatau,P.214 Selangau,N.60 Kakus,Luar Bandar
5468,112.875284,2.880637,8.691248243536023,6.132158482939307,Tatau,P.214 Selangau,N.60 Kakus,Luar Bandar
5469,112.876754,2.869729,5.422825499723626,3.826104658138336,Tatau,P.214 Selangau,N.60 Kakus,Luar Bandar
5470,112.876904,2.888791,12.129965432002606,8.558364499246284,Tatau,P.214 Selangau,N.60 Kakus,Luar Bandar
5471,112.877709,2.930065,1.0845650999447254,0.7652209316276674,Tatau,P.214 Selangau,N.60 Kakus,Luar Bandar
5472,112.879361,2.017677,3.9566235013605224,3.4596562982910846,Kapit,P.215 Kapit,N.63 Bukit Goram,Luar Bandar
5473,112.880992,2.935894,6.138880628467225,4.331321332307431,Tatau,P.214 Selangau,N.60 Kakus,Luar Bandar
5474,112.881287,3.098275,20.16071983942645,17.09231446193604,Bintulu,P.217 Bintulu,N.67 Jepak,Luar Bandar
5475,112.882386,2.939794,10.463402782474047,7.382511963190023,Tatau,P.214 Selangau,N.60 Kakus,Luar Bandar
5476,112.884507,3.094721,16.712927808292925,14.169266769946091,Bintulu,P.217 Bintulu,N.67 Jepak,Luar Bandar
5477,112.88685,3.013434,45.61484334091217,32.18380613497692,Tatau,P.217 Bintulu,N.67 Jepak,Luar Bandar
5478,112.887118,2.881205,5.422825499723626,3.826104658138336,Tatau,P.214 Selangau,N.60 Kakus,Luar Bandar
5479,112.887418,2.968263,12.195654036960986,8.604711459411364,Tatau,P.214 Selangau,N.60 Kakus,Luar Bandar
5480,112.889875,2.936934,5.422825499723626,3.826104658138336,Tatau,P.214 Selangau,N.60 Kakus,Luar Bandar
5481,112.890991,2.055933,7.913247002721045,6.919312596582169,Kapit,P.215 Kapit,N.63 Bukit Goram,Luar Bandar
5482,112.892761,2.732403,8.007634746448696,5.649831182216581,Tatau,P.214 Selangau,N.60 Kakus,Luar Bandar
5483,112.892838,3.002981,19.870248691079155,14.019564354261409,Tatau,P.217 Bintulu,N.67 Jepak,Luar Bandar
5484,112.893287,2.094467,24.72889688350326,21.622851864319276,Kapit,P.215 Kapit,N.63 Bukit Goram,Luar Bandar
5485,112.894607,2.04237,9.891558753401306,8.649140745727712,Kapit,P.215 Kapit,N.63 Bukit Goram,Luar Bandar
5486,112.895889,2.03755,4.945779376700653,4.324570372863856,Kapit,P.215 Kapit,N.63 Bukit Goram,Luar Bandar
5487,112.895948,2.730763,8.29893700424688,5.855361108551967,Tatau,P.214 Selangau,N.60 Kakus,Luar Bandar
5488,112.896194,2.838225,7.233740243556515,5.103805616287096,Tatau,P.214 Selangau,N.60 Kakus,Luar Bandar
5489,112.897589,2.014825,2.967467626020391,2.5947422237183133,Kapit,P.215 Kapit,N.63 Bukit Goram,Luar Bandar
5490,112.898193,2.854497,16.268476499170877,11.47831397441501,Tatau,P.214 Selangau,N.60 Kakus,Luar Bandar
5491,112.898737,2.022663,2.967467626020391,2.5947422237183133,Kapit,P.215 Kapit,N.63 Bukit Goram,Luar Bandar
5492,112.900475,2.062248,14.837338130101958,12.973711118591568,Kapit,P.215 Kapit,N.63 Bukit Goram,Luar Bandar
5493,112.900583,3.098671,8.873641291403718,7.523097815112907,Bintulu,P.217 Bintulu,N.67 Jepak,Luar Bandar
5494,112.900926,2.030517,7.913247002721045,6.919312596582169,Kapit,P.215 Kapit,N.63 Bukit Goram,Luar Bandar
5495,112.900947,2.953584,5.422825499723626,3.826104658138336,Tatau,P.214 Selangau,N.60 Kakus,Luar Bandar
5496,112.901169,3.002981,27.180169606725183,19.177119666967215,Tatau,P.214 Selangau,N.60 Kakus,Luar Bandar
5497,112.902728,2.967883,7.095369489987732,5.0061773623802335,Tatau,P.214 Selangau,N.60 Kakus,Luar Bandar
5498,112.906135,3.099796,35.97539452317102,30.500039729719482,Bintulu,P.217 Bintulu,N.67 Jepak,Luar Bandar
5499,112.906301,1.948882,14.837338130101958,12.973711118591568,Kapit,P.215 Kapit,N.63 Bukit Goram,Luar Bandar
5500,112.907073,2.020658,7.913247002721045,6.919312596582169,Kapit,P.215 Kapit,N.63 Bukit Goram,Luar Bandar
5501,112.90731,2.070408,1.9783117506802612,1.7298281491455423,Kapit,P.215 Kapit,N.63 Bukit Goram,Luar Bandar
5502,112.907428,2.02337,4.945779376700653,4.324570372863856,Kapit,P.215 Kapit,N.63 Bukit Goram,Luar Bandar
5503,112.909262,2.762913,16.268476499170877,11.47831397441501,Tatau,P.214 Selangau,N.60 Kakus,Luar Bandar
5504,112.909375,2.028126,4.945779376700653,4.324570372863856,Kapit,P.215 Kapit,N.63 Bukit Goram,Luar Bandar
5505,112.9095,2.95294,11.856874239114537,8.365683490930813,Tatau,P.214 Selangau,N.60 Kakus,Luar Bandar
5506,112.910078,2.617011,24.377018657588927,17.199340941743298,Tatau,P.214 Selangau,N.60 Kakus,Luar Bandar
5507,112.911526,2.075061,1.9783117506802612,1.7298281491455423,Kapit,P.215 Kapit,N.63 Bukit Goram,Luar Bandar
5508,112.912379,2.735543,5.422825499723626,3.826104658138336,Tatau,P.214 Selangau,N.60 Kakus,Luar Bandar
5509,112.914369,2.761102,10.845650999447253,7.652209316276674,Tatau,P.214 Selangau,N.60 Kakus,Luar Bandar
5510,112.916139,2.086094,7.365456746176125,6.440326913323086,Kapit,P.215 Kapit,N.63 Bukit Goram,Luar Bandar
5511,112.917831,2.010514,46.625092822656235,40.76880097053517,Kapit,P.215 Kapit,N.63 Bukit Goram,Luar Bandar
5512,112.917831,2.527598,7.228989758399852,5.10045388509323,Tatau,P.214 Selangau,N.60 Kakus,Luar Bandar
5513,112.920613,1.968225,24.72889688350326,21.622851864319276,Kapit,P.215 Kapit,N.63 Bukit Goram,Luar Bandar
5514,112.921107,2.016069,54.522497316938214,47.6742609389653,Kapit,P.215 Kapit,N.63 Bukit Goram,Luar Bandar
5515,112.924336,3.102849,36.856093362642284,31.246698660075076,Bintulu,P.217 Bintulu,N.67 Jepak,Luar Bandar
5516,112.925184,2.017291,214.60322137517392,187.64822738602163,Kapit,P.215 Kapit,N.63 Bukit Goram,Luar Bandar
5517,112.926085,2.951923,5.422825499723626,3.826104658138336,Tatau,P.214 Selangau,N.60 Kakus,Luar Bandar
5518,112.926162,1.977154,38.595503244623195,33.747758875733325,Kapit,P.215 Kapit,N.63 Bukit Goram,Luar Bandar
5519,112.926162,1.993834,34.009346373198376,29.73764103163723,Kapit,P.215 Kapit,N.63 Bukit Goram,Luar Bandar
5520,112.926162,2.002174,111.78276673399046,97.74241922150857,Kapit,P.215 Kapit,N.63 Bukit Goram,Luar Bandar
5521,112.926162,2.010514,469.1830558849621,410.25185079796205,Kapit,P.215 Kapit,N.63 Bukit Goram,Luar Bandar
5522,112.926162,3.036341,7.576436464147754,6.423323947632233,Bintulu,P.217 Bintulu,N.67 Jepak,Luar Bandar
5523,112.926162,3.086381,5.706437176659551,4.837933340554883,Bintulu,P.217 Bintulu,N.67 Jepak,Luar Bandar
5524,112.931857,2.860717,33.245021150000476,23.456209366944783,Tatau,P.214 Selangau,N.60 Kakus,Luar Bandar
5525,112.932619,3.10781,2.9079089259916935,2.465333290953301,Bintulu,P.217 Bintulu,N.67 Jepak,Luar Bandar
5526,112.933059,3.044376,9.592648118181328,8.132673806518149,Bintulu,P.217 Bintulu,N.67 Jepak,Luar Bandar
5527,112.933323,2.017355,93.35914279708837,81.63287365349274,Kapit,P.215 Kapit,N.63 Bukit Goram,Luar Bandar
5528,112.934196,2.318555,4.3382603997789015,3.0608837265106694,Tatau,P.214 Selangau,N.60 Kakus,Luar Bandar
5529,112.934335,2.766422,5.422825499723626,3.826104658138336,Tatau,P.214 Selangau,N.60 Kakus,Luar Bandar
5530,112.934493,1.993834,109.52848969323999,95.77128808925815,Kapit,P.215 Kapit,N.63 Bukit Goram,Luar Bandar
5531,112.934493,2.002174,88.41740124369488,77.31183393772356,Kapit,P.215 Kapit,N.63 Bukit Goram,Luar Bandar
5532,112.934493,2.010514,338.36428196705367,295.8644204639455,Kapit,P.215 Kapit,N.63 Bukit Goram,Luar Bandar
5533,112.934493,2.527598,12.541615694751455,8.848806629074641,Tatau,P.214 Selangau,N.60 Kakus,Luar Bandar
5534,112.936621,2.321535,4.3382603997789015,3.0608837265106694,Tatau,P.214 Selangau,N.60 Kakus,Luar Bandar
5535,112.938702,3.047826,12.122298342636405,10.277318316211574,Bintulu,P.217 Bintulu,N.67 Jepak,Luar Bandar
5536,112.939727,2.627767,10.845650999447253,7.652209316276674,Tatau,P.214 Selangau,N.60 Kakus,Luar Bandar
5537,112.941084,2.016841,185.60677260100778,162.29384464146088,Kapit,P.215 Kapit,N.63 Bukit Goram,Luar Bandar
5538,112.942825,2.002174,37.136446841875255,32.47196559603585,Kapit,P.215 Kapit,N.61 Pelagus,Luar Bandar
5539,112.942825,2.010514,111.9222244577247,97.86436051617474,Kapit,P.215 Kapit,N.63 Bukit Goram,Luar Bandar
5540,112.943026,2.666885,8.083769021305054,5.7035481428096775,Tatau,P.214 Selangau,N.60 Kakus,Luar Bandar
5541,112.944024,2.323143,8.676520799557801,6.121767453021339,Tatau,P.214 Selangau,N.60 Kakus,Luar Bandar
5542,112.945145,2.657931,10.845650999447253,7.652209316276674,Tatau,P.214 Selangau,N.60 Kakus,Luar Bandar
5543,112.945638,3.113943,13.82777904597353,11.723229609180134,Bintulu,P.217 Bintulu,N.67 Jepak,Luar Bandar
5544,112.946969,3.114628,8.478889060445328,7.188425773646575,Bintulu,P.217 Bintulu,N.67 Jepak,Luar Bandar
5545,112.947317,2.025418,5.215067232541757,4.560034633285304,Kapit,P.215 Kapit,N.63 Bukit Goram,Luar Bandar
5546,112.949479,2.848919,37.95977849806538,26.782732606968356,Tatau,P.214 Selangau,N.60 Kakus,Luar Bandar
5547,112.949753,2.653762,7.873470809412405,5.55517107108542,Tatau,P.214 Selangau,N.60 Kakus,Luar Bandar
5548,112.951156,2.002174,155.19971680890166,135.70603257203481,Kapit,P.215 Kapit,N.61 Pelagus,Luar Bandar
5549,112.951156,2.010514,161.30673799652487,141.04598829647827,Kapit,P.215 Kapit,N.63 Bukit Goram,Luar Bandar
5550,112.951156,3.119741,16.480797947635526,13.97246642720225,Bintulu,P.217 Bintulu,N.67 Jepak,Luar Bandar
5551,112.958282,2.694149,4.3382603997789015,3.0608837265106694,Tatau,P.214 Selangau,N.60 Kakus,Luar Bandar
5552,112.959487,2.002174,73.2497410309301,64.04929046665869,Kapit,P.215 Kapit,N.61 Pelagus,Luar Bandar
5553,112.960653,3.063285,6.0611491713182035,5.138659158105788,Bintulu,P.217 Bintulu,N.67 Jepak,Luar Bandar
5554,112.961383,1.861517,4.8356810603569595,4.22830083055367,Kapit,P.215 Kapit,N.61 Pelagus,Luar Bandar
5555,112.963507,1.876637,8.059468433928268,7.047168050922785,Kapit,P.215 Kapit,N.61 Pelagus,Luar Bandar
5556,112.964795,3.066499,7.576436464147754,6.423323947632233,Bintulu,P.217 Bintulu,N.67 Jepak,Luar Bandar
5557,112.967359,2.724532,27.114127498618128,19.13052329069168,Tatau,P.214 Selangau,N.60 Kakus,Luar Bandar
5558,112.967818,2.002174,119.2658134033824,104.28556630923777,Kapit,P.215 Kapit,N.61 Pelagus,Luar Bandar
5559,112.967818,2.619338,7.754308586599637,5.471095502767522,Tatau,P.214 Selangau,N.60 Kakus,Luar Bandar
5560,112.969961,1.904929,4.029734216964134,3.5235840254613926,Kapit,P.215 Kapit,N.61 Pelagus,Luar Bandar
5561,112.970395,2.524365,3.2536952998341757,2.295662794883002,Tatau,P.214 Selangau,N.60 Kakus,Luar Bandar
5562,112.970867,2.764456,7.680808777852995,5.419237304374058,Tatau,P.214 Selangau,N.60 Kakus,Luar Bandar
5563,112.972101,2.255959,20.47036126955161,17.899204781588608,Kapit,P.215 Kapit,N.61 Pelagus,Luar Bandar
5564,112.972165,3.075799,22.729309392443266,19.2699718428967,Bintulu,P.217 Bintulu,N.67 Jepak,Luar Bandar
5565,112.97267,2.020915,4.945779376700653,4.324570372863856,Kapit,P.215 Kapit,N.63 Bukit Goram,Luar Bandar
5566,112.973067,2.726991,10.845650999447253,7.652209316276674,Tatau,P.214 Selangau,N.60 Kakus,Luar Bandar
5567,112.973893,3.132246,3.788218232073877,3.2116619738161165,Bintulu,P.217 Bintulu,N.67 Jepak,Luar Bandar
5568,112.975727,2.737868,6.247077352583307,4.407660132100445,Tatau,P.214 Selangau,N.60 Kakus,Luar Bandar
5569,112.976149,2.002174,151.7391980242631,132.6801683207325,Kapit,P.215 Kapit,N.61 Pelagus,Luar Bandar
5570,112.976149,2.619338,29.582983196448403,20.872438144160817,Tatau,P.214 Selangau,N.60 Kakus,Luar Bandar
5571,112.976149,2.761119,28.153718319361342,19.864012369771615,Tatau,P.214 Selangau,N.60 Kakus,Luar Bandar
5572,112.978485,2.606197,1.0845650999447254,0.7652209316276674,Tatau,P.214 Selangau,N.60 Kakus,Luar Bandar
5573,112.980072,2.846385,6.924323635856439,4.885495009743154,Tatau,P.214 Selangau,N.60 Kakus,Luar Bandar
5574,112.980818,2.729365,5.422825499723626,3.826104658138336,Tatau,P.214 Selangau,N.60 Kakus,Luar Bandar
5575,112.983474,3.133542,15.152872928295508,12.846647895264466,Bintulu,P.217 Bintulu,N.67 Jepak,Luar Bandar
5576,112.98448,2.002174,114.95736004027206,100.51827133956158,Kapit,P.215 Kapit,N.61 Pelagus,Luar Bandar
5577,112.985437,2.763792,14.855317966946197,10.481252121123152,Tatau,P.214 Selangau,N.60 Kakus,Luar Bandar
5578,112.986016,2.604418,1.0845650999447254,0.7652209316276674,Tatau,P.214 Selangau,N.60 Kakus,Luar Bandar
5579,112.986639,1.923405,4.8356810603569595,4.22830083055367,Kapit,P.215 Kapit,N.61 Pelagus,Luar Bandar
5580,112.986757,2.846246,10.845650999447253,7.652209316276674,Tatau,P.214 Selangau,N.60 Kakus,Luar Bandar
5581,112.987009,3.090379,2.8675007218716257,2.4310751028943796,Bintulu,P.217 Bintulu,N.67 Jepak,Luar Bandar
5582,112.988237,3.136381,15.152872928295508,12.846647895264466,Bintulu,P.217 Bintulu,N.67 Jepak,Luar Bandar
5583,112.988484,2.006526,13.62681066348608,11.915230580149665,Kapit,P.215 Kapit,N.63 Bukit Goram,Luar Bandar
5584,112.990522,3.078209,12.122298342636405,10.277318316211574,Bintulu,P.217 Bintulu,N.67 Jepak,Luar Bandar
5585,112.99226,3.137227,12.122298342636405,10.277318316211574,Bintulu,P.217 Bintulu,N.67 Jepak,Luar Bandar
5586,112.992811,2.002174,5.751124818700711,5.028761314902554,Kapit,P.215 Kapit,N.61 Pelagus,Luar Bandar
5587,112.992811,2.010514,37.6380783819094,32.91059027596909,Kapit,P.215 Kapit,N.63 Bukit Goram,Luar Bandar
5588,112.992811,2.519258,30.438949098297925,21.476369641576873,Tatau,P.214 Selangau,N.60 Kakus,Luar Bandar
5589,112.992811,2.527598,30.663727102404742,21.634963011141124,Tatau,P.214 Selangau,N.60 Kakus,Luar Bandar
5590,112.992811,2.93626,56.027457107417945,39.53048362578933,Tatau,P.217 Bintulu,N.67 Jepak,Luar Bandar
5591,112.992811,2.9446,56.339853926949125,39.75089693734744,Tatau,P.217 Bintulu,N.67 Jepak,Luar Bandar
5592,112.993827,2.589531,4.3382603997789015,3.0608837265106694,Tatau,P.214 Selangau,N.60 Kakus,Luar Bandar
5593,112.99402,2.571696,5.422825499723626,3.826104658138336,Tatau,P.214 Selangau,N.60 Kakus,Luar Bandar
5594,112.998484,2.596058,8.676520799557801,6.121767453021339,Tatau,P.214 Selangau,N.60 Kakus,Luar Bandar
5595,112.998784,2.583658,4.3382603997789015,3.0608837265106694,Tatau,P.214 Selangau,N.60 Kakus,Luar Bandar
5596,112.999105,2.016047,21.82666777701296,19.085153949948534,Kapit,P.215 Kapit,N.63 Bukit Goram,Luar Bandar
5597,113.0,2.653183,5.422825499723626,3.826104658138336,Tatau,P.214 Selangau,N.60 Kakus,Luar Bandar
5598,113.001142,1.935454,46.28105205113167,40.46797304954025,Kapit,P.215 Kapit,N.61 Pelagus,Luar Bandar
5599,113.001142,2.002174,5.587759262981596,4.885915104346227,Kapit,P.215 Kapit,N.61 Pelagus,Luar Bandar
5600,113.001142,2.560958,7.318216143947174,5.163408057118284,Tatau,P.214 Selangau,N.60 Kakus,Luar Bandar
5601,113.001142,3.144762,2.451191228966623,2.0781267546758833,Bintulu,P.217 Bintulu,N.67 Jepak,Luar Bandar
5602,113.003933,2.243641,12.0892026508924,10.570752076384176,Kapit,P.215 Kapit,N.61 Pelagus,Luar Bandar
5603,113.004888,3.154743,24.62617401296359,20.87813895418457,Bintulu,P.217 Bintulu,N.67 Jepak,Bandar
5604,113.006423,2.006547,113.65066867112247,99.37570545639211,Kapit,P.215 Kapit,N.61 Pelagus,Luar Bandar
5605,113.006594,3.054639,6.0611491713182035,5.138659158105788,Bintulu,P.217 Bintulu,N.67 Jepak,Luar Bandar
5606,113.007206,2.80072,12.349506461685229,8.713262892411244,Tatau,P.214 Selangau,N.60 Kakus,Luar Bandar
5607,113.009473,2.002174,10.401827609515372,9.095317861460302,Kapit,P.215 Kapit,N.61 Pelagus,Luar Bandar
5608,113.009473,2.010514,32.96682756643665,28.826066616062963,Kapit,P.215 Kapit,N.61 Pelagus,Luar Bandar
5609,113.009473,2.118935,33.04975159028323,28.898575062035093,Kapit,P.215 Kapit,N.61 Pelagus,Luar Bandar
5610,113.009473,3.094721,9.109880077818143,7.723381716563936,Bintulu,P.217 Bintulu,N.67 Jepak,Luar Bandar
5611,113.009473,3.144762,6.338079350864279,5.3734413360489235,Bintulu,P.217 Bintulu,N.67 Jepak,Bandar
5612,113.009473,3.153102,2.567761177274851,2.1769550816981864,Bintulu,P.217 Bintulu,N.67 Jepak,Bandar
5613,113.012329,2.830906,17.712907294722157,12.497440146831744,Tatau,P.214 Selangau,N.60 Kakus,Luar Bandar
5614,113.012393,2.823207,4.3382603997789015,3.0608837265106694,Tatau,P.214 Selangau,N.60 Kakus,Luar Bandar
5615,113.01375,2.474384,3.2536952998341757,2.295662794883002,Tatau,P.214 Selangau,N.60 Kakus,Luar Bandar
5616,113.014405,2.528159,10.845650999447253,7.652209316276674,Tatau,P.214 Selangau,N.60 Kakus,Luar Bandar
5617,113.015644,2.819494,4.3382603997789015,3.0608837265106694,Tatau,P.214 Selangau,N.60 Kakus,Luar Bandar
5618,113.016175,3.054918,15.3982872823434,13.05471086852479,Bintulu,P.217 Bintulu,N.67 Jepak,Luar Bandar
5619,113.016872,3.099464,67.16741646140764,56.944722852061574,Bintulu,P.217 Bintulu,N.67 Jepak,Luar Bandar
5620,113.017804,2.018854,16.728933274933535,14.627714602719664,Kapit,P.215 Kapit,N.61 Pelagus,Luar Bandar
5621,113.017804,3.103061,116.35141013515414,98.64304975016819,Bintulu,P.217 Bintulu,N.67 Jepak,Luar Bandar
5622,113.018525,2.784495,5.422825499723626,3.826104658138336,Tatau,P.214 Selangau,N.60 Kakus,Luar Bandar
5623,113.018932,2.531578,5.422825499723626,3.826104658138336,Tatau,P.214 Selangau,N.60 Kakus,Luar Bandar
5624,113.019587,3.048677,12.122298342636405,10.277318316211574,Bintulu,P.217 Bintulu,N.67 Jepak,Luar Bandar
5625,113.02059,3.045265,6.0611491713182035,5.138659158105788,Bintulu,P.217 Bintulu,N.67 Jepak,Luar Bandar
5626,113.0214,3.038596,11.878330812170882,10.070481964016258,Bintulu,P.217 Bintulu,N.67 Jepak,Luar Bandar
5627,113.022891,2.778092,5.422825499723626,3.826104658138336,Tatau,P.214 Selangau,N.60 Kakus,Luar Bandar
5628,113.022977,3.100246,11.500780390766543,9.7503936646263,Bintulu,P.217 Bintulu,N.67 Jepak,Luar Bandar
5629,113.024426,3.024545,45.45861878488653,38.5399436857934,Bintulu,P.217 Bintulu,N.67 Jepak,Luar Bandar
5630,113.02538,2.23009,8.059468433928268,7.047168050922785,Kapit,P.215 Kapit,N.61 Pelagus,Luar Bandar
5631,113.025976,3.018486,5.148575292343114,4.364976480432373,Bintulu,P.217 Bintulu,N.67 Jepak,Luar Bandar
5632,113.026135,2.010514,51.841267903432005,45.32980430203476,Kapit,P.215 Kapit,N.61 Pelagus,Luar Bandar
5633,113.026135,2.544278,7.3349473176092825,5.17521282964655,Tatau,P.214 Selangau,N.60 Kakus,Luar Bandar
5634,113.026135,3.161442,72.16237255078678,61.179460544128986,Bintulu,P.217 Bintulu,N.67 Jepak,Bandar
5635,113.026292,3.013145,12.122298342636405,10.277318316211574,Bintulu,P.217 Bintulu,N.67 Jepak,Luar Bandar
5636,113.026732,3.148818,60.711394922608626,51.47128980041096,Bintulu,P.217 Bintulu,N.67 Jepak,Bandar
5637,113.028438,2.019703,40.988918788976655,35.840552177800845,Kapit,P.215 Kapit,N.61 Pelagus,Luar Bandar
5638,113.029758,2.807588,8.676520799557801,6.121767453021339,Tatau,P.214 Selangau,N.60 Kakus,Luar Bandar
5639,113.029865,2.34722,6.808552486037149,5.953371980544561,Kapit,P.214 Selangau,N.60 Kakus,Luar Bandar
5640,113.03156,3.156414,39.91665736278273,33.841453348297044,Bintulu,P.217 Bintulu,N.67 Jepak,Bandar
5641,113.032708,2.898381,8.676520799557801,6.121767453021339,Tatau,P.214 Selangau,N.60 Kakus,Luar Bandar
5642,113.033116,3.007531,5.6498090146008435,4.78992382695527,Bintulu,P.217 Bintulu,N.67 Jepak,Luar Bandar
5643,113.034466,2.544278,29.003225918027624,20.46338717549727,Tatau,P.214 Selangau,N.60 Kakus,Luar Bandar
5644,113.034466,3.119741,9.436242532209501,8.000072714874294,Bintulu,P.217 Bintulu,N.67 Jepak,Luar Bandar
5645,113.034466,3.161442,165.81995212410186,140.58261750285592,Bintulu,P.217 Bintulu,N.67 Jepak,Bandar
5646,113.034466,3.169782,83.958972420573,71.18065078743113,Bintulu,P.217 Bintulu,N.68 Tanjong Batu,Bandar
5647,113.034466,3.178122,176.27705479970737,149.44817829214207,Bintulu,P.217 Bintulu,N.68 Tanjong Batu,Bandar
5648,113.034466,3.186462,245.56023961539807,208.18665545099668,Bintulu,P.217 Bintulu,N.68 Tanjong Batu,Bandar
5649,113.034466,3.194802,38.421211027953696,32.57360977825442,Bintulu,P.217 Bintulu,N.68 Tanjong Batu,Bandar
5650,113.035369,2.550517,10.845650999447253,7.652209316276674,Tatau,P.214 Selangau,N.60 Kakus,Luar Bandar
5651,113.037246,1.928144,5.738626519849953,5.0178328506900565,Kapit,P.215 Kapit,N.61 Pelagus,Luar Bandar
5652,113.037558,2.899624,5.422825499723626,3.826104658138336,Tatau,P.214 Selangau,N.60 Kakus,Luar Bandar
5653,113.038609,2.531685,5.422825499723626,3.826104658138336,Tatau,P.214 Selangau,N.60 Kakus,Luar Bandar
5654,113.040808,2.037513,12.0892026508924,10.570752076384176,Kapit,P.215 Kapit,N.61 Pelagus,Luar Bandar
5655,113.042797,3.128082,9.576448960591357,8.118940115571021,Bintulu,P.217 Bintulu,N.67 Jepak,Luar Bandar
5656,113.042797,3.153102,67.95583592610299,57.61314707132634,Bintulu,P.217 Bintulu,N.67 Jepak,Bandar
5657,113.042797,3.161442,240.53465331629712,203.9259493817696,Bintulu,P.217 Bintulu,N.67 Jepak,Bandar
5658,113.042797,3.169782,229.63700667096202,194.68689418727863,Bintulu,P.217 Bintulu,N.68 Tanjong Batu,Bandar
5659,113.042797,3.178122,371.37329202848383,314.8513118912441,Bintulu,P.217 Bintulu,N.68 Tanjong Batu,Bandar
5660,113.042797,3.186462,395.53848197579794,335.3386272699423,Bintulu,P.217 Bintulu,N.68 Tanjong Batu,Bandar
5661,113.042797,3.194802,312.1458481912093,264.63811995632005,Bintulu,P.217 Bintulu,N.68 Tanjong Batu,Bandar
5662,113.042797,3.203142,15.840192089863248,13.42935899580046,Bintulu,P.217 Bintulu,N.70 Samalaju,Bandar
5663,113.04539,2.898724,1.0845650999447254,0.7652209316276674,Tatau,P.214 Selangau,N.60 Kakus,Luar Bandar
5664,113.045636,2.008456,18.405390001293224,16.09360188518876,Kapit,P.215 Kapit,N.61 Pelagus,Luar Bandar
5665,113.046098,2.258961,1.0454164683435334,0.9141081196627034,Kapit,P.216 Hulu Rajang,N.65 Belaga,Luar Bandar
5666,113.046661,2.770184,10.845650999447253,7.652209316276674,Tatau,P.214 Selangau,N.60 Kakus,Luar Bandar
5667,113.047192,3.162477,184.0710752476001,156.05597054753665,Bintulu,P.217 Bintulu,N.67 Jepak,Bandar
5668,113.051012,2.013409,5.443449874685901,4.759731532937913,Kapit,P.215 Kapit,N.61 Pelagus,Luar Bandar
5669,113.051128,3.128082,87.4354349456577,74.12800540408924,Bintulu,P.217 Bintulu,N.67 Jepak,Luar Bandar
5670,113.051128,3.144762,28.278908075103363,23.97493707117552,Bintulu,P.217 Bintulu,N.70 Samalaju,Bandar
5671,113.051128,3.153102,104.92114954514928,88.95244296914585,Bintulu,P.217 Bintulu,N.67 Jepak,Bandar
5672,113.051128,3.169782,326.20781007987216,276.5598904321318,Bintulu,P.217 Bintulu,N.67 Jepak,Bandar
5673,113.051128,3.178122,373.03571038039826,316.2607148026742,Bintulu,P.217 Bintulu,N.68 Tanjong Batu,Bandar
5674,113.051128,3.186462,339.154814910576,287.5363972071443,Bintulu,P.217 Bintulu,N.68 Tanjong Batu,Bandar
5675,113.051128,3.194802,366.3633057006729,310.60383152114935,Bintulu,P.217 Bintulu,N.68 Tanjong Batu,Bandar
5676,113.051128,3.203142,103.89019498973605,88.07839682409563,Bintulu,P.217 Bintulu,N.70 Samalaju,Bandar
5677,113.051128,3.211482,6.577731441094215,5.57661904598663,Bintulu,P.217 Bintulu,N.70 Samalaju,Bandar
5678,113.051128,3.219822,2.8915076582373036,2.45142825044556,Bintulu,P.217 Bintulu,N.70 Samalaju,Bandar
5679,113.054638,3.122111,4.526536372579679,3.8376101508151415,Bintulu,P.217 Bintulu,N.67 Jepak,Luar Bandar
5680,113.054697,2.87627,8.676520799557801,6.121767453021339,Tatau,P.214 Selangau,N.60 Kakus,Luar Bandar
5681,113.056467,2.169984,4.472389131056853,3.9106397716004366,Kapit,P.215 Kapit,N.61 Pelagus,Luar Bandar
5682,113.059459,2.277396,5.846457968163424,5.112120252355458,Kapit,P.216 Hulu Rajang,N.65 Belaga,Luar Bandar
5683,113.059459,3.061361,9.655098238281608,8.18561919236951,Bintulu,P.217 Bintulu,N.67 Jepak,Luar Bandar
5684,113.059459,3.069701,3.1681584472270523,2.6859735602964614,Bintulu,P.217 Bintulu,N.67 Jepak,Luar Bandar
5685,113.059459,3.128082,36.56651932438266,31.001196983479836,Bintulu,P.217 Bintulu,N.67 Jepak,Luar Bandar
5686,113.059459,3.136422,36.43363302313466,30.888535606966258,Bintulu,P.217 Bintulu,N.67 Jepak,Luar Bandar
5687,113.059459,3.144762,2.1221913059770383,1.7991997031380893,Bintulu,P.217 Bintulu,N.70 Samalaju,Luar Bandar
5688,113.059459,3.153102,27.851384490472796,23.612481384741677,Bintulu,P.217 Bintulu,N.70 Samalaju,Bandar
5689,113.059459,3.161442,232.76280782732573,197.3369571183437,Bintulu,P.217 Bintulu,N.67 Jepak,Luar Bandar
5690,113.059459,3.169782,180.23456405186008,152.80336566454594,Bintulu,P.217 Bintulu,N.67 Jepak,Luar Bandar
5691,113.059459,3.178122,221.42073045718112,187.72111231685986,Bintulu,P.217 Bintulu,N.67 Jepak,Bandar
5692,113.059459,3.186462,186.14027099325102,157.81024046694705,Bintulu,P.217 Bintulu,N.68 Tanjong Batu,Bandar
5693,113.059459,3.194802,345.4596891167985,292.8816871290328,Bintulu,P.217 Bintulu,N.68 Tanjong Batu,Bandar
5694,113.059459,3.203142,411.4259167665857,348.8080387592383,Bintulu,P.217 Bintulu,N.68 Tanjong Batu,Luar Bandar
5695,113.059459,3.211482,19.093478126125405,16.18750396330675,Bintulu,P.217 Bintulu,N.70 Samalaju,Luar Bandar
5696,113.059459,3.219822,36.695751204218794,31.110760131336626,Bintulu,P.217 Bintulu,N.70 Samalaju,Luar Bandar
5697,113.059459,3.228162,12.34733784483707,10.468107433297023,Bintulu,P.217 Bintulu,N.70 Samalaju,Bandar
5698,113.059459,3.269862,47.1056084603338,39.936266122319445,Bintulu,P.217 Bintulu,N.70 Samalaju,Bandar
5699,113.059863,2.051795,8.059468433928268,7.047168050922785,Kapit,P.215 Kapit,N.61 Pelagus,Luar Bandar
5700,113.062588,2.055687,8.059468433928268,7.047168050922785,Kapit,P.215 Kapit,N.61 Pelagus,Luar Bandar
5701,113.062899,2.883144,2.1691301998894508,1.5304418632553347,Tatau,P.214 Selangau,N.60 Kakus,Luar Bandar
5702,113.063436,3.089415,5.374714587426583,4.556698004988668,Bintulu,P.217 Bintulu,N.67 Jepak,Luar Bandar
5703,113.066483,2.544108,4.3382603997789015,3.0608837265106694,Tatau,P.214 Selangau,N.60 Kakus,Luar Bandar
5704,113.067791,2.277396,7.3312126099863,6.410383972983191,Kapit,P.216 Hulu Rajang,N.65 Belaga,Luar Bandar
5705,113.067791,2.285736,11.675611680234594,10.2091097300602,Kapit,P.216 Hulu Rajang,N.65 Belaga,Luar Bandar
5706,113.067791,3.028001,8.636677340010714,7.322199116772213,Bintulu,P.217 Bintulu,N.67 Jepak,Luar Bandar
5707,113.067791,3.128082,64.80653017120622,54.94315687612447,Bintulu,P.217 Bintulu,N.67 Jepak,Luar Bandar
5708,113.067791,3.144762,32.14327073571729,27.2511545037003,Bintulu,P.217 Bintulu,N.67 Jepak,Luar Bandar
5709,113.067791,3.153102,56.33880282266078,47.76419403293106,Bintulu,P.217 Bintulu,N.70 Samalaju,Bandar
5710,113.067791,3.161442,70.50724782974092,59.776241193274466,Bintulu,P.217 Bintulu,N.70 Samalaju,Bandar
5711,113.067791,3.169782,3.434114403706995,2.911451761342158,Bintulu,P.217 Bintulu,N.70 Samalaju,Luar Bandar
5712,113.067791,3.178122,133.2445346981892,112.96508783094069,Bintulu,P.217 Bintulu,N.70 Samalaju,Luar Bandar
5713,113.067791,3.186462,281.4775410811901,238.63744372478175,Bintulu,P.217 Bintulu,N.68 Tanjong Batu,Luar Bandar
5714,113.067791,3.194802,412.02727308432657,349.3178703212244,Bintulu,P.217 Bintulu,N.68 Tanjong Batu,Bandar
5715,113.067791,3.203142,296.8748489730355,251.69132426331305,Bintulu,P.217 Bintulu,N.68 Tanjong Batu,Bandar
5716,113.067791,3.219822,24.251872845414976,20.56080538126822,Bintulu,P.217 Bintulu,N.70 Samalaju,Bandar
5717,113.067791,3.228162,90.52648468139883,76.74860598390833,Bintulu,P.217 Bintulu,N.70 Samalaju,Bandar
5718,113.067791,3.236502,35.78670389675462,30.340067290817693,Bintulu,P.217 Bintulu,N.70 Samalaju,Luar Bandar
5719,113.067791,3.253182,18.913145658080097,16.034617594363727,Bintulu,P.217 Bintulu,N.70 Samalaju,Luar Bandar
5720,113.067791,3.269862,128.07867018433558,108.5854535003317,Bintulu,P.217 Bintulu,N.70 Samalaju,Bandar
5721,113.067791,3.278202,140.66413973846758,119.25544966037282,Bintulu,P.217 Bintulu,N.70 Samalaju,Bandar
5722,113.068478,2.832878,10.845650999447253,7.652209316276674,Tatau,P.214 Selangau,N.60 Kakus,Luar Bandar
5723,113.070195,3.094429,5.317517644099063,4.508206277044329,Bintulu,P.217 Bintulu,N.67 Jepak,Luar Bandar
5724,113.070302,2.009142,8.512431885268512,7.443237542191309,Kapit,P.215 Kapit,N.61 Pelagus,Luar Bandar
5725,113.071665,2.078583,16.118936867856537,14.09433610184557,Kapit,P.215 Kapit,N.61 Pelagus,Luar Bandar
5726,113.071826,2.164961,8.059468433928268,7.047168050922785,Kapit,P.215 Kapit,N.61 Pelagus,Luar Bandar
5727,113.072201,2.072188,8.059468433928268,7.047168050922785,Kapit,P.215 Kapit,N.61 Pelagus,Luar Bandar
5728,113.07233,2.092392,6.447574747142613,5.637734440738228,Kapit,P.215 Kapit,N.61 Pelagus,Luar Bandar
5729,113.075838,2.10691,2.4178405301784798,2.114150415276835,Kapit,P.215 Kapit,N.61 Pelagus,Luar Bandar
5730,113.076122,3.144762,38.2444100509679,32.4237174172729,Bintulu,P.217 Bintulu,N.67 Jepak,Luar Bandar
5731,113.076122,3.153102,104.9285356438634,88.95870492421861,Bintulu,P.217 Bintulu,N.70 Samalaju,Luar Bandar
5732,113.076122,3.161442,24.738147353363967,20.973070264213185,Bintulu,P.217 Bintulu,N.70 Samalaju,Luar Bandar
5733,113.076122,3.178122,64.20527639894695,54.43341225248345,Bintulu,P.217 Bintulu,N.70 Samalaju,Bandar
5734,113.076122,3.186462,171.1692901883286,145.1178012207588,Bintulu,P.217 Bintulu,N.68 Tanjong Batu,Bandar
5735,113.076122,3.194802,385.5519566412738,326.8720232617873,Bintulu,P.217 Bintulu,N.68 Tanjong Batu,Bandar
5736,113.076122,3.203142,286.77222824304243,243.1262942553554,Bintulu,P.217 Bintulu,N.68 Tanjong Batu,Bandar
5737,113.076122,3.211482,12.857257137338117,10.900418430476368,Bintulu,P.217 Bintulu,N.68 Tanjong Batu,Luar Bandar
5738,113.076122,3.219822,1.1812249886026651,1.001445837068283,Bintulu,P.217 Bintulu,N.70 Samalaju,Bandar
5739,113.076122,3.228162,75.87970935718793,64.33102904773384,Bintulu,P.217 Bintulu,N.70 Samalaju,Bandar
5740,113.076122,3.236502,97.76397303703911,82.884568780598,Bintulu,P.217 Bintulu,N.70 Samalaju,Bandar
5741,113.076122,3.244842,22.026664299908845,18.674267375378236,Bintulu,P.217 Bintulu,N.70 Samalaju,Luar Bandar
5742,113.076122,3.253182,55.23924392851704,46.831984938324744,Bintulu,P.217 Bintulu,N.70 Samalaju,Bandar
5743,113.076122,3.269862,123.96395510373895,105.0969865884861,Bintulu,P.217 Bintulu,N.70 Samalaju,Bandar
5744,113.076122,3.278202,145.92963917110302,123.71955475277868,Bintulu,P.217 Bintulu,N.70 Samalaju,Bandar
5745,113.076122,3.286543,75.5934133180469,64.08830646792616,Bintulu,P.217 Bintulu,N.70 Samalaju,Bandar
5746,113.07719,3.108495,4.736956430349271,4.016004862171783,Bintulu,P.217 Bintulu,N.67 Jepak,Luar Bandar
5747,113.077345,2.142548,4.029734216964134,3.5235840254613926,Kapit,P.215 Kapit,N.61 Pelagus,Luar Bandar
5748,113.078392,3.261541,63.19606147689008,53.57779702917477,Bintulu,P.217 Bintulu,N.70 Samalaju,Bandar
5749,113.079336,3.109234,14.836675274117429,12.578574642901273,Bintulu,P.217 Bintulu,N.67 Jepak,Luar Bandar
5750,113.079604,2.757758,5.422825499723626,3.826104658138336,Tatau,P.214 Selangau,N.60 Kakus,Luar Bandar
5751,113.081583,2.132111,8.059468433928268,7.047168050922785,Kapit,P.215 Kapit,N.61 Pelagus,Luar Bandar
5752,113.084239,2.199654,6.447574747142613,5.637734440738228,Kapit,P.215 Kapit,N.61 Pelagus,Luar Bandar
5753,113.084453,2.011319,16.655382146913148,14.563401780634203,Kapit,P.215 Kapit,N.61 Pelagus,Luar Bandar
5754,113.084453,3.144762,49.662612932586256,42.104101639523826,Bintulu,P.217 Bintulu,N.70 Samalaju,Luar Bandar
5755,113.084453,3.153102,100.84535904482748,85.49697642492877,Bintulu,P.217 Bintulu,N.70 Samalaju,Luar Bandar
5756,113.084453,3.161442,70.87804591905127,60.090604846698355,Bintulu,P.217 Bintulu,N.70 Samalaju,Luar Bandar
5757,113.084453,3.169782,2.354488290500197,1.996141733961046,Bintulu,P.217 Bintulu,N.70 Samalaju,Bandar
5758,113.084453,3.178122,94.95630913293269,80.50422349855282,Bintulu,P.217 Bintulu,N.70 Samalaju,Luar Bandar
5759,113.084453,3.186462,208.74431366211334,176.97401083250986,Bintulu,P.217 Bintulu,N.68 Tanjong Batu,Bandar
5760,113.084453,3.194802,267.50113562533113,226.78820823112213,Bintulu,P.217 Bintulu,N.68 Tanjong Batu,Bandar
5761,113.084453,3.203142,304.4118556480392,258.0812195258296,Bintulu,P.217 Bintulu,N.68 Tanjong Batu,Bandar
5762,113.084453,3.211482,59.408043875283454,50.36630515042788,Bintulu,P.217 Bintulu,N.68 Tanjong Batu,Bandar
5763,113.084453,3.219822,2.362264468096517,2.002734398997154,Bintulu,P.217 Bintulu,N.70 Samalaju,Bandar
5764,113.084453,3.228162,35.12573054015475,29.779692237151565,Bintulu,P.217 Bintulu,N.70 Samalaju,Bandar
5765,113.084453,3.236502,113.95724603714999,96.61327075604035,Bintulu,P.217 Bintulu,N.70 Samalaju,Bandar
5766,113.084453,3.244842,52.932121355574196,44.875999991703324,Bintulu,P.217 Bintulu,N.70 Samalaju,Bandar
5767,113.084453,3.253182,118.67038158517632,100.60908020779688,Bintulu,P.217 Bintulu,N.70 Samalaju,Bandar
5768,113.084453,3.261522,121.83758546332365,103.29424448176741,Bintulu,P.217 Bintulu,N.70 Samalaju,Bandar
5769,113.084453,3.269862,118.77703405556441,100.69950046940136,Bintulu,P.217 Bintulu,N.70 Samalaju,Bandar
5770,113.084453,3.278202,169.16743474689687,143.4206225989233,Bintulu,P.217 Bintulu,N.70 Samalaju,Bandar
5771,113.084453,3.286543,121.52295179964487,103.02749718490793,Bintulu,P.217 Bintulu,N.70 Samalaju,Bandar
5772,113.085859,3.087722,60.61149171318203,51.386591581057864,Bintulu,P.217 Bintulu,N.67 Jepak,Luar Bandar
5773,113.085966,3.2937111,20.07731899558602,17.021606994114194,Bintulu,P.217 Bintulu,N.70 Samalaju,Bandar
5774,113.086202,2.730699,69.34612050322315,48.927540577274115,Tatau,P.214 Selangau,N.60 Kakus,Luar Bandar
5775,113.089002,2.695565,7.967299502494173,5.621372426759778,Tatau,P.214 Selangau,N.60 Kakus,Luar Bandar
5776,113.090987,3.073527,7.576436464147754,6.423323947632233,Bintulu,P.217 Bintulu,N.67 Jepak,Luar Bandar
5777,113.091631,2.356847,0.5227082341717667,0.4570540598313517,Kapit,P.216 Hulu Rajang,N.65 Belaga,Luar Bandar
5778,113.092189,1.926193,6.447574747142613,5.637734440738228,Kapit,P.215 Kapit,N.61 Pelagus,Luar Bandar
5779,113.092784,2.736099,111.92143367478079,78.96678931498423,Tatau,P.214 Selangau,N.60 Kakus,Luar Bandar
5780,113.092784,3.144762,66.89538987427943,56.7140979534352,Bintulu,P.217 Bintulu,N.67 Jepak,Luar Bandar
5781,113.092784,3.153102,87.39783998015308,74.09613228756815,Bintulu,P.217 Bintulu,N.70 Samalaju,Luar Bandar
5782,113.092784,3.161442,16.21378068517574,13.746088447989294,Bintulu,P.217 Bintulu,N.70 Samalaju,Luar Bandar
5783,113.092784,3.178122,49.027791756429956,41.565898477316296,Bintulu,P.217 Bintulu,N.70 Samalaju,Bandar
5784,113.092784,3.186462,251.76163542620276,213.44421610088574,Bintulu,P.217 Bintulu,N.68 Tanjong Batu,Luar Bandar
5785,113.092784,3.194802,315.5738748180344,267.54441048345683,Bintulu,P.217 Bintulu,N.68 Tanjong Batu,Bandar
5786,113.092784,3.203142,314.79853560683887,266.8870757395601,Bintulu,P.217 Bintulu,N.68 Tanjong Batu,Bandar
5787,113.092784,3.211482,108.80334278839638,92.24377721931569,Bintulu,P.217 Bintulu,N.68 Tanjong Batu,Bandar
5788,113.092784,3.228162,2.333606082956843,1.9784377402131437,Bintulu,P.217 Bintulu,N.70 Samalaju,Bandar
5789,113.092784,3.236502,108.24578496238934,91.77107814067521,Bintulu,P.217 Bintulu,N.70 Samalaju,Bandar
5790,113.092784,3.244842,127.4739205094219,108.07274504067817,Bintulu,P.217 Bintulu,N.70 Samalaju,Bandar
5791,113.092784,3.253182,145.34910836006125,123.22737911340671,Bintulu,P.217 Bintulu,N.70 Samalaju,Bandar
5792,113.092784,3.261522,156.34067512706463,132.54606004877613,Bintulu,P.217 Bintulu,N.70 Samalaju,Bandar
5793,113.092784,3.269862,115.49243416092989,97.91480752550433,Bintulu,P.217 Bintulu,N.70 Samalaju,Bandar
5794,113.092784,3.278202,115.47030460975846,97.89604603035258,Bintulu,P.217 Bintulu,N.70 Samalaju,Bandar
5795,113.092784,3.286543,117.93930996143364,99.98927564790355,Bintulu,P.217 Bintulu,N.70 Samalaju,Bandar
5796,113.092784,3.294883,80.06951983175568,67.88316204385718,Bintulu,P.217 Bintulu,N.70 Samalaju,Bandar
5797,113.092811,2.688057,2.1691301998894508,1.5304418632553347,Tatau,P.214 Selangau,N.60 Kakus,Luar Bandar
5798,113.093053,1.943274,4.8356810603569595,4.22830083055367,Kapit,P.215 Kapit,N.61 Pelagus,Luar Bandar
5799,113.095676,3.077223,9.603482246551732,8.141859010742145,Bintulu,P.217 Bintulu,N.67 Jepak,Luar Bandar
5800,113.096395,2.275031,10.790883840734336,9.435507126439203,Kapit,P.216 Hulu Rajang,N.65 Belaga,Luar Bandar
5801,113.098025,2.272029,2.7709744245678043,2.4229293277621866,Kapit,P.216 Hulu Rajang,N.65 Belaga,Luar Bandar
5802,113.099699,1.987687,4.029734216964134,3.5235840254613926,Kapit,P.215 Kapit,N.61 Pelagus,Luar Bandar
5803,113.100579,2.689937,1.0845650999447254,0.7652209316276674,Tatau,P.214 Selangau,N.60 Kakus,Luar Bandar
5804,113.101115,3.136422,7.996987922003518,6.7798686455571096,Bintulu,P.217 Bintulu,N.67 Jepak,Luar Bandar
5805,113.101115,3.144762,39.87242504134123,33.80395306291631,Bintulu,P.217 Bintulu,N.70 Samalaju,Luar Bandar
5806,113.101115,3.153102,93.24422533207489,79.05271408110531,Bintulu,P.217 Bintulu,N.70 Samalaju,Luar Bandar
5807,113.101115,3.161442,7.41684593817919,6.288022654983644,Bintulu,P.217 Bintulu,N.70 Samalaju,Luar Bandar
5808,113.101115,3.178122,19.211643768998627,16.28768512462799,Bintulu,P.217 Bintulu,N.70 Samalaju,Luar Bandar
5809,113.101115,3.186462,100.96814449278888,85.60107426987784,Bintulu,P.217 Bintulu,N.70 Samalaju,Luar Bandar
5810,113.101115,3.194802,180.90272507428836,153.36983444133128,Bintulu,P.217 Bintulu,N.68 Tanjong Batu,Bandar
5811,113.101115,3.203142,90.1065850012203,76.39261386491451,Bintulu,P.217 Bintulu,N.70 Samalaju,Bandar
5812,113.101115,3.211482,23.257154861263526,19.71748070231452,Bintulu,P.217 Bintulu,N.70 Samalaju,Bandar
5813,113.101115,3.219822,3.975884163927098,3.3707656738117198,Bintulu,P.217 Bintulu,N.70 Samalaju,Bandar
5814,113.101115,3.228162,16.961310803497376,14.37984656545169,Bintulu,P.217 Bintulu,N.70 Samalaju,Bandar
5815,113.101115,3.236502,61.824439421173984,52.41493202802639,Bintulu,P.217 Bintulu,N.70 Samalaju,Bandar
5816,113.101115,3.244842,48.99250287964409,41.53598046923739,Bintulu,P.217 Bintulu,N.70 Samalaju,Bandar
5817,113.101115,3.253182,98.86819426364376,83.82073061365726,Bintulu,P.217 Bintulu,N.70 Samalaju,Bandar
5818,113.101115,3.261522,180.10005488306385,152.68932841640247,Bintulu,P.217 Bintulu,N.70 Samalaju,Bandar
5819,113.101115,3.269862,110.74501591850631,93.88993310990193,Bintulu,P.217 Bintulu,N.70 Samalaju,Bandar
5820,113.101115,3.278202,50.168371732936244,42.532885359863414,Bintulu,P.217 Bintulu,N.70 Samalaju,Bandar
5821,113.101115,3.286543,25.02214754312388,21.213846416517676,Bintulu,P.217 Bintulu,N.70 Samalaju,Bandar
5822,113.101115,3.294883,47.42919964085487,40.21060762691984,Bintulu,P.217 Bintulu,N.70 Samalaju,Bandar
5823,113.101115,3.303223,12.064358144803036,10.228196455025937,Bintulu,P.217 Bintulu,N.70 Samalaju,Bandar
5824,113.102725,1.617393,11.564881933658503,5.883887299580643,Bukit Mabong,P.216 Hulu Rajang,N.64 Baleh,Luar Bandar
5825,113.105278,2.259722,15.681247025153002,13.711621794940548,Kapit,P.216 Hulu Rajang,N.65 Belaga,Luar Bandar
5826,113.109446,3.136422,51.786649788082194,43.90486600468705,Bintulu,P.217 Bintulu,N.70 Samalaju,Luar Bandar
5827,113.109446,3.144762,46.5762663723128,39.48748842497259,Bintulu,P.217 Bintulu,N.70 Samalaju,Luar Bandar
5828,113.109446,3.153102,96.52581272621623,81.83485301868922,Bintulu,P.217 Bintulu,N.70 Samalaju,Luar Bandar
5829,113.109446,3.161442,55.982783563926006,47.46235991325345,Bintulu,P.217 Bintulu,N.70 Samalaju,Luar Bandar
5830,113.109446,3.186462,58.20629674682168,49.34746058599781,Bintulu,P.217 Bintulu,N.70 Samalaju,Bandar
5831,113.109446,3.194802,34.3584936600365,29.12922667212098,Bintulu,P.217 Bintulu,N.70 Samalaju,Bandar
5832,113.109446,3.203142,3.8416918458593,3.256997052598828,Bintulu,P.217 Bintulu,N.70 Samalaju,Bandar
5833,113.109446,3.211482,9.383201322055143,7.955104229094982,Bintulu,P.217 Bintulu,N.70 Samalaju,Bandar
5834,113.109446,3.253182,40.48520054384327,34.323465841564875,Bintulu,P.217 Bintulu,N.70 Samalaju,Bandar
5835,113.109446,3.261522,24.728977721384158,20.965296224667597,Bintulu,P.217 Bintulu,N.70 Samalaju,Bandar
5836,113.109446,3.269862,44.01057101874176,37.31228475436735,Bintulu,P.217 Bintulu,N.70 Samalaju,Bandar
5837,113.109446,3.278202,97.96522590231552,83.05519152061262,Bintulu,P.217 Bintulu,N.70 Samalaju,Bandar
5838,113.109446,3.286543,22.986132857800456,19.48770749251893,Bintulu,P.217 Bintulu,N.70 Samalaju,Bandar
5839,113.109446,3.303223,0.7391416983935322,0.6266463916712582,Bintulu,P.217 Bintulu,N.70 Samalaju,Bandar
5840,113.109704,2.668514,5.422825499723626,3.826104658138336,Tatau,P.214 Selangau,N.60 Kakus,Luar Bandar
5841,113.110353,3.074352,15.152872928295508,12.846647895264466,Bintulu,P.217 Bintulu,N.67 Jepak,Luar Bandar
5842,113.11326,3.158856,25.41323550350634,21.545411879178474,Bintulu,P.217 Bintulu,N.70 Samalaju,Luar Bandar
5843,113.113303,3.190179,8.742613004734256,7.412011668536761,Bintulu,P.217 Bintulu,N.70 Samalaju,Bandar
5844,113.117777,2.93626,3.420168631093753,2.2542020523117916,Sebauh,P.217 Bintulu,N.69 Kemena,Luar Bandar
5845,113.117777,3.153102,11.53698905129881,9.781091467928576,Bintulu,P.217 Bintulu,N.70 Samalaju,Luar Bandar
5846,113.117777,3.194802,34.98861296625149,29.66344357588953,Bintulu,P.217 Bintulu,N.70 Samalaju,Bandar
5847,113.117777,3.203142,28.83542054572517,24.4467498946073,Bintulu,P.217 Bintulu,N.70 Samalaju,Bandar
5848,113.117777,3.269862,27.377721830085548,23.210908861305114,Bintulu,P.217 Bintulu,N.70 Samalaju,Bandar
5849,113.117777,3.278202,83.24206605224477,70.57285557055265,Bintulu,P.217 Bintulu,N.70 Samalaju,Bandar
5850,113.117777,3.286543,5.59322027923736,4.741947739417741,Bintulu,P.217 Bintulu,N.70 Samalaju,Bandar
5851,113.117777,3.303223,12.409512857096951,10.520819581954651,Bintulu,P.217 Bintulu,N.70 Samalaju,Bandar
5852,113.117777,3.311563,16.031487402913395,13.591539695288851,Bintulu,P.217 Bintulu,N.70 Samalaju,Bandar
5853,113.12032,2.194068,8.059468433928268,7.047168050922785,Kapit,P.215 Kapit,N.61 Pelagus,Luar Bandar
5854,113.120781,3.066146,11.139921593807056,9.444456570955394,Bintulu,P.217 Bintulu,N.67 Jepak,Luar Bandar
5855,113.122074,1.920188,4.029734216964134,3.5235840254613926,Kapit,P.215 Kapit,N.61 Pelagus,Luar Bandar
5856,113.122702,2.281935,24.595972193774998,21.506623029339494,Kapit,P.216 Hulu Rajang,N.65 Belaga,Luar Bandar
5857,113.124912,2.194899,6.447574747142613,5.637734440738228,Kapit,P.215 Kapit,N.61 Pelagus,Luar Bandar
5858,113.126108,1.918774,5.470526455971112,4.783407190969909,Kapit,P.215 Kapit,N.61 Pelagus,Luar Bandar
5859,113.126108,3.194802,11.576325954719863,9.814441404269466,Bintulu,P.217 Bintulu,N.70 Samalaju,Bandar
5860,113.126108,3.203142,48.67795974214693,41.26930992072693,Bintulu,P.217 Bintulu,N.70 Samalaju,Bandar
5861,113.126108,3.278202,58.076924539239215,49.23777846788663,Bintulu,P.217 Bintulu,N.70 Samalaju,Bandar
5862,113.126108,3.286543,18.62869084415055,15.793456010421316,Bintulu,P.217 Bintulu,N.70 Samalaju,Bandar
5863,113.126108,3.319903,0.7897715496644406,0.669570520669424,Bintulu,P.217 Bintulu,N.70 Samalaju,Bandar
5864,113.127369,1.981553,6.447574747142613,5.637734440738228,Kapit,P.215 Kapit,N.61 Pelagus,Luar Bandar
5865,113.130405,2.297531,5.683880109722298,4.969962801254764,Kapit,P.216 Hulu Rajang,N.65 Belaga,Luar Bandar
5866,113.130823,1.915931,4.029734216964134,3.5235840254613926,Kapit,P.215 Kapit,N.61 Pelagus,Luar Bandar
5867,113.132025,3.071931,6.163255726660971,5.225225380266696,Bintulu,P.217 Bintulu,N.67 Jepak,Luar Bandar
5868,113.132819,1.645465,9.251905546926803,4.707109839664514,Bukit Mabong,P.216 Hulu Rajang,N.64 Baleh,Luar Bandar
5869,113.133436,2.087273,2.4178405301784798,2.114150415276835,Kapit,P.215 Kapit,N.61 Pelagus,Luar Bandar
5870,113.134439,3.203142,13.3979998855068,11.358861639266754,Bintulu,P.217 Bintulu,N.70 Samalaju,Bandar
5871,113.134439,3.278202,1.085686408969421,0.9204479630169475,Bintulu,P.217 Bintulu,N.70 Samalaju,Bandar
5872,113.134439,3.286543,0.962386716913221,0.8159141404912731,Bintulu,P.217 Bintulu,N.70 Samalaju,Bandar
5873,113.139803,2.669913,3.2536952998341757,2.295662794883002,Tatau,P.214 Selangau,N.60 Kakus,Luar Bandar
5874,113.140082,2.256978,9.998024554197837,8.742234030482168,Kapit,P.215 Kapit,N.61 Pelagus,Luar Bandar
5875,113.140651,1.982283,8.059468433928268,7.047168050922785,Kapit,P.215 Kapit,N.61 Pelagus,Luar Bandar
5876,113.141896,1.912982,5.655170802393469,4.944859493880279,Kapit,P.215 Kapit,N.61 Pelagus,Luar Bandar
5877,113.14277,2.027194,7.561841953544393,3.8472529237331123,Bukit Mabong,P.215 Kapit,N.61 Pelagus,Luar Bandar
5878,113.14277,3.203142,12.453093200364053,10.55776711842226,Bintulu,P.217 Bintulu,N.70 Samalaju,Bandar
5879,113.14277,3.211482,48.543560234571885,41.15536564367242,Bintulu,P.217 Bintulu,N.70 Samalaju,Bandar
5880,113.14277,3.219822,6.15633821068838,5.219360690948028,Bintulu,P.217 Bintulu,N.70 Samalaju,Bandar
5881,113.14277,3.286543,25.58267059649402,21.689059423179817,Bintulu,P.217 Bintulu,N.70 Samalaju,Bandar
5882,113.144932,3.080909,15.577555406312314,13.20669488359383,Bintulu,P.217 Bintulu,N.67 Jepak,Luar Bandar
5883,113.151101,3.211482,9.371641876470818,7.945304098915774,Bintulu,P.217 Bintulu,N.70 Samalaju,Bandar
5884,113.151101,3.219822,47.16697852266951,39.9882958321882,Bintulu,P.217 Bintulu,N.70 Samalaju,Bandar
5885,113.151101,3.236502,13.697940863629432,11.613152436367503,Bintulu,P.217 Bintulu,N.70 Samalaju,Bandar
5886,113.151101,3.294883,3.917746874879164,3.321476718145144,Bintulu,P.217 Bintulu,N.70 Samalaju,Bandar
5887,113.151509,2.634245,27.114127498618128,19.13052329069168,Tatau,P.214 Selangau,N.60 Kakus,Luar Bandar
5888,113.151712,2.238024,12.0892026508924,10.570752076384176,Kapit,P.215 Kapit,N.61 Pelagus,Luar Bandar
5889,113.153118,3.082312,6.72297282115335,5.699755092746303,Bintulu,P.217 Bintulu,N.67 Jepak,Luar Bandar
5890,113.153493,2.211865,6.447574747142613,5.637734440738228,Kapit,P.215 Kapit,N.61 Pelagus,Luar Bandar
5891,113.155779,3.346737,7.165445334082578,6.074884522250074,Bintulu,P.217 Bintulu,N.70 Samalaju,Bandar
5892,113.15668,1.901664,4.029734216964134,3.5235840254613926,Kapit,P.215 Kapit,N.61 Pelagus,Luar Bandar
5893,113.156723,2.212262,6.447574747142613,5.637734440738228,Kapit,P.215 Kapit,N.61 Pelagus,Luar Bandar
5894,113.157817,2.185095,12.0892026508924,10.570752076384176,Kapit,P.215 Kapit,N.61 Pelagus,Luar Bandar
5895,113.159432,3.219822,29.033004719434473,24.614262307687746,Bintulu,P.217 Bintulu,N.70 Samalaju,Bandar
5896,113.159432,3.228162,13.90792302398688,11.79117589707784,Bintulu,P.217 Bintulu,N.70 Samalaju,Bandar
5897,113.159432,3.294883,5.24157816137856,4.4438245719726055,Bintulu,P.217 Bintulu,N.70 Samalaju,Bandar
5898,113.160574,2.267205,13.067705854294168,11.426351495783791,Kapit,P.216 Hulu Rajang,N.65 Belaga,Luar Bandar
5899,113.163938,2.592896,10.845650999447253,7.652209316276674,Tatau,P.214 Selangau,N.60 Kakus,Luar Bandar
5900,113.164195,2.604263,10.845650999447253,7.652209316276674,Tatau,P.214 Selangau,N.60 Kakus,Luar Bandar
5901,113.165081,2.647535,4.3382603997789015,3.0608837265106694,Tatau,P.214 Selangau,N.60 Kakus,Luar Bandar
5902,113.165177,2.1008156,14.16466891890935,7.206585941199494,Bukit Mabong,P.216 Hulu Rajang,N.64 Baleh,Luar Bandar
5903,113.167763,3.069701,1.3701547172753537,1.1616209875292656,Bintulu,P.217 Bintulu,N.69 Kemena,Luar Bandar
5904,113.167763,3.219822,43.23850838546883,36.65772790236426,Bintulu,P.217 Bintulu,N.70 Samalaju,Bandar
5905,113.167763,3.228162,9.958984110454779,8.443254481639583,Bintulu,P.217 Bintulu,N.70 Samalaju,Bandar
5906,113.168085,2.308746,2.8476004618062856,2.4899308385842405,Kapit,P.216 Hulu Rajang,N.65 Belaga,Luar Bandar
5907,113.168632,1.899782,5.688521728211303,4.974021414522928,Kapit,P.215 Kapit,N.61 Pelagus,Luar Bandar
5908,113.168685,2.599724,14.79106669273217,10.435919277649921,Tatau,P.214 Selangau,N.60 Kakus,Luar Bandar
5909,113.169522,2.024282,27.879889009399736,14.184504934606885,Bukit Mabong,P.216 Hulu Rajang,N.64 Baleh,Luar Bandar
5910,113.172145,2.592602,5.422825499723626,3.826104658138336,Tatau,P.214 Selangau,N.60 Kakus,Luar Bandar
5911,113.172601,1.758277,17.347322900487754,8.825830949370964,Bukit Mabong,P.216 Hulu Rajang,N.64 Baleh,Luar Bandar
5912,113.172966,3.09312,15.17977030756512,12.869451568364425,Bintulu,P.217 Bintulu,N.69 Kemena,Luar Bandar
5913,113.17434,1.716882,16.617796073651267,8.454668177822574,Bukit Mabong,P.216 Hulu Rajang,N.64 Baleh,Luar Bandar
5914,113.176094,3.228162,4.732286327633473,4.01204553607511,Bintulu,P.217 Bintulu,N.70 Samalaju,Bandar
5915,113.176094,3.236502,2.352748122981544,1.994666415089391,Bintulu,P.217 Bintulu,N.70 Samalaju,Bandar
5916,113.180541,2.093395,23.164754284973437,11.785576741477714,Bukit Mabong,P.216 Hulu Rajang,N.64 Baleh,Luar Bandar
5917,113.183427,3.132053,3.7598208312248858,3.187586578241034,Bintulu,P.217 Bintulu,N.69 Kemena,Bandar
5918,113.184426,3.228162,4.6788427428431945,3.966735915958164,Bintulu,P.217 Bintulu,N.70 Samalaju,Bandar
5919,113.184426,3.236502,10.000438258993512,8.478399424291393,Bintulu,P.217 Bintulu,N.70 Samalaju,Bandar
5920,113.184426,3.344923,12.250404785427715,10.385927315405493,Bintulu,P.217 Bintulu,N.70 Samalaju,Bandar
5921,113.184426,3.353263,1.3550459627176534,1.1488117433115368,Bintulu,P.217 Bintulu,N.70 Samalaju,Bandar
5922,113.185208,2.020926,18.842795223171095,9.586685288981785,Bukit Mabong,P.216 Hulu Rajang,N.64 Baleh,Luar Bandar
5923,113.188233,2.656612,5.422825499723626,3.826104658138336,Tatau,P.214 Selangau,N.60 Kakus,Luar Bandar
5924,113.188459,1.891558,12.144993233098031,10.619535145849003,Kapit,P.215 Kapit,N.61 Pelagus,Luar Bandar
5925,113.192757,3.344923,15.224739195608912,12.907576316963183,Bintulu,P.217 Bintulu,N.70 Samalaju,Bandar
5926,113.192757,3.353263,19.325992162118443,16.384630010970728,Bintulu,P.217 Bintulu,N.70 Samalaju,Bandar
5927,113.193319,2.030393,5.782440966829252,2.9419436497903213,Bukit Mabong,P.216 Hulu Rajang,N.64 Baleh,Luar Bandar
5928,113.193775,1.772614,9.251905546926803,4.707109839664514,Bukit Mabong,P.216 Hulu Rajang,N.64 Baleh,Luar Bandar
5929,113.194483,2.011865,11.564881933658503,5.883887299580643,Bukit Mabong,P.216 Hulu Rajang,N.64 Baleh,Luar Bandar
5930,113.195336,2.652347,3.2536952998341757,2.295662794883002,Tatau,P.214 Selangau,N.60 Kakus,Luar Bandar
5931,113.196977,3.339646,2.821507270270889,2.392081726456885,Bintulu,P.217 Bintulu,N.70 Samalaju,Bandar
5932,113.203039,3.234334,16.721993056745355,14.176952312846279,Bintulu,P.217 Bintulu,N.70 Samalaju,Bandar
5933,113.207631,2.087343,11.564881933658503,5.883887299580643,Bukit Mabong,P.216 Hulu Rajang,N.64 Baleh,Luar Bandar
5934,113.207653,2.970577,6.272421914127709,4.1340962615841725,Sebauh,P.217 Bintulu,N.69 Kemena,Luar Bandar
5935,113.209069,3.198245,2.8982308967509596,2.45712823079315,Bintulu,P.217 Bintulu,N.69 Kemena,Bandar
5936,113.209419,3.236502,2.51929762804569,2.135867549607868,Bintulu,P.217 Bintulu,N.70 Samalaju,Bandar
5937,113.209419,3.378283,5.190646973772851,4.4006449691900595,Bintulu,P.217 Bintulu,N.70 Samalaju,Bandar
5938,113.209734,3.004616,6.272421914127709,4.1340962615841725,Sebauh,P.217 Bintulu,N.69 Kemena,Luar Bandar
5939,113.210732,2.670716,22.404095145176342,15.80733379687442,Tatau,P.214 Selangau,N.60 Kakus,Luar Bandar
5940,113.21085,2.318051,9.408748215091801,8.22697307696433,Kapit,P.216 Hulu Rajang,N.65 Belaga,Luar Bandar
5941,113.213468,2.002526,5.782440966829252,2.9419436497903213,Bukit Mabong,P.216 Hulu Rajang,N.64 Baleh,Luar Bandar
5942,113.214653,1.994699,11.564881933658503,5.883887299580643,Bukit Mabong,P.216 Hulu Rajang,N.64 Baleh,Luar Bandar
5943,113.214658,3.197431,8.694692690252879,7.371384692379451,Bintulu,P.217 Bintulu,N.69 Kemena,Bandar
5944,113.215925,2.992167,6.521508379203585,4.298266886293272,Sebauh,P.217 Bintulu,N.69 Kemena,Luar Bandar
5945,113.216997,2.979695,11.760791088989455,7.751430490470323,Sebauh,P.217 Bintulu,N.69 Kemena,Luar Bandar
5946,113.217598,3.009674,6.272421914127709,4.1340962615841725,Sebauh,P.217 Bintulu,N.69 Kemena,Luar Bandar
5947,113.21775,3.244842,2.8945817993412675,2.454034515840239,Bintulu,P.217 Bintulu,N.70 Samalaju,Bandar
5948,113.220452,3.038826,40.3840225176149,26.616742113882545,Sebauh,P.217 Bintulu,N.69 Kemena,Luar Bandar
5949,113.22145,3.031675,3.920263696329818,2.583810163490108,Sebauh,P.217 Bintulu,N.69 Kemena,Luar Bandar
5950,113.223724,3.194764,4.637169434801534,3.9314051692690395,Bintulu,P.217 Bintulu,N.69 Kemena,Bandar
5951,113.224062,1.998881,9.251905546926803,4.707109839664514,Bukit Mabong,P.216 Hulu Rajang,N.64 Baleh,Luar Bandar
5952,113.225892,2.033953,9.251905546926803,4.707109839664514,Bukit Mabong,P.216 Hulu Rajang,N.64 Baleh,Luar Bandar
5953,113.226081,3.236502,1.3550566728197664,1.1488208233659543,Bintulu,P.217 Bintulu,N.70 Samalaju,Bandar
5954,113.226081,3.244842,2.8157553788950924,2.387205256919634,Bintulu,P.217 Bintulu,N.70 Samalaju,Bandar
5955,113.22705,3.024186,2.352158217797891,1.5502860980940647,Sebauh,P.217 Bintulu,N.69 Kemena,Luar Bandar
5956,113.22771,3.034326,2.352158217797891,1.5502860980940647,Sebauh,P.217 Bintulu,N.69 Kemena,Luar Bandar
5957,113.22837,3.074502,19.601318481649088,12.919050817450536,Sebauh,P.217 Bintulu,N.69 Kemena,Luar Bandar
5958,113.229003,3.154614,13.571304284443613,8.944723278383291,Sebauh,P.217 Bintulu,N.70 Samalaju,Luar Bandar
5959,113.23131,2.322296,5.227082341717668,4.570540598313517,Kapit,P.216 Hulu Rajang,N.65 Belaga,Luar Bandar
5960,113.231691,1.994024,5.782440966829252,2.9419436497903213,Bukit Mabong,P.216 Hulu Rajang,N.64 Baleh,Luar Bandar
5961,113.232785,3.024491,3.920263696329818,2.583810163490108,Sebauh,P.217 Bintulu,N.69 Kemena,Luar Bandar
5962,113.233262,3.190779,19.601318481649088,12.919050817450536,Sebauh,P.217 Bintulu,N.69 Kemena,Bandar
5963,113.233509,2.034789,11.564881933658503,5.883887299580643,Bukit Mabong,P.216 Hulu Rajang,N.64 Baleh,Luar Bandar
5964,113.234412,3.236502,7.63346410108286,6.471672137145276,Bintulu,P.217 Bintulu,N.70 Samalaju,Bandar
5965,113.238283,2.083263,17.347322900487754,8.825830949370964,Bukit Mabong,P.216 Hulu Rajang,N.64 Baleh,Luar Bandar
5966,113.238831,3.187415,3.920263696329818,2.583810163490108,Sebauh,P.217 Bintulu,N.69 Kemena,Luar Bandar
5967,113.240102,3.024212,6.272421914127709,4.1340962615841725,Sebauh,P.217 Bintulu,N.69 Kemena,Luar Bandar
5968,113.242743,3.236502,3.1271354055897924,2.651194111277091,Bintulu,P.217 Bintulu,N.70 Samalaju,Bandar
5969,113.246598,3.18493,15.681054785319272,10.335240653960431,Sebauh,P.217 Bintulu,N.69 Kemena,Luar Bandar
5970,113.251074,2.610998,2.1691301998894508,1.5304418632553347,Tatau,P.214 Selangau,N.60 Kakus,Luar Bandar
5971,113.251074,3.236502,4.430002693264516,3.7557686284804213,Bintulu,P.217 Bintulu,N.70 Samalaju,Bandar
5972,113.251759,3.180206,19.601318481649088,12.919050817450536,Sebauh,P.217 Bintulu,N.69 Kemena,Luar Bandar
5973,113.25192,1.976053,9.251905546926803,4.707109839664514,Bukit Mabong,P.216 Hulu Rajang,N.64 Baleh,Luar Bandar
5974,113.252456,2.059632,9.251905546926803,4.707109839664514,Bukit Mabong,P.216 Hulu Rajang,N.64 Baleh,Luar Bandar
5975,113.253846,3.081278,7.840527392659636,5.167620326980216,Sebauh,P.217 Bintulu,N.69 Kemena,Luar Bandar
5976,113.254001,3.122604,7.840527392659636,5.167620326980216,Sebauh,P.217 Bintulu,N.69 Kemena,Luar Bandar
5977,113.254849,2.370568,4.181665873374134,3.6564324786508138,Kapit,P.216 Hulu Rajang,N.65 Belaga,Luar Bandar
5978,113.25575,2.359591,5.227082341717668,4.570540598313517,Kapit,P.216 Hulu Rajang,N.65 Belaga,Luar Bandar
5979,113.256533,2.371983,4.181665873374134,3.6564324786508138,Kapit,P.216 Hulu Rajang,N.65 Belaga,Luar Bandar
5980,113.256855,3.382381,16.721993056745355,14.176952312846279,Bintulu,P.217 Bintulu,N.70 Samalaju,Bandar
5981,113.257746,1.779317,5.782440966829252,2.9419436497903213,Bukit Mabong,P.216 Hulu Rajang,N.64 Baleh,Luar Bandar
5982,113.258212,3.084975,6.272421914127709,4.1340962615841725,Sebauh,P.217 Bintulu,N.69 Kemena,Luar Bandar
5983,113.259405,3.236502,4.545562967347294,3.853740950880718,Bintulu,P.217 Bintulu,N.70 Samalaju,Bandar
5984,113.259405,3.244842,1.5475965095010862,1.3120566334569768,Bintulu,P.217 Bintulu,N.70 Samalaju,Bandar
5985,113.261232,3.089501,6.272421914127709,4.1340962615841725,Sebauh,P.217 Bintulu,N.69 Kemena,Luar Bandar
5986,113.262345,3.093976,11.760791088989455,7.751430490470323,Sebauh,P.217 Bintulu,N.69 Kemena,Luar Bandar
5987,113.262563,3.119305,34.7175015536225,22.8819896603421,Sebauh,P.217 Bintulu,N.69 Kemena,Luar Bandar
5988,113.26267,2.113573,11.564881933658503,5.883887299580643,Bukit Mabong,P.216 Hulu Rajang,N.64 Baleh,Luar Bandar
5989,113.265084,3.359022,7.346077299712327,6.228024806079798,Bintulu,P.217 Bintulu,N.70 Samalaju,Bandar
5990,113.267696,3.112652,114.174019883798,75.25105855977594,Sebauh,P.217 Bintulu,N.69 Kemena,Luar Bandar
5991,113.268303,2.055944,5.782440966829252,2.9419436497903213,Bukit Mabong,P.216 Hulu Rajang,N.64 Baleh,Luar Bandar
5992,113.270191,3.174721,15.681054785319272,10.335240653960431,Sebauh,P.217 Bintulu,N.69 Kemena,Luar Bandar
5993,113.273039,3.137517,2.9829057600379,1.9660060691158885,Sebauh,P.217 Bintulu,N.69 Kemena,Luar Bandar
5994,113.273528,3.108485,33.61602563522321,22.156016895942564,Sebauh,P.217 Bintulu,N.69 Kemena,Luar Bandar
5995,113.273613,2.161026,10.154138190221019,8.878739190483115,Kapit,P.216 Hulu Rajang,N.64 Baleh,Luar Bandar
5996,113.273871,3.169858,2.999567580122345,1.9769877232624546,Sebauh,P.217 Bintulu,N.69 Kemena,Luar Bandar
5997,113.274601,3.165177,9.177502254282864,6.04880830395916,Sebauh,P.217 Bintulu,N.69 Kemena,Luar Bandar
5998,113.274815,2.342632,4.181665873374134,3.6564324786508138,Kapit,P.216 Hulu Rajang,N.65 Belaga,Luar Bandar
5999,113.275491,2.310365,7.840623512576501,6.855810897470274,Kapit,P.216 Hulu Rajang,N.65 Belaga,Luar Bandar
6000,113.276067,3.111401,118.72706918121773,78.25193196034806,Sebauh,P.217 Bintulu,N.69 Kemena,Luar Bandar
6001,113.276067,3.128082,22.37803906241183,14.749162109316888,Sebauh,P.217 Bintulu,N.69 Kemena,Luar Bandar
6002,113.276067,3.244842,6.098768627284805,5.1705530377087685,Bintulu,P.217 Bintulu,N.70 Samalaju,Bandar
6003,113.276067,3.253182,4.999830305700923,4.23887006624805,Bintulu,P.217 Bintulu,N.70 Samalaju,Bandar
6004,113.277454,3.114955,8.82739134409104,5.818053385878186,Sebauh,P.217 Bintulu,N.69 Kemena,Luar Bandar
6005,113.278034,3.141127,11.760791088989455,7.751430490470323,Sebauh,P.217 Bintulu,N.69 Kemena,Luar Bandar
6006,113.278549,3.438661,2.179647524300883,1.847911245146837,Bintulu,P.217 Bintulu,N.70 Samalaju,Luar Bandar
6007,113.279064,3.152204,3.1096323822654295,2.049530433765851,Sebauh,P.217 Bintulu,N.69 Kemena,Luar Bandar
6008,113.280265,2.110035,23.63447754260494,12.024558749746374,Bukit Mabong,P.216 Hulu Rajang,N.64 Baleh,Luar Bandar
6009,113.281177,2.043673,9.251905546926803,4.707109839664514,Bukit Mabong,P.216 Hulu Rajang,N.64 Baleh,Luar Bandar
6010,113.282003,1.940111,9.251905546926803,4.707109839664514,Bukit Mabong,P.216 Hulu Rajang,N.64 Baleh,Luar Bandar
6011,113.28342,1.967475,9.251905546926803,4.707109839664514,Bukit Mabong,P.216 Hulu Rajang,N.64 Baleh,Luar Bandar
6012,113.284144,2.342284,7.840623512576501,6.855810897470274,Kapit,P.216 Hulu Rajang,N.65 Belaga,Luar Bandar
6013,113.284321,3.113734,32.27527513627194,21.272340430724682,Sebauh,P.217 Bintulu,N.69 Kemena,Luar Bandar
6014,113.284398,2.110595,8.840338908292551,4.497716286675158,Bukit Mabong,P.216 Hulu Rajang,N.64 Baleh,Luar Bandar
6015,113.284398,3.253182,5.217987465195738,4.423824314008391,Bintulu,P.217 Bintulu,N.70 Samalaju,Bandar
6016,113.285651,2.162741,2.544316813265107,2.2247407884105526,Kapit,P.215 Kapit,N.61 Pelagus,Luar Bandar
6017,113.287776,1.935564,3.4694645800975508,1.7651661898741926,Bukit Mabong,P.216 Hulu Rajang,N.64 Baleh,Luar Bandar
6018,113.292729,3.036341,3.2704229221685774,2.1555060168838356,Sebauh,P.217 Bintulu,N.69 Kemena,Luar Bandar
6019,113.292729,3.119741,52.4234560553939,34.551823309236894,Sebauh,P.217 Bintulu,N.69 Kemena,Luar Bandar
6020,113.292729,3.394963,4.6138285201042,3.9116166767442904,Bintulu,P.217 Bintulu,N.70 Samalaju,Luar Bandar
6021,113.293006,2.162264,3.4694645800975508,1.7651661898741926,Bukit Mabong,P.216 Hulu Rajang,N.64 Baleh,Luar Bandar
6022,113.293977,2.655423,5.422825499723626,3.826104658138336,Tatau,P.214 Selangau,N.60 Kakus,Luar Bandar
6023,113.294213,2.0,11.564881933658503,5.883887299580643,Bukit Mabong,P.216 Hulu Rajang,N.64 Baleh,Luar Bandar
6024,113.29549,3.0515,7.840527392659636,5.167620326980216,Sebauh,P.217 Bintulu,N.69 Kemena,Luar Bandar
6025,113.295602,2.057054,11.564881933658503,5.883887299580643,Bukit Mabong,P.216 Hulu Rajang,N.64 Baleh,Luar Bandar
6026,113.296627,3.127425,11.701545555041754,7.712382297641156,Sebauh,P.217 Bintulu,N.69 Kemena,Luar Bandar
6027,113.297517,1.937259,3.4694645800975508,1.7651661898741926,Bukit Mabong,P.216 Hulu Rajang,N.64 Baleh,Luar Bandar
6028,113.299416,3.184362,6.438358017314899,4.24346323868482,Sebauh,P.217 Bintulu,N.69 Kemena,Luar Bandar
6029,113.30106,3.128082,10.494986254774352,6.917150031555822,Sebauh,P.217 Bintulu,N.69 Kemena,Luar Bandar
6030,113.30106,3.269862,10.225448407623093,8.669163655337478,Bintulu,P.217 Bintulu,N.70 Samalaju,Bandar
6031,113.30106,3.536744,10.407683818411861,8.823663344441353,Bintulu,P.217 Bintulu,N.70 Samalaju,Luar Bandar
6032,113.30106,3.545084,2.2849985386913585,1.9372281287297588,Bintulu,P.217 Bintulu,N.70 Samalaju,Luar Bandar
6033,113.30182,1.957964,13.877858320390203,7.06066475949677,Bukit Mabong,P.216 Hulu Rajang,N.64 Baleh,Luar Bandar
6034,113.302764,3.026923,4.704316435595782,3.1005721961881294,Sebauh,P.217 Bintulu,N.69 Kemena,Luar Bandar
6035,113.30604,2.13582,3.4694645800975508,1.7651661898741926,Bukit Mabong,P.216 Hulu Rajang,N.64 Baleh,Luar Bandar
6036,113.306712,2.304463,5.026591027535874,4.395231768038615,Kapit,P.216 Hulu Rajang,N.65 Belaga,Luar Bandar
6037,113.306894,2.122579,9.251905546926803,4.707109839664514,Bukit Mabong,P.216 Hulu Rajang,N.64 Baleh,Luar Bandar
6038,113.308825,3.137517,7.160620828796645,4.71950009170688,Sebauh,P.217 Bintulu,N.69 Kemena,Luar Bandar
6039,113.309212,2.601031,5.422825499723626,3.826104658138336,Tatau,P.214 Selangau,N.60 Kakus,Luar Bandar
6040,113.309392,3.144762,111.8094348221091,73.69258204184463,Sebauh,P.217 Bintulu,N.69 Kemena,Luar Bandar
6041,113.309392,3.328243,16.894696168968903,14.32337049266281,Bintulu,P.217 Bintulu,N.70 Samalaju,Luar Bandar
6042,113.309392,3.528404,0.8298967057651565,0.7035887398287661,Bintulu,P.217 Bintulu,N.70 Samalaju,Luar Bandar
6043,113.309392,3.536744,49.18712446466512,41.700981191372044,Bintulu,P.217 Bintulu,N.70 Samalaju,Luar Bandar
6044,113.309392,3.545084,27.20992203430927,23.06864772683669,Bintulu,P.217 Bintulu,N.70 Samalaju,Luar Bandar
6045,113.309392,3.553424,0.8722114249213686,0.7394632766482342,Bintulu,P.217 Bintulu,N.70 Samalaju,Luar Bandar
6046,113.317723,3.278202,3.331334896071027,2.82431500835175,Bintulu,P.217 Bintulu,N.70 Samalaju,Luar Bandar
6047,113.317723,3.528404,18.824265275091136,15.959264557981879,Bintulu,P.217 Bintulu,N.70 Samalaju,Luar Bandar
6048,113.317723,3.536744,50.81735014305341,43.083091064475084,Bintulu,P.217 Bintulu,N.70 Samalaju,Luar Bandar
6049,113.317723,3.545084,19.223873846770093,16.298053818644313,Bintulu,P.217 Bintulu,N.70 Samalaju,Luar Bandar
6050,113.317723,3.553424,77.5930603506796,65.78361279462762,Bintulu,P.217 Bintulu,N.70 Samalaju,Luar Bandar
6051,113.318814,1.78826,11.564881933658503,5.883887299580643,Bukit Mabong,P.216 Hulu Rajang,N.64 Baleh,Luar Bandar
6052,113.321067,3.145883,41.040859163857114,27.049657176178552,Sebauh,P.217 Bintulu,N.69 Kemena,Luar Bandar
6053,113.322043,1.950244,5.782440966829252,2.9419436497903213,Bukit Mabong,P.216 Hulu Rajang,N.64 Baleh,Luar Bandar
6054,113.322601,3.13772,7.840527392659636,5.167620326980216,Sebauh,P.217 Bintulu,N.69 Kemena,Luar Bandar
6055,113.323165,2.302223,4.181665873374134,3.6564324786508138,Kapit,P.216 Hulu Rajang,N.65 Belaga,Luar Bandar
6056,113.3239,2.307465,2.613541170858834,2.2852702991567586,Kapit,P.216 Hulu Rajang,N.65 Belaga,Luar Bandar
6057,113.326054,3.161442,5.59420683741851,3.6870908701167453,Sebauh,P.217 Bintulu,N.69 Kemena,Luar Bandar
6058,113.326054,3.545084,1.6941758706758936,1.4363270243350827,Bintulu,P.217 Bintulu,N.70 Samalaju,Luar Bandar
6059,113.326054,3.553424,21.164187321713484,17.94305698979139,Bintulu,P.217 Bintulu,N.70 Samalaju,Luar Bandar
6060,113.327676,1.808474,9.251905546926803,4.707109839664514,Bukit Mabong,P.216 Hulu Rajang,N.64 Baleh,Luar Bandar
6061,113.329403,2.640869,5.422825499723626,3.826104658138336,Tatau,P.214 Selangau,N.60 Kakus,Luar Bandar
6062,113.333759,2.30768,2.613541170858834,2.2852702991567586,Kapit,P.216 Hulu Rajang,N.65 Belaga,Luar Bandar
6063,113.333995,3.140902,3.920263696329818,2.583810163490108,Sebauh,P.217 Bintulu,N.69 Kemena,Luar Bandar
6064,113.334385,3.286543,11.592923587003837,9.8285129231726,Bintulu,P.217 Bintulu,N.69 Kemena,Luar Bandar
6065,113.334385,3.520064,13.732778848594508,11.64268817710424,Bintulu,P.217 Bintulu,N.70 Samalaju,Luar Bandar
6066,113.334385,3.528404,9.830558595098427,8.33437497183586,Bintulu,P.217 Bintulu,N.70 Samalaju,Luar Bandar
6067,113.334385,3.570104,1.7659363239949384,1.4971657366345086,Bintulu,P.217 Bintulu,N.70 Samalaju,Luar Bandar
6068,113.3376,2.639261,4.3382603997789015,3.0608837265106694,Tatau,P.214 Selangau,N.60 Kakus,Luar Bandar
6069,113.338308,2.512446,1.5537328800028258,1.3585780255097175,Kapit,P.216 Hulu Rajang,N.65 Belaga,Luar Bandar
6070,113.339687,2.209726,6.9389291601951015,3.530332379748385,Bukit Mabong,P.216 Hulu Rajang,N.64 Baleh,Luar Bandar
6071,113.340755,3.182938,3.1034770554916995,2.0454735138468023,Sebauh,P.217 Bintulu,N.69 Kemena,Luar Bandar
6072,113.341377,2.078749,9.251905546926803,4.707109839664514,Bukit Mabong,P.216 Hulu Rajang,N.64 Baleh,Luar Bandar
6073,113.342053,3.068465,3.4462826907105892,2.2714135916047065,Sebauh,P.217 Bintulu,N.69 Kemena,Luar Bandar
6074,113.342716,3.144762,7.840527392659636,5.167620326980216,Sebauh,P.217 Bintulu,N.69 Kemena,Luar Bandar
6075,113.342716,3.403303,11.343223371459201,9.616816384591884,Bintulu,P.217 Bintulu,N.70 Samalaju,Luar Bandar
6076,113.342716,3.520064,37.12937689160127,31.478389197488326,Bintulu,P.217 Bintulu,N.70 Samalaju,Luar Bandar
6077,113.342716,3.528404,36.1657272869641,30.66140437726539,Bintulu,P.217 Bintulu,N.70 Samalaju,Luar Bandar
6078,113.344402,3.391249,23.913086276093697,20.27358118369787,Bintulu,P.217 Bintulu,N.70 Samalaju,Luar Bandar
6079,113.344772,3.098554,3.1362109570638546,2.0670481307920863,Sebauh,P.217 Bintulu,N.69 Kemena,Luar Bandar
6080,113.345561,2.048771,5.782440966829252,2.9419436497903213,Bukit Mabong,P.216 Hulu Rajang,N.64 Baleh,Luar Bandar
6081,113.346956,2.001132,17.347322900487754,8.825830949370964,Bukit Mabong,P.216 Hulu Rajang,N.64 Baleh,Luar Bandar
6082,113.347321,2.086083,5.782440966829252,2.9419436497903213,Bukit Mabong,P.216 Hulu Rajang,N.64 Baleh,Luar Bandar
6083,113.348393,2.382885,5.227082341717668,4.570540598313517,Kapit,P.216 Hulu Rajang,N.65 Belaga,Luar Bandar
6084,113.348565,2.723369,6.630786567891157,4.370291147019172,Sebauh,P.217 Bintulu,N.69 Kemena,Luar Bandar
6085,113.35004,3.018802,3.920263696329818,2.583810163490108,Sebauh,P.217 Bintulu,N.69 Kemena,Luar Bandar
6086,113.351047,3.203142,6.063729258923315,3.996548829744912,Sebauh,P.217 Bintulu,N.69 Kemena,Luar Bandar
6087,113.351047,3.294883,1.7032607301774667,1.4440291935373806,Bintulu,P.217 Bintulu,N.70 Samalaju,Luar Bandar
6088,113.351047,3.344923,2.8982308967509596,2.45712823079315,Bintulu,P.217 Bintulu,N.69 Kemena,Luar Bandar
6089,113.351047,3.403303,4.235832793355626,3.591150846242551,Bintulu,P.217 Bintulu,N.70 Samalaju,Luar Bandar
6090,113.351047,3.570104,1.226800548577561,1.0400849238208476,Bintulu,P.217 Bintulu,N.70 Samalaju,Luar Bandar
6091,113.352771,2.383978,13.067705854294168,11.426351495783791,Kapit,P.216 Hulu Rajang,N.65 Belaga,Luar Bandar
6092,113.353533,3.11698,9.952920793089792,6.559879613627363,Sebauh,P.217 Bintulu,N.69 Kemena,Luar Bandar
6093,113.354434,1.801343,9.251905546926803,4.707109839664514,Bukit Mabong,P.216 Hulu Rajang,N.64 Baleh,Luar Bandar
6094,113.354466,1.935618,3.4694645800975508,1.7651661898741926,Bukit Mabong,P.216 Hulu Rajang,N.64 Baleh,Luar Bandar
6095,113.354487,2.056067,11.564881933658503,5.883887299580643,Bukit Mabong,P.216 Hulu Rajang,N.64 Baleh,Luar Bandar
6096,113.356547,2.101008,8.158915899076765,4.151027387249583,Bukit Mabong,P.216 Hulu Rajang,N.64 Baleh,Luar Bandar
6097,113.357792,1.798448,5.782440966829252,2.9419436497903213,Bukit Mabong,P.216 Hulu Rajang,N.64 Baleh,Luar Bandar
6098,113.359378,3.203142,18.554243443162107,12.228933178447756,Sebauh,P.217 Bintulu,N.69 Kemena,Luar Bandar
6099,113.359378,3.528404,8.510810295570666,7.215488685741047,Bintulu,P.217 Bintulu,N.70 Samalaju,Luar Bandar
6100,113.359378,3.536744,1.1316398578944509,0.9594074250745023,Bintulu,P.217 Bintulu,N.70 Samalaju,Luar Bandar
6101,113.360378,3.116385,3.920263696329818,2.583810163490108,Sebauh,P.217 Bintulu,N.69 Kemena,Luar Bandar
6102,113.362845,1.932776,5.782440966829252,2.9419436497903213,Bukit Mabong,P.216 Hulu Rajang,N.64 Baleh,Luar Bandar
6103,113.364776,3.319906,14.491154483754798,12.285641153965752,Bintulu,P.217 Bintulu,N.69 Kemena,Luar Bandar
6104,113.364916,2.46628,1.6731264459416286,1.657634534405132,Belaga,P.216 Hulu Rajang,N.65 Belaga,Luar Bandar
6105,113.366363,2.319552,1.5681247025153002,1.371162179494055,Kapit,P.216 Hulu Rajang,N.65 Belaga,Luar Bandar
6106,113.367709,3.203142,9.695179426210407,6.390004621820495,Sebauh,P.217 Bintulu,N.69 Kemena,Luar Bandar
6107,113.367709,3.303223,5.488622125629814,4.65326913330459,Bintulu,P.217 Bintulu,N.69 Kemena,Luar Bandar
6108,113.368253,1.92941,9.251905546926803,4.707109839664514,Bukit Mabong,P.216 Hulu Rajang,N.64 Baleh,Luar Bandar
6109,113.368349,3.334826,2.8982308967509596,2.45712823079315,Bintulu,P.217 Bintulu,N.69 Kemena,Luar Bandar
6110,113.368961,2.52668,5.227082341717668,4.570540598313517,Kapit,P.216 Hulu Rajang,N.65 Belaga,Luar Bandar
6111,113.371042,3.110745,3.920263696329818,2.583810163490108,Sebauh,P.217 Bintulu,N.69 Kemena,Luar Bandar
6112,113.371836,3.016616,17.0183782995146,11.216658424680077,Sebauh,P.217 Bintulu,N.69 Kemena,Luar Bandar
6113,113.37218,3.013541,9.51331305393851,6.270138149186746,Sebauh,P.217 Bintulu,N.69 Kemena,Luar Bandar
6114,113.372234,3.153821,31.362109570638545,20.670481307920863,Sebauh,P.217 Bintulu,N.69 Kemena,Luar Bandar
6115,113.372802,3.025937,7.157457132870806,4.717414928483031,Sebauh,P.217 Bintulu,N.69 Kemena,Luar Bandar
6116,113.375108,3.052775,7.840527392659636,5.167620326980216,Sebauh,P.217 Bintulu,N.69 Kemena,Luar Bandar
6117,113.37604,3.153102,30.565310015558698,20.14531796480005,Sebauh,P.217 Bintulu,N.69 Kemena,Luar Bandar
6118,113.37604,3.319903,17.389385380505757,14.742769384758901,Bintulu,P.217 Bintulu,N.69 Kemena,Luar Bandar
6119,113.376857,3.635813,10.033195834047214,8.506171387707768,Bintulu,P.217 Bintulu,N.70 Samalaju,Luar Bandar
6120,113.380026,2.327678,1.5681247025153002,1.371162179494055,Kapit,P.216 Hulu Rajang,N.65 Belaga,Luar Bandar
6121,113.38132,2.104428,6.977376655286588,3.549893386023001,Bukit Mabong,P.216 Hulu Rajang,N.64 Baleh,Luar Bandar
6122,113.38353,3.64092,10.033195834047214,8.506171387707768,Bintulu,P.217 Bintulu,N.70 Samalaju,Luar Bandar
6123,113.384019,3.063623,1.5681054785319273,1.0335240653960431,Sebauh,P.217 Bintulu,N.69 Kemena,Luar Bandar
6124,113.384371,3.570104,2.019876136650909,1.7124566174607385,Bintulu,P.217 Bintulu,N.70 Samalaju,Luar Bandar
6125,113.384786,3.363606,13.377594445396284,11.341561850277024,Bintulu,P.217 Bintulu,N.70 Samalaju,Luar Bandar
6126,113.385327,1.81382,5.782440966829252,2.9419436497903213,Bukit Mabong,P.216 Hulu Rajang,N.64 Baleh,Luar Bandar
6127,113.386492,3.324234,5.796461793501919,4.9142564615863,Bintulu,P.217 Bintulu,N.69 Kemena,Luar Bandar
6128,113.388391,3.088622,2.5043236867520977,1.6505769753593371,Sebauh,P.217 Bintulu,N.69 Kemena,Luar Bandar
6129,113.38897,3.635706,62.9956013812381,53.407846401456965,Bintulu,P.217 Bintulu,N.70 Samalaju,Luar Bandar
6130,113.38912,2.55384,10.454164683435334,9.141081196627033,Kapit,P.216 Hulu Rajang,N.65 Belaga,Luar Bandar
6131,113.391062,2.994218,6.272421914127709,4.1340962615841725,Sebauh,P.217 Bintulu,N.69 Kemena,Luar Bandar
6132,113.392425,3.34121,14.491154483754798,12.285641153965752,Bintulu,P.217 Bintulu,N.69 Kemena,Luar Bandar
6133,113.392702,3.453344,2.4465541609938493,2.074195435526404,Bintulu,P.217 Bintulu,N.70 Samalaju,Luar Bandar
6134,113.395455,3.065031,6.272421914127709,4.1340962615841725,Sebauh,P.217 Bintulu,N.69 Kemena,Luar Bandar
6135,113.395665,2.401842,2.230835261255505,2.2101793792068434,Belaga,P.216 Hulu Rajang,N.65 Belaga,Luar Bandar
6136,113.397145,3.63547,19.0378539479567,16.140345630046895,Bintulu,P.217 Bintulu,N.70 Samalaju,Luar Bandar
6137,113.398497,2.547307,1.5681247025153002,1.371162179494055,Kapit,P.216 Hulu Rajang,N.65 Belaga,Luar Bandar
6138,113.40017,3.291046,30.216215810075465,19.915233147549735,Sebauh,P.217 Bintulu,N.69 Kemena,Luar Bandar
6139,113.401033,2.027194,25.282586530864457,12.863070340264374,Bukit Mabong,P.216 Hulu Rajang,N.64 Baleh,Luar Bandar
6140,113.401033,3.261522,2.396171297439361,1.5792947187668516,Sebauh,P.217 Bintulu,N.69 Kemena,Luar Bandar
6141,113.401033,3.344923,14.491154483754798,12.285641153965752,Bintulu,P.217 Bintulu,N.69 Kemena,Luar Bandar
6142,113.401033,3.478364,3.8615948369000423,3.273870863867024,Bintulu,P.217 Bintulu,N.70 Samalaju,Luar Bandar
6143,113.401033,3.486704,2.306532105990417,1.9554843470936976,Bintulu,P.217 Bintulu,N.70 Samalaju,Luar Bandar
6144,113.401033,3.620145,1.4866969619105697,1.2604258273003865,Bintulu,P.217 Bintulu,N.70 Samalaju,Luar Bandar
6145,113.401544,3.091601,8.305951730443057,5.474377276882924,Sebauh,P.217 Bintulu,N.69 Kemena,Luar Bandar
6146,113.404677,3.558182,29.193500114535667,24.75033075090859,Bintulu,P.217 Bintulu,N.70 Samalaju,Luar Bandar
6147,113.407327,1.832537,8.783904999890577,4.469004298189943,Bukit Mabong,P.216 Hulu Rajang,N.64 Baleh,Luar Bandar
6148,113.407981,3.348225,4.637169434801534,3.9314051692690395,Bintulu,P.217 Bintulu,N.69 Kemena,Luar Bandar
6149,113.409364,3.361603,1.1989486683127883,1.0164720221172727,Bintulu,P.217 Bintulu,N.69 Kemena,Luar Bandar
6150,113.409364,3.378283,46.02171570585004,39.01733882457383,Bintulu,P.217 Bintulu,N.70 Samalaju,Luar Bandar
6151,113.411576,1.850263,5.782440966829252,2.9419436497903213,Bukit Mabong,P.216 Hulu Rajang,N.64 Baleh,Luar Bandar
6152,113.412088,3.613026,6.688797222698142,5.670780925138512,Bintulu,P.217 Bintulu,N.70 Samalaju,Luar Bandar
6153,113.41223,1.908243,5.782440966829252,2.9419436497903213,Bukit Mabong,P.216 Hulu Rajang,N.64 Baleh,Luar Bandar
6154,113.413348,2.415161,2.230835261255505,2.2101793792068434,Belaga,P.216 Hulu Rajang,N.65 Belaga,Luar Bandar
6155,113.414118,3.375098,41.74459716379006,35.39118580552834,Bintulu,P.217 Bintulu,N.70 Samalaju,Luar Bandar
6156,113.414444,2.346266,1.5681247025153002,1.371162179494055,Kapit,P.216 Hulu Rajang,N.65 Belaga,Luar Bandar
6157,113.414944,1.906259,9.251905546926803,4.707109839664514,Bukit Mabong,P.216 Hulu Rajang,N.64 Baleh,Luar Bandar
6158,113.416994,1.856863,5.782440966829252,2.9419436497903213,Bukit Mabong,P.216 Hulu Rajang,N.64 Baleh,Luar Bandar
6159,113.41712,2.346266,2.613541170858834,2.2852702991567586,Kapit,P.216 Hulu Rajang,N.65 Belaga,Luar Bandar
6160,113.417695,3.361603,2.413146130400267,2.0458720140906874,Bintulu,P.217 Bintulu,N.69 Kemena,Luar Bandar
6161,113.417695,3.369943,18.1882101362456,15.420015238767707,Bintulu,P.217 Bintulu,N.70 Samalaju,Luar Bandar
6162,113.418335,3.139841,12.315692019331134,8.117160649104612,Sebauh,P.217 Bintulu,N.69 Kemena,Luar Bandar
6163,113.418421,2.091208,9.251905546926803,4.707109839664514,Bukit Mabong,P.216 Hulu Rajang,N.64 Baleh,Luar Bandar
6164,113.422186,3.137999,4.704316435595782,3.1005721961881294,Sebauh,P.217 Bintulu,N.69 Kemena,Luar Bandar
6165,113.423023,3.251451,3.1362109570638546,2.0670481307920863,Sebauh,P.217 Bintulu,N.69 Kemena,Luar Bandar
6166,113.425534,3.258606,4.704316435595782,3.1005721961881294,Sebauh,P.217 Bintulu,N.69 Kemena,Luar Bandar
6167,113.426027,3.369943,4.259206374524998,3.6109670334933277,Bintulu,P.217 Bintulu,N.70 Samalaju,Luar Bandar
6168,113.426027,3.603465,17.84289709343262,15.127257878783713,Bintulu,P.217 Bintulu,N.70 Samalaju,Luar Bandar
6169,113.426521,2.829642,1.5681054785319273,1.0335240653960431,Sebauh,P.217 Bintulu,N.69 Kemena,Luar Bandar
6170,113.426725,3.230488,39.20263696329819,25.838101634901083,Sebauh,P.217 Bintulu,N.69 Kemena,Luar Bandar
6171,113.427111,2.417262,4.46167052251101,4.420358758413687,Belaga,P.216 Hulu Rajang,N.65 Belaga,Luar Bandar
6172,113.429461,3.279611,4.704316435595782,3.1005721961881294,Sebauh,P.217 Bintulu,N.69 Kemena,Luar Bandar
6173,113.430743,3.208647,6.430098856722898,4.23801970102191,Sebauh,P.217 Bintulu,N.69 Kemena,Luar Bandar
6174,113.431799,2.930708,2.352158217797891,1.5502860980940647,Sebauh,P.217 Bintulu,N.69 Kemena,Luar Bandar
6175,113.431939,3.392095,5.467665038472181,4.6355016564110345,Bintulu,P.217 Bintulu,N.70 Samalaju,Luar Bandar
6176,113.432244,2.320608,7.840623512576501,6.855810897470274,Kapit,P.216 Hulu Rajang,N.65 Belaga,Luar Bandar
6177,113.433044,1.87275,9.251905546926803,4.707109839664514,Bukit Mabong,P.216 Hulu Rajang,N.64 Baleh,Luar Bandar
6178,113.433216,2.143872,4.625952773463402,2.353554919832257,Bukit Mabong,P.216 Hulu Rajang,N.64 Baleh,Luar Bandar
6179,113.434342,2.857513,1.5681054785319273,1.0335240653960431,Sebauh,P.217 Bintulu,N.69 Kemena,Luar Bandar
6180,113.434358,2.010514,7.8355021739934,3.986483562207169,Bukit Mabong,P.216 Hulu Rajang,N.64 Baleh,Luar Bandar
6181,113.434358,3.620145,1.3095628860664372,1.110251064178512,Bintulu,P.217 Bintulu,N.70 Samalaju,Luar Bandar
6182,113.434461,3.202348,3.920263696329818,2.583810163490108,Sebauh,P.217 Bintulu,N.69 Kemena,Luar Bandar
6183,113.434597,3.598635,20.06639166809443,17.012342775415537,Bintulu,P.217 Bintulu,N.70 Samalaju,Luar Bandar
6184,113.435088,2.431969,2.6581759093600787,2.633563169458597,Belaga,P.216 Hulu Rajang,N.65 Belaga,Luar Bandar
6185,113.435211,2.102541,9.251905546926803,4.707109839664514,Bukit Mabong,P.216 Hulu Rajang,N.64 Baleh,Luar Bandar
6186,113.435892,2.846519,3.920263696329818,2.583810163490108,Sebauh,P.217 Bintulu,N.69 Kemena,Luar Bandar
6187,113.436048,2.530581,9.071750852034226,8.987753158959835,Belaga,P.216 Hulu Rajang,N.65 Belaga,Luar Bandar
6188,113.43637,2.88391,3.920263696329818,2.583810163490108,Sebauh,P.217 Bintulu,N.69 Kemena,Luar Bandar
6189,113.43696,1.893391,11.564881933658503,5.883887299580643,Bukit Mabong,P.216 Hulu Rajang,N.64 Baleh,Luar Bandar
6190,113.437094,3.024807,15.681054785319272,10.335240653960431,Sebauh,P.217 Bintulu,N.69 Kemena,Luar Bandar
6191,113.437169,2.869611,2.352158217797891,1.5502860980940647,Sebauh,P.217 Bintulu,N.69 Kemena,Luar Bandar
6192,113.440061,2.173484,7.824307150861838,3.980787848684093,Bukit Mabong,P.216 Hulu Rajang,N.64 Baleh,Luar Bandar
6193,113.440104,2.866348,6.272421914127709,4.1340962615841725,Sebauh,P.217 Bintulu,N.69 Kemena,Luar Bandar
6194,113.443934,2.116414,7.944926948503007,4.042155815905039,Bukit Mabong,P.216 Hulu Rajang,N.64 Baleh,Luar Bandar
6195,113.444138,2.175821,23.52784907674921,11.97030917939872,Bukit Mabong,P.216 Hulu Rajang,N.64 Baleh,Luar Bandar
6196,113.444996,3.652024,1.757012836408522,1.4896003789915766,Bintulu,P.217 Bintulu,N.70 Samalaju,Luar Bandar
6197,113.445747,2.995113,3.2077702917467112,2.1142122377421506,Sebauh,P.217 Bintulu,N.69 Kemena,Luar Bandar
6198,113.446562,3.374926,33.44398611349071,28.353904625692557,Bintulu,P.217 Bintulu,N.70 Samalaju,Luar Bandar
6199,113.447919,3.343369,6.272421914127709,4.1340962615841725,Sebauh,P.217 Bintulu,N.69 Kemena,Luar Bandar
6200,113.44873,2.438046,2.591297000253755,2.567303509510665,Belaga,P.216 Hulu Rajang,N.65 Belaga,Luar Bandar
6201,113.449336,2.942061,0.7840527392659636,0.5167620326980216,Sebauh,P.217 Bintulu,N.69 Kemena,Luar Bandar
6202,113.45102,2.043875,24.2472571754432,12.33632382610268,Bukit Mabong,P.216 Hulu Rajang,N.64 Baleh,Luar Bandar
6203,113.45102,2.052215,7.53592006348863,3.8340645937047415,Bukit Mabong,P.216 Hulu Rajang,N.64 Baleh,Luar Bandar
6204,113.452388,3.255414,6.272421914127709,4.1340962615841725,Sebauh,P.217 Bintulu,N.69 Kemena,Luar Bandar
6205,113.452528,1.885928,6.9389291601951015,3.530332379748385,Bukit Mabong,P.216 Hulu Rajang,N.64 Baleh,Luar Bandar
6206,113.453396,3.217104,0.7840527392659636,0.5167620326980216,Sebauh,P.217 Bintulu,N.69 Kemena,Luar Bandar
6207,113.459351,3.378283,3.485717710545417,2.297404854677661,Sebauh,P.217 Bintulu,N.70 Samalaju,Luar Bandar
6208,113.459448,3.009781,11.760791088989455,7.751430490470323,Sebauh,P.217 Bintulu,N.69 Kemena,Luar Bandar
6209,113.45958,3.338822,6.272421914127709,4.1340962615841725,Sebauh,P.217 Bintulu,N.69 Kemena,Luar Bandar
6210,113.460188,2.097912,11.564881933658503,5.883887299580643,Bukit Mabong,P.216 Hulu Rajang,N.64 Baleh,Luar Bandar
6211,113.465134,3.676767,3.344398611349071,2.835390462569256,Bintulu,P.217 Bintulu,N.70 Samalaju,Luar Bandar
6212,113.46522,3.028359,8.237194390124204,5.429059938945498,Sebauh,P.217 Bintulu,N.69 Kemena,Luar Bandar
6213,113.466067,3.246934,7.840527392659636,5.167620326980216,Sebauh,P.217 Bintulu,N.69 Kemena,Luar Bandar
6214,113.469892,3.041585,2.9703761597630005,1.9577479234801598,Sebauh,P.217 Bintulu,N.69 Kemena,Luar Bandar
6215,113.47052,3.152525,11.748073073164328,7.743048161858306,Sebauh,P.216 Hulu Rajang,N.66 Murum,Luar Bandar
6216,113.471282,3.011302,4.704316435595782,3.1005721961881294,Sebauh,P.217 Bintulu,N.69 Kemena,Luar Bandar
6217,113.47229,2.150884,11.564881933658503,5.883887299580643,Bukit Mabong,P.216 Hulu Rajang,N.64 Baleh,Luar Bandar
6218,113.472955,2.95202,7.363559019871314,4.853254808551547,Sebauh,P.217 Bintulu,N.69 Kemena,Luar Bandar
6219,113.476431,2.959799,9.053978626272574,5.96739500367965,Sebauh,P.217 Bintulu,N.69 Kemena,Luar Bandar
6220,113.481951,3.396427,7.23802895170326,4.770519081804423,Sebauh,P.217 Bintulu,N.70 Samalaju,Luar Bandar
6221,113.482128,3.054929,15.681054785319272,10.335240653960431,Sebauh,P.217 Bintulu,N.69 Kemena,Luar Bandar
6222,113.484253,3.049181,3.1362109570638546,2.0670481307920863,Sebauh,P.217 Bintulu,N.69 Kemena,Luar Bandar
6223,113.484344,2.727759,12.18135777907442,8.59462465523584,Tatau,P.216 Hulu Rajang,N.65 Belaga,Luar Bandar
6224,113.484344,3.553424,9.988213645969381,8.468035363303088,Bintulu,P.217 Bintulu,N.70 Samalaju,Luar Bandar
6225,113.484344,3.561764,9.82724253692091,8.331563608472068,Bintulu,P.217 Bintulu,N.70 Samalaju,Luar Bandar
6226,113.484344,3.611805,4.581519741939993,3.8842252045814956,Bintulu,P.217 Bintulu,N.70 Samalaju,Luar Bandar
6227,113.484344,3.620145,19.116301298880035,16.20685351276968,Bintulu,P.217 Bintulu,N.70 Samalaju,Luar Bandar
6228,113.485454,2.065926,45.84158415418173,23.32291123633807,Bukit Mabong,P.216 Hulu Rajang,N.64 Baleh,Luar Bandar
6229,113.492675,3.553424,10.885231626533127,9.228529706953594,Bintulu,P.217 Bintulu,N.70 Samalaju,Luar Bandar
6230,113.492675,3.561764,9.083224518734589,7.700783059291597,Bintulu,P.217 Bintulu,N.70 Samalaju,Luar Bandar
6231,113.492675,3.570104,6.098892750625987,5.170658269823319,Bintulu,P.217 Bintulu,N.70 Samalaju,Luar Bandar
6232,113.492675,3.578444,3.0713637434556116,2.60391074070031,Bintulu,P.217 Bintulu,N.70 Samalaju,Luar Bandar
6233,113.493383,1.874497,9.251905546926803,4.707109839664514,Bukit Mabong,P.216 Hulu Rajang,N.64 Baleh,Luar Bandar
6234,113.494971,3.639229,17.98217510896583,15.671212845966206,Subis,P.217 Bintulu,N.70 Samalaju,Luar Bandar
6235,113.49511,3.259635,27.44184587430873,18.086671144430753,Sebauh,P.217 Bintulu,N.69 Kemena,Luar Bandar
6236,113.495786,3.793709,4.375158154161789,3.8128888331450135,Subis,P.217 Bintulu,N.70 Samalaju,Luar Bandar
6237,113.496634,3.789931,13.303319156462106,11.593655650410753,Subis,P.217 Bintulu,N.70 Samalaju,Luar Bandar
6238,113.497599,1.871216,9.251905546926803,4.707109839664514,Bukit Mabong,P.216 Hulu Rajang,N.64 Baleh,Luar Bandar
6239,113.498694,2.659624,28.692047144647336,20.243833263167843,Tatau,P.216 Hulu Rajang,N.65 Belaga,Luar Bandar
6240,113.499021,3.385733,7.840527392659636,5.167620326980216,Sebauh,P.217 Bintulu,N.69 Kemena,Luar Bandar
6241,113.502127,3.04249,6.272421914127709,4.1340962615841725,Sebauh,P.217 Bintulu,N.69 Kemena,Luar Bandar
6242,113.502846,3.274481,7.840527392659636,5.167620326980216,Sebauh,P.217 Bintulu,N.69 Kemena,Luar Bandar
6243,113.504326,2.166397,11.564881933658503,5.883887299580643,Bukit Mabong,P.216 Hulu Rajang,N.64 Baleh,Luar Bandar
6244,113.505431,2.180388,5.782440966829252,2.9419436497903213,Bukit Mabong,P.216 Hulu Rajang,N.64 Baleh,Luar Bandar
6245,113.508264,3.375762,23.52158217797891,15.502860980940646,Sebauh,P.217 Bintulu,N.69 Kemena,Luar Bandar
6246,113.509337,3.194802,19.532607737584534,12.873764190680717,Sebauh,P.217 Bintulu,N.69 Kemena,Luar Bandar
6247,113.509337,3.203142,19.648593749137458,12.95020951647696,Sebauh,P.217 Bintulu,N.69 Kemena,Luar Bandar
6248,113.509337,3.211482,53.00555679452929,34.93548061457612,Sebauh,P.217 Bintulu,N.69 Kemena,Luar Bandar
6249,113.511279,3.370192,3.1120894130254726,2.0511498404031525,Sebauh,P.217 Bintulu,N.69 Kemena,Luar Bandar
6250,113.511295,3.302239,6.272421914127709,4.1340962615841725,Sebauh,P.217 Bintulu,N.69 Kemena,Luar Bandar
6251,113.514132,2.328439,9.947756169898476,8.698279549524754,Kapit,P.216 Hulu Rajang,N.65 Belaga,Luar Bandar
6252,113.515913,3.016638,6.272421914127709,4.1340962615841725,Sebauh,P.217 Bintulu,N.69 Kemena,Luar Bandar
6253,113.516922,1.871516,9.251905546926803,4.707109839664514,Bukit Mabong,P.216 Hulu Rajang,N.64 Baleh,Luar Bandar
6254,113.517373,3.416246,10.192685610457529,6.717906425074279,Sebauh,P.217 Bintulu,N.69 Kemena,Luar Bandar
6255,113.517668,3.211482,13.470355786128227,8.87818904085724,Sebauh,P.217 Bintulu,N.69 Kemena,Luar Bandar
6256,113.520323,2.481705,4.606023049201019,4.563374687634342,Belaga,P.216 Hulu Rajang,N.65 Belaga,Luar Bandar
6257,113.52057,2.027992,9.251905546926803,4.707109839664514,Bukit Mabong,P.216 Hulu Rajang,N.64 Baleh,Luar Bandar
6258,113.522522,1.868385,9.251905546926803,4.707109839664514,Bukit Mabong,P.216 Hulu Rajang,N.64 Baleh,Luar Bandar
6259,113.524346,3.099582,3.1362109570638546,2.0670481307920863,Sebauh,P.217 Bintulu,N.69 Kemena,Luar Bandar
6260,113.528402,3.41955,3.920263696329818,2.583810163490108,Sebauh,P.217 Bintulu,N.69 Kemena,Luar Bandar
6261,113.529502,2.139396,8.488904049058563,4.318916095135059,Bukit Mabong,P.216 Hulu Rajang,N.64 Baleh,Luar Bandar
6262,113.546212,3.256293,3.920263696329818,2.583810163490108,Sebauh,P.217 Bintulu,N.69 Kemena,Luar Bandar
6263,113.548647,3.259828,7.840527392659636,5.167620326980216,Sebauh,P.217 Bintulu,N.69 Kemena,Luar Bandar
6264,113.5531,3.768605,7.291930256936314,6.354814721908355,Subis,P.217 Bintulu,N.70 Samalaju,Luar Bandar
6265,113.555181,3.003663,13.037822170657497,8.593110067024261,Sebauh,P.217 Bintulu,N.69 Kemena,Luar Bandar
6266,113.555331,3.65273,14.583860513872628,12.70962944381671,Subis,P.217 Bintulu,N.70 Samalaju,Luar Bandar
6267,113.559161,1.856375,6.9389291601951015,3.530332379748385,Bukit Mabong,P.216 Hulu Rajang,N.64 Baleh,Luar Bandar
6268,113.559324,3.153102,22.90085376439745,15.093744526534682,Sebauh,P.216 Hulu Rajang,N.66 Murum,Luar Bandar
6269,113.560009,3.3293,3.152201886740892,2.077587607170133,Sebauh,P.217 Bintulu,N.69 Kemena,Luar Bandar
6270,113.561318,3.200377,11.748073073164328,7.743048161858306,Sebauh,P.216 Hulu Rajang,N.66 Murum,Luar Bandar
6271,113.562332,3.271846,7.840527392659636,5.167620326980216,Sebauh,P.217 Bintulu,N.69 Kemena,Luar Bandar
6272,113.564086,3.262227,11.760791088989455,7.751430490470323,Sebauh,P.217 Bintulu,N.69 Kemena,Luar Bandar
6273,113.564955,1.853164,6.9389291601951015,3.530332379748385,Bukit Mabong,P.216 Hulu Rajang,N.64 Baleh,Luar Bandar
6274,113.565974,3.782233,5.881986860831283,5.126068870684292,Subis,P.217 Bintulu,N.70 Samalaju,Luar Bandar
6275,113.566371,3.46544,7.5829588599479525,6.608442058669501,Subis,P.217 Bintulu,N.69 Kemena,Luar Bandar
6276,113.568367,3.663159,11.667088411098103,10.167703555053368,Subis,P.217 Bintulu,N.70 Samalaju,Luar Bandar
6277,113.576413,3.480641,19.775074516868898,17.23369947855643,Subis,P.217 Bintulu,N.69 Kemena,Luar Bandar
6278,113.578076,3.371285,2.784225554752419,1.8350577519959121,Sebauh,P.217 Bintulu,N.69 Kemena,Luar Bandar
6279,113.578763,3.687774,11.667088411098103,10.167703555053368,Subis,P.217 Bintulu,N.70 Samalaju,Luar Bandar
6280,113.579471,3.485514,44.92523377522415,39.15170975591823,Subis,P.217 Bintulu,N.69 Kemena,Luar Bandar
6281,113.580179,3.422521,11.760791088989455,7.751430490470323,Sebauh,P.217 Bintulu,N.69 Kemena,Luar Bandar
6282,113.58233,1.850681,5.782440966829252,2.9419436497903213,Bukit Mabong,P.216 Hulu Rajang,N.64 Baleh,Luar Bandar
6283,113.584044,3.599986,10.110611813263935,8.811256078226,Subis,P.217 Bintulu,N.69 Kemena,Luar Bandar
6284,113.584317,3.545084,3.0340645536245794,2.644144610990096,Subis,P.217 Bintulu,N.69 Kemena,Luar Bandar
6285,113.587164,2.152202,5.782440966829252,2.9419436497903213,Bukit Mabong,P.216 Hulu Rajang,N.64 Baleh,Luar Bandar
6286,113.588269,3.733329,16.205960987410847,14.1232672058962,Subis,P.217 Bintulu,N.70 Samalaju,Luar Bandar
6287,113.588902,3.024025,7.840527392659636,5.167620326980216,Sebauh,P.217 Bintulu,N.69 Kemena,Luar Bandar
6288,113.589787,3.027823,6.272421914127709,4.1340962615841725,Sebauh,P.217 Bintulu,N.69 Kemena,Luar Bandar
6289,113.590286,3.616668,29.167721027745255,25.41925888763342,Subis,P.217 Bintulu,N.70 Samalaju,Luar Bandar
6290,113.591026,3.01907,4.704316435595782,3.1005721961881294,Sebauh,P.217 Bintulu,N.69 Kemena,Luar Bandar
6291,113.592648,3.378283,26.425292244842712,17.416669888646332,Sebauh,P.217 Bintulu,N.69 Kemena,Luar Bandar
6292,113.594556,3.825696,8.511891338436278,7.4179936563882425,Subis,P.217 Bintulu,N.70 Samalaju,Luar Bandar
6293,113.59477,3.064185,3.1362109570638546,2.0670481307920863,Sebauh,P.217 Bintulu,N.69 Kemena,Luar Bandar
6294,113.594958,3.191929,7.342545670727704,4.839405101161441,Sebauh,P.216 Hulu Rajang,N.66 Murum,Luar Bandar
6295,113.595629,3.692495,11.667088411098103,10.167703555053368,Subis,P.217 Bintulu,N.70 Samalaju,Luar Bandar
6296,113.596476,3.695311,11.667088411098103,10.167703555053368,Subis,P.217 Bintulu,N.70 Samalaju,Luar Bandar
6297,113.59727,3.782469,2.183825636192369,1.903173345597366,Subis,P.217 Bintulu,N.70 Samalaju,Luar Bandar
6298,113.597431,2.983563,18.996447933623728,12.520386138070185,Sebauh,P.217 Bintulu,N.69 Kemena,Luar Bandar
6299,113.599277,3.430447,7.840527392659636,5.167620326980216,Sebauh,P.217 Bintulu,N.69 Kemena,Luar Bandar
6300,113.600979,3.261522,12.674807230949106,8.353850220398275,Sebauh,P.216 Hulu Rajang,N.66 Murum,Luar Bandar
6301,113.600979,3.378283,70.16908440198439,46.24780562858063,Sebauh,P.217 Bintulu,N.69 Kemena,Luar Bandar
6302,113.604244,3.175043,5.914143383105259,3.89795813886483,Sebauh,P.216 Hulu Rajang,N.66 Murum,Luar Bandar
6303,113.605499,2.51162,8.365632229708144,8.288172672025661,Belaga,P.216 Hulu Rajang,N.65 Belaga,Luar Bandar
6304,113.608246,3.583046,5.055305906631968,4.405628039113001,Subis,P.217 Bintulu,N.69 Kemena,Luar Bandar
6305,113.60931,3.319903,19.617419028171504,12.929662541294853,Sebauh,P.217 Bintulu,N.69 Kemena,Luar Bandar
6306,113.614168,3.169397,5.247337099869676,3.458472179459559,Sebauh,P.216 Hulu Rajang,N.66 Murum,Luar Bandar
6307,113.614876,1.838553,6.9389291601951015,3.530332379748385,Bukit Mabong,P.216 Hulu Rajang,N.64 Baleh,Luar Bandar
6308,113.61515,1.879135,8.821825829102318,4.488297351648548,Bukit Mabong,P.216 Hulu Rajang,N.64 Baleh,Luar Bandar
6309,113.615381,3.696002,11.667088411098103,10.167703555053368,Subis,P.217 Bintulu,N.70 Samalaju,Luar Bandar
6310,113.615413,3.360189,19.10623039445514,12.592742759981796,Sebauh,P.217 Bintulu,N.69 Kemena,Luar Bandar
6311,113.615606,3.584096,10.110611813263935,8.811256078226,Subis,P.217 Bintulu,N.69 Kemena,Luar Bandar
6312,113.615896,3.234516,11.748073073164328,7.743048161858306,Sebauh,P.216 Hulu Rajang,N.66 Murum,Luar Bandar
6313,113.616598,3.237253,11.748073073164328,7.743048161858306,Sebauh,P.216 Hulu Rajang,N.66 Murum,Luar Bandar
6314,113.617641,2.235696,2.3129763867317004,1.1767774599161283,Bukit Mabong,P.216 Hulu Rajang,N.64 Baleh,Luar Bandar
6315,113.617641,2.652698,21.552148213690895,15.206237906326354,Tatau,P.216 Hulu Rajang,N.65 Belaga,Luar Bandar
6316,113.617641,3.319903,16.898907361708297,11.137916215671376,Sebauh,P.217 Bintulu,N.69 Kemena,Luar Bandar
6317,113.617641,3.653505,5.963330111869688,5.1969583705852305,Subis,P.217 Bintulu,N.70 Samalaju,Luar Bandar
6318,113.618771,3.572767,6.7383743378446255,5.872398519326441,Subis,P.217 Bintulu,N.69 Kemena,Luar Bandar
6319,113.621201,3.58537,18.957397149869877,16.521105146673754,Subis,P.217 Bintulu,N.69 Kemena,Luar Bandar
6320,113.622065,3.462211,63.1913238328996,55.07035048891251,Subis,P.217 Bintulu,N.69 Kemena,Luar Bandar
6321,113.623148,2.654148,49.958734347634845,35.248662567497924,Tatau,P.216 Hulu Rajang,N.65 Belaga,Luar Bandar
6322,113.625251,3.717859,8.750316308323578,7.625777666290027,Subis,P.217 Bintulu,N.70 Samalaju,Luar Bandar
6323,113.625972,3.319903,3.1081877243225895,2.0485782728489794,Sebauh,P.217 Bintulu,N.69 Kemena,Luar Bandar
6324,113.63215,3.86419,7.127096781625253,6.211164665111165,Subis,P.217 Bintulu,N.70 Samalaju,Luar Bandar
6325,113.632847,3.787789,10.105665610324507,8.80694553188923,Subis,P.217 Bintulu,N.70 Samalaju,Luar Bandar
6326,113.633866,3.105228,3.1059484469617162,2.047102385497495,Sebauh,P.217 Bintulu,N.69 Kemena,Luar Bandar
6327,113.634303,3.561764,94.61081875243343,82.45199867179943,Subis,P.217 Bintulu,N.69 Kemena,Luar Bandar
6328,113.634574,2.534001,5.577088153138763,5.525448448017108,Belaga,P.216 Hulu Rajang,N.65 Belaga,Luar Bandar
6329,113.635561,3.716778,7.291930256936314,6.354814721908355,Subis,P.217 Bintulu,N.70 Samalaju,Luar Bandar
6330,113.639606,3.23111,14.685091341455408,9.678810202322882,Sebauh,P.216 Hulu Rajang,N.66 Murum,Luar Bandar
6331,113.640389,3.217988,14.685091341455408,9.678810202322882,Sebauh,P.216 Hulu Rajang,N.66 Murum,Luar Bandar
6332,113.641226,3.770275,14.583860513872628,12.70962944381671,Subis,P.217 Bintulu,N.70 Samalaju,Luar Bandar
6333,113.641988,1.82754,6.9389291601951015,3.530332379748385,Bukit Mabong,P.216 Hulu Rajang,N.64 Baleh,Luar Bandar
6334,113.642634,3.561764,68.40298898629109,59.6122434137557,Subis,P.217 Bintulu,N.69 Kemena,Luar Bandar
6335,113.642634,3.570104,51.41956295375872,44.81142634925961,Subis,P.217 Bintulu,N.69 Kemena,Luar Bandar
6336,113.643501,3.21487,7.342545670727704,4.839405101161441,Sebauh,P.216 Hulu Rajang,N.66 Murum,Luar Bandar
6337,113.645636,3.732676,7.291930256936314,6.354814721908355,Subis,P.217 Bintulu,N.70 Samalaju,Luar Bandar
6338,113.64614,3.794288,2.7952726380773045,2.4360408131035145,Subis,P.217 Bintulu,N.70 Samalaju,Luar Bandar
6339,113.647599,3.419673,3.920263696329818,2.583810163490108,Sebauh,P.217 Bintulu,N.69 Kemena,Luar Bandar
6340,113.64982,3.22284,7.342545670727704,4.839405101161441,Sebauh,P.216 Hulu Rajang,N.66 Murum,Luar Bandar
6341,113.650303,3.21472,7.342545670727704,4.839405101161441,Sebauh,P.216 Hulu Rajang,N.66 Murum,Luar Bandar
6342,113.650965,3.445004,10.550444774433934,9.194564321494635,Subis,P.217 Bintulu,N.69 Kemena,Luar Bandar
6343,113.652384,3.722109,4.375158154161789,3.8128888331450135,Subis,P.217 Bintulu,N.70 Samalaju,Luar Bandar
6344,113.653876,3.214817,7.342545670727704,4.839405101161441,Sebauh,P.216 Hulu Rajang,N.66 Murum,Luar Bandar
6345,113.654884,3.807187,2.882776419516226,2.512299128654703,Subis,P.217 Bintulu,N.70 Samalaju,Luar Bandar
6346,113.658044,3.716499,7.291930256936314,6.354814721908355,Subis,P.217 Bintulu,N.70 Samalaju,Luar Bandar
6347,113.658237,3.761871,11.667088411098103,10.167703555053368,Subis,P.217 Bintulu,N.70 Samalaju,Luar Bandar
6348,113.659296,3.786946,13.816686994001893,12.041048504812895,Subis,P.217 Bintulu,N.70 Samalaju,Luar Bandar
6349,113.6599,3.211395,14.685091341455408,9.678810202322882,Sebauh,P.216 Hulu Rajang,N.66 Murum,Luar Bandar
6350,113.662877,3.816255,2.8719522747620454,2.502866038648048,Subis,P.218 Sibuti,N.71 Bekenu,Luar Bandar
6351,113.663059,2.045008,21.816800785969537,11.099775838475729,Bukit Mabong,P.216 Hulu Rajang,N.64 Baleh,Luar Bandar
6352,113.664615,3.7598,11.667088411098103,10.167703555053368,Subis,P.217 Bintulu,N.70 Samalaju,Luar Bandar
6353,113.664916,3.859716,2.615448921520765,2.2793269717670928,Subis,P.217 Bintulu,N.70 Samalaju,Luar Bandar
6354,113.666021,3.591741,86.90385792739204,75.7354906435505,Subis,P.217 Bintulu,N.69 Kemena,Luar Bandar
6355,113.667051,3.7232244,6.231679852442394,5.430821397510039,Subis,P.217 Bintulu,N.70 Samalaju,Luar Bandar
6356,113.667254,3.33609,7.840527392659636,5.167620326980216,Sebauh,P.217 Bintulu,N.69 Kemena,Luar Bandar
6357,113.667628,3.611805,102.34296518733129,89.19045560502366,Subis,P.217 Bintulu,N.69 Kemena,Luar Bandar
6358,113.66822,3.784348,11.667088411098103,10.167703555053368,Subis,P.217 Bintulu,N.70 Samalaju,Luar Bandar
6359,113.670087,3.772373,16.10592296704822,14.036085477307081,Subis,P.217 Bintulu,N.70 Samalaju,Luar Bandar
6360,113.671589,2.048492,27.839760950768696,14.164088904777056,Bukit Mabong,P.216 Hulu Rajang,N.64 Baleh,Luar Bandar
6361,113.674464,3.827623,2.2367695751120134,1.9493132441739234,Subis,P.218 Sibuti,N.71 Bekenu,Luar Bandar
6362,113.675959,3.194802,14.685091341455408,9.678810202322882,Sebauh,P.216 Hulu Rajang,N.66 Murum,Luar Bandar
6363,113.675959,3.361603,7.840527392659636,5.167620326980216,Sebauh,P.217 Bintulu,N.69 Kemena,Luar Bandar
6364,113.676192,3.758697,7.291930256936314,6.354814721908355,Subis,P.217 Bintulu,N.70 Samalaju,Luar Bandar
6365,113.677007,3.60897,48.37643511974044,42.15938321680193,Subis,P.217 Bintulu,N.70 Samalaju,Luar Bandar
6366,113.677382,3.843659,2.982359433482684,2.599084325565231,Subis,P.218 Sibuti,N.71 Bekenu,Luar Bandar
6367,113.67985,3.829989,3.7279492918533554,3.248855406956539,Subis,P.218 Sibuti,N.71 Bekenu,Luar Bandar
6368,113.680011,1.822147,28.91220483414626,14.709718248951607,Bukit Mabong,P.216 Hulu Rajang,N.64 Baleh,Luar Bandar
6369,113.683133,1.959497,3.4694645800975508,1.7651661898741926,Bukit Mabong,P.216 Hulu Rajang,N.64 Baleh,Luar Bandar
6370,113.68429,3.611805,12.791646468115601,11.147740094703156,Subis,P.217 Bintulu,N.70 Samalaju,Luar Bandar
6371,113.68429,3.695205,68.0517907048459,59.30617904799824,Subis,P.217 Bintulu,N.69 Kemena,Luar Bandar
6372,113.684919,3.169569,14.685091341455408,9.678810202322882,Sebauh,P.216 Hulu Rajang,N.66 Murum,Luar Bandar
6373,113.685172,3.35734,14.058329744015863,12.251636764865232,Subis,P.217 Bintulu,N.69 Kemena,Luar Bandar
6374,113.685697,1.950308,6.9389291601951015,3.530332379748385,Bukit Mabong,P.216 Hulu Rajang,N.64 Baleh,Luar Bandar
6375,113.68655,3.18042,2.937018268291082,1.9357620404645766,Sebauh,P.216 Hulu Rajang,N.66 Murum,Luar Bandar
6376,113.687907,3.799009,58.33544205549051,50.83851777526684,Subis,P.217 Bintulu,N.70 Samalaju,Luar Bandar
6377,113.688208,3.307085,11.760791088989455,7.751430490470323,Sebauh,P.217 Bintulu,N.69 Kemena,Luar Bandar
6378,113.692621,3.803626,2.799324070658985,2.4395715796506012,Subis,P.218 Sibuti,N.71 Bekenu,Luar Bandar
6379,113.692621,3.945407,5.6272738650216185,4.904090075139323,Subis,P.218 Sibuti,N.71 Bekenu,Luar Bandar
6380,113.692832,3.158224,36.71272835363852,24.197025505807204,Sebauh,P.216 Hulu Rajang,N.66 Murum,Luar Bandar
6381,113.692982,3.936507,7.455898583706711,6.497710813913078,Subis,P.218 Sibuti,N.71 Bekenu,Luar Bandar
6382,113.693497,2.769578,4.163227862302904,2.9373885472914933,Tatau,P.216 Hulu Rajang,N.65 Belaga,Luar Bandar
6383,113.696222,3.885235,2.163881675350973,1.8857924640608883,Subis,P.218 Sibuti,N.71 Bekenu,Luar Bandar
6384,113.697166,3.813,2.8088871195121055,2.4479056423057304,Subis,P.218 Sibuti,N.71 Bekenu,Luar Bandar
6385,113.69751,2.786189,16.64502901006498,11.74399269043474,Tatau,P.216 Hulu Rajang,N.65 Belaga,Luar Bandar
6386,113.697692,3.517319,25.276529533159838,22.028140195565,Subis,P.217 Bintulu,N.69 Kemena,Luar Bandar
6387,113.700952,3.761926,79.5031781001343,69.28590219971545,Subis,P.217 Bintulu,N.70 Samalaju,Luar Bandar
6388,113.702445,3.802691,7.291930256936314,6.354814721908355,Subis,P.217 Bintulu,N.70 Samalaju,Luar Bandar
6389,113.702896,2.918681,4.405527402436622,2.903643060696865,Sebauh,P.216 Hulu Rajang,N.66 Murum,Luar Bandar
6390,113.706211,3.123815,23.41917284497874,15.435363920554167,Sebauh,P.216 Hulu Rajang,N.66 Murum,Luar Bandar
6391,113.706876,3.660568,17.73768495344237,15.458143112036122,Subis,P.217 Bintulu,N.69 Kemena,Luar Bandar
6392,113.707541,3.158288,19.29654954198422,12.718180379944146,Sebauh,P.216 Hulu Rajang,N.66 Murum,Luar Bandar
6393,113.708276,3.618489,3.6092258093592937,3.145389560766935,Subis,P.217 Bintulu,N.69 Kemena,Luar Bandar
6394,113.709283,3.628485,4.135102529287554,3.6036837303429685,Subis,P.217 Bintulu,N.70 Samalaju,Luar Bandar
6395,113.709283,3.761926,2.5086477291815337,2.1862512338650317,Subis,P.217 Bintulu,N.70 Samalaju,Luar Bandar
6396,113.709515,3.15951,14.685091341455408,9.678810202322882,Sebauh,P.216 Hulu Rajang,N.66 Murum,Luar Bandar
6397,113.710696,3.818299,5.964718866965368,5.198168651130462,Subis,P.218 Sibuti,N.71 Bekenu,Luar Bandar
6398,113.711951,3.08498,9.588522467730025,6.319707990094789,Sebauh,P.216 Hulu Rajang,N.66 Murum,Luar Bandar
6399,113.712208,3.860144,57.21832602428552,49.86496685650586,Subis,P.218 Sibuti,N.71 Bekenu,Luar Bandar
6400,113.712294,3.144555,22.027637012183117,14.518215303484325,Sebauh,P.216 Hulu Rajang,N.66 Murum,Luar Bandar
6401,113.713592,3.794341,2.681704197179615,2.337067513204725,Subis,P.218 Sibuti,N.71 Bekenu,Luar Bandar
6402,113.713667,3.640075,7.291930256936314,6.354814721908355,Subis,P.217 Bintulu,N.70 Samalaju,Luar Bandar
6403,113.713909,3.556635,5.055305906631968,4.405628039113001,Subis,P.217 Bintulu,N.69 Kemena,Luar Bandar
6404,113.714461,3.111313,36.71272835363852,24.197025505807204,Sebauh,P.216 Hulu Rajang,N.66 Murum,Luar Bandar
6405,113.714783,3.808857,7.455898583706711,6.497710813913078,Subis,P.218 Sibuti,N.71 Bekenu,Luar Bandar
6406,113.715008,3.651488,14.433546719055057,12.578633084477705,Subis,P.217 Bintulu,N.69 Kemena,Luar Bandar
6407,113.715888,3.817539,18.639746459266775,16.244277034782694,Subis,P.218 Sibuti,N.71 Bekenu,Luar Bandar
6408,113.716103,3.571792,12.638264766579919,11.0140700977825,Subis,P.217 Bintulu,N.69 Kemena,Luar Bandar
6409,113.716156,3.420572,21.242850536220043,18.512845648031124,Subis,P.217 Bintulu,N.69 Kemena,Luar Bandar
6410,113.717614,3.853666,43.13439270705112,37.59101693747026,Subis,P.218 Sibuti,N.71 Bekenu,Luar Bandar
6411,113.717614,3.862006,85.36065665345902,74.39061242490205,Subis,P.218 Sibuti,N.71 Bekenu,Luar Bandar
6412,113.71857,3.94204,4.4363297427521795,3.866199012759932,Subis,P.218 Sibuti,N.71 Bekenu,Luar Bandar
6413,113.718796,3.828993,2.2367695751120134,1.9493132441739234,Subis,P.218 Sibuti,N.71 Bekenu,Luar Bandar
6414,113.718967,3.090337,8.811054804873244,5.80728612139373,Sebauh,P.216 Hulu Rajang,N.66 Murum,Luar Bandar
6415,113.719107,3.583614,20.285317726889577,17.67836926399614,Subis,P.217 Bintulu,N.69 Kemena,Luar Bandar
6416,113.719193,3.119133,7.342545670727704,4.839405101161441,Sebauh,P.216 Hulu Rajang,N.66 Murum,Luar Bandar
6417,113.719804,3.507842,2.527652953315984,2.2028140195565005,Subis,P.217 Bintulu,N.69 Kemena,Luar Bandar
6418,113.720759,3.867391,28.403373321982162,24.753140605904136,Subis,P.218 Sibuti,N.71 Bekenu,Luar Bandar
6419,113.724074,3.463503,25.276529533159838,22.028140195565,Subis,P.217 Bintulu,N.69 Kemena,Luar Bandar
6420,113.724514,2.944123,7.342545670727704,4.839405101161441,Sebauh,P.216 Hulu Rajang,N.66 Murum,Luar Bandar
6421,113.724911,3.641852,3.596704904783162,3.134477768425487,Subis,P.217 Bintulu,N.69 Kemena,Luar Bandar
6422,113.725705,3.866545,4.266740899916423,3.7184047200074843,Subis,P.218 Sibuti,N.71 Bekenu,Luar Bandar
6423,113.725941,3.865282,16.760764841627264,14.606770966398058,Subis,P.218 Sibuti,N.71 Bekenu,Luar Bandar
6424,113.726928,3.129782,10.490914688595645,6.914466499301674,Sebauh,P.216 Hulu Rajang,N.66 Murum,Luar Bandar
6425,113.727272,3.990065,26.095645042973487,22.74198784869577,Subis,P.218 Sibuti,N.71 Bekenu,Luar Bandar
6426,113.727958,3.085408,10.138716426047463,6.682335826258554,Sebauh,P.216 Hulu Rajang,N.66 Murum,Luar Bandar
6427,113.728023,3.836829,3.7279492918533554,3.248855406956539,Subis,P.218 Sibuti,N.71 Bekenu,Luar Bandar
6428,113.733162,3.554102,9.651835838553199,8.411439264923873,Subis,P.217 Bintulu,N.69 Kemena,Luar Bandar
6429,113.734009,3.868408,6.3675781168463335,5.549254824721505,Subis,P.218 Sibuti,N.71 Bekenu,Luar Bandar
6430,113.734276,3.820306,6.3799178825029195,5.560008757040698,Subis,P.218 Sibuti,N.71 Bekenu,Luar Bandar
6431,113.734276,3.828646,4.885895155581445,4.2579889508480875,Subis,P.218 Sibuti,N.71 Bekenu,Luar Bandar
6432,113.736176,3.905423,7.455898583706711,6.497710813913078,Subis,P.218 Sibuti,N.71 Bekenu,Luar Bandar
6433,113.736949,3.595317,50.553059066319676,44.05628039113,Subis,P.217 Bintulu,N.69 Kemena,Luar Bandar
6434,113.741387,3.047654,8.811054804873244,5.80728612139373,Sebauh,P.216 Hulu Rajang,N.66 Murum,Luar Bandar
6435,113.74153,3.578752,25.276529533159838,22.028140195565,Subis,P.217 Bintulu,N.69 Kemena,Luar Bandar
6436,113.742335,2.83366,5.577088153138763,5.525448448017108,Belaga,P.216 Hulu Rajang,N.65 Belaga,Luar Bandar
6437,113.742607,3.528404,21.17165236612692,18.45079744357246,Subis,P.217 Bintulu,N.69 Kemena,Luar Bandar
6438,113.742607,3.778606,2.5256263747011745,2.2010478847797383,Subis,P.217 Bintulu,N.69 Kemena,Luar Bandar
6439,113.742607,3.795286,29.321246845147606,25.55305447950615,Subis,P.218 Sibuti,N.71 Bekenu,Luar Bandar
6440,113.742607,3.803626,50.045348923500754,43.61381813815126,Subis,P.218 Sibuti,N.71 Bekenu,Luar Bandar
6441,113.742607,3.811966,1.519783398572009,1.3244698694382568,Subis,P.218 Sibuti,N.71 Bekenu,Luar Bandar
6442,113.742607,3.820306,1.5124163601332126,1.318049598991595,Subis,P.218 Sibuti,N.71 Bekenu,Luar Bandar
6443,113.742764,3.179424,16.6883228766361,10.999121895964704,Sebauh,P.216 Hulu Rajang,N.66 Murum,Luar Bandar
6444,113.743601,3.913729,14.911797167413422,12.995421627826156,Subis,P.218 Sibuti,N.71 Bekenu,Luar Bandar
6445,113.746111,2.645016,16.731264459416288,16.576345344051322,Belaga,P.216 Hulu Rajang,N.65 Belaga,Luar Bandar
6446,113.750145,3.178953,22.813893426128033,15.036429758129838,Sebauh,P.216 Hulu Rajang,N.66 Murum,Luar Bandar
6447,113.750938,3.520064,13.758153135856269,11.990037070204059,Subis,P.217 Bintulu,N.69 Kemena,Luar Bandar
6448,113.750938,3.761926,28.436658847968022,24.782148473931976,Subis,P.217 Bintulu,N.69 Kemena,Luar Bandar
6449,113.750938,3.770266,11.519103921542513,10.038737152508936,Subis,P.217 Bintulu,N.69 Kemena,Luar Bandar
6450,113.750938,3.778606,2.0262142675383537,1.7658172532362362,Subis,P.217 Bintulu,N.69 Kemena,Luar Bandar
6451,113.750938,3.786946,13.894838092313085,12.109156088481686,Subis,P.218 Sibuti,N.71 Bekenu,Luar Bandar
6452,113.750938,3.795286,30.92088355950398,26.947115391214318,Subis,P.218 Sibuti,N.71 Bekenu,Luar Bandar
6453,113.750938,3.803626,94.26756033556849,82.15285378641913,Subis,P.218 Sibuti,N.71 Bekenu,Luar Bandar
6454,113.750938,3.811966,20.517368516167245,17.880598265093546,Subis,P.218 Sibuti,N.71 Bekenu,Luar Bandar
6455,113.750938,3.828646,2.5588576687076205,2.230008490399814,Subis,P.218 Sibuti,N.71 Bekenu,Luar Bandar
6456,113.750938,3.836986,2.922745686009358,2.547131782586469,Subis,P.218 Sibuti,N.71 Bekenu,Luar Bandar
6457,113.752441,3.580433,33.12333876101921,28.866524141129197,Subis,P.217 Bintulu,N.69 Kemena,Luar Bandar
6458,113.752763,3.93762,7.455898583706711,6.497710813913078,Subis,P.218 Sibuti,N.71 Bekenu,Luar Bandar
6459,113.754222,2.845705,8.365632229708144,8.288172672025661,Belaga,P.216 Hulu Rajang,N.65 Belaga,Luar Bandar
6460,113.754362,3.190715,5.90063045575468,3.8890518912928567,Sebauh,P.216 Hulu Rajang,N.66 Murum,Luar Bandar
6461,113.754496,3.888532,2.2367695751120134,1.9493132441739234,Subis,P.218 Sibuti,N.71 Bekenu,Luar Bandar
6462,113.755188,3.842717,14.911797167413422,12.995421627826156,Subis,P.218 Sibuti,N.71 Bekenu,Luar Bandar
6463,113.755209,1.813021,23.129763867317006,11.767774599161285,Bukit Mabong,P.216 Hulu Rajang,N.64 Baleh,Luar Bandar
6464,113.756872,3.803023,79.23268820287991,69.05017405632506,Subis,P.218 Sibuti,N.71 Bekenu,Luar Bandar
6465,113.757442,3.030639,7.342545670727704,4.839405101161441,Sebauh,P.216 Hulu Rajang,N.66 Murum,Luar Bandar
6466,113.759269,3.445004,14.64278268360263,12.760979286513136,Subis,P.217 Bintulu,N.69 Kemena,Luar Bandar
6467,113.759269,3.453344,34.043164991461964,29.66813977167569,Subis,P.217 Bintulu,N.69 Kemena,Luar Bandar
6468,113.759269,3.845326,3.9787628742927597,3.467435918560357,Subis,P.218 Sibuti,N.71 Bekenu,Luar Bandar
6469,113.759269,3.962087,1.4027935030419811,1.2225148199201201,Subis,P.218 Sibuti,N.71 Bekenu,Luar Bandar
6470,113.761303,3.824497,4.0950112620688905,3.568744754493773,Subis,P.218 Sibuti,N.71 Bekenu,Luar Bandar
6471,113.761556,3.519279,6.3191323832899595,5.50703504889125,Subis,P.217 Bintulu,N.69 Kemena,Luar Bandar
6472,113.762505,3.966818,22.367695751120134,19.493132441739235,Subis,P.218 Sibuti,N.71 Bekenu,Luar Bandar
6473,113.763385,3.721146,3.1388028269024133,2.735422543927003,Subis,P.217 Bintulu,N.69 Kemena,Luar Bandar
6474,113.763428,3.337847,6.972641480236136,6.076559041009002,Subis,P.217 Bintulu,N.69 Kemena,Luar Bandar
6475,113.764849,3.583432,14.266422046708175,12.432986281669375,Subis,P.217 Bintulu,N.69 Kemena,Luar Bandar
6476,113.765552,3.889324,2.764887494721852,2.4095605877696467,Subis,P.218 Sibuti,N.71 Bekenu,Luar Bandar
6477,113.765616,3.897823,5.964718866965368,5.198168651130462,Subis,P.218 Sibuti,N.71 Bekenu,Luar Bandar
6478,113.7676,3.445004,7.388521517341976,6.438992647643411,Subis,P.217 Bintulu,N.69 Kemena,Luar Bandar
6479,113.7676,3.453344,83.65669572043767,72.90563442303203,Subis,P.217 Bintulu,N.69 Kemena,Luar Bandar
6480,113.7676,3.528404,14.26997669769469,12.43608411003915,Subis,P.217 Bintulu,N.69 Kemena,Luar Bandar
6481,113.7676,3.611805,28.763723844672576,25.067181021260843,Subis,P.217 Bintulu,N.69 Kemena,Luar Bandar
6482,113.7676,3.728565,15.413214349595151,13.432399654064852,Subis,P.217 Bintulu,N.69 Kemena,Luar Bandar
6483,113.7676,3.753586,17.459472347705823,15.21568473675568,Subis,P.217 Bintulu,N.69 Kemena,Luar Bandar
6484,113.7676,3.761926,5.0774376706453515,4.424915560361612,Subis,P.217 Bintulu,N.69 Kemena,Luar Bandar
6485,113.767945,2.676177,5.577088153138763,5.525448448017108,Belaga,P.216 Hulu Rajang,N.65 Belaga,Luar Bandar
6486,113.769125,3.8888393,3.7279492918533554,3.248855406956539,Subis,P.218 Sibuti,N.71 Bekenu,Luar Bandar
6487,113.769736,2.694262,5.577088153138763,5.525448448017108,Belaga,P.216 Hulu Rajang,N.65 Belaga,Luar Bandar
6488,113.770348,3.745149,13.353844328724858,11.637687627844556,Subis,P.217 Bintulu,N.69 Kemena,Luar Bandar
6489,113.770498,2.971081,22.027637012183117,14.518215303484325,Sebauh,P.216 Hulu Rajang,N.66 Murum,Luar Bandar
6490,113.770723,3.766368,12.638264766579919,11.0140700977825,Subis,P.217 Bintulu,N.69 Kemena,Luar Bandar
6491,113.770908,3.03397,2.202763701218311,1.4518215303484325,Sebauh,P.216 Hulu Rajang,N.66 Murum,Luar Bandar
6492,113.771185,3.883426,2.2367695751120134,1.9493132441739234,Subis,P.218 Sibuti,N.71 Bekenu,Luar Bandar
6493,113.773803,3.50827,5.055305906631968,4.405628039113001,Subis,P.217 Bintulu,N.69 Kemena,Luar Bandar
6494,113.77439,3.733286,34.12971673223023,29.743568397164502,Subis,P.217 Bintulu,N.69 Kemena,Luar Bandar
6495,113.774543,3.756647,2.6166359992261206,2.2803614933014784,Subis,P.217 Bintulu,N.69 Kemena,Luar Bandar
6496,113.775637,2.709758,99.6121140648223,98.6897796753332,Belaga,P.216 Hulu Rajang,N.65 Belaga,Luar Bandar
6497,113.775931,2.702739,236.4208419332599,234.23176006350758,Belaga,P.216 Hulu Rajang,N.65 Belaga,Luar Bandar
6498,113.775931,3.736905,91.24839090728815,79.52169006779732,Subis,P.217 Bintulu,N.69 Kemena,Luar Bandar
6499,113.775931,3.987107,7.455898583706711,6.497710813913078,Subis,P.218 Sibuti,N.71 Bekenu,Luar Bandar
6500,113.776957,3.888136,11.183847875560067,9.746566220869617,Subis,P.218 Sibuti,N.71 Bekenu,Luar Bandar
6501,113.777354,3.21803,14.685091341455408,9.678810202322882,Sebauh,P.216 Hulu Rajang,N.66 Murum,Luar Bandar
6502,113.778234,3.007102,51.397819695093936,33.87583570813009,Sebauh,P.216 Hulu Rajang,N.66 Murum,Luar Bandar
6503,113.780476,3.882591,11.183847875560067,9.746566220869617,Subis,P.218 Sibuti,N.71 Bekenu,Luar Bandar
6504,113.781914,2.707626,66.0590948829533,65.44743659700003,Belaga,P.216 Hulu Rajang,N.65 Belaga,Luar Bandar
6505,113.782665,3.996219,1.7327478141968726,1.5100653641796042,Subis,P.218 Sibuti,N.71 Bekenu,Luar Bandar
6506,113.783002,3.229058,11.748073073164328,7.743048161858306,Sebauh,P.216 Hulu Rajang,N.66 Murum,Luar Bandar
6507,113.783255,3.725021,7.392769396108335,6.442694614279152,Subis,P.217 Bintulu,N.69 Kemena,Luar Bandar
6508,113.783308,2.7038,70.06403105389329,69.4152900256165,Belaga,P.216 Hulu Rajang,N.65 Belaga,Luar Bandar
6509,113.783834,2.93014,8.587599367789727,8.508084558828712,Belaga,P.216 Hulu Rajang,N.65 Belaga,Luar Bandar
6510,113.784262,3.736905,53.588752632872826,46.701844663989576,Subis,P.217 Bintulu,N.69 Kemena,Luar Bandar
6511,113.784262,3.745245,6.601903997858717,5.753466536286513,Subis,P.217 Bintulu,N.69 Kemena,Luar Bandar
6512,113.784435,3.707452,18.957397149869877,16.521105146673754,Subis,P.217 Bintulu,N.69 Kemena,Luar Bandar
6513,113.784848,3.6877698,6.3191323832899595,5.50703504889125,Subis,P.217 Bintulu,N.69 Kemena,Luar Bandar
6514,113.78525,3.490022,14.237081266076583,12.407416203769554,Subis,P.217 Bintulu,N.69 Kemena,Luar Bandar
6515,113.787053,3.895168,22.367695751120134,19.493132441739235,Subis,P.218 Sibuti,N.71 Bekenu,Luar Bandar
6516,113.787632,3.997017,22.367695751120134,19.493132441739235,Subis,P.218 Sibuti,N.71 Bekenu,Luar Bandar
6517,113.788104,3.825054,11.60628806949478,10.114716911969346,Subis,P.218 Sibuti,N.71 Bekenu,Luar Bandar
6518,113.788555,2.7204,3.3462528918832573,3.315269068810264,Belaga,P.216 Hulu Rajang,N.65 Belaga,Luar Bandar
6519,113.790475,3.90446,4.473539150224027,3.8986264883478468,Subis,P.218 Sibuti,N.71 Bekenu,Luar Bandar
6520,113.792439,2.722254,4.46167052251101,4.420358758413687,Belaga,P.216 Hulu Rajang,N.65 Belaga,Luar Bandar
6521,113.792594,3.736905,10.326892025580474,8.999741243176558,Subis,P.217 Bintulu,N.69 Kemena,Luar Bandar
6522,113.792594,4.062168,25.1171356491626,21.88923066613769,Subis,P.218 Sibuti,N.71 Bekenu,Luar Bandar
6523,113.792594,4.070508,40.63671168531323,35.41432303499185,Subis,P.218 Sibuti,N.71 Bekenu,Luar Bandar
6524,113.794112,3.90827,4.473539150224027,3.8986264883478468,Subis,P.218 Sibuti,N.71 Bekenu,Luar Bandar
6525,113.794375,3.69113,6.3191323832899595,5.50703504889125,Subis,P.217 Bintulu,N.69 Kemena,Luar Bandar
6526,113.794906,4.02898,7.455898583706711,6.497710813913078,Subis,P.218 Sibuti,N.71 Bekenu,Luar Bandar
6527,113.795491,3.244531,11.711730550089369,7.7190951352861745,Sebauh,P.216 Hulu Rajang,N.66 Murum,Luar Bandar
6528,113.797224,3.701649,7.5829588599479525,6.608442058669501,Subis,P.217 Bintulu,N.69 Kemena,Luar Bandar
6529,113.797867,4.070782,3.7279492918533554,3.248855406956539,Subis,P.218 Sibuti,N.71 Bekenu,Luar Bandar
6530,113.798876,3.592619,10.583159360066189,9.22307462302957,Subis,P.217 Bintulu,N.69 Kemena,Luar Bandar
6531,113.800925,3.536744,32.85247386548225,28.630469192006625,Subis,P.217 Bintulu,N.69 Kemena,Luar Bandar
6532,113.800925,4.012127,1.5830823163734744,1.3796339865584093,Subis,P.218 Sibuti,N.71 Bekenu,Luar Bandar
6533,113.800925,4.020467,1.5528646979294245,1.3532997568300609,Subis,P.218 Sibuti,N.71 Bekenu,Luar Bandar
6534,113.802534,3.701633,5.055305906631968,4.405628039113001,Subis,P.217 Bintulu,N.69 Kemena,Luar Bandar
6535,113.80335,2.728073,11.888954318623577,11.778871408265951,Belaga,P.216 Hulu Rajang,N.65 Belaga,Luar Bandar
6536,113.80379,4.032661,2.2367695751120134,1.9493132441739234,Subis,P.218 Sibuti,N.71 Bekenu,Luar Bandar
6537,113.805914,3.467715,3.213462126086598,2.80048707373812,Subis,P.217 Bintulu,N.69 Kemena,Luar Bandar
6538,113.806697,3.167367,7.342545670727704,4.839405101161441,Sebauh,P.216 Hulu Rajang,N.66 Murum,Luar Bandar
6539,113.806837,3.651906,31.5956619164498,27.535175244456255,Subis,P.217 Bintulu,N.69 Kemena,Luar Bandar
6540,113.809256,3.536744,14.61361475651825,12.735559848050045,Subis,P.217 Bintulu,N.69 Kemena,Luar Bandar
6541,113.809256,4.053827,3.7279492918533554,3.248855406956539,Subis,P.218 Sibuti,N.71 Bekenu,Luar Bandar
6542,113.81182,3.228435,4.405527402436622,2.903643060696865,Sebauh,P.216 Hulu Rajang,N.66 Murum,Luar Bandar
6543,113.812212,4.041234,11.183847875560067,9.746566220869617,Subis,P.218 Sibuti,N.71 Bekenu,Luar Bandar
6544,113.813767,3.649507,25.276529533159838,22.028140195565,Subis,P.217 Bintulu,N.69 Kemena,Luar Bandar
6545,113.815709,3.770147,18.957397149869877,16.521105146673754,Subis,P.217 Bintulu,N.69 Kemena,Luar Bandar
6546,113.816584,3.016439,3.677055087142532,2.4235135801621235,Sebauh,P.216 Hulu Rajang,N.66 Murum,Luar Bandar
6547,113.817587,4.062168,2.8922648370658113,2.5205681511778355,Subis,P.218 Sibuti,N.71 Bekenu,Luar Bandar
6548,113.821449,2.961384,5.577088153138763,5.525448448017108,Belaga,P.216 Hulu Rajang,N.65 Belaga,Luar Bandar
6549,113.822855,4.079322,14.911797167413422,12.995421627826156,Subis,P.218 Sibuti,N.71 Bekenu,Luar Bandar
6550,113.824024,3.773594,12.638264766579919,11.0140700977825,Subis,P.217 Bintulu,N.69 Kemena,Luar Bandar
6551,113.825918,3.862006,6.344667750972698,5.529288762895886,Subis,P.218 Sibuti,N.71 Bekenu,Luar Bandar
6552,113.826937,2.902865,3.3462528918832573,3.315269068810264,Belaga,P.216 Hulu Rajang,N.65 Belaga,Luar Bandar
6553,113.829077,3.011045,14.536282512982389,14.401687304528851,Belaga,P.216 Hulu Rajang,N.66 Murum,Luar Bandar
6554,113.830129,3.574073,32.53523705328823,28.354001769331504,Subis,P.217 Bintulu,N.69 Kemena,Luar Bandar
6555,113.830805,3.778636,5.954117009251216,5.1889292811546746,Subis,P.217 Bintulu,N.69 Kemena,Luar Bandar
6556,113.831631,3.268193,11.748073073164328,7.743048161858306,Sebauh,P.216 Hulu Rajang,N.66 Murum,Luar Bandar
6557,113.832221,4.107606,6.840310804458525,6.34765684070251,Miri,P.218 Sibuti,N.71 Bekenu,Luar Bandar
6558,113.833777,3.783834,6.3191323832899595,5.50703504889125,Subis,P.217 Bintulu,N.69 Kemena,Luar Bandar
6559,113.834249,3.011321,4.355832316160207,4.31550053545502,Belaga,P.216 Hulu Rajang,N.66 Murum,Luar Bandar
6560,113.834249,4.053827,22.392574175983924,19.514813639311292,Subis,P.218 Sibuti,N.71 Bekenu,Luar Bandar
6561,113.835032,4.063911,2.7740057231742887,2.417506995698075,Subis,P.218 Sibuti,N.71 Bekenu,Luar Bandar
6562,113.835858,4.009769,3.0948150779715013,2.6970878390354045,Subis,P.218 Sibuti,N.71 Bekenu,Luar Bandar
6563,113.836834,2.741351,9.51335081006546,9.425264228490779,Belaga,P.216 Hulu Rajang,N.65 Belaga,Luar Bandar
6564,113.837585,3.278048,2.937018268291082,1.9357620404645766,Sebauh,P.216 Hulu Rajang,N.66 Murum,Luar Bandar
6565,113.838165,4.077438,7.455898583706711,6.497710813913078,Subis,P.218 Sibuti,N.71 Bekenu,Luar Bandar
6566,113.838218,3.169386,7.342545670727704,4.839405101161441,Sebauh,P.216 Hulu Rajang,N.66 Murum,Luar Bandar
6567,113.839452,3.65348,16.605108764763287,14.471118883347927,Subis,P.217 Bintulu,N.69 Kemena,Luar Bandar
6568,113.84258,4.053827,120.15960447179322,104.7174063067435,Subis,P.218 Sibuti,N.71 Bekenu,Luar Bandar
6569,113.84258,4.062168,81.26036433443349,70.8172653035023,Subis,P.218 Sibuti,N.71 Bekenu,Luar Bandar
6570,113.843969,3.747515,18.836242813317103,16.41552084534061,Subis,P.217 Bintulu,N.69 Kemena,Luar Bandar
6571,113.845181,4.104406,1.4134869787044602,1.231834033650072,Subis,P.218 Sibuti,N.71 Bekenu,Luar Bandar
6572,113.846276,4.057533,15.684834924785495,13.669113167383344,Subis,P.218 Sibuti,N.71 Bekenu,Luar Bandar
6573,113.848808,4.055971,18.220149490242072,15.87860417422703,Subis,P.218 Sibuti,N.71 Bekenu,Luar Bandar
6574,113.850911,3.903707,3.2315549599247384,2.816254724111118,Subis,P.218 Sibuti,N.71 Bekenu,Luar Bandar
6575,113.850911,4.012127,2.5463827059876056,2.2191367357402028,Subis,P.218 Sibuti,N.71 Bekenu,Luar Bandar
6576,113.850911,4.020467,1.4794765312322935,1.2893430011140874,Subis,P.218 Sibuti,N.71 Bekenu,Luar Bandar
6577,113.850911,4.062168,35.28786035286978,30.752874283424667,Subis,P.218 Sibuti,N.71 Bekenu,Luar Bandar
6578,113.850911,4.070508,1.5613916757570556,1.3607308981497233,Subis,P.218 Sibuti,N.72 Lambir,Luar Bandar
6579,113.850911,4.103868,2.580374888001454,2.2487604445635165,Subis,P.218 Sibuti,N.71 Bekenu,Luar Bandar
6580,113.851275,3.406435,22.14012310072053,19.294806075728335,Subis,P.217 Bintulu,N.69 Kemena,Luar Bandar
6581,113.853507,3.473027,11.627893851887936,10.133546047629245,Subis,P.217 Bintulu,N.69 Kemena,Luar Bandar
6582,113.854322,3.204844,11.748073073164328,7.743048161858306,Sebauh,P.216 Hulu Rajang,N.66 Murum,Luar Bandar
6583,113.858442,3.059086,9.690855008654927,9.6011248696859,Belaga,P.216 Hulu Rajang,N.66 Murum,Luar Bandar
6584,113.858474,3.351032,2.937018268291082,1.9357620404645766,Sebauh,P.216 Hulu Rajang,N.66 Murum,Luar Bandar
6585,113.859242,3.870346,27.31742595803927,23.806752742548284,Subis,P.218 Sibuti,N.71 Bekenu,Luar Bandar
6586,113.859242,3.878686,42.92102173246034,37.4050671323048,Subis,P.218 Sibuti,N.71 Bekenu,Luar Bandar
6587,113.859242,4.078848,3.02291024295928,2.634423786032787,Subis,P.218 Sibuti,N.72 Lambir,Luar Bandar
6588,113.859242,4.087188,1.3100280085399771,1.1416709953942774,Subis,P.218 Sibuti,N.72 Lambir,Luar Bandar
6589,113.861543,3.052454,4.845427504327463,4.80056243484295,Belaga,P.216 Hulu Rajang,N.66 Murum,Luar Bandar
6590,113.861661,3.597779,24.63421572330904,21.468372738787398,Subis,P.217 Bintulu,N.69 Kemena,Luar Bandar
6591,113.862337,3.988074,14.911797167413422,12.995421627826156,Subis,P.218 Sibuti,N.71 Bekenu,Luar Bandar
6592,113.863657,3.885599,74.6996805073163,65.09972156661702,Subis,P.218 Sibuti,N.71 Bekenu,Luar Bandar
6593,113.864917,3.211801,7.342545670727704,4.839405101161441,Sebauh,P.216 Hulu Rajang,N.66 Murum,Luar Bandar
6594,113.865223,3.517897,11.64278123615447,10.146520193757107,Subis,P.217 Bintulu,N.69 Kemena,Luar Bandar
6595,113.865716,2.968445,2.7885440765693814,2.762724224008554,Belaga,P.216 Hulu Rajang,N.65 Belaga,Luar Bandar
6596,113.866789,3.892685,21.83917085501405,19.03253042384759,Subis,P.218 Sibuti,N.71 Bekenu,Luar Bandar
6597,113.867573,4.087188,7.7924748100418455,6.7910322641730145,Subis,P.218 Sibuti,N.72 Lambir,Luar Bandar
6598,113.86826,4.173234,0.9998089866295341,0.9278005831603711,Miri,P.218 Sibuti,N.72 Lambir,Luar Bandar
6599,113.86827,3.884315,19.08905105357973,16.63583967320001,Subis,P.218 Sibuti,N.71 Bekenu,Luar Bandar
6600,113.871741,3.256561,1.468509134145541,0.9678810202322883,Sebauh,P.216 Hulu Rajang,N.66 Murum,Luar Bandar
6601,113.871961,3.804971,52.191290085946974,45.48397569739154,Subis,P.218 Sibuti,N.71 Bekenu,Luar Bandar
6602,113.873988,4.125006,6.538715523741575,5.698398669284828,Subis,P.218 Sibuti,N.72 Lambir,Luar Bandar
6603,113.874467,3.25339,1.468509134145541,0.9678810202322883,Sebauh,P.216 Hulu Rajang,N.66 Murum,Luar Bandar
6604,113.877314,2.97167,5.615534613423118,5.56353892255809,Belaga,P.216 Hulu Rajang,N.65 Belaga,Luar Bandar
6605,113.878355,3.48153,7.447398220996114,6.490302867293804,Subis,P.217 Bintulu,N.69 Kemena,Luar Bandar
6606,113.878985,2.940277,2.185939561080116,2.165699379959004,Belaga,P.216 Hulu Rajang,N.65 Belaga,Luar Bandar
6607,113.881123,3.37936,4.405527402436622,2.903643060696865,Sebauh,P.216 Hulu Rajang,N.66 Murum,Luar Bandar
6608,113.88137,3.807808,7.455898583706711,6.497710813913078,Subis,P.218 Sibuti,N.71 Bekenu,Luar Bandar
6609,113.881938,4.178852,49.990449331476704,46.39002915801856,Miri,P.218 Sibuti,N.72 Lambir,Luar Bandar
6610,113.882765,4.047457,2.2367695751120134,1.9493132441739234,Subis,P.218 Sibuti,N.71 Bekenu,Luar Bandar
6611,113.882926,2.979845,15.511058852161455,15.367437936863663,Belaga,P.216 Hulu Rajang,N.66 Murum,Luar Bandar
6612,113.884079,2.299661,3.267061084423645,3.23681051882713,Belaga,P.216 Hulu Rajang,N.65 Belaga,Luar Bandar
6613,113.884235,3.745245,30.748197221010194,26.796621674534997,Subis,P.217 Bintulu,N.69 Kemena,Luar Bandar
6614,113.884342,4.102159,2.6154862094966305,2.2793594677139315,Subis,P.218 Sibuti,N.72 Lambir,Luar Bandar
6615,113.884481,2.084748,11.698076530178637,11.589761006751058,Belaga,P.216 Hulu Rajang,N.65 Belaga,Luar Bandar
6616,113.885339,4.044348,3.7279492918533554,3.248855406956539,Subis,P.218 Sibuti,N.71 Bekenu,Luar Bandar
6617,113.887346,3.262045,2.937018268291082,1.9357620404645766,Sebauh,P.216 Hulu Rajang,N.66 Murum,Luar Bandar
6618,113.888258,3.916758,22.367695751120134,19.493132441739235,Subis,P.218 Sibuti,N.71 Bekenu,Luar Bandar
6619,113.888612,3.872047,44.73539150224027,38.98626488347847,Subis,P.218 Sibuti,N.71 Bekenu,Luar Bandar
6620,113.88918,3.672538,44.23392668302972,38.549245342238756,Subis,P.217 Bintulu,N.69 Kemena,Luar Bandar
6621,113.889545,4.041962,3.7279492918533554,3.248855406956539,Subis,P.218 Sibuti,N.71 Bekenu,Luar Bandar
6622,113.890082,3.29164,4.405527402436622,2.903643060696865,Sebauh,P.216 Hulu Rajang,N.66 Murum,Luar Bandar
6623,113.890511,4.028862,3.2693577618707876,2.849199334642414,Subis,P.218 Sibuti,N.72 Lambir,Luar Bandar
6624,113.891063,3.361678,1.468509134145541,0.9678810202322883,Sebauh,P.216 Hulu Rajang,N.66 Murum,Luar Bandar
6625,113.892566,3.570104,50.553059066319676,44.05628039113,Subis,P.217 Bintulu,N.69 Kemena,Luar Bandar
6626,113.892566,4.078848,4.083426619221325,3.558648901088464,Subis,P.218 Sibuti,N.72 Lambir,Luar Bandar
6627,113.892566,4.103868,4.790150961610653,4.174549231604465,Subis,P.218 Sibuti,N.72 Lambir,Luar Bandar
6628,113.895929,3.441199,1.468509134145541,0.9678810202322883,Sebauh,P.216 Hulu Rajang,N.66 Murum,Luar Bandar
6629,113.896948,3.883662,1.9071520014151664,1.662056161875868,Subis,P.218 Sibuti,N.71 Bekenu,Luar Bandar
6630,113.897431,4.007511,32.69357761870788,28.491993346424135,Subis,P.218 Sibuti,N.72 Lambir,Luar Bandar
6631,113.90022,4.151662,1.9616146571224726,1.7095196007854485,Subis,P.218 Sibuti,N.72 Lambir,Luar Bandar
6632,113.900864,2.763207,15.285678904610668,15.144144840679086,Belaga,P.216 Hulu Rajang,N.65 Belaga,Luar Bandar
6633,113.900897,3.536744,50.553059066319676,44.05628039113,Subis,P.217 Bintulu,N.69 Kemena,Luar Bandar
6634,113.900897,3.795286,17.31834394298152,15.092693315771047,Subis,P.218 Sibuti,N.71 Bekenu,Luar Bandar
6635,113.900897,4.103868,9.129433033063265,7.956172562950718,Subis,P.218 Sibuti,N.72 Lambir,Luar Bandar
6636,113.901669,3.682185,12.638264766579919,11.0140700977825,Subis,P.217 Bintulu,N.69 Kemena,Luar Bandar
6637,113.903192,3.265794,4.405527402436622,2.903643060696865,Sebauh,P.216 Hulu Rajang,N.66 Murum,Luar Bandar
6638,113.904195,3.846121,1.9895224412364205,1.7338408423626637,Subis,P.218 Sibuti,N.71 Bekenu,Luar Bandar
6639,113.90522,3.439121,4.405527402436622,2.903643060696865,Sebauh,P.216 Hulu Rajang,N.66 Murum,Luar Bandar
6640,113.906744,3.469,2.937018268291082,1.9357620404645766,Sebauh,P.216 Hulu Rajang,N.66 Murum,Luar Bandar
6641,113.90698,3.818321,5.169701193636332,4.505321923771422,Subis,P.218 Sibuti,N.71 Bekenu,Luar Bandar
6642,113.907108,4.142748,1.9616146571224726,1.7095196007854485,Subis,P.218 Sibuti,N.72 Lambir,Luar Bandar
6643,113.90758,4.102651,1.6246884847216037,1.4158931774481447,Subis,P.218 Sibuti,N.72 Lambir,Luar Bandar
6644,113.908439,3.413407,4.405527402436622,2.903643060696865,Sebauh,P.216 Hulu Rajang,N.66 Murum,Luar Bandar
6645,113.909228,3.028001,65.21976264878087,64.61587595758846,Belaga,P.216 Hulu Rajang,N.66 Murum,Luar Bandar
6646,113.909228,3.061361,22.307983272324012,22.10142787165435,Belaga,P.216 Hulu Rajang,N.66 Murum,Luar Bandar
6647,113.909265,3.328507,4.405527402436622,2.903643060696865,Sebauh,P.216 Hulu Rajang,N.66 Murum,Luar Bandar
6648,113.91022,4.130389,16.13522426802773,14.061621149245052,Subis,P.218 Sibuti,N.72 Lambir,Luar Bandar
6649,113.911089,3.862317,11.183847875560067,9.746566220869617,Subis,P.218 Sibuti,N.71 Bekenu,Luar Bandar
6650,113.911185,4.1098,1.6089574107901852,1.4021837676364264,Subis,P.218 Sibuti,N.72 Lambir,Luar Bandar
6651,113.912323,3.024555,5.8753902150069175,5.820988453756854,Belaga,P.216 Hulu Rajang,N.66 Murum,Luar Bandar
6652,113.912516,3.476947,0.7342545670727705,0.48394051011614414,Sebauh,P.216 Hulu Rajang,N.66 Murum,Luar Bandar
6653,113.913068,3.373036,0.7342545670727705,0.48394051011614414,Sebauh,P.216 Hulu Rajang,N.66 Murum,Luar Bandar
6654,113.913181,2.771239,3.989773144629616,3.9528308006978605,Belaga,P.216 Hulu Rajang,N.65 Belaga,Luar Bandar
6655,113.914855,3.067324,25.17636785607319,24.94325333888733,Belaga,P.216 Hulu Rajang,N.66 Murum,Luar Bandar
6656,113.916357,2.919179,11.154176306277526,11.050896896034216,Belaga,P.216 Hulu Rajang,N.65 Belaga,Luar Bandar
6657,113.91699,4.140469,13.07743104748315,11.396797338569655,Subis,P.218 Sibuti,N.72 Lambir,Luar Bandar
6658,113.91756,3.028001,42.20624443992659,41.815445880297645,Belaga,P.216 Hulu Rajang,N.66 Murum,Luar Bandar
6659,113.91756,3.036341,39.5231272479734,39.157172366047725,Belaga,P.216 Hulu Rajang,N.66 Murum,Luar Bandar
6660,113.91756,3.044681,60.28290347798354,59.72472844578,Belaga,P.216 Hulu Rajang,N.66 Murum,Luar Bandar
6661,113.91756,3.053021,19.824012976363292,19.640457300656223,Belaga,P.216 Hulu Rajang,N.66 Murum,Luar Bandar
6662,113.91756,3.069701,143.52936963097443,142.2003939862432,Belaga,P.216 Hulu Rajang,N.66 Murum,Luar Bandar
6663,113.91756,4.228969,4.999044933147672,4.639002915801855,Miri,P.218 Sibuti,N.72 Lambir,Luar Bandar
6664,113.917859,4.239103,14.997134799443014,13.917008747405564,Miri,P.218 Sibuti,N.72 Lambir,Luar Bandar
6665,113.918121,3.974337,11.183847875560067,9.746566220869617,Subis,P.218 Sibuti,N.71 Bekenu,Luar Bandar
6666,113.919189,3.996551,4.679078424148443,4.077751076466717,Subis,P.218 Sibuti,N.72 Lambir,Luar Bandar
6667,113.920009,4.121293,2.4381280364739895,2.1247943129110674,Subis,P.218 Sibuti,N.72 Lambir,Luar Bandar
6668,113.920734,4.112903,8.865546880162302,7.726199489940642,Subis,P.218 Sibuti,N.72 Lambir,Luar Bandar
6669,113.920949,3.033041,16.97563805065427,16.818456216851914,Belaga,P.216 Hulu Rajang,N.66 Murum,Luar Bandar
6670,113.921399,4.105177,11.388835788411622,9.925210305563544,Subis,P.218 Sibuti,N.72 Lambir,Luar Bandar
6671,113.923121,4.006574,5.230972418993261,4.558718935427862,Subis,P.218 Sibuti,N.72 Lambir,Luar Bandar
6672,113.924425,3.960311,14.911797167413422,12.995421627826156,Subis,P.218 Sibuti,N.71 Bekenu,Luar Bandar
6673,113.925154,2.930987,4.46167052251101,4.420358758413687,Belaga,P.216 Hulu Rajang,N.65 Belaga,Luar Bandar
6674,113.925891,3.053021,28.077991432905627,27.818010030749093,Belaga,P.216 Hulu Rajang,N.66 Murum,Luar Bandar
6675,113.925891,3.103061,15.13078216213664,14.990682327302041,Belaga,P.216 Hulu Rajang,N.66 Murum,Luar Bandar
6676,113.925891,3.520064,9.089323864888172,5.990690729130842,Sebauh,P.217 Bintulu,N.69 Kemena,Luar Bandar
6677,113.925891,4.245649,9.998089866295343,9.27800583160371,Miri,P.218 Sibuti,N.72 Lambir,Luar Bandar
6678,113.926249,4.102159,2.7322624861647307,2.3811283513965726,Subis,P.218 Sibuti,N.72 Lambir,Luar Bandar
6679,113.927439,4.253536,21.434790076280827,19.891010181590243,Miri,P.218 Sibuti,N.72 Lambir,Luar Bandar
6680,113.928963,2.945066,1.124991318710856,1.1145747324264965,Belaga,P.216 Hulu Rajang,N.65 Belaga,Luar Bandar
6681,113.929172,2.352205,4.46167052251101,4.420358758413687,Belaga,P.216 Hulu Rajang,N.65 Belaga,Luar Bandar
6682,113.929403,3.374809,1.468509134145541,0.9678810202322883,Sebauh,P.216 Hulu Rajang,N.66 Murum,Luar Bandar
6683,113.930304,4.24028,9.998089866295343,9.27800583160371,Miri,P.218 Sibuti,N.72 Lambir,Luar Bandar
6684,113.930712,2.771636,22.30835261255505,22.10179379206843,Belaga,P.216 Hulu Rajang,N.65 Belaga,Luar Bandar
6685,113.931248,3.784117,1.9969739266737552,1.740334707181546,Subis,P.218 Sibuti,N.71 Bekenu,Luar Bandar
6686,113.931473,3.104714,50.633246532557926,50.16442017577498,Belaga,P.216 Hulu Rajang,N.66 Murum,Luar Bandar
6687,113.931592,4.257945,4.999044933147672,4.639002915801855,Miri,P.218 Sibuti,N.72 Lambir,Luar Bandar
6688,113.932257,3.362867,7.342545670727704,4.839405101161441,Sebauh,P.216 Hulu Rajang,N.66 Murum,Luar Bandar
6689,113.932729,3.108913,38.48875095851595,38.13237363482598,Belaga,P.216 Hulu Rajang,N.66 Murum,Luar Bandar
6690,113.933276,3.046465,70.20217454603247,69.55215441134699,Belaga,P.216 Hulu Rajang,N.66 Murum,Luar Bandar
6691,113.934222,3.119741,18.21000856570273,18.04139737527956,Belaga,P.216 Hulu Rajang,N.66 Murum,Luar Bandar
6692,113.934222,3.128082,73.39076575646075,72.71122162908611,Belaga,P.216 Hulu Rajang,N.66 Murum,Luar Bandar
6693,113.934222,3.678525,3.4914139146893333,3.042718150552552,Subis,P.217 Bintulu,N.69 Kemena,Luar Bandar
6694,113.934222,4.245649,1.827393431734226,1.6957806083960267,Miri,P.218 Sibuti,N.72 Lambir,Luar Bandar
6695,113.934222,4.262329,2.0603069606363116,1.9119192016985163,Miri,P.218 Sibuti,N.72 Lambir,Luar Bandar
6696,113.935744,3.916148,14.911797167413422,12.995421627826156,Subis,P.218 Sibuti,N.71 Bekenu,Luar Bandar
6697,113.936291,3.062696,77.02950021527867,76.31626410217424,Belaga,P.216 Hulu Rajang,N.66 Murum,Luar Bandar
6698,113.936323,3.861,6.371049410250061,5.552280008129571,Subis,P.218 Sibuti,N.71 Bekenu,Luar Bandar
6699,113.937047,4.017967,2.6154862094966305,2.2793594677139315,Subis,P.218 Sibuti,N.72 Lambir,Luar Bandar
6700,113.940834,3.983531,9.274509410263121,8.082604586454208,Subis,P.218 Sibuti,N.71 Bekenu,Luar Bandar
6701,113.942553,3.795286,5.796048112166435,5.051174459197255,Subis,P.218 Sibuti,N.71 Bekenu,Luar Bandar
6702,113.942553,4.237309,8.20002242083544,7.609439088586904,Miri,P.218 Sibuti,N.72 Lambir,Luar Bandar
6703,113.942553,4.253989,1.5909523687670417,1.4763685416536259,Miri,P.218 Sibuti,N.72 Lambir,Luar Bandar
6704,113.942553,4.270669,6.94517546217566,6.44496891919348,Miri,P.218 Sibuti,N.72 Lambir,Bandar
6705,113.943629,4.243083,49.990449331476704,46.39002915801856,Miri,P.218 Sibuti,N.72 Lambir,Luar Bandar
6706,113.943661,4.131266,4.333681820497315,3.7767427913570977,Subis,P.218 Sibuti,N.72 Lambir,Luar Bandar
6707,113.943983,4.026625,7.662168043881824,6.6774717490857665,Subis,P.218 Sibuti,N.72 Lambir,Luar Bandar
6708,113.944799,3.125786,8.462769455951648,8.384410479507652,Belaga,P.216 Hulu Rajang,N.66 Murum,Luar Bandar
6709,113.946043,4.082404,3.2693577618707876,2.849199334642414,Subis,P.218 Sibuti,N.72 Lambir,Luar Bandar
6710,113.946086,4.021178,1.880920469540197,1.639195750563144,Subis,P.218 Sibuti,N.72 Lambir,Luar Bandar
6711,113.947116,3.915816,6.538715523741575,5.698398669284828,Subis,P.218 Sibuti,N.72 Lambir,Luar Bandar
6712,113.947835,3.465295,4.405527402436622,2.903643060696865,Sebauh,P.216 Hulu Rajang,N.66 Murum,Luar Bandar
6713,113.949058,3.979341,9.692668158818723,8.447024058087003,Subis,P.218 Sibuti,N.71 Bekenu,Luar Bandar
6714,113.950884,3.053021,36.70276765377232,36.36292721253369,Belaga,P.216 Hulu Rajang,N.66 Murum,Luar Bandar
6715,113.950884,4.128888,3.2693577618707876,2.849199334642414,Subis,P.218 Sibuti,N.72 Lambir,Luar Bandar
6716,113.950884,4.228969,1.8039440177415693,1.6740200718654452,Miri,P.218 Sibuti,N.72 Lambir,Luar Bandar
6717,113.950884,4.237309,6.719788012417183,6.235814360553341,Miri,P.218 Sibuti,N.72 Lambir,Luar Bandar
6718,113.950884,4.245649,14.022547224266262,13.012613075150135,Miri,P.218 Sibuti,N.72 Lambir,Luar Bandar
6719,113.950884,4.253989,12.373516461368494,11.48234907079902,Miri,P.218 Sibuti,N.72 Lambir,Luar Bandar
6720,113.950884,4.262329,2.791789332029072,2.590718632215344,Miri,P.218 Sibuti,N.72 Lambir,Luar Bandar
6721,113.950884,4.270669,3.6359349791183835,3.3740670858854807,Miri,P.218 Sibuti,N.72 Lambir,Bandar
6722,113.951697,4.099216,10.064363281915082,8.770951133235235,Subis,P.218 Sibuti,N.72 Lambir,Luar Bandar
6723,113.95247,4.078958,8.551687939999596,7.452675835260694,Subis,P.218 Sibuti,N.72 Lambir,Luar Bandar
6724,113.956633,4.294417,4.1245101848919905,3.8274540496920126,Miri,P.218 Sibuti,N.72 Lambir,Bandar
6725,113.956874,4.077963,11.769687942734835,10.25711760471269,Subis,P.218 Sibuti,N.72 Lambir,Luar Bandar
6726,113.959215,3.595125,2.6335927567972455,1.7357770442527296,Sebauh,P.217 Bintulu,N.69 Kemena,Luar Bandar
6727,113.959215,3.603465,23.428286386122416,15.441370572671591,Sebauh,P.217 Bintulu,N.69 Kemena,Luar Bandar
6728,113.959215,4.087188,30.55621102403117,26.629308402468936,Subis,P.218 Sibuti,N.72 Lambir,Luar Bandar
6729,113.959215,4.095528,95.76024262832098,83.4537054230749,Subis,P.218 Sibuti,N.72 Lambir,Luar Bandar
6730,113.959215,4.103868,39.480392436367495,34.40660706301907,Subis,P.218 Sibuti,N.72 Lambir,Luar Bandar
6731,113.959215,4.237309,12.327955835719807,11.440069819850791,Miri,P.218 Sibuti,N.72 Lambir,Luar Bandar
6732,113.959215,4.253989,5.228775468160305,4.852187761312194,Miri,P.218 Sibuti,N.72 Lambir,Luar Bandar
6733,113.959215,4.287349,3.415020406817277,3.1690632584038445,Miri,P.218 Sibuti,N.72 Lambir,Bandar
6734,113.959215,4.295689,19.432554723071846,18.03298014467886,Miri,P.218 Sibuti,N.72 Lambir,Bandar
6735,113.959215,4.304029,52.894324096599085,49.08476058825677,Miri,P.218 Sibuti,N.72 Lambir,Bandar
6736,113.959215,4.362409,5.751170780669787,5.336959034693569,Miri,P.219 Miri,N.73 Piasau,Bandar
6737,113.960409,4.118318,3.2280593568968166,2.8132083552072658,Subis,P.218 Sibuti,N.72 Lambir,Luar Bandar
6738,113.96145,4.04841,3.2693577618707876,2.849199334642414,Subis,P.218 Sibuti,N.72 Lambir,Luar Bandar
6739,113.96174,4.311963,26.293142258759314,24.39945334261599,Miri,P.218 Sibuti,N.72 Lambir,Bandar
6740,113.962061,3.068374,27.902216534007124,27.643862677210763,Belaga,P.216 Hulu Rajang,N.66 Murum,Luar Bandar
6741,113.962163,3.563279,3.1362109570638546,2.0670481307920863,Sebauh,P.217 Bintulu,N.69 Kemena,Luar Bandar
6742,113.962619,3.087423,16.841356679463424,16.685418191690616,Belaga,P.216 Hulu Rajang,N.66 Murum,Luar Bandar
6743,113.963563,4.317804,6.442875984227795,5.978846134948231,Miri,P.219 Miri,N.73 Piasau,Bandar
6744,113.965816,4.047644,10.288990444098111,8.966710547667834,Subis,P.218 Sibuti,N.72 Lambir,Luar Bandar
6745,113.967501,3.500678,4.405527402436622,2.903643060696865,Sebauh,P.216 Hulu Rajang,N.66 Murum,Luar Bandar
6746,113.967546,4.095528,14.844439005782581,12.936719936766348,Subis,P.220 Baram,N.76 Marudi,Luar Bandar
6747,113.967546,4.228969,7.341378057723846,6.812636147749275,Miri,P.218 Sibuti,N.72 Lambir,Luar Bandar
6748,113.967546,4.237309,32.54738298692163,30.203250140218138,Miri,P.218 Sibuti,N.72 Lambir,Luar Bandar
6749,113.967546,4.270669,0.9700355233456318,0.90017146903265,Miri,P.218 Sibuti,N.72 Lambir,Bandar
6750,113.967546,4.279009,2.3652168746388478,2.1948688448864653,Miri,P.218 Sibuti,N.72 Lambir,Bandar
6751,113.967546,4.287349,1.5432929180985886,1.4321416275984133,Miri,P.218 Sibuti,N.72 Lambir,Bandar
6752,113.967546,4.295689,1.676254253853536,1.5555268006674088,Miri,P.218 Sibuti,N.72 Lambir,Bandar
6753,113.967546,4.304029,9.754666098372988,9.052113969404296,Miri,P.218 Sibuti,N.72 Lambir,Bandar
6754,113.967546,4.312369,162.57920496507631,150.8698993443229,Miri,P.218 Sibuti,N.72 Lambir,Bandar
6755,113.967546,4.320709,209.89105848829547,194.77425095174237,Miri,P.219 Miri,N.73 Piasau,Bandar
6756,113.967546,4.329049,121.89007484718041,113.11128829308987,Miri,P.219 Miri,N.73 Piasau,Bandar
6757,113.967546,4.362409,146.66198421732082,136.09907122659965,Miri,P.219 Miri,N.73 Piasau,Bandar
6758,113.967546,4.579251,30.32683247287771,28.142628472061034,Miri,P.219 Miri,N.75 Senadin,Luar Bandar
6759,113.969164,4.355376,77.37323748363107,71.80064974242772,Miri,P.219 Miri,N.73 Piasau,Bandar
6760,113.969282,4.37108,64.32510622708548,59.69227309161673,Miri,P.219 Miri,N.73 Piasau,Bandar
6761,113.969733,3.076495,7.752684006923941,7.68089989574872,Belaga,P.216 Hulu Rajang,N.66 Murum,Luar Bandar
6762,113.969797,3.405429,0.14291730281937368,0.09419549504004174,Sebauh,P.220 Baram,N.77 Telang Usan,Luar Bandar
6763,113.970891,3.923983,9.808073285612362,8.547598003927241,Subis,P.218 Sibuti,N.72 Lambir,Luar Bandar
6764,113.970988,4.337981,59.55775755588728,55.268279172360764,Miri,P.219 Miri,N.73 Piasau,Bandar
6765,113.971674,4.343523,9.351671527585541,8.678143938341153,Miri,P.219 Miri,N.73 Piasau,Bandar
6766,113.97191,4.229217,2.5964918225916005,2.4094868713800173,Miri,P.218 Sibuti,N.72 Lambir,Luar Bandar
6767,113.97337,4.38319,14.89755966486579,13.824605229169087,Miri,P.219 Miri,N.73 Piasau,Bandar
6768,113.975877,1.852053,11.564881933658503,5.883887299580643,Bukit Mabong,P.216 Hulu Rajang,N.64 Baleh,Luar Bandar
6769,113.975877,4.237309,1.252563341944441,1.1623510236880548,Miri,P.218 Sibuti,N.72 Lambir,Luar Bandar
6770,113.975877,4.295689,4.361091521059998,4.046996286856231,Miri,P.218 Sibuti,N.72 Lambir,Bandar
6771,113.975877,4.304029,6.618620038544785,6.141932722749317,Miri,P.218 Sibuti,N.72 Lambir,Bandar
6772,113.975877,4.312369,120.0341556909346,111.3890364444961,Miri,P.218 Sibuti,N.72 Lambir,Bandar
6773,113.975877,4.320709,310.844786545947,288.4570733875131,Miri,P.218 Sibuti,N.72 Lambir,Bandar
6774,113.975877,4.329049,167.19092367028028,155.1494721039997,Miri,P.219 Miri,N.73 Piasau,Bandar
6775,113.975877,4.337389,138.21968418372822,128.26480388240708,Miri,P.219 Miri,N.73 Piasau,Bandar
6776,113.975877,4.345729,240.58918453193047,223.26143162935378,Miri,P.219 Miri,N.73 Piasau,Bandar
6777,113.975877,4.354069,266.48309327375875,247.2904051155379,Miri,P.219 Miri,N.73 Piasau,Bandar
6778,113.975877,4.362409,183.95646482587173,170.7075227608505,Miri,P.219 Miri,N.75 Senadin,Bandar
6779,113.975877,4.37075,265.83829418520173,246.6920458505335,Miri,P.219 Miri,N.75 Senadin,Bandar
6780,113.975877,4.37909,186.6042779552834,173.1646346676453,Miri,P.219 Miri,N.75 Senadin,Bandar
6781,113.975877,4.38743,29.34028158713641,27.22713111271661,Miri,P.219 Miri,N.73 Piasau,Bandar
6782,113.975877,4.570911,108.71757965823849,100.88750466900248,Miri,P.219 Miri,N.75 Senadin,Luar Bandar
6783,113.975877,4.579251,92.96914652932449,86.2733077211183,Miri,P.219 Miri,N.75 Senadin,Luar Bandar
6784,113.976974,4.008024,3.4877893655517322,3.0395594069266103,Subis,P.218 Sibuti,N.72 Lambir,Luar Bandar
6785,113.977768,3.73213,31.8536616271763,27.760018365852446,Subis,P.217 Bintulu,N.69 Kemena,Luar Bandar
6786,113.978133,2.789393,14.068056409782981,13.937796628210915,Belaga,P.216 Hulu Rajang,N.65 Belaga,Luar Bandar
6787,113.979464,4.547271,17.274447831136893,16.030304774046705,Miri,P.219 Miri,N.75 Senadin,Luar Bandar
6788,113.980794,4.392604,33.27349551848136,30.877066478369134,Miri,P.219 Miri,N.73 Piasau,Bandar
6789,113.98103,4.010208,8.737190187826503,7.614338436780528,Subis,P.218 Sibuti,N.72 Lambir,Luar Bandar
6790,113.981277,4.007532,6.6108213203378,5.7612378574831435,Subis,P.218 Sibuti,N.72 Lambir,Luar Bandar
6791,113.981845,4.540405,17.274447831136893,16.030304774046705,Miri,P.219 Miri,N.75 Senadin,Luar Bandar
6792,113.982317,4.125766,196.04975408370194,188.20776392035387,Beluru,P.220 Baram,N.76 Marudi,Luar Bandar
6793,113.983401,4.126921,109.8413195087594,105.44766672840902,Beluru,P.220 Baram,N.76 Marudi,Luar Bandar
6794,113.984208,3.853666,17.487766958431287,15.24034309228751,Subis,P.218 Sibuti,N.71 Bekenu,Luar Bandar
6795,113.984208,4.295689,74.76805676295798,69.38309976617984,Miri,P.218 Sibuti,N.72 Lambir,Bandar
6796,113.984208,4.304029,129.28856163794126,119.97692007952998,Miri,P.218 Sibuti,N.72 Lambir,Bandar
6797,113.984208,4.312369,65.38867230307918,60.67923884080754,Miri,P.218 Sibuti,N.72 Lambir,Bandar
6798,113.984208,4.320709,150.88300752200178,140.01608731266094,Miri,P.218 Sibuti,N.72 Lambir,Bandar
6799,113.984208,4.329049,218.20917696651648,202.49328056449593,Miri,P.218 Sibuti,N.72 Lambir,Bandar
6800,113.984208,4.337389,234.64902463586256,217.7490948836952,Miri,P.218 Sibuti,N.72 Lambir,Bandar
6801,113.984208,4.345729,246.590254565514,228.83029163281768,Miri,P.218 Sibuti,N.72 Lambir,Bandar
6802,113.984208,4.354069,260.90933390498856,242.11807993953235,Miri,P.219 Miri,N.75 Senadin,Bandar
6803,113.984208,4.362409,237.90690070056564,220.77233167504016,Miri,P.219 Miri,N.75 Senadin,Bandar
6804,113.984208,4.37075,228.25897758707862,211.81927283011453,Miri,P.219 Miri,N.75 Senadin,Bandar
6805,113.984208,4.37909,262.70642014084893,243.78573614178504,Miri,P.219 Miri,N.75 Senadin,Bandar
6806,113.984208,4.38743,234.18274070372945,217.31639372783758,Miri,P.219 Miri,N.75 Senadin,Bandar
6807,113.984208,4.39577,216.13173958928093,200.5654647158147,Miri,P.219 Miri,N.73 Piasau,Bandar
6808,113.984208,4.554231,18.477162190389393,17.146397046483234,Miri,P.219 Miri,N.75 Senadin,Luar Bandar
6809,113.984208,4.562571,73.46199365955877,68.17110214945205,Miri,P.219 Miri,N.75 Senadin,Luar Bandar
6810,113.984208,4.570911,120.65813452822758,111.96807497771812,Miri,P.219 Miri,N.75 Senadin,Luar Bandar
6811,113.984208,4.579251,75.39306472776272,69.96309330692662,Miri,P.219 Miri,N.75 Senadin,Luar Bandar
6812,113.984208,4.587591,23.928577165616293,22.205189336513737,Miri,P.219 Miri,N.75 Senadin,Luar Bandar
6813,113.986416,1.841266,11.564881933658503,5.883887299580643,Bukit Mabong,P.216 Hulu Rajang,N.64 Baleh,Luar Bandar
6814,113.988132,4.400477,48.23368877128893,44.759794289146235,Miri,P.219 Miri,N.73 Piasau,Bandar
6815,113.99016,4.585184,19.90796807550328,18.47415320025928,Miri,P.219 Miri,N.75 Senadin,Luar Bandar
6816,113.991416,4.576339,20.792289755504438,19.29478412214401,Miri,P.219 Miri,N.75 Senadin,Luar Bandar
6817,113.991748,3.989391,23.514188387104152,20.49228465864097,Subis,P.218 Sibuti,N.72 Lambir,Luar Bandar
6818,113.992539,4.045487,173.42427160931314,166.4873007449406,Beluru,P.218 Sibuti,N.72 Lambir,Luar Bandar
6819,113.992539,4.287349,3.5106317352860197,3.2577884524122345,Miri,P.218 Sibuti,N.72 Lambir,Bandar
6820,113.992539,4.295689,81.80933240820676,75.91724752562124,Miri,P.218 Sibuti,N.72 Lambir,Bandar
6821,113.992539,4.304029,223.87286182029806,207.74905459778347,Miri,P.218 Sibuti,N.72 Lambir,Bandar
6822,113.992539,4.312369,220.78147792876865,204.88031885356648,Miri,P.218 Sibuti,N.72 Lambir,Bandar
6823,113.992539,4.320709,223.17783910429304,207.10408891949632,Miri,P.218 Sibuti,N.72 Lambir,Bandar
6824,113.992539,4.329049,91.97566159506074,85.35137571840816,Miri,P.219 Miri,N.75 Senadin,Bandar
6825,113.992539,4.337389,171.1266013861564,158.80169380709808,Miri,P.218 Sibuti,N.72 Lambir,Bandar
6826,113.992539,4.345729,210.74966318473113,195.57101708278373,Miri,P.219 Miri,N.75 Senadin,Bandar
6827,113.992539,4.354069,240.39407867049778,223.08037771361984,Miri,P.219 Miri,N.75 Senadin,Bandar
6828,113.992539,4.362409,85.32127183791562,79.1762494894785,Miri,P.219 Miri,N.75 Senadin,Bandar
6829,113.992539,4.37075,76.9754500300283,71.43151180071878,Miri,P.219 Miri,N.75 Senadin,Bandar
6830,113.992539,4.37909,181.69603222554022,168.60989140043205,Miri,P.219 Miri,N.75 Senadin,Bandar
6831,113.992539,4.38743,115.85764811691307,107.51332996998858,Miri,P.219 Miri,N.75 Senadin,Bandar
6832,113.992539,4.39577,265.3109777010464,246.20270783892113,Miri,P.219 Miri,N.73 Piasau,Bandar
6833,113.992539,4.40411,260.36266472821654,241.61078305804028,Miri,P.219 Miri,N.73 Piasau,Bandar
6834,113.992539,4.41245,160.28758492476283,148.7433267307356,Miri,P.219 Miri,N.74 Pujut,Bandar
6835,113.992539,4.42079,113.61747198182834,105.43449616042241,Miri,P.219 Miri,N.74 Pujut,Bandar
6836,113.992539,4.51253,30.500564054596822,28.30384752988902,Miri,P.219 Miri,N.75 Senadin,Luar Bandar
6837,113.992539,4.52087,20.834949695401342,19.334371600995706,Miri,P.219 Miri,N.75 Senadin,Luar Bandar
6838,113.992539,4.554231,6.69534161829689,6.213128648558056,Miri,P.219 Miri,N.75 Senadin,Luar Bandar
6839,113.992539,4.562571,59.42670192584892,55.14666245196507,Miri,P.219 Miri,N.75 Senadin,Luar Bandar
6840,113.992539,4.570911,161.1287929951912,149.523949178363,Miri,P.219 Miri,N.75 Senadin,Luar Bandar
6841,113.994023,3.005945,9.408854894783477,9.321735867979928,Belaga,P.216 Hulu Rajang,N.65 Belaga,Luar Bandar
6842,113.995814,4.50404,11.265275629443607,10.453926138126342,Miri,P.219 Miri,N.75 Senadin,Luar Bandar
6843,113.996598,4.064447,9.153443292396616,8.787305560700753,Beluru,P.220 Baram,N.76 Marudi,Luar Bandar
6844,113.997413,4.053145,15.079944647767434,14.476746861856736,Beluru,P.220 Baram,N.76 Marudi,Luar Bandar
6845,113.997853,4.492767,8.073250340854443,7.491797407718112,Miri,P.219 Miri,N.75 Senadin,Luar Bandar
6846,113.998411,4.424909,26.35753711953147,24.45921034637962,Miri,P.219 Miri,N.74 Pujut,Bandar
6847,113.999269,4.060979,7.3227546339172935,7.029844448560601,Beluru,P.220 Baram,N.76 Marudi,Luar Bandar
6848,114.00087,3.378283,0.203854911808827,0.13435891914672687,Sebauh,P.220 Baram,N.77 Telang Usan,Luar Bandar
6849,114.00087,4.045487,27.46032987718985,26.361916682102255,Beluru,P.220 Baram,N.76 Marudi,Luar Bandar
6850,114.00087,4.295689,2.530163856540464,2.347935988756386,Miri,P.218 Sibuti,N.72 Lambir,Bandar
6851,114.00087,4.304029,4.4608952585695665,4.139611943547935,Miri,P.218 Sibuti,N.72 Lambir,Bandar
6852,114.00087,4.312369,22.72043536392406,21.08406051776886,Miri,P.218 Sibuti,N.72 Lambir,Bandar
6853,114.00087,4.320709,101.98890993267435,94.64344827547342,Miri,P.218 Sibuti,N.72 Lambir,Bandar
6854,114.00087,4.329049,104.66480079233585,97.12661569371886,Miri,P.219 Miri,N.75 Senadin,Bandar
6855,114.00087,4.337389,137.06745306767849,127.19555894092048,Miri,P.219 Miri,N.75 Senadin,Bandar
6856,114.00087,4.345729,148.8537610071916,138.13299151636892,Miri,P.219 Miri,N.75 Senadin,Bandar
6857,114.00087,4.354069,107.22653355166238,99.50384692467284,Miri,P.219 Miri,N.75 Senadin,Bandar
6858,114.00087,4.37075,26.64130013140832,24.72253613302434,Miri,P.219 Miri,N.75 Senadin,Bandar
6859,114.00087,4.37909,63.90017048465133,59.297942139496385,Miri,P.219 Miri,N.75 Senadin,Bandar
6860,114.00087,4.38743,23.166502503401926,21.49800093805996,Miri,P.219 Miri,N.75 Senadin,Bandar
6861,114.00087,4.39577,29.962678696486357,27.804701837459643,Miri,P.219 Miri,N.75 Senadin,Bandar
6862,114.00087,4.40411,217.21421258547667,201.56997566796315,Miri,P.219 Miri,N.73 Piasau,Bandar
6863,114.00087,4.41245,325.52669133429896,302.0815556703328,Miri,P.219 Miri,N.74 Pujut,Bandar
6864,114.00087,4.42079,281.75258757085123,261.4601574410946,Miri,P.219 Miri,N.74 Pujut,Bandar
6865,114.00087,4.42913,198.88491276064877,184.5607916199926,Miri,P.219 Miri,N.74 Pujut,Bandar
6866,114.00087,4.43747,157.9023122327566,146.52984653178245,Miri,P.219 Miri,N.74 Pujut,Bandar
6867,114.00087,4.44581,111.70551518933318,103.66024262722055,Miri,P.219 Miri,N.74 Pujut,Bandar
6868,114.00087,4.45415,61.096954056418966,56.69661941523644,Miri,P.219 Miri,N.73 Piasau,Bandar
6869,114.00087,4.46249,51.63757323157556,47.91852363594962,Miri,P.219 Miri,N.73 Piasau,Bandar
6870,114.00087,4.47083,124.77397760560572,115.78748614370613,Miri,P.219 Miri,N.73 Piasau,Bandar
6871,114.00087,4.47917,178.88463633209557,166.0009783137175,Miri,P.219 Miri,N.73 Piasau,Bandar
6872,114.00087,4.48751,130.0950346453565,120.7253091584333,Miri,P.219 Miri,N.75 Senadin,Luar Bandar
6873,114.00087,4.49585,55.138262727857914,51.16708591089308,Miri,P.219 Miri,N.75 Senadin,Luar Bandar
6874,114.00087,4.50419,23.028681942105464,21.370106511372107,Miri,P.219 Miri,N.75 Senadin,Luar Bandar
6875,114.00087,4.554231,15.713425886872535,14.58171100305346,Miri,P.219 Miri,N.75 Senadin,Luar Bandar
6876,114.00087,4.562571,38.66574280873669,35.880952467941256,Miri,P.219 Miri,N.75 Senadin,Luar Bandar
6877,114.00087,4.570911,73.26490672034168,67.98820983743619,Miri,P.219 Miri,N.75 Senadin,Luar Bandar
6878,114.00087,4.579251,8.306858592916505,7.708580688717534,Miri,P.219 Miri,N.75 Senadin,Luar Bandar
6879,114.003958,3.987946,13.07743104748315,11.396797338569655,Subis,P.218 Sibuti,N.72 Lambir,Luar Bandar
6880,114.004891,3.87969,2.6154862094966305,2.2793594677139315,Subis,P.218 Sibuti,N.72 Lambir,Luar Bandar
6881,114.00915,4.026411,18.306886584793233,17.574611121401507,Beluru,P.220 Baram,N.76 Marudi,Luar Bandar
6882,114.009201,4.262329,8.77371776741776,8.141815656745013,Miri,P.218 Sibuti,N.72 Lambir,Bandar
6883,114.009201,4.312369,7.21530689160293,6.695644899409921,Miri,P.218 Sibuti,N.72 Lambir,Bandar
6884,114.009201,4.320709,10.776719219108633,10.00055661607034,Miri,P.219 Miri,N.75 Senadin,Bandar
6885,114.009201,4.329049,11.462914494178685,10.637330624791852,Miri,P.219 Miri,N.75 Senadin,Bandar
6886,114.009201,4.337389,41.97564593048139,38.95246921526667,Miri,P.219 Miri,N.75 Senadin,Bandar
6887,114.009201,4.345729,26.38822258854215,24.48768578161114,Miri,P.219 Miri,N.75 Senadin,Bandar
6888,114.009201,4.354069,3.081198066229472,2.8592835240633603,Miri,P.219 Miri,N.75 Senadin,Bandar
6889,114.009201,4.37075,6.691006318531524,6.209105586448921,Miri,P.219 Miri,N.75 Senadin,Bandar
6890,114.009201,4.37909,18.383010790600586,17.059026633936835,Miri,P.219 Miri,N.75 Senadin,Bandar
6891,114.009201,4.38743,4.8976667576996,4.5449262155938115,Miri,P.219 Miri,N.75 Senadin,Bandar
6892,114.009201,4.39577,13.559639840318619,12.583045281182098,Miri,P.219 Miri,N.75 Senadin,Bandar
6893,114.009201,4.40411,74.14471438674097,68.80465185473193,Miri,P.219 Miri,N.75 Senadin,Bandar
6894,114.009201,4.41245,281.2691034955722,261.0114949335643,Miri,P.219 Miri,N.74 Pujut,Bandar
6895,114.009201,4.42079,337.3755076471843,313.07699463104365,Miri,P.219 Miri,N.74 Pujut,
6896,114.009201,4.42913,286.04031524081233,265.4390736999228,Miri,P.219 Miri,N.74 Pujut,Bandar
6897,114.009201,4.43747,258.5731966462543,239.95019633378172,Miri,P.219 Miri,N.74 Pujut,Bandar
6898,114.009201,4.44581,248.76522788615569,230.84861867551842,Miri,P.219 Miri,N.74 Pujut,Bandar
6899,114.009201,4.45415,120.82969409184051,112.12727845087693,Miri,P.219 Miri,N.74 Pujut,Bandar
6900,114.009201,4.46249,118.70577380863645,110.15632749554905,Miri,P.219 Miri,N.75 Senadin,Bandar
6901,114.009201,4.47083,244.95250577601377,227.31049704976348,Miri,P.219 Miri,N.75 Senadin,Bandar
6902,114.009201,4.47917,243.50600542625546,225.96817678059722,Miri,P.219 Miri,N.75 Senadin,Luar Bandar
6903,114.009201,4.48751,136.21035390671346,126.40018991343217,Miri,P.219 Miri,N.75 Senadin,Luar Bandar
6904,114.009201,4.49585,203.97918215928385,189.28816072952935,Miri,P.219 Miri,N.75 Senadin,Luar Bandar
6905,114.009201,4.50419,89.27654473754646,82.8466550888589,Miri,P.219 Miri,N.75 Senadin,
6906,114.009201,4.554231,58.14954118472683,53.96148558693487,Miri,P.219 Miri,N.75 Senadin,Luar Bandar
6907,114.009201,4.562571,38.76420353374014,35.97232183878932,Miri,P.219 Miri,N.75 Senadin,Luar Bandar
6908,114.009201,4.570911,34.225091990262044,31.760126916171153,Miri,P.219 Miri,N.75 Senadin,Luar Bandar
6909,114.012229,3.051147,7.752684006923941,7.68089989574872,Belaga,P.216 Hulu Rajang,N.66 Murum,Luar Bandar
6910,114.014343,4.048426,3.994596059208524,3.8348122168401835,Beluru,P.220 Baram,N.76 Marudi,Luar Bandar
6911,114.015834,3.951984,31.069406283612537,27.076550857606108,Subis,P.218 Sibuti,N.72 Lambir,Luar Bandar
6912,114.016253,3.893038,3.2693577618707876,2.849199334642414,Subis,P.218 Sibuti,N.72 Lambir,Luar Bandar
6913,114.017532,3.670185,4.521784673177294,4.340913286250202,Beluru,P.220 Baram,N.76 Marudi,Luar Bandar
6914,114.017532,3.945407,15.639629517492818,13.629717290345146,Subis,P.218 Sibuti,N.72 Lambir,Luar Bandar
6915,114.017532,4.304029,10.51523206634859,9.757902333038166,Miri,P.218 Sibuti,N.72 Lambir,Bandar
6916,114.017532,4.312369,8.53899690980558,7.923999902451161,Miri,P.218 Sibuti,N.72 Lambir,Bandar
6917,114.017532,4.320709,12.180836572834908,11.303546404154279,Miri,P.218 Sibuti,N.72 Lambir,Bandar
6918,114.017532,4.329049,26.135838191679866,24.253478654328966,Miri,P.218 Sibuti,N.72 Lambir,Bandar
6919,114.017532,4.337389,10.46784210034728,9.713925494782103,Miri,P.219 Miri,N.75 Senadin,Bandar
6920,114.017532,4.37075,6.019535809740872,5.585995834524078,Miri,P.219 Miri,N.75 Senadin,Bandar
6921,114.017532,4.39577,23.10732390040561,21.443084505916563,Miri,P.219 Miri,N.75 Senadin,Bandar
6922,114.017532,4.40411,46.94325937696597,43.56230440798781,Miri,P.219 Miri,N.75 Senadin,Bandar
6923,114.017532,4.41245,227.1212994509766,210.7635327315157,Miri,P.219 Miri,N.75 Senadin,Bandar
6924,114.017532,4.42079,260.35892466893745,241.60731236591147,Miri,P.219 Miri,N.75 Senadin,Bandar
6925,114.017532,4.42913,276.58963887903946,256.66905546946873,Miri,P.219 Miri,N.74 Pujut,Bandar
6926,114.017532,4.43747,227.13068333997074,210.772240772549,Miri,P.219 Miri,N.74 Pujut,Bandar
6927,114.017532,4.44581,206.41265559835375,191.54637015359702,Miri,P.219 Miri,N.75 Senadin,Bandar
6928,114.017532,4.45415,174.3280854698785,161.7726000897764,Miri,P.219 Miri,N.75 Senadin,Bandar
6929,114.017532,4.46249,60.29842159212698,55.95559898438376,Miri,P.219 Miri,N.75 Senadin,Bandar
6930,114.017532,4.47083,158.53460631613757,147.11660142910273,Miri,P.219 Miri,N.75 Senadin,Bandar
6931,114.017532,4.47917,127.86896050717434,118.65956168948313,Miri,P.219 Miri,N.75 Senadin,Luar Bandar
6932,114.017532,4.48751,76.8251631630709,71.29204891863921,Miri,P.219 Miri,N.75 Senadin,Luar Bandar
6933,114.017532,4.49585,199.63016703512127,185.25237107137292,Miri,P.219 Miri,N.75 Senadin,
6934,114.017532,4.50419,86.63511023254534,80.39546240416257,Miri,P.219 Miri,N.75 Senadin,
6935,114.017532,4.51253,19.395378009201792,17.998480978068145,Miri,P.219 Miri,N.75 Senadin,
6936,114.017532,4.554231,22.673794269357867,21.040778615609103,Miri,P.219 Miri,N.75 Senadin,Luar Bandar
6937,114.017532,4.562571,41.32548255551015,38.34913201134598,Miri,P.219 Miri,N.75 Senadin,Luar Bandar
6938,114.017532,4.570911,17.9078336474042,16.618072775291985,Miri,P.219 Miri,N.75 Senadin,Luar Bandar
6939,114.020593,4.172897,9.153443292396616,8.787305560700753,Beluru,P.220 Baram,N.76 Marudi,Luar Bandar
6940,114.021124,3.92089,1.0353526850010064,0.9022953118281865,Subis,P.220 Baram,N.76 Marudi,Luar Bandar
6941,114.022121,4.123315,73.22754633917293,70.29844448560603,Beluru,P.220 Baram,N.76 Marudi,Luar Bandar
6942,114.023484,4.162887,27.46032987718985,26.361916682102255,Beluru,P.220 Baram,N.76 Marudi,Luar Bandar
6943,114.025863,3.203142,2.1483854559454336,2.128492998020013,Belaga,P.216 Hulu Rajang,N.66 Murum,Luar Bandar
6944,114.025863,3.937067,4.6089626634031955,4.016646176540134,Subis,P.220 Baram,N.76 Marudi,Luar Bandar
6945,114.025863,4.279009,6.102072699981516,5.662588239595036,Miri,P.219 Miri,N.75 Senadin,Bandar
6946,114.025863,4.304029,128.24072392719293,119.00454990473582,Miri,P.218 Sibuti,N.72 Lambir,Bandar
6947,114.025863,4.312369,42.66008692621397,39.587615291639004,Miri,P.218 Sibuti,N.72 Lambir,Bandar
6948,114.025863,4.320709,29.230685701485434,27.125428559550194,Miri,P.218 Sibuti,N.72 Lambir,Bandar
6949,114.025863,4.39577,0.7782769189265436,0.722223733629895,Miri,P.219 Miri,N.75 Senadin,Bandar
6950,114.025863,4.41245,29.649754140049275,27.514314783702236,Miri,P.219 Miri,N.75 Senadin,Bandar
6951,114.025863,4.42079,25.016023936788116,23.214315841617783,Miri,P.219 Miri,N.75 Senadin,Bandar
6952,114.025863,4.42913,43.74149263338741,40.59113582322655,Miri,P.219 Miri,N.75 Senadin,Bandar
6953,114.025863,4.43747,24.149840834686618,22.41051711806099,Miri,P.219 Miri,N.75 Senadin,Bandar
6954,114.025863,4.44581,46.94196207284363,43.561100538511404,Miri,P.219 Miri,N.75 Senadin,Bandar
6955,114.025863,4.45415,34.93108805279009,32.41527561685507,Miri,P.219 Miri,N.75 Senadin,Bandar
6956,114.025863,4.46249,44.31394924720543,41.12236287483053,Miri,P.219 Miri,N.75 Senadin,Bandar
6957,114.025863,4.47083,59.56805353629721,55.27783361401542,Miri,P.219 Miri,N.75 Senadin,Bandar
6958,114.025863,4.47917,113.621483559166,105.43821881529254,Miri,P.219 Miri,N.75 Senadin,Bandar
6959,114.025863,4.48751,104.21141245606145,96.70588136504318,Miri,P.219 Miri,N.75 Senadin,Bandar
6960,114.025863,4.49585,176.66220540593213,163.93861166478464,Miri,P.219 Miri,N.75 Senadin,
6961,114.025863,4.50419,42.937277985246084,39.84484245168265,Miri,P.219 Miri,N.75 Senadin,
6962,114.025863,4.562571,111.24224152161716,103.23033493003257,Miri,P.219 Miri,N.75 Senadin,Luar Bandar
6963,114.025863,4.587591,7.530828353435007,6.988441823824729,Miri,P.219 Miri,N.75 Senadin,Luar Bandar
6964,114.029589,4.159538,18.306886584793233,17.574611121401507,Beluru,P.220 Baram,N.76 Marudi,Luar Bandar
6965,114.029589,4.269189,2.172132566655814,2.0156908859548412,Miri,P.219 Miri,N.75 Senadin,Bandar
6966,114.030061,3.822613,163.7803241499751,157.2291111839761,Beluru,P.218 Sibuti,N.71 Bekenu,Luar Bandar
6967,114.034191,3.029559,4.46167052251101,4.420358758413687,Belaga,P.216 Hulu Rajang,N.65 Belaga,Luar Bandar
6968,114.034195,4.304029,46.84666134174317,43.47266357197773,Miri,P.218 Sibuti,N.72 Lambir,Bandar
6969,114.034195,4.312369,41.205169418005376,38.237484085960666,Miri,P.218 Sibuti,N.72 Lambir,Bandar
6970,114.034195,4.320709,23.439723384045966,21.751543860541272,Miri,P.218 Sibuti,N.72 Lambir,Bandar
6971,114.034195,4.337389,0.8240743919078141,0.7647227736540657,Miri,P.219 Miri,N.75 Senadin,Bandar
6972,114.034195,4.42079,17.56406667683906,16.299064644712153,Miri,P.219 Miri,N.75 Senadin,Bandar
6973,114.034195,4.43747,21.906328010133134,20.328586934611078,Miri,P.219 Miri,N.75 Senadin,Bandar
6974,114.034195,4.44581,62.676708428718314,58.16259646432309,Miri,P.219 Miri,N.75 Senadin,Bandar
6975,114.034195,4.45415,142.38966083223758,132.13444980276896,Miri,P.219 Miri,N.75 Senadin,Bandar
6976,114.034195,4.46249,190.84759087136283,177.10233501913171,Miri,P.219 Miri,N.75 Senadin,Bandar
6977,114.034195,4.47083,193.4765474899132,179.54194850172001,Miri,P.219 Miri,N.75 Senadin,Bandar
6978,114.034195,4.47917,182.2661072457847,169.13890838597752,Miri,P.219 Miri,N.75 Senadin,Bandar
6979,114.034195,4.48751,60.752883293491834,56.377329372076915,Miri,P.219 Miri,N.75 Senadin,
6980,114.034195,4.49585,84.74865989226272,78.64487829337398,Miri,P.219 Miri,N.75 Senadin,
6981,114.034195,4.50419,31.42949517884998,29.165875027464665,Miri,P.219 Miri,N.75 Senadin,
6982,114.034195,4.554231,24.76793593161393,22.984095670611268,Miri,P.219 Miri,N.75 Senadin,Luar Bandar
6983,114.034195,4.562571,77.10228206630732,71.54920911970348,Miri,P.219 Miri,N.75 Senadin,Luar Bandar
6984,114.034195,4.587591,31.27558669626567,29.023051366340717,Miri,P.219 Miri,N.75 Senadin,Luar Bandar
6985,114.038107,3.993554,9.153443292396616,8.787305560700753,Beluru,P.220 Baram,N.76 Marudi,Luar Bandar
6986,114.0400006,4.326021,6.909779132454757,6.41212190961868,Miri,P.219 Miri,N.75 Senadin,Bandar
6987,114.041047,3.481252,7.8875892328874695,7.572085663571972,Beluru,P.220 Baram,N.76 Marudi,Luar Bandar
6988,114.042526,2.777799,26.167886387806877,25.92559114347533,Belaga,P.216 Hulu Rajang,N.65 Belaga,Luar Bandar
6989,114.042526,4.42079,15.47058324014316,14.356358408443098,Miri,P.219 Miri,N.75 Senadin,Bandar
6990,114.042526,4.42913,65.19388315254957,60.49847882577316,Miri,P.219 Miri,N.75 Senadin,Bandar
6991,114.042526,4.44581,18.957642098475617,17.592271753433053,Miri,P.219 Miri,N.75 Senadin,Bandar
6992,114.042526,4.45415,134.58657128849188,124.89335562782486,Miri,P.219 Miri,N.75 Senadin,Bandar
6993,114.042526,4.46249,176.98572554897675,164.2388311881086,Miri,P.219 Miri,N.75 Senadin,Bandar
6994,114.042526,4.47083,162.7064168377544,150.9879491430685,Miri,P.219 Miri,N.75 Senadin,Bandar
6995,114.042526,4.47917,120.74524245156749,112.04890920020807,Miri,P.219 Miri,N.75 Senadin,Bandar
6996,114.042526,4.48751,15.857262848137857,14.715188515584991,Miri,P.219 Miri,N.75 Senadin,Bandar
6997,114.042526,4.49585,23.85689398369243,22.13866893223536,Miri,P.219 Miri,N.75 Senadin,Bandar
6998,114.042526,4.50419,11.16502793881961,10.360898502782742,Miri,P.219 Miri,N.75 Senadin,
6999,114.042526,4.554231,73.09599696215545,67.83146532499191,Miri,P.219 Miri,N.75 Senadin,Luar Bandar
7000,114.042526,4.562571,72.92200043186529,67.67000040076141,Miri,P.219 Miri,N.75 Senadin,Luar Bandar
7001,114.042882,3.471817,4.888036130258273,4.692514685047941,Beluru,P.220 Baram,N.77 Telang Usan,Luar Bandar
7002,114.043429,3.477889,4.073363441881893,3.9104289042066176,Beluru,P.220 Baram,N.77 Telang Usan,Luar Bandar
7003,114.043525,4.265092,4.145867479472854,3.847273145771209,Miri,P.219 Miri,N.75 Senadin,Bandar
7004,114.045693,4.197256,5.492065975437971,5.272383336420452,Beluru,P.220 Baram,N.76 Marudi,Luar Bandar
7005,114.046412,2.772708,6.8096916938903815,6.746638993021026,Belaga,P.216 Hulu Rajang,N.65 Belaga,Luar Bandar
7006,114.046991,3.977778,7.426787388841895,7.129715893288219,Beluru,P.220 Baram,N.76 Marudi,Luar Bandar
7007,114.049244,3.883672,21.9202882889474,21.043476757389506,Beluru,P.220 Baram,N.76 Marudi,Luar Bandar
7008,114.050857,2.769459,37.03689076174277,36.69395658802293,Belaga,P.216 Hulu Rajang,N.65 Belaga,Luar Bandar
7009,114.050857,2.777799,65.59475494472608,64.98739610264528,Belaga,P.216 Hulu Rajang,N.65 Belaga,Luar Bandar
7010,114.050857,4.42913,6.62012037794125,6.143325004460716,Miri,P.219 Miri,N.75 Senadin,Bandar
7011,114.050857,4.43747,74.41493518837167,69.0554107703726,Miri,P.219 Miri,N.75 Senadin,Bandar
7012,114.050857,4.44581,1.5866625357020065,1.4723876716348263,Miri,P.219 Miri,N.75 Senadin,Bandar
7013,114.050857,4.45415,26.004676758857837,24.131763751294667,Miri,P.219 Miri,N.75 Senadin,Bandar
7014,114.050857,4.46249,110.70211756090251,102.7291118639954,Miri,P.219 Miri,N.75 Senadin,Bandar
7015,114.050857,4.47083,115.4372311046272,107.12319229930779,Miri,P.219 Miri,N.75 Senadin,Bandar
7016,114.050857,4.47917,32.58045150584143,30.233936992955343,Miri,P.219 Miri,N.75 Senadin,Bandar
7017,114.050857,4.554231,33.817672182697194,31.382050363444762,Miri,P.219 Miri,N.75 Senadin,Luar Bandar
7018,114.050857,4.562571,114.39451931457467,106.15557886532551,Miri,P.219 Miri,N.75 Senadin,Luar Bandar
7019,114.053852,4.158403,21.968263901751882,21.089533345681808,Beluru,P.220 Baram,N.76 Marudi,Luar Bandar
7020,114.054029,2.763245,5.021683246325959,4.975186179230349,Belaga,P.216 Hulu Rajang,N.65 Belaga,Luar Bandar
7021,114.056003,3.8768,28.70910900830531,27.5607446479731,Beluru,P.218 Sibuti,N.72 Lambir,Luar Bandar
7022,114.056089,4.001613,36.613773169586466,35.14922224280301,Beluru,P.220 Baram,N.76 Marudi,Luar Bandar
7023,114.059188,4.42079,2.8061240520122226,2.604020934692783,Miri,P.219 Miri,N.75 Senadin,Bandar
7024,114.059188,4.45415,0.7514463156530129,0.6973255283760647,Miri,P.219 Miri,N.75 Senadin,Bandar
7025,114.059188,4.562571,59.77548690239607,55.47032718089387,Miri,P.219 Miri,N.75 Senadin,
7026,114.059254,4.213349,9.153443292396616,8.787305560700753,Beluru,P.220 Baram,N.76 Marudi,Luar Bandar
7027,114.059769,2.940469,2.6303828123468986,2.6060274159362793,Belaga,P.216 Hulu Rajang,N.65 Belaga,Luar Bandar
7028,114.06052,4.210743,18.306886584793233,17.574611121401507,Beluru,P.220 Baram,N.76 Marudi,Luar Bandar
7029,114.064844,3.54031,14.645509267834587,14.059688897121202,Beluru,P.220 Baram,N.76 Marudi,Luar Bandar
7030,114.06729,2.923433,1.6731264459416286,1.657634534405132,Belaga,P.216 Hulu Rajang,N.65 Belaga,Luar Bandar
7031,114.067519,2.769459,3.4420823077338065,3.4102111752547897,Belaga,P.216 Hulu Rajang,N.66 Murum,Luar Bandar
7032,114.067519,4.42079,2.126221758095257,1.9730866730246848,Miri,P.219 Miri,N.75 Senadin,Bandar
7033,114.067519,4.45415,1.1912332402265806,1.1054380484097077,Miri,P.219 Miri,N.75 Senadin,Bandar
7034,114.067519,4.554231,11.248479759824964,10.438339943327875,Miri,P.219 Miri,N.75 Senadin,
7035,114.067519,4.562571,44.84507971579248,41.61524017947501,Miri,P.219 Miri,N.75 Senadin,
7036,114.068652,2.874851,4.46167052251101,4.420358758413687,Belaga,P.216 Hulu Rajang,N.65 Belaga,Luar Bandar
7037,114.074752,4.260582,13.408615667630684,12.882787602233403,Marudi,P.220 Baram,N.76 Marudi,Bandar
7038,114.07585,2.89456,2.365609503784063,2.3437057120823592,Belaga,P.216 Hulu Rajang,N.65 Belaga,Luar Bandar
7039,114.07585,3.019661,3.4113325760227884,3.379746163281837,Belaga,P.216 Hulu Rajang,N.65 Belaga,Luar Bandar
7040,114.07585,4.554231,4.526052715273828,4.200076619436931,Miri,P.219 Miri,N.75 Senadin,
7041,114.076699,3.044419,7.752684006923941,7.68089989574872,Belaga,P.216 Hulu Rajang,N.66 Murum,Luar Bandar
7042,114.077611,3.266876,1.7243935690006345,1.7084269618802586,Belaga,P.216 Hulu Rajang,N.66 Murum,Luar Bandar
7043,114.078518,3.807412,9.153443292396616,8.787305560700753,Beluru,P.220 Baram,N.76 Marudi,Luar Bandar
7044,114.078737,3.817839,36.613773169586466,35.14922224280301,Beluru,P.220 Baram,N.76 Marudi,Luar Bandar
7045,114.080851,2.886412,10.61218933035279,10.513928318034708,Belaga,P.216 Hulu Rajang,N.65 Belaga,Luar Bandar
7046,114.081924,3.81073,10.984131950875941,10.544766672840904,Beluru,P.220 Baram,N.76 Marudi,Luar Bandar
7047,114.082396,3.022937,11.969638415445765,11.858808430117564,Belaga,P.216 Hulu Rajang,N.65 Belaga,Luar Bandar
7048,114.082611,3.888371,21.968263901751882,21.089533345681808,Beluru,P.220 Baram,N.76 Marudi,Luar Bandar
7049,114.083641,3.976018,27.46032987718985,26.361916682102255,Beluru,P.220 Baram,N.76 Marudi,Luar Bandar
7050,114.084181,3.870346,18.306886584793233,17.574611121401507,Beluru,P.220 Baram,N.76 Marudi,Luar Bandar
7051,114.084181,4.554231,13.057113908782222,12.116712353025052,Miri,P.219 Miri,N.75 Senadin,
7052,114.085545,3.827008,3.6613773169586468,3.5149222242803004,Beluru,P.220 Baram,N.76 Marudi,Luar Bandar
7053,114.088104,4.189231,5.492065975437971,5.272383336420452,Beluru,P.220 Baram,N.76 Marudi,Luar Bandar
7054,114.088962,3.932589,18.651077380110216,17.90503428490581,Beluru,P.220 Baram,N.76 Marudi,Luar Bandar
7055,114.091172,3.871073,4.99132539008442,4.791672374481044,Beluru,P.220 Baram,N.76 Marudi,Luar Bandar
7056,114.092245,3.957507,18.306886584793233,17.574611121401507,Beluru,P.220 Baram,N.76 Marudi,Luar Bandar
7057,114.092512,3.328243,1.8447009271455868,1.7709128900597633,Beluru,P.220 Baram,N.77 Telang Usan,Luar Bandar
7058,114.092512,3.778606,38.733766856554226,37.184416182292054,Beluru,P.220 Baram,N.76 Marudi,Luar Bandar
7059,114.093533,3.977607,41.02649022903342,39.38543061987208,Beluru,P.220 Baram,N.76 Marudi,Luar Bandar
7060,114.09497,3.966433,36.48420962147727,35.02484123661819,Beluru,P.220 Baram,N.76 Marudi,Luar Bandar
7061,114.096912,3.862767,9.153443292396616,8.787305560700753,Beluru,P.220 Baram,N.76 Marudi,Luar Bandar
7062,114.098307,4.560041,1.3819558264909515,1.282424381923736,Miri,P.219 Miri,N.75 Senadin,
7063,114.099755,4.42508,14.869466949237022,13.798535811618844,Miri,P.219 Miri,N.75 Senadin,Bandar
7064,114.09997,4.289581,1.8035020718570525,1.6736099558784283,Miri,P.220 Baram,N.76 Marudi,Bandar
7065,114.100843,3.770266,61.8287570363549,59.355606754900705,Beluru,P.220 Baram,N.76 Marudi,Luar Bandar
7066,114.100843,3.778606,233.2305924017646,223.90136870569398,Beluru,P.220 Baram,N.76 Marudi,Luar Bandar
7067,114.100843,3.978767,36.613773169586466,35.14922224280301,Beluru,P.220 Baram,N.76 Marudi,Luar Bandar
7068,114.100843,4.304029,8.93444291913546,8.290965035762824,Miri,P.220 Baram,N.76 Marudi,Bandar
7069,114.104873,3.969012,27.46032987718985,26.361916682102255,Beluru,P.220 Baram,N.76 Marudi,Luar Bandar
7070,114.108564,4.259517,8.045169400578411,7.729672561340042,Marudi,P.220 Baram,N.76 Marudi,Bandar
7071,114.109174,3.845326,4.635125482204941,4.449720462916744,Beluru,P.220 Baram,N.76 Marudi,Luar Bandar
7072,114.109174,3.853666,9.432812790921552,9.055500279284692,Beluru,P.220 Baram,N.76 Marudi,Luar Bandar
7073,114.110602,4.264257,4.8143542719019266,4.625556065160675,Marudi,P.220 Baram,N.76 Marudi,Bandar
7074,114.111353,3.735909,9.153443292396616,8.787305560700753,Beluru,P.220 Baram,N.76 Marudi,Luar Bandar
7075,114.111986,3.594204,9.153443292396616,8.787305560700753,Beluru,P.220 Baram,N.76 Marudi,Luar Bandar
7076,114.114347,1.864975,1.90700731209525,0.9702317903642499,Bukit Mabong,P.216 Hulu Rajang,N.65 Belaga,Luar Bandar
7077,114.114583,3.825001,9.153443292396616,8.787305560700753,Beluru,P.220 Baram,N.76 Marudi,Luar Bandar
7078,114.115698,3.804886,10.984131950875941,10.544766672840904,Beluru,P.220 Baram,N.76 Marudi,Luar Bandar
7079,114.115806,3.449252,12.220090325645682,11.731286712619855,Beluru,P.220 Baram,N.77 Telang Usan,Luar Bandar
7080,114.11631,3.586376,36.613773169586466,35.14922224280301,Beluru,P.220 Baram,N.76 Marudi,Luar Bandar
7081,114.117505,4.545891,7.9045587727638775,7.335255370847365,Miri,P.219 Miri,N.75 Senadin,
7082,114.118316,3.91906,21.968263901751882,21.089533345681808,Beluru,P.220 Baram,N.76 Marudi,Luar Bandar
7083,114.11896,3.742644,17.81809636337244,17.105372508837544,Beluru,P.220 Baram,N.76 Marudi,Luar Bandar
7084,114.121567,2.95128,11.154176306277526,11.050896896034216,Belaga,P.216 Hulu Rajang,N.65 Belaga,Luar Bandar
7085,114.121782,4.511548,19.98987817276904,18.55016395533969,Miri,P.219 Miri,N.75 Senadin,
7086,114.126985,4.195972,54.9206597543797,52.72383336420451,Beluru,P.220 Baram,N.76 Marudi,Luar Bandar
7087,114.127361,3.040197,4.107164808017245,4.069135504239308,Belaga,P.216 Hulu Rajang,N.66 Murum,Luar Bandar
7088,114.12779,3.429815,4.374307242172878,4.199334952485963,Beluru,P.220 Baram,N.77 Telang Usan,Luar Bandar
7089,114.13398,3.76079,27.46032987718985,26.361916682102255,Beluru,P.220 Baram,N.76 Marudi,Luar Bandar
7090,114.13523,3.756384,7.3227546339172935,7.029844448560601,Beluru,P.220 Baram,N.76 Marudi,Luar Bandar
7091,114.137591,3.751562,3.76641194371193,3.6157554659634537,Beluru,P.220 Baram,N.76 Marudi,Luar Bandar
7092,114.139431,3.744442,9.153443292396616,8.787305560700753,Beluru,P.220 Baram,N.76 Marudi,Luar Bandar
7093,114.141984,4.569719,3.4548895662273784,3.20606095480934,Miri,P.219 Miri,N.75 Senadin,
7094,114.142498,4.287349,21.229537207587903,20.397006336702106,Marudi,P.220 Baram,N.76 Marudi,Bandar
7095,114.142498,4.329049,2.553385816614262,2.3694854530907974,Miri,P.219 Miri,N.75 Senadin,Bandar
7096,114.143572,3.915934,5.492065975437971,5.272383336420452,Beluru,P.220 Baram,N.76 Marudi,Luar Bandar
7097,114.146962,4.110913,18.306886584793233,17.574611121401507,Beluru,P.220 Baram,N.76 Marudi,Luar Bandar
7098,114.148378,4.248454,8.417342163162097,8.08725031362633,Marudi,P.220 Baram,N.76 Marudi,Luar Bandar
7099,114.149666,3.969066,9.153443292396616,8.787305560700753,Beluru,P.220 Baram,N.76 Marudi,Luar Bandar
7100,114.149741,3.732269,10.984131950875941,10.544766672840904,Beluru,P.220 Baram,N.76 Marudi,Luar Bandar
7101,114.15047,3.61412,36.613773169586466,35.14922224280301,Beluru,P.220 Baram,N.76 Marudi,Luar Bandar
7102,114.152423,3.61699,27.46032987718985,26.361916682102255,Beluru,P.220 Baram,N.76 Marudi,Luar Bandar
7103,114.155738,3.726927,7.3227546339172935,7.029844448560601,Beluru,P.220 Baram,N.76 Marudi,Luar Bandar
7104,114.159161,4.43747,11.711867168384167,10.868353189497773,Miri,P.219 Miri,N.75 Senadin,Bandar
7105,114.164311,3.642933,27.46032987718985,26.361916682102255,Beluru,P.220 Baram,N.76 Marudi,Luar Bandar
7106,114.167492,3.778606,3.1198211545038146,2.995028308323662,Beluru,P.220 Baram,N.76 Marudi,Luar Bandar
7107,114.170673,3.687517,8.716848699402775,8.368174751426665,Beluru,P.220 Baram,N.76 Marudi,Luar Bandar
7108,114.173934,4.519805,13.408615667630684,12.882787602233403,Marudi,P.220 Baram,N.76 Marudi,Bandar
7109,114.175651,4.534324,13.408615667630684,12.882787602233403,Marudi,P.220 Baram,N.76 Marudi,Bandar
7110,114.175823,3.711885,9.036857091605189,8.67538280794098,Beluru,P.220 Baram,N.76 Marudi,Luar Bandar
7111,114.178677,3.748874,10.984131950875941,10.544766672840904,Beluru,P.220 Baram,N.76 Marudi,Luar Bandar
7112,114.184154,3.711885,38.77436490390635,37.2233903077501,Beluru,P.220 Baram,N.76 Marudi,Luar Bandar
7113,114.184154,3.786946,18.354948715943713,17.620750767305964,Beluru,P.220 Baram,N.76 Marudi,Luar Bandar
7114,114.184159,2.981645,2.0503983844396627,2.03141321421337,Belaga,P.216 Hulu Rajang,N.66 Murum,Luar Bandar
7115,114.185683,3.660054,27.46032987718985,26.361916682102255,Beluru,P.220 Baram,N.76 Marudi,Luar Bandar
7116,114.186873,3.59142,5.492065975437971,5.272383336420452,Beluru,P.220 Baram,N.76 Marudi,Luar Bandar
7117,114.188182,3.442034,1.934583916383273,1.857200559727942,Beluru,P.220 Baram,N.77 Telang Usan,Luar Bandar
7118,114.190317,3.706168,32.58421406551033,31.280845502889917,Beluru,P.220 Baram,N.76 Marudi,Luar Bandar
7119,114.191895,2.994642,2.9072565025964776,2.8803374609057695,Belaga,P.216 Hulu Rajang,N.66 Murum,Luar Bandar
7120,114.192485,3.711885,58.520858055949866,56.18002373371188,Beluru,P.220 Baram,N.76 Marudi,Luar Bandar
7121,114.198042,4.293219,28.854431048307873,27.72288473268796,Marudi,P.220 Baram,N.76 Marudi,Luar Bandar
7122,114.199405,3.698031,9.153443292396616,8.787305560700753,Beluru,P.220 Baram,N.76 Marudi,Luar Bandar
7123,114.200703,4.51973,10.726892534104547,10.30623008178672,Marudi,P.220 Baram,N.76 Marudi,Bandar
7124,114.200816,2.669379,40.85857170424422,40.48025159587159,Belaga,P.216 Hulu Rajang,N.66 Murum,Luar Bandar
7125,114.200816,3.695205,10.82547391231994,10.392454955827143,Beluru,P.220 Baram,N.76 Marudi,Luar Bandar
7126,114.200816,3.703545,16.179498263032073,15.532318332510794,Beluru,P.220 Baram,N.76 Marudi,Luar Bandar
7127,114.205756,3.01683,19.381710017309853,19.2022497393718,Belaga,P.216 Hulu Rajang,N.66 Murum,Luar Bandar
7128,114.209147,3.636825,9.187265117076242,8.819774512393192,Beluru,P.220 Baram,N.76 Marudi,Luar Bandar
7129,114.210563,3.681339,14.645509267834587,14.059688897121202,Beluru,P.220 Baram,N.76 Marudi,Luar Bandar
7130,114.214393,4.369347,15.280111600987684,14.680891538203856,Marudi,P.220 Baram,N.76 Marudi,Luar Bandar
7131,114.21508,4.29875,13.417976195411025,12.891781050492947,Marudi,P.220 Baram,N.76 Marudi,Bandar
7132,114.215337,3.000181,2.07555026986233,2.0563322118080496,Belaga,P.216 Hulu Rajang,N.66 Murum,Luar Bandar
7133,114.217478,3.595125,34.76800097179865,33.3772809329267,Beluru,P.220 Baram,N.77 Telang Usan,Luar Bandar
7134,114.218749,3.701189,9.153443292396616,8.787305560700753,Beluru,P.220 Baram,N.76 Marudi,Luar Bandar
7135,114.220637,3.01893,14.536282512982389,14.401687304528851,Belaga,P.216 Hulu Rajang,N.66 Murum,Luar Bandar
7136,114.223083,3.822924,7.3227546339172935,7.029844448560601,Beluru,P.220 Baram,N.76 Marudi,Luar Bandar
7137,114.223759,3.731231,7.3227546339172935,7.029844448560601,Beluru,P.220 Baram,N.76 Marudi,Luar Bandar
7138,114.224886,2.891449,4.017151870122542,3.97995601947326,Belaga,P.216 Hulu Rajang,N.66 Murum,Luar Bandar
7139,114.225809,3.595125,21.12027337159298,20.275462436729264,Beluru,P.220 Baram,N.77 Telang Usan,Luar Bandar
7140,114.230272,4.274063,2.6817231335261367,2.5765575204466806,Marudi,P.220 Baram,N.76 Marudi,Luar Bandar
7141,114.232535,2.846626,18.17847949491319,18.01016024033066,Belaga,P.216 Hulu Rajang,N.66 Murum,Luar Bandar
7142,114.235641,4.256243,26.81723133526137,25.765575204466806,Marudi,P.220 Baram,N.76 Marudi,Luar Bandar
7143,114.236478,3.688614,9.153443292396616,8.787305560700753,Beluru,P.220 Baram,N.76 Marudi,Luar Bandar
7144,114.239026,4.306229,2.6817231335261367,2.5765575204466806,Marudi,P.220 Baram,N.76 Marudi,Luar Bandar
7145,114.239101,3.665247,9.153443292396616,8.787305560700753,Beluru,P.220 Baram,N.76 Marudi,Luar Bandar
7146,114.241161,3.353077,12.911630117063373,12.395164912380839,Beluru,P.220 Baram,N.77 Telang Usan,Luar Bandar
7147,114.241467,4.284564,10.726892534104547,10.30623008178672,Marudi,P.220 Baram,N.76 Marudi,Luar Bandar
7148,114.24651,3.865373,5.492065975437971,5.272383336420452,Beluru,P.220 Baram,N.76 Marudi,Luar Bandar
7149,114.247475,3.64833,14.645509267834587,14.059688897121202,Beluru,P.220 Baram,N.76 Marudi,Luar Bandar
7150,114.2477398,3.614323,9.153443292396616,8.787305560700753,Beluru,P.220 Baram,N.76 Marudi,Luar Bandar
7151,114.249219,3.655685,18.306886584793233,17.574611121401507,Beluru,P.220 Baram,N.76 Marudi,Luar Bandar
7152,114.24938,3.674658,9.153443292396616,8.787305560700753,Beluru,P.220 Baram,N.76 Marudi,Luar Bandar
7153,114.249557,4.29477,5.363446267052273,5.153115040893361,Marudi,P.220 Baram,N.76 Marudi,Luar Bandar
7154,114.249959,3.865068,27.46032987718985,26.361916682102255,Beluru,P.220 Baram,N.76 Marudi,Luar Bandar
7155,114.250592,2.464319,29.072565025964778,28.803374609057702,Belaga,P.216 Hulu Rajang,N.66 Murum,Luar Bandar
7156,114.253907,1.905508,3.8140146241905,1.9404635807284998,Bukit Mabong,P.216 Hulu Rajang,N.65 Belaga,Luar Bandar
7157,114.255806,3.606914,18.306886584793233,17.574611121401507,Beluru,P.220 Baram,N.76 Marudi,Luar Bandar
7158,114.256364,3.67105,4.830389013725727,4.637173453176698,Beluru,P.220 Baram,N.76 Marudi,Luar Bandar
7159,114.257791,4.479226,4.0225847002892055,3.864836280670021,Marudi,P.220 Baram,N.76 Marudi,Luar Bandar
7160,114.260656,3.899621,5.363446267052273,5.153115040893361,Marudi,P.220 Baram,N.76 Marudi,Luar Bandar
7161,114.266723,4.267504,10.450158182738907,10.040348057925618,Marudi,P.220 Baram,N.76 Marudi,Luar Bandar
7162,114.267464,3.711885,3.8731334109316635,3.718208074494397,Beluru,P.220 Baram,N.76 Marudi,Luar Bandar
7163,114.269378,4.453715,20.112923501446026,19.324181403350106,Marudi,P.220 Baram,N.76 Marudi,Luar Bandar
7164,114.272361,4.376558,10.726892534104547,10.30623008178672,Marudi,P.220 Baram,N.76 Marudi,Luar Bandar
7165,114.272908,3.665761,70.26080003472171,67.45036803333285,Beluru,P.220 Baram,N.76 Marudi,Luar Bandar
7166,114.275225,3.67331,14.645509267834587,14.059688897121202,Beluru,P.220 Baram,N.76 Marudi,Luar Bandar
7167,114.275311,4.256495,10.726892534104547,10.30623008178672,Marudi,P.220 Baram,N.76 Marudi,Luar Bandar
7168,114.275796,2.727759,4.845427504327463,4.80056243484295,Belaga,P.216 Hulu Rajang,N.66 Murum,Luar Bandar
7169,114.276953,3.326161,4.888036130258273,4.692514685047941,Beluru,P.220 Baram,N.77 Telang Usan,Luar Bandar
7170,114.276996,3.917133,40.22584700289205,38.64836280670021,Marudi,P.220 Baram,N.76 Marudi,Luar Bandar
7171,114.278841,4.119848,1.668552670411212,1.6031192323558703,Marudi,P.220 Baram,N.78 Mulu,Luar Bandar
7172,114.27956,4.100211,4.449473787763231,4.274984619615655,Marudi,P.220 Baram,N.78 Mulu,Luar Bandar
7173,114.284127,3.511724,42.46604862427505,40.03941727431648,Telang Usan,P.220 Baram,N.77 Telang Usan,Luar Bandar
7174,114.284127,3.728565,17.192875563520417,16.505160540979603,Beluru,P.220 Baram,N.76 Marudi,Luar Bandar
7175,114.287145,4.416244,2.264358502336586,2.1755601296959357,Marudi,P.220 Baram,N.76 Marudi,Luar Bandar
7176,114.290214,3.763456,5.492065975437971,5.272383336420452,Beluru,P.220 Baram,N.76 Marudi,Luar Bandar
7177,114.292458,3.511724,12.758056895419074,12.0290250728237,Telang Usan,P.220 Baram,N.77 Telang Usan,Luar Bandar
7178,114.295728,3.7322167,7.3227546339172935,7.029844448560601,Beluru,P.220 Baram,N.76 Marudi,Luar Bandar
7179,114.29987,4.184534,6.704307833815342,6.441393801116702,Marudi,P.220 Baram,N.76 Marudi,Luar Bandar
7180,114.300789,2.8195,8.381980243812531,8.304369315629085,Belaga,P.216 Hulu Rajang,N.66 Murum,Luar Bandar
7181,114.304043,3.730878,27.46032987718985,26.361916682102255,Beluru,P.220 Baram,N.76 Marudi,Luar Bandar
7182,114.30576,3.736113,27.46032987718985,26.361916682102255,Beluru,P.220 Baram,N.76 Marudi,Luar Bandar
7183,114.30912,4.178928,41.93132245846609,40.28695687185958,Marudi,P.220 Baram,N.76 Marudi,Luar Bandar
7184,114.311446,4.017293,13.408615667630684,12.882787602233403,Marudi,P.220 Baram,N.76 Marudi,Luar Bandar
7185,114.311575,2.810696,4.273231414182593,4.233664456643865,Belaga,P.216 Hulu Rajang,N.66 Murum,Luar Bandar
7186,114.313484,1.87201,21.26092757862736,10.816963154038481,Bukit Mabong,P.216 Hulu Rajang,N.65 Belaga,Luar Bandar
7187,114.31475,1.735682,5.107338985264831,2.598470711801405,Bukit Mabong,P.216 Hulu Rajang,N.65 Belaga,Luar Bandar
7188,114.316585,4.146386,5.56184223470404,5.343730774519568,Marudi,P.220 Baram,N.78 Mulu,Luar Bandar
7189,114.31718,2.605865,12.051027442228037,11.9394438548,Belaga,P.216 Hulu Rajang,N.66 Murum,Luar Bandar
7190,114.317451,4.178928,117.69373532026876,113.0782947194739,Marudi,P.220 Baram,N.76 Marudi,Luar Bandar
7191,114.317451,4.187268,42.777889822903795,41.10032551612326,Marudi,P.220 Baram,N.76 Marudi,Luar Bandar
7192,114.32417,4.129918,5.56184223470404,5.343730774519568,Marudi,P.220 Baram,N.78 Mulu,Luar Bandar
7193,114.324803,2.614804,12.180389900161027,12.067608512196571,Belaga,P.216 Hulu Rajang,N.66 Murum,Luar Bandar
7194,114.325782,4.178928,150.87689746675778,144.96015638963004,Marudi,P.220 Baram,N.76 Marudi,Luar Bandar
7195,114.325782,4.187268,113.38175492180173,108.935411591535,Marudi,P.220 Baram,N.76 Marudi,Luar Bandar
7196,114.328406,3.825129,59.3750088341331,57.000008480767775,Beluru,P.220 Baram,N.76 Marudi,Luar Bandar
7197,114.328644,3.692003,8.670765509739715,8.323934889350127,Beluru,P.220 Baram,N.76 Marudi,Luar Bandar
7198,114.329138,4.184598,127.88081747595925,122.86588345729416,Marudi,P.220 Baram,N.76 Marudi,Luar Bandar
7199,114.332882,3.703106,27.46032987718985,26.361916682102255,Beluru,P.220 Baram,N.76 Marudi,Luar Bandar
7200,114.332979,3.729518,18.306886584793233,17.574611121401507,Beluru,P.220 Baram,N.76 Marudi,Luar Bandar
7201,114.334113,4.178928,98.72312311129339,94.85162808732113,Marudi,P.220 Baram,N.78 Mulu,Luar Bandar
7202,114.334113,4.187268,116.05086398051232,111.49984970676674,Marudi,P.220 Baram,N.78 Mulu,Luar Bandar
7203,114.334706,4.118007,5.56184223470404,5.343730774519568,Marudi,P.220 Baram,N.78 Mulu,Luar Bandar
7204,114.339566,4.189884,23.155640011988584,22.247575697792954,Marudi,P.220 Baram,N.78 Mulu,Luar Bandar
7205,114.342444,4.178928,64.24278605405803,61.72346111076165,Marudi,P.220 Baram,N.78 Mulu,Luar Bandar
7206,114.342444,4.195608,73.66047834542306,70.77183213579863,Marudi,P.220 Baram,N.78 Mulu,Luar Bandar
7207,114.342444,4.203948,83.82078406328407,80.5336944921749,Marudi,P.220 Baram,N.78 Mulu,Luar Bandar
7208,114.343852,3.733774,9.153443292396616,8.787305560700753,Beluru,P.220 Baram,N.76 Marudi,Luar Bandar
7209,114.344512,3.251687,12.220090325645682,11.731286712619855,Beluru,P.220 Baram,N.77 Telang Usan,Luar Bandar
7210,114.346604,4.03272,13.408615667630684,12.882787602233403,Marudi,P.220 Baram,N.76 Marudi,Luar Bandar
7211,114.349705,3.254777,4.073363441881893,3.9104289042066176,Beluru,P.220 Baram,N.77 Telang Usan,Luar Bandar
7212,114.350606,4.129672,11.12368446940808,10.687461549039137,Marudi,P.220 Baram,N.78 Mulu,Luar Bandar
7213,114.350775,4.195608,70.98674316059187,68.20294931115691,Marudi,P.220 Baram,N.78 Mulu,Luar Bandar
7214,114.350775,4.203948,50.85952120637059,48.865030178669784,Marudi,P.220 Baram,N.78 Mulu,Luar Bandar
7215,114.357011,3.915024,18.306886584793233,17.574611121401507,Beluru,P.220 Baram,N.76 Marudi,Luar Bandar
7216,114.359146,4.10859,22.24736893881616,21.374923098078273,Marudi,P.220 Baram,N.78 Mulu,Luar Bandar
7217,114.359508,2.598513,7.503635669499019,7.434157561448103,Belaga,P.216 Hulu Rajang,N.66 Murum,Luar Bandar
7218,114.364618,3.910357,9.153443292396616,8.787305560700753,Beluru,P.220 Baram,N.76 Marudi,Luar Bandar
7219,114.366356,4.213188,15.568202911584933,14.957685150346311,Marudi,P.220 Baram,N.78 Mulu,Luar Bandar
7220,114.368556,3.879819,2.4440180651291366,2.3462573425239706,Beluru,P.220 Baram,N.77 Telang Usan,Luar Bandar
7221,114.370422,2.598255,23.601574466658402,23.383041369744895,Belaga,P.216 Hulu Rajang,N.66 Murum,Luar Bandar
7222,114.371474,2.76108,4.163727193711169,4.12517416413977,Belaga,P.216 Hulu Rajang,N.66 Murum,Luar Bandar
7223,114.374167,2.238774,4.432820496837389,4.391775862607413,Belaga,P.216 Hulu Rajang,N.66 Murum,Luar Bandar
7224,114.376291,3.241736,12.220090325645682,11.731286712619855,Beluru,P.220 Baram,N.77 Telang Usan,Luar Bandar
7225,114.377074,4.119046,13.348421363289695,12.824953858846962,Marudi,P.220 Baram,N.78 Mulu,Luar Bandar
7226,114.38275,4.190108,6.674210681644848,6.412476929423481,Marudi,P.220 Baram,N.78 Mulu,Luar Bandar
7227,114.386172,3.762503,7.6957730056818985,7.256014548214362,Telang Usan,P.220 Baram,N.77 Telang Usan,Luar Bandar
7228,114.39243,3.770266,13.269690048400255,12.511422045634529,Telang Usan,P.220 Baram,N.77 Telang Usan,Luar Bandar
7229,114.393387,3.792639,12.313236809091038,11.60962327714298,Telang Usan,P.220 Baram,N.77 Telang Usan,Luar Bandar
7230,114.394369,4.02137,42.77404421549447,41.09663071684763,Marudi,P.220 Baram,N.78 Mulu,Luar Bandar
7231,114.395506,3.847734,27.46032987718985,26.361916682102255,Beluru,P.220 Baram,N.76 Marudi,Luar Bandar
7232,114.395721,4.128923,20.022632044934547,19.237430788270444,Marudi,P.220 Baram,N.78 Mulu,Luar Bandar
7233,114.396569,3.242218,1.6293453767527575,1.5641715616826473,Beluru,P.220 Baram,N.77 Telang Usan,Luar Bandar
7234,114.400388,3.764751,77.87164382727447,73.42183560857306,Telang Usan,P.220 Baram,N.77 Telang Usan,Luar Bandar
7235,114.400762,3.770266,68.51420085327022,64.5991036616548,Telang Usan,P.220 Baram,N.77 Telang Usan,Luar Bandar
7236,114.401461,4.14087,11.12368446940808,10.687461549039137,Marudi,P.220 Baram,N.78 Mulu,Luar Bandar
7237,114.401772,4.248283,16.68552670411212,16.031192323558706,Marudi,P.220 Baram,N.78 Mulu,Luar Bandar
7239,114.407963,3.601067,23.087319017045694,21.768043644643086,Telang Usan,P.220 Baram,N.77 Telang Usan,Luar Bandar
7240,114.409093,3.761926,116.88624649185272,110.20703240660399,Telang Usan,P.220 Baram,N.77 Telang Usan,Luar Bandar
7241,114.409093,3.770266,61.53927100376156,58.022741232118044,Telang Usan,P.220 Baram,N.77 Telang Usan,Luar Bandar
7242,114.410012,4.099227,22.24736893881616,21.374923098078273,Marudi,P.220 Baram,N.78 Mulu,Luar Bandar
7243,114.411128,3.820339,18.469855213636556,17.414434915714466,Telang Usan,P.220 Baram,N.77 Telang Usan,Luar Bandar
7244,114.41617,4.175471,5.56184223470404,5.343730774519568,Marudi,P.220 Baram,N.78 Mulu,Luar Bandar
7245,114.417329,4.199022,27.8092111735202,26.71865387259784,Marudi,P.220 Baram,N.78 Mulu,Luar Bandar
7246,114.417951,4.105241,5.56184223470404,5.343730774519568,Marudi,P.220 Baram,N.78 Mulu,Luar Bandar
7247,114.418026,4.060262,5.56184223470404,5.343730774519568,Marudi,P.220 Baram,N.78 Mulu,Luar Bandar
7248,114.41926,1.572124,6.782622511176923,3.450807944282996,Bukit Mabong,P.216 Hulu Rajang,N.64 Baleh,Luar Bandar
7249,114.422972,3.711831,15.391546011363797,14.512029096428725,Telang Usan,P.220 Baram,N.77 Telang Usan,Luar Bandar
7250,114.423176,3.198722,2.0144260174857034,1.9338489767862754,Beluru,P.220 Baram,N.77 Telang Usan,Luar Bandar
7251,114.4278,3.483875,61.56618404545519,58.0481163857149,Telang Usan,P.220 Baram,N.77 Telang Usan,Luar Bandar
7252,114.428154,4.118136,2.2247368938816154,2.137492309807827,Marudi,P.220 Baram,N.78 Mulu,Luar Bandar
7253,114.428444,3.938931,15.391546011363797,14.512029096428725,Telang Usan,P.220 Baram,N.77 Telang Usan,Luar Bandar
7254,114.42853,3.847406,6.997413456681581,6.597561259156919,Telang Usan,P.220 Baram,N.77 Telang Usan,Luar Bandar
7255,114.42883,3.731766,61.56618404545519,58.0481163857149,Telang Usan,P.220 Baram,N.77 Telang Usan,Luar Bandar
7256,114.430633,3.855177,15.391546011363797,14.512029096428725,Telang Usan,P.220 Baram,N.77 Telang Usan,Luar Bandar
7257,114.430702,3.68787,7.6957730056818985,7.256014548214362,Telang Usan,P.220 Baram,N.77 Telang Usan,Luar Bandar
7258,114.434086,3.586784,66.89464889633213,63.07209753082745,Telang Usan,P.220 Baram,N.77 Telang Usan,Luar Bandar
7259,114.435954,3.802081,23.087319017045694,21.768043644643086,Telang Usan,P.220 Baram,N.77 Telang Usan,Luar Bandar
7260,114.436104,3.816255,15.391546011363797,14.512029096428725,Telang Usan,P.220 Baram,N.77 Telang Usan,Luar Bandar
7261,114.437231,4.122727,27.32198978923371,26.250539209263763,Marudi,P.220 Baram,N.78 Mulu,Luar Bandar
7262,114.444913,3.917293,51.7803812323575,48.82150230479422,Telang Usan,P.220 Baram,N.77 Telang Usan,Luar Bandar
7263,114.448582,3.842043,29.83476442801628,28.664773666133286,Marudi,P.220 Baram,N.77 Telang Usan,Luar Bandar
7264,114.449,3.848787,5.9669528856032565,5.7329547332266575,Marudi,P.220 Baram,N.77 Telang Usan,Luar Bandar
7265,114.452788,2.790829,16.473742118738045,16.32120746949047,Belaga,P.216 Hulu Rajang,N.66 Murum,Luar Bandar
7266,114.468323,3.825536,2.9834764428016283,2.8664773666133287,Marudi,P.220 Baram,N.77 Telang Usan,Luar Bandar
7267,114.471037,3.801995,2.386781154241303,2.2931818932906634,Marudi,P.220 Baram,N.77 Telang Usan,Luar Bandar
7268,114.486337,2.81225,7.53476834749346,7.465001973905559,Belaga,P.216 Hulu Rajang,N.66 Murum,Luar Bandar
7269,114.486916,2.760598,6.422135133177547,6.362670918981459,Belaga,P.216 Hulu Rajang,N.66 Murum,Luar Bandar
7270,114.487238,3.444969,15.391546011363797,14.512029096428725,Telang Usan,P.220 Baram,N.77 Telang Usan,Luar Bandar
7271,114.492849,3.550708,7.6957730056818985,7.256014548214362,Telang Usan,P.220 Baram,N.77 Telang Usan,Luar Bandar
7272,114.493632,4.063334,13.348421363289695,12.824953858846962,Marudi,P.220 Baram,N.78 Mulu,Luar Bandar
7273,114.500295,4.075207,8.898947575526462,8.54996923923131,Marudi,P.220 Baram,N.78 Mulu,Luar Bandar
7274,114.501421,3.991189,11.12368446940808,10.687461549039137,Marudi,P.220 Baram,N.78 Mulu,Luar Bandar
7275,114.504747,3.541022,12.313236809091038,11.60962327714298,Telang Usan,P.220 Baram,N.77 Telang Usan,Luar Bandar
7276,114.509065,3.453344,23.087319017045694,21.768043644643086,Telang Usan,P.220 Baram,N.77 Telang Usan,Luar Bandar
7277,114.521753,1.916885,21.61875212228872,10.999014237655665,Bukit Mabong,P.216 Hulu Rajang,N.65 Belaga,Luar Bandar
7278,114.5251,3.093229,2.4440180651291366,2.3462573425239706,Beluru,P.220 Baram,N.77 Telang Usan,Luar Bandar
7279,114.537846,3.943806,44.49473787763232,42.74984619615655,Marudi,P.220 Baram,N.78 Mulu,Luar Bandar
7280,114.545474,3.662741,8.397223652720069,7.917382301136065,Telang Usan,P.220 Baram,N.77 Telang Usan,Luar Bandar
7281,114.550721,2.644358,3.742048014777902,3.7073994220484767,Belaga,P.216 Hulu Rajang,N.66 Murum,Luar Bandar
7282,114.559894,3.22193,4.888036130258273,4.692514685047941,Beluru,P.220 Baram,N.77 Telang Usan,Luar Bandar
7283,114.560816,3.289862,23.087319017045694,21.768043644643086,Telang Usan,P.220 Baram,N.77 Telang Usan,Luar Bandar
7284,114.567383,3.286543,7.548950991968951,7.117582363856441,Telang Usan,P.220 Baram,N.77 Telang Usan,Luar Bandar
7285,114.592376,3.845326,11.933905771206513,11.465909466453317,Marudi,P.220 Baram,N.77 Telang Usan,Luar Bandar
7286,114.592376,3.853666,29.83476442801628,28.664773666133286,Marudi,P.220 Baram,N.77 Telang Usan,Luar Bandar
7287,114.596071,3.32916,46.17463803409139,43.53608728928617,Telang Usan,P.220 Baram,N.77 Telang Usan,Luar Bandar
7288,114.600191,3.184855,8.146726883763787,7.820857808413235,Beluru,P.220 Baram,N.77 Telang Usan,Luar Bandar
7289,114.631015,3.984714,13.348421363289695,12.824953858846962,Marudi,P.220 Baram,N.78 Mulu,Luar Bandar
7290,114.651239,3.272703,38.47886502840949,36.280072741071805,Telang Usan,P.220 Baram,N.77 Telang Usan,Luar Bandar
7291,114.671195,2.1382,8.521850435748107,8.442944413194883,Belaga,P.216 Hulu Rajang,N.66 Murum,Luar Bandar
7292,114.675687,3.862006,6.258017592602536,5.900416587310962,Telang Usan,P.220 Baram,N.77 Telang Usan,Luar Bandar
7293,114.681044,3.865625,8.950429328404883,8.599432099839987,Marudi,P.220 Baram,N.77 Telang Usan,Luar Bandar
7294,114.681784,1.828066,1.9643803280955232,0.9994215704345645,Bukit Mabong,P.216 Hulu Rajang,N.65 Belaga,Luar Bandar
7295,114.684018,3.862006,20.734453257784228,19.549627357339414,Telang Usan,P.220 Baram,N.77 Telang Usan,Luar Bandar
7296,114.707372,3.900788,6.674210681644848,6.412476929423481,Marudi,P.220 Baram,N.78 Mulu,Luar Bandar
7297,114.709011,3.828646,31.39239022848374,29.598539358284675,Telang Usan,P.220 Baram,N.77 Telang Usan,Luar Bandar
7298,114.718353,1.957283,5.487520741063124,2.7918965173829924,Bukit Mabong,P.216 Hulu Rajang,N.65 Belaga,Luar Bandar
7299,114.722199,3.704701,7.489481562836068,7.061511187816864,Telang Usan,P.220 Baram,N.77 Telang Usan,Luar Bandar
7300,114.733797,3.874167,1.517461903271081,1.457953593338882,Marudi,P.220 Baram,N.77 Telang Usan,Luar Bandar
7301,114.734004,3.795286,101.7858393768077,95.96950569813299,Telang Usan,P.220 Baram,N.77 Telang Usan,Luar Bandar
7302,114.739076,3.570325,7.6957730056818985,7.256014548214362,Telang Usan,P.220 Baram,N.77 Telang Usan,Luar Bandar
7303,114.750666,3.786946,10.950507924163976,10.324764614211746,Telang Usan,P.220 Baram,N.77 Telang Usan,Luar Bandar
7304,114.75239,3.534367,15.391546011363797,14.512029096428725,Telang Usan,P.220 Baram,N.77 Telang Usan,Luar Bandar
7305,114.757814,3.578474,15.391546011363797,14.512029096428725,Telang Usan,P.220 Baram,N.77 Telang Usan,Luar Bandar
7306,114.760748,3.327822,18.469855213636556,17.414434915714466,Telang Usan,P.220 Baram,N.77 Telang Usan,Luar Bandar
7307,114.783987,3.299652,76.95773005681897,72.56014548214361,Telang Usan,P.220 Baram,N.77 Telang Usan,Luar Bandar
7308,114.794061,3.996102,13.348421363289695,12.824953858846962,Marudi,P.220 Baram,N.78 Mulu,Luar Bandar
7309,114.800653,4.028807,2.4468392624461357,2.350884781565895,Marudi,P.220 Baram,N.78 Mulu,Luar Bandar
7310,114.800653,4.729372,9.17995576450641,7.917711846886776,Limbang,P.221 Limbang,N.79 Bukit Kota,Luar Bandar
7311,114.80479,2.664768,7.82008047585372,7.74767232329952,Belaga,P.216 Hulu Rajang,N.66 Murum,Luar Bandar
7312,114.80655,4.733298,9.423255769964664,8.127558101594524,Limbang,P.221 Limbang,N.79 Bukit Kota,Luar Bandar
7313,114.808984,4.045487,11.12368446940808,10.687461549039137,Marudi,P.220 Baram,N.78 Mulu,Luar Bandar
7314,114.808984,4.687672,17.776478885549082,15.332213038786083,Limbang,P.221 Limbang,N.80 Batu Danau,Luar Bandar
7315,114.808984,4.737712,67.94416336936204,58.60184090607477,Limbang,P.221 Limbang,N.79 Bukit Kota,Luar Bandar
7316,114.810927,3.583314,7.6957730056818985,7.256014548214362,Telang Usan,P.220 Baram,N.77 Telang Usan,Luar Bandar
7317,114.811335,4.671259,10.059554314226204,8.676365596020101,Limbang,P.221 Limbang,N.80 Batu Danau,Luar Bandar
7318,114.812965,3.79645,23.191404531646096,21.866181415552035,Telang Usan,P.220 Baram,N.77 Telang Usan,Luar Bandar
7319,114.813137,3.139456,23.087319017045694,21.768043644643086,Telang Usan,P.220 Baram,N.77 Telang Usan,Luar Bandar
7320,114.814564,3.494161,4.617463803409139,4.3536087289286165,Telang Usan,P.220 Baram,N.77 Telang Usan,Luar Bandar
7321,114.815304,4.733276,7.028441336278162,6.0620306525399155,Limbang,P.221 Limbang,N.79 Bukit Kota,Luar Bandar
7322,114.817315,4.053827,30.384255149836093,29.192715732195467,Marudi,P.220 Baram,N.78 Mulu,Luar Bandar
7323,114.818577,3.243139,15.391546011363797,14.512029096428725,Telang Usan,P.220 Baram,N.77 Telang Usan,Luar Bandar
7324,114.818823,4.65802,3.870415906512905,3.3382337193673806,Limbang,P.221 Limbang,N.80 Batu Danau,Luar Bandar
7325,114.819317,3.238522,30.783092022727594,29.02405819285745,Telang Usan,P.220 Baram,N.77 Telang Usan,Luar Bandar
7326,114.821248,3.06125,30.783092022727594,29.02405819285745,Telang Usan,P.220 Baram,N.77 Telang Usan,Luar Bandar
7327,114.823394,4.597087,8.382961928521835,7.2303046633500845,Limbang,P.221 Limbang,N.80 Batu Danau,Luar Bandar
7328,114.823968,3.496164,7.6957730056818985,7.256014548214362,Telang Usan,P.220 Baram,N.77 Telang Usan,Luar Bandar
7329,114.82451,4.646835,11.936549175837591,10.295273664159925,Limbang,P.221 Limbang,N.80 Batu Danau,Luar Bandar
7330,114.827149,4.731245,4.582745210452259,3.9526177440150745,Limbang,P.221 Limbang,N.79 Bukit Kota,Luar Bandar
7331,114.833977,4.737712,9.165490420904518,7.905235488030149,Limbang,P.221 Limbang,N.79 Bukit Kota,Luar Bandar
7332,114.835517,4.636655,16.76592385704367,14.460609326700169,Limbang,P.221 Limbang,N.80 Batu Danau,Luar Bandar
7333,114.836655,3.345773,15.391546011363797,14.512029096428725,Telang Usan,P.220 Baram,N.77 Telang Usan,Luar Bandar
7334,114.839412,4.628335,16.76592385704367,14.460609326700169,Limbang,P.221 Limbang,N.80 Batu Danau,Luar Bandar
7335,114.840817,3.766667,15.391546011363797,14.512029096428725,Telang Usan,P.220 Baram,N.77 Telang Usan,Luar Bandar
7336,114.843349,4.535806,8.382961928521835,7.2303046633500845,Limbang,P.221 Limbang,N.80 Batu Danau,Luar Bandar
7337,114.845248,4.519581,16.76592385704367,14.460609326700169,Limbang,P.221 Limbang,N.80 Batu Danau,Luar Bandar
7338,114.847298,4.635906,8.382961928521835,7.2303046633500845,Limbang,P.221 Limbang,N.80 Batu Danau,Luar Bandar
7339,114.850639,4.645971,63.450791775739205,54.726307906575066,Limbang,P.221 Limbang,N.80 Batu Danau,Luar Bandar
7340,114.850731,3.042051,38.47886502840949,36.280072741071805,Telang Usan,P.220 Baram,N.77 Telang Usan,Luar Bandar
7341,114.854552,4.782075,4.582745210452259,3.9526177440150745,Limbang,P.221 Limbang,N.79 Bukit Kota,Luar Bandar
7342,114.857127,4.786437,4.582745210452259,3.9526177440150745,Limbang,P.221 Limbang,N.79 Bukit Kota,Luar Bandar
7343,114.85897,4.762732,2.7667231324193224,2.3862987017116657,Limbang,P.221 Limbang,N.79 Bukit Kota,Luar Bandar
7344,114.859185,4.613663,4.191480964260918,3.6151523316750422,Limbang,P.221 Limbang,N.80 Batu Danau,Luar Bandar
7345,114.859636,4.528618,8.382961928521835,7.2303046633500845,Limbang,P.221 Limbang,N.80 Batu Danau,Luar Bandar
7346,114.860162,4.562137,5.029777157113102,4.338182798010051,Limbang,P.221 Limbang,N.80 Batu Danau,Luar Bandar
7347,114.862983,4.554116,4.697659648597531,4.051731446915371,Limbang,P.221 Limbang,N.80 Batu Danau,Luar Bandar
7348,114.867017,4.73302,6.067776007982104,5.233456806884565,Limbang,P.221 Limbang,N.79 Bukit Kota,Luar Bandar
7349,114.867243,4.505955,13.412739085634938,11.568487461360135,Limbang,P.221 Limbang,N.80 Batu Danau,Luar Bandar
7350,114.867301,4.587591,7.236931158355054,6.241853124081234,Limbang,P.221 Limbang,N.80 Batu Danau,Luar Bandar
7351,114.867301,4.604271,25.6569413966354,22.12911195459803,Limbang,P.221 Limbang,N.80 Batu Danau,Luar Bandar
7352,114.873154,4.642771,13.412739085634938,11.568487461360135,Limbang,P.221 Limbang,N.80 Batu Danau,Luar Bandar
7353,114.875632,4.704352,4.625396184040905,3.98940420873528,Limbang,P.221 Limbang,N.79 Bukit Kota,Luar Bandar
7354,114.875632,4.771072,5.812894029636923,5.013621100561847,Limbang,P.221 Limbang,N.79 Bukit Kota,Luar Bandar
7355,114.878626,4.557153,8.382961928521835,7.2303046633500845,Limbang,P.221 Limbang,N.80 Batu Danau,Luar Bandar
7356,114.878744,3.862446,11.477261819169094,10.821418286645146,Telang Usan,P.220 Baram,N.78 Mulu,Luar Bandar
7357,114.881544,4.69273,4.582745210452259,3.9526177440150745,Limbang,P.221 Limbang,N.79 Bukit Kota,Luar Bandar
7358,114.882059,4.58759,8.382961928521835,7.2303046633500845,Limbang,P.221 Limbang,N.80 Batu Danau,Luar Bandar
7359,114.883964,4.796092,3.2061227658412403,2.7652808855380697,Limbang,P.221 Limbang,N.79 Bukit Kota,Luar Bandar
7360,114.884377,4.604295,4.191480964260918,3.6151523316750422,Limbang,P.221 Limbang,N.80 Batu Danau,Luar Bandar
7361,114.886286,4.532597,8.382961928521835,7.2303046633500845,Limbang,P.221 Limbang,N.80 Batu Danau,Luar Bandar
7362,114.887617,4.572115,8.382961928521835,7.2303046633500845,Limbang,P.221 Limbang,N.80 Batu Danau,Luar Bandar
7363,114.887638,4.623886,16.76592385704367,14.460609326700169,Limbang,P.221 Limbang,N.80 Batu Danau,Luar Bandar
7364,114.890449,2.847446,8.607946364376819,8.116063714983857,Telang Usan,P.220 Baram,N.78 Mulu,Luar Bandar
7365,114.890953,4.55895,10.059554314226204,8.676365596020101,Limbang,P.221 Limbang,N.80 Batu Danau,Luar Bandar
7366,114.891007,4.505099,25.148885785565508,21.690913990050248,Limbang,P.221 Limbang,N.80 Batu Danau,Luar Bandar
7367,114.8915,4.640665,8.382961928521835,7.2303046633500845,Limbang,P.221 Limbang,N.80 Batu Danau,Luar Bandar
7368,114.891983,3.241886,3.7030916711742936,3.4914864328214774,Telang Usan,P.220 Baram,N.77 Telang Usan,Luar Bandar
7369,114.892681,4.603011,8.382961928521835,7.2303046633500845,Limbang,P.221 Limbang,N.80 Batu Danau,Luar Bandar
7370,114.89341,4.49481,13.412739085634938,11.568487461360135,Limbang,P.221 Limbang,N.80 Batu Danau,Luar Bandar
7371,114.894633,4.626282,8.382961928521835,7.2303046633500845,Limbang,P.221 Limbang,N.80 Batu Danau,Luar Bandar
7372,114.896264,4.317836,23.305850512300605,20.101296066859273,Limbang,P.221 Limbang,N.80 Batu Danau,Luar Bandar
7373,114.898582,4.400252,8.382961928521835,7.2303046633500845,Limbang,P.221 Limbang,N.80 Batu Danau,Luar Bandar
7374,114.900169,4.63473,16.76592385704367,14.460609326700169,Limbang,P.221 Limbang,N.80 Batu Danau,Luar Bandar
7375,114.900626,3.770266,22.076161843679074,20.814666881183125,Telang Usan,P.220 Baram,N.77 Telang Usan,Luar Bandar
7376,114.901092,3.365908,15.391546011363797,14.512029096428725,Telang Usan,P.220 Baram,N.77 Telang Usan,Luar Bandar
7377,114.901299,4.444234,25.148885785565508,21.690913990050248,Limbang,P.221 Limbang,N.80 Batu Danau,Luar Bandar
7378,114.902047,4.553303,6.706369542817469,5.784243730680068,Limbang,P.221 Limbang,N.80 Batu Danau,Luar Bandar
7379,114.905121,3.74987,11.180665442845463,10.541770274682865,Telang Usan,P.220 Baram,N.77 Telang Usan,Luar Bandar
7380,114.905394,4.469407,22.97456859898756,19.815565416626768,Limbang,P.221 Limbang,N.80 Batu Danau,Luar Bandar
7381,114.908237,3.799929,43.03973182188409,40.58031857491929,Telang Usan,P.220 Baram,N.78 Mulu,Luar Bandar
7382,114.908957,4.48751,129.85029081221813,111.99587582553815,Limbang,P.221 Limbang,N.80 Batu Danau,Luar Bandar
7383,114.908957,4.771072,13.41440594145198,11.569925124502333,Limbang,P.221 Limbang,N.79 Bukit Kota,Luar Bandar
7384,114.909589,4.352916,16.76592385704367,14.460609326700169,Limbang,P.221 Limbang,N.80 Batu Danau,Luar Bandar
7385,114.909986,4.389416,25.148885785565508,21.690913990050248,Limbang,P.221 Limbang,N.80 Batu Danau,Luar Bandar
7386,114.912261,3.234612,7.6957730056818985,7.256014548214362,Telang Usan,P.220 Baram,N.77 Telang Usan,Luar Bandar
7387,114.91255,4.554276,16.76592385704367,14.460609326700169,Limbang,P.221 Limbang,N.80 Batu Danau,Luar Bandar
7388,114.917288,4.47917,187.45050917399558,161.67606416257118,Limbang,P.221 Limbang,N.80 Batu Danau,Luar Bandar
7389,114.918483,4.726401,1.8330980841809037,1.5810470976060298,Limbang,P.221 Limbang,N.79 Bukit Kota,Luar Bandar
7390,114.919927,3.849306,14.26768696913836,13.452390570901883,Telang Usan,P.220 Baram,N.78 Mulu,Luar Bandar
7391,114.923923,4.616882,20.196268595568057,17.419281663677445,Limbang,P.221 Limbang,N.80 Batu Danau,Luar Bandar
7392,114.925221,4.631853,33.53184771408734,28.921218653400338,Limbang,P.221 Limbang,N.80 Batu Danau,Luar Bandar
7393,114.925619,4.47917,25.575386728792417,22.058771053583463,Limbang,P.221 Limbang,N.80 Batu Danau,Luar Bandar
7394,114.925619,4.645971,9.46303052278126,8.161863825898838,Limbang,P.221 Limbang,N.80 Batu Danau,Luar Bandar
7395,114.927313,4.653123,25.76805827793268,22.22495026471694,Limbang,P.221 Limbang,N.80 Batu Danau,Luar Bandar
7396,114.927474,2.968317,23.087319017045694,21.768043644643086,Telang Usan,P.220 Baram,N.77 Telang Usan,Luar Bandar
7397,114.928536,2.860567,43.03973182188409,40.58031857491929,Telang Usan,P.220 Baram,N.78 Mulu,Luar Bandar
7398,114.93154,4.677076,7.332392336723615,6.324188390424119,Limbang,P.221 Limbang,N.79 Bukit Kota,Luar Bandar
7399,114.931905,4.659934,6.706369542817469,5.784243730680068,Limbang,P.221 Limbang,N.80 Batu Danau,Luar Bandar
7400,114.93395,4.771072,7.9749496453204465,6.878394069088886,Limbang,P.221 Limbang,N.79 Bukit Kota,Luar Bandar
7401,114.935027,4.384944,3.916310728522165,3.3778180033503675,Limbang,P.221 Limbang,N.80 Batu Danau,Luar Bandar
7402,114.935811,4.53511,8.382961928521835,7.2303046633500845,Limbang,P.221 Limbang,N.80 Batu Danau,Luar Bandar
7403,114.936701,4.717537,9.165490420904518,7.905235488030149,Limbang,P.221 Limbang,N.79 Bukit Kota,Luar Bandar
7404,114.937388,4.438718,3.3531847714087344,2.892121865340034,Limbang,P.221 Limbang,N.80 Batu Danau,Luar Bandar
7405,114.938428,4.450987,30.913877574730854,26.663219408205364,Limbang,P.221 Limbang,N.80 Batu Danau,Luar Bandar
7406,114.938589,3.810388,5.738630909584546,5.410709143322573,Telang Usan,P.220 Baram,N.78 Mulu,Luar Bandar
7407,114.942248,2.99237,28.69315454792273,27.05354571661286,Telang Usan,P.220 Baram,N.78 Mulu,Luar Bandar
7408,114.942281,4.362409,17.245913697193124,14.87460056382907,Limbang,P.221 Limbang,N.80 Batu Danau,Luar Bandar
7409,114.942281,4.44581,46.87707894143929,40.431480586991384,Limbang,P.221 Limbang,N.80 Batu Danau,Luar Bandar
7410,114.943042,4.377488,3.7108948423528996,3.2006468015293756,Limbang,P.221 Limbang,N.80 Batu Danau,Luar Bandar
7411,114.943374,2.910227,43.03973182188409,40.58031857491929,Telang Usan,P.220 Baram,N.78 Mulu,Luar Bandar
7412,114.944201,4.669077,9.165490420904518,7.905235488030149,Limbang,P.221 Limbang,N.79 Bukit Kota,Luar Bandar
7413,114.954221,4.659346,9.165490420904518,7.905235488030149,Limbang,P.221 Limbang,N.79 Bukit Kota,Luar Bandar
7414,114.954893,4.426324,16.76592385704367,14.460609326700169,Limbang,P.221 Limbang,N.80 Batu Danau,Luar Bandar
7415,114.955144,4.672478,7.961670828529936,6.866941089607071,Limbang,P.221 Limbang,N.79 Bukit Kota,Luar Bandar
7416,114.959489,4.536736,13.412739085634938,11.568487461360135,Limbang,P.221 Limbang,N.80 Batu Danau,Luar Bandar
7417,114.960841,4.717184,1.3748235631356778,1.1857853232045221,Limbang,P.221 Limbang,N.79 Bukit Kota,Luar Bandar
7418,114.961624,2.987099,23.087319017045694,21.768043644643086,Telang Usan,P.220 Baram,N.77 Telang Usan,Luar Bandar
7419,114.97054,4.541378,13.412739085634938,11.568487461360135,Limbang,P.221 Limbang,N.80 Batu Danau,Luar Bandar
7420,114.978357,4.411702,14.799579252721276,12.7646371054721,Limbang,P.221 Limbang,N.80 Batu Danau,Luar Bandar
7421,114.979531,4.54842,8.382961928521835,7.2303046633500845,Limbang,P.221 Limbang,N.80 Batu Danau,Luar Bandar
7422,114.983936,4.670991,13.748235631356781,11.857853232045223,Limbang,P.221 Limbang,N.79 Bukit Kota,Luar Bandar
7423,114.983936,4.696012,13.748235631356781,11.857853232045223,Limbang,P.221 Limbang,N.79 Bukit Kota,Luar Bandar
7424,114.983936,4.712692,26.580506538968418,22.92568688986026,Limbang,P.221 Limbang,N.79 Bukit Kota,Luar Bandar
7425,114.983936,4.729372,34.80544744869651,30.019698424500746,Limbang,P.221 Limbang,N.79 Bukit Kota,Luar Bandar
7426,114.983936,4.737712,7.2131679260414385,6.22135733621074,Limbang,P.221 Limbang,N.79 Bukit Kota,Luar Bandar
7427,114.992267,4.721032,54.92349255239961,47.371512326444666,Limbang,P.221 Limbang,N.79 Bukit Kota,Luar Bandar
7428,114.992267,4.729372,49.136575128409454,42.38029604825316,Limbang,P.221 Limbang,N.79 Bukit Kota,Luar Bandar
7429,114.992267,4.737712,140.27317628928833,120.98561454951118,Limbang,P.221 Limbang,N.79 Bukit Kota,Luar Bandar
7430,114.9941,4.786073,38.76922846674856,33.43845955257063,Limbang,P.221 Limbang,N.79 Bukit Kota,Luar Bandar
7431,114.994626,4.780524,23.206321199800907,20.015452034828282,Limbang,P.221 Limbang,N.79 Bukit Kota,Luar Bandar
7432,114.997909,4.803307,54.992942525427125,47.43141292818089,Limbang,P.221 Limbang,N.79 Bukit Kota,Luar Bandar
7433,114.998038,4.733683,48.838229139732704,42.12297263301946,Limbang,P.221 Limbang,N.79 Bukit Kota,Luar Bandar
7434,114.998204,3.166226,8.607946364376819,8.116063714983857,Telang Usan,P.220 Baram,N.78 Mulu,Luar Bandar
7435,114.999368,4.742921,121.76200942150643,105.01973312604932,Limbang,P.221 Limbang,N.79 Bukit Kota,Luar Bandar
7436,115.000599,3.611805,7.6957730056818985,7.256014548214362,Telang Usan,P.220 Baram,N.77 Telang Usan,Luar Bandar
7437,115.000599,4.654311,9.327809404829674,8.045235611665595,Limbang,P.221 Limbang,N.79 Bukit Kota,Luar Bandar
7438,115.000599,4.737712,316.3697184493733,272.86888216258444,Limbang,P.221 Limbang,N.79 Bukit Kota,Luar Bandar
7439,115.000599,4.771072,74.05783126009669,63.87487946183339,Limbang,P.221 Limbang,N.79 Bukit Kota,Luar Bandar
7440,115.000599,4.779412,141.5410686420206,122.07917170374279,Limbang,P.221 Limbang,N.79 Bukit Kota,Luar Bandar
7441,115.000599,4.787752,15.761742838712859,13.594503198389843,Limbang,P.221 Limbang,N.79 Bukit Kota,Luar Bandar
7442,115.003982,4.762224,3.6788983951485257,3.173049865815604,Limbang,P.221 Limbang,N.79 Bukit Kota,Luar Bandar
7443,115.005162,4.744824,84.35823449038843,72.75897724796002,Limbang,P.221 Limbang,N.79 Bukit Kota,Luar Bandar
7444,115.006803,3.213253,3.0783092022727594,2.902405819285745,Telang Usan,P.220 Baram,N.77 Telang Usan,Luar Bandar
7445,115.006868,4.75326,27.496471262713563,23.715706464090445,Limbang,P.221 Limbang,N.79 Bukit Kota,Luar Bandar
7446,115.008552,4.707657,9.165490420904518,7.905235488030149,Limbang,P.221 Limbang,N.79 Bukit Kota,Luar Bandar
7447,115.00893,3.595125,3.479629364188622,3.2807934005207007,Telang Usan,P.220 Baram,N.77 Telang Usan,Luar Bandar
7448,115.00893,4.362409,16.76592385704367,14.460609326700169,Limbang,P.221 Limbang,N.80 Batu Danau,Luar Bandar
7449,115.00893,4.754392,312.62557950040156,269.6395623190963,Limbang,P.221 Limbang,N.79 Bukit Kota,Luar Bandar
7450,115.00893,4.762732,227.80257062562256,196.4797171645995,Limbang,P.221 Limbang,N.79 Bukit Kota,Luar Bandar
7451,115.00893,4.771072,55.09029417604885,47.51537872684214,Limbang,P.221 Limbang,N.79 Bukit Kota,Luar Bandar
7452,115.00893,4.779412,51.43436161551527,44.36213689338193,Limbang,P.221 Limbang,N.79 Bukit Kota,Luar Bandar
7453,115.00893,4.787752,4.225772701229033,3.6447289548100406,Limbang,P.221 Limbang,N.79 Bukit Kota,Luar Bandar
7454,115.012586,3.175541,14.991351008775641,14.134702379702748,Telang Usan,P.220 Baram,N.78 Mulu,Luar Bandar
7455,115.013938,4.686165,22.880339470234496,19.734292793077255,Limbang,P.221 Limbang,N.79 Bukit Kota,Luar Bandar
7456,115.015118,4.644472,5.499294252542711,4.7431412928180885,Limbang,P.221 Limbang,N.79 Bukit Kota,Luar Bandar
7457,115.017261,4.687672,39.04255329899508,33.67420222038325,Limbang,P.221 Limbang,N.79 Bukit Kota,Luar Bandar
7458,115.017261,4.729372,4.308333197978133,3.71593738325614,Limbang,P.221 Limbang,N.79 Bukit Kota,Luar Bandar
7459,115.017261,4.746052,30.21506983190958,26.060497730022014,Limbang,P.221 Limbang,N.79 Bukit Kota,Luar Bandar
7460,115.017261,4.754392,148.96766196453734,128.48460844441342,Limbang,P.221 Limbang,N.79 Bukit Kota,Luar Bandar
7461,115.017261,4.762732,231.37562772191148,199.56147891014868,Limbang,P.221 Limbang,N.79 Bukit Kota,Luar Bandar
7462,115.017261,4.771072,119.96172782584814,103.46699024979402,Limbang,P.221 Limbang,N.79 Bukit Kota,Luar Bandar
7463,115.017261,4.787752,4.8887802463613825,4.216572962486692,Limbang,P.221 Limbang,N.79 Bukit Kota,Luar Bandar
7464,115.019007,3.199708,14.346577273961366,13.52677285830643,Telang Usan,P.220 Baram,N.78 Mulu,Luar Bandar
7465,115.021255,4.881156,13.748235631356781,11.857853232045223,Limbang,P.221 Limbang,N.79 Bukit Kota,Luar Bandar
7466,115.023969,4.753506,35.97830672658788,31.03128955168205,Limbang,P.221 Limbang,N.79 Bukit Kota,Luar Bandar
7467,115.025592,4.637631,4.856145229966347,4.188425260845975,Limbang,P.221 Limbang,N.79 Bukit Kota,Luar Bandar
7468,115.025592,4.687672,56.15959568477567,48.43765127811902,Limbang,P.221 Limbang,N.79 Bukit Kota,Luar Bandar
7469,115.025592,4.762732,209.39585377833225,180.60392388381155,Limbang,P.221 Limbang,N.79 Bukit Kota,Luar Bandar
7470,115.025592,4.771072,172.20231729726697,148.52449866889276,Limbang,P.221 Limbang,N.79 Bukit Kota,Luar Bandar
7471,115.025592,4.779412,36.632725153164444,31.595725444604334,Limbang,P.221 Limbang,N.79 Bukit Kota,Luar Bandar
7472,115.025592,4.787752,28.342817038449795,24.445679695662946,Limbang,P.221 Limbang,N.79 Bukit Kota,Luar Bandar
7473,115.025811,4.409166,18.72414402830683,16.149574224414643,Limbang,P.221 Limbang,N.80 Batu Danau,Luar Bandar
7474,115.028186,4.690036,35.81201900282106,30.887866389933166,Limbang,P.221 Limbang,N.79 Bukit Kota,Luar Bandar
7475,115.038067,4.314905,16.76592385704367,14.460609326700169,Limbang,P.221 Limbang,N.80 Batu Danau,Luar Bandar
7476,115.038995,3.848187,8.607946364376819,8.116063714983857,Telang Usan,P.220 Baram,N.78 Mulu,Luar Bandar
7477,115.040073,4.638526,8.131361624649566,7.01329940126025,Limbang,P.221 Limbang,N.79 Bukit Kota,Luar Bandar
7478,115.044773,4.490841,3.3531847714087344,2.892121865340034,Limbang,P.221 Limbang,N.80 Batu Danau,Luar Bandar
7479,115.045213,3.176724,14.346577273961366,13.52677285830643,Telang Usan,P.220 Baram,N.78 Mulu,Luar Bandar
7480,115.050362,4.59945,2.514888578556551,2.1690913990050253,Limbang,P.221 Limbang,N.80 Batu Danau,Luar Bandar
7481,115.050585,4.50419,23.041192775721825,19.87302876906007,Limbang,P.221 Limbang,N.80 Batu Danau,Luar Bandar
7482,115.053978,4.593836,2.514888578556551,2.1690913990050253,Limbang,P.221 Limbang,N.80 Batu Danau,Luar Bandar
7483,115.058916,4.45415,68.60058799997402,59.1680071499776,Limbang,P.221 Limbang,N.80 Batu Danau,Luar Bandar
7484,115.059675,4.518896,8.382961928521835,7.2303046633500845,Limbang,P.221 Limbang,N.80 Batu Danau,Luar Bandar
7485,115.062566,4.575591,6.706369542817469,5.784243730680068,Limbang,P.221 Limbang,N.80 Batu Danau,Luar Bandar
7486,115.062615,4.522319,8.382961928521835,7.2303046633500845,Limbang,P.221 Limbang,N.80 Batu Danau,Luar Bandar
7487,115.06946,3.977329,10.94451143870209,10.156264077465929,Miri,P.220 Baram,N.78 Mulu,Luar Bandar
7488,115.072163,4.54957,8.382961928521835,7.2303046633500845,Limbang,P.221 Limbang,N.80 Batu Danau,Luar Bandar
7489,115.075578,3.053021,5.252984118875352,4.9528135977967604,Telang Usan,P.220 Baram,N.78 Mulu,Luar Bandar
7490,115.076187,3.057168,43.03973182188409,40.58031857491929,Telang Usan,P.220 Baram,N.78 Mulu,Luar Bandar
7491,115.085389,3.092758,28.69315454792273,27.05354571661286,Telang Usan,P.220 Baram,N.78 Mulu,Luar Bandar
7492,115.102258,4.037724,1.7511218301923344,1.6250022523945482,Miri,P.220 Baram,N.78 Mulu,Luar Bandar
7493,115.127985,3.11367,40.08336483675827,37.792886846086375,Telang Usan,P.220 Baram,N.78 Mulu,Luar Bandar
7494,115.142227,4.178928,27.15112091639138,23.41784179038757,Limbang,P.221 Limbang,N.80 Batu Danau,Luar Bandar
7495,115.154786,3.421183,3.9400241179327518,3.6562550678877344,Miri,P.220 Baram,N.78 Mulu,Luar Bandar
7497,115.182928,3.162381,43.03973182188409,40.58031857491929,Telang Usan,P.220 Baram,N.78 Mulu,Luar Bandar
7498,115.191978,3.303642,2.835711463619844,2.631477396987944,Miri,P.220 Baram,N.78 Mulu,Luar Bandar
7499,115.200544,4.887833,103.18514081168261,86.75765570733513,Lawas,P.222 Lawas,N.82 Bukit Sari,Luar Bandar
7500,115.200544,4.896173,97.80931980816071,82.23768680387641,Lawas,P.222 Lawas,N.82 Bukit Sari,Luar Bandar
7501,115.208875,4.879493,20.669297915386643,17.37866342139474,Lawas,P.222 Lawas,N.82 Bukit Sari,Luar Bandar
7502,115.208875,4.887833,128.96888376979877,108.43652416465667,Lawas,P.222 Lawas,N.82 Bukit Sari,Luar Bandar
7503,115.208875,4.896173,76.14749651462452,64.0245119948833,Lawas,P.222 Lawas,N.82 Bukit Sari,Luar Bandar
7504,115.214481,4.179173,18.520708471029643,15.974111056263066,Limbang,P.221 Limbang,N.80 Batu Danau,Luar Bandar
7505,115.217206,4.879493,3.5610315184261667,2.9941011274329465,Lawas,P.222 Lawas,N.82 Bukit Sari,Luar Bandar
7506,115.217206,4.887833,24.170647643333048,20.32258433693177,Lawas,P.222 Lawas,N.82 Bukit Sari,Luar Bandar
7507,115.217271,4.148644,7.035814831325009,6.0683902920178205,Limbang,P.221 Limbang,N.80 Batu Danau,Luar Bandar
7508,115.218376,3.170543,57.38630909584546,54.10709143322572,Telang Usan,P.220 Baram,N.78 Mulu,Luar Bandar
7509,115.225537,4.871153,57.43090970121784,48.28768029604883,Lawas,P.222 Lawas,N.82 Bukit Sari,Luar Bandar
7510,115.233334,4.940664,79.8671174504745,67.15195447328453,Lawas,P.222 Lawas,N.82 Bukit Sari,Luar Bandar
7511,115.233557,4.943368,31.5603408214455,26.53580894937457,Lawas,P.222 Lawas,N.82 Bukit Sari,Luar Bandar
7512,115.233868,4.862813,14.988133691347405,12.601963153421451,Lawas,P.222 Lawas,N.82 Bukit Sari,Luar Bandar
7513,115.233868,4.929533,64.29592888528352,54.05976110255182,Lawas,P.222 Lawas,N.82 Bukit Sari,Luar Bandar
7514,115.235199,4.937692,4.916205127781092,4.133525704452759,Lawas,P.222 Lawas,N.82 Bukit Sari,Luar Bandar
7515,115.235767,4.931888,19.084736646756333,16.046370613441894,Lawas,P.222 Lawas,N.82 Bukit Sari,Luar Bandar
7516,115.2422,4.779412,10.22000305979001,8.592937896042347,Lawas,P.222 Lawas,N.81 Ba`Kelalan,Luar Bandar
7517,115.242784,4.853661,11.482943286325916,9.654813011885969,Lawas,P.222 Lawas,N.82 Bukit Sari,Luar Bandar
7518,115.247011,4.814704,10.537532636113024,8.859915500015429,Lawas,P.222 Lawas,N.81 Ba`Kelalan,Luar Bandar
7519,115.247633,4.825844,4.473462391103397,3.7612693736142995,Lawas,P.222 Lawas,N.82 Bukit Sari,Luar Bandar
7520,115.25008,4.774654,5.154724959629299,4.334072229738068,Lawas,P.222 Lawas,N.81 Ba`Kelalan,Luar Bandar
7521,115.250531,4.829452,10.307388355023157,8.666411104472207,Lawas,P.222 Lawas,N.82 Bukit Sari,Luar Bandar
7522,115.250531,4.837793,9.373630025756553,7.881310817675908,Lawas,P.222 Lawas,N.82 Bukit Sari,Luar Bandar
7523,115.254865,4.815131,5.741471643162958,4.827406505942984,Lawas,P.222 Lawas,N.82 Bukit Sari,Luar Bandar
7524,115.258862,4.771072,20.36378893212295,17.12179268422278,Lawas,P.222 Lawas,N.81 Ba`Kelalan,Luar Bandar
7525,115.26098,4.80057,2.4116725659311995,2.027724694738173,Lawas,P.222 Lawas,N.82 Bukit Sari,Luar Bandar
7526,115.267193,4.762732,3.722498615820003,3.1298620202665695,Lawas,P.222 Lawas,N.81 Ba`Kelalan,Luar Bandar
7527,115.267193,4.771072,3.8970878201155403,3.2766559283558525,Lawas,P.222 Lawas,N.81 Ba`Kelalan,Luar Bandar
7528,115.267193,4.804432,2.5715563223495415,2.1621543207814553,Lawas,P.222 Lawas,N.82 Bukit Sari,Luar Bandar
7529,115.269005,4.795481,14.991464904677716,12.604764024331018,Lawas,P.222 Lawas,N.82 Bukit Sari,Luar Bandar
7530,115.270185,3.217441,2.188902287740418,2.0312528154931853,Miri,P.220 Baram,N.78 Mulu,Luar Bandar
7531,115.275524,4.746052,1.8594037333583913,1.5633792583958612,Lawas,P.222 Lawas,N.81 Ba`Kelalan,Luar Bandar
7532,115.275524,4.779412,2.431733679203884,2.0445919989326193,Lawas,P.222 Lawas,N.81 Ba`Kelalan,Luar Bandar
7533,115.275524,4.787752,23.23981219306712,19.539941595165885,Lawas,P.222 Lawas,N.81 Ba`Kelalan,Luar Bandar
7534,115.275524,4.796092,5.707979534244885,4.799246474066594,Lawas,P.222 Lawas,N.82 Bukit Sari,Luar Bandar
7535,115.279595,4.827105,45.931773145303666,38.619252047543874,Lawas,P.222 Lawas,N.82 Bukit Sari,Luar Bandar
7536,115.279605,4.729705,3.1612597908339075,2.6579746500046286,Lawas,P.222 Lawas,N.81 Ba`Kelalan,Luar Bandar
7537,115.283855,4.746052,4.202166294240867,3.5331646951577445,Lawas,P.222 Lawas,N.81 Ba`Kelalan,Luar Bandar
7538,115.283855,4.779412,2.7842446246412615,2.3409817988277273,Lawas,P.222 Lawas,N.81 Ba`Kelalan,Luar Bandar
7539,115.283855,4.796092,5.279898171748314,4.439317368285896,Lawas,P.222 Lawas,N.81 Ba`Kelalan,Luar Bandar
7540,115.285807,4.770078,5.268766318056512,4.4299577500077145,Lawas,P.222 Lawas,N.81 Ba`Kelalan,Luar Bandar
7541,115.292201,4.810534,5.268766318056512,4.4299577500077145,Lawas,P.222 Lawas,N.81 Ba`Kelalan,Luar Bandar
7542,115.293982,4.727609,15.806298954169534,13.289873250023142,Lawas,P.222 Lawas,N.81 Ba`Kelalan,Luar Bandar
7543,115.300517,4.821112,10.537532636113024,8.859915500015429,Lawas,P.222 Lawas,N.81 Ba`Kelalan,Luar Bandar
7544,115.313315,4.694847,4.446170946825103,3.7383228358877734,Lawas,P.222 Lawas,N.81 Ba`Kelalan,Luar Bandar
7545,115.314131,4.714672,2.7662940357946972,2.3258890151706657,Lawas,P.222 Lawas,N.81 Ba`Kelalan,Luar Bandar
7546,115.317179,4.704352,2.879601332838425,2.4211573395507155,Lawas,P.222 Lawas,N.81 Ba`Kelalan,Luar Bandar
7547,115.32243,4.843718,1.573529720992871,1.323017526605946,Lawas,P.222 Lawas,N.82 Bukit Sari,Luar Bandar
7548,115.32551,4.654311,12.544122804447001,10.547048527122106,Lawas,P.222 Lawas,N.81 Ba`Kelalan,Luar Bandar
7549,115.32551,4.704352,2.6660247973227866,2.2415830385450297,Lawas,P.222 Lawas,N.81 Ba`Kelalan,Luar Bandar
7550,115.329409,4.836107,9.082243043308836,7.636313802583052,Lawas,P.222 Lawas,N.81 Ba`Kelalan,Luar Bandar
7551,115.331383,4.552019,7.789744831153287,6.549586450074157,Lawas,P.222 Lawas,N.81 Ba`Kelalan,Luar Bandar
7552,115.331812,4.701284,6.168921278317586,5.186804457888916,Lawas,P.222 Lawas,N.81 Ba`Kelalan,Luar Bandar
7553,115.332258,4.67239,16.84536408802728,14.163515078988116,Lawas,P.222 Lawas,N.81 Ba`Kelalan,Luar Bandar
7554,115.332799,4.624228,3.1612597908339075,2.6579746500046286,Lawas,P.222 Lawas,N.81 Ba`Kelalan,Luar Bandar
7555,115.333841,4.612611,15.166687425146703,12.752090422138274,Lawas,P.222 Lawas,N.81 Ba`Kelalan,Luar Bandar
7556,115.333841,4.679332,46.319528369345996,38.94527509661429,Lawas,P.222 Lawas,N.81 Ba`Kelalan,Luar Bandar
7557,115.333841,4.696012,15.697529246183063,13.198420112462376,Lawas,P.222 Lawas,N.81 Ba`Kelalan,Luar Bandar
7558,115.340652,4.698761,54.77724941118622,46.056493286022246,Lawas,P.222 Lawas,N.81 Ba`Kelalan,Luar Bandar
7559,115.348216,4.884726,18.095185178673805,15.214359677591409,Lawas,P.222 Lawas,N.82 Bukit Sari,Luar Bandar
7560,115.348774,4.698633,5.8895291959601135,4.951892707051042,Lawas,P.222 Lawas,N.81 Ba`Kelalan,Luar Bandar
7561,115.349928,4.894096,23.638718117121982,19.875340108425945,Lawas,P.222 Lawas,N.82 Bukit Sari,Luar Bandar
7562,115.350503,4.887833,28.708557471445722,24.138040859076256,Lawas,P.222 Lawas,N.82 Bukit Sari,Luar Bandar
7563,115.356199,4.846915,10.537532636113024,8.859915500015429,Lawas,P.222 Lawas,N.81 Ba`Kelalan,Luar Bandar
7564,115.356853,4.875458,11.482943286325916,9.654813011885969,Lawas,P.222 Lawas,N.82 Bukit Sari,Luar Bandar
7565,115.358834,4.696012,22.369427887923393,18.808125935617184,Lawas,P.222 Lawas,N.81 Ba`Kelalan,Luar Bandar
7566,115.363553,3.20155,2.188902287740418,2.0312528154931853,Miri,P.220 Baram,N.78 Mulu,Luar Bandar
7567,115.365157,4.84513,10.527027374385588,8.851082717766987,Lawas,P.222 Lawas,N.82 Bukit Sari,Luar Bandar
7568,115.367281,4.897693,2.2965886572651835,1.9309626023771942,Lawas,P.222 Lawas,N.82 Bukit Sari,Luar Bandar
7569,115.370672,4.863047,5.439711735957724,4.573687976999281,Lawas,P.222 Lawas,N.82 Bukit Sari,Luar Bandar
7570,115.375497,4.846133,41.50469810967557,34.89698497778693,Lawas,P.222 Lawas,N.82 Bukit Sari,Luar Bandar
7571,115.375497,4.871153,3.47911638999923,2.9252272134819397,Lawas,P.222 Lawas,N.82 Bukit Sari,Luar Bandar
7572,115.383828,4.846133,24.26264268080723,20.399933398290653,Lawas,P.222 Lawas,N.82 Bukit Sari,Luar Bandar
7573,115.383828,4.879493,1.4830420334077679,1.2469358390343916,Lawas,P.222 Lawas,N.82 Bukit Sari,Luar Bandar
7574,115.385306,3.172611,2.188902287740418,2.0312528154931853,Miri,P.220 Baram,N.78 Mulu,Luar Bandar
7575,115.387816,4.837903,1.7012348782614812,1.4303915145581607,Lawas,P.222 Lawas,N.82 Bukit Sari,Luar Bandar
7576,115.392159,3.203142,6.566706863221253,6.093758446479557,Miri,P.220 Baram,N.78 Mulu,Luar Bandar
7577,115.392159,4.854473,62.77480280580103,52.78080434915609,Lawas,P.222 Lawas,N.82 Bukit Sari,Luar Bandar
7578,115.395327,4.879189,3.2424141819725216,2.726208939071424,Lawas,P.222 Lawas,N.82 Bukit Sari,Luar Bandar
7579,115.396003,4.91409,2.8305790743879156,2.3799396197589937,Lawas,P.222 Lawas,N.82 Bukit Sari,Luar Bandar
7580,115.398256,3.203376,4.377804575480836,4.0625056309863705,Miri,P.220 Baram,N.78 Mulu,Luar Bandar
7581,115.398653,4.732261,8.04131965772084,6.761109562959314,Lawas,P.222 Lawas,N.81 Ba`Kelalan,Luar Bandar
7582,115.399425,4.739756,21.563264501667735,18.130306969063916,Lawas,P.222 Lawas,N.81 Ba`Kelalan,Luar Bandar
7583,115.40049,4.746052,8.304452482122517,6.982350594421422,Lawas,P.222 Lawas,N.81 Ba`Kelalan,Luar Bandar
7584,115.40049,4.821112,50.274783309548944,42.270837708028715,Lawas,P.222 Lawas,N.81 Ba`Kelalan,Luar Bandar
7585,115.40049,4.829452,25.079131392050925,21.086433856998042,Lawas,P.222 Lawas,N.82 Bukit Sari,Luar Bandar
7586,115.40049,4.837793,23.353293083716736,19.635355876358847,Lawas,P.222 Lawas,N.82 Bukit Sari,Luar Bandar
7587,115.40049,4.846133,64.91265569897509,54.5783025528696,Lawas,P.222 Lawas,N.82 Bukit Sari,Luar Bandar
7588,115.40049,4.854473,110.39445108627008,92.81921509243604,Lawas,P.222 Lawas,N.82 Bukit Sari,Luar Bandar
7589,115.40049,4.862813,147.32665785256427,123.87166754767844,Lawas,P.222 Lawas,N.82 Bukit Sari,Luar Bandar
7590,115.40049,4.871153,60.362592220341675,50.75262728974002,Lawas,P.222 Lawas,N.82 Bukit Sari,Luar Bandar
7591,115.40049,4.887833,5.637569343533843,4.740045865956316,Lawas,P.222 Lawas,N.82 Bukit Sari,Luar Bandar
7592,115.406227,4.863923,35.040874132007126,29.462227504025897,Lawas,P.222 Lawas,N.82 Bukit Sari,Luar Bandar
7593,115.407085,4.795674,8.430026108890418,7.087932400012342,Lawas,P.222 Lawas,N.81 Ba`Kelalan,Luar Bandar
7594,115.40738,3.26145,4.1342316344062535,3.8364753394074658,Miri,P.220 Baram,N.78 Mulu,Luar Bandar
7595,115.408821,4.771072,4.117742708192509,3.4621816800225576,Lawas,P.222 Lawas,N.81 Ba`Kelalan,Luar Bandar
7596,115.408821,4.804432,12.350052117509772,10.383874665965926,Lawas,P.222 Lawas,N.81 Ba`Kelalan,Luar Bandar
7597,115.408821,4.812772,11.172350694227347,9.393667996638916,Lawas,P.222 Lawas,N.81 Ba`Kelalan,Luar Bandar
7598,115.408821,4.821112,38.358057695532864,32.251302241517685,Lawas,P.222 Lawas,N.81 Ba`Kelalan,Luar Bandar
7599,115.408821,4.829452,8.137832948972893,6.842257554111536,Lawas,P.222 Lawas,N.82 Bukit Sari,Luar Bandar
7600,115.408821,4.837793,11.744234640792175,9.874505742755613,Lawas,P.222 Lawas,N.82 Bukit Sari,Luar Bandar
7601,115.408821,4.846133,61.16349052800258,51.42601939916635,Lawas,P.222 Lawas,N.82 Bukit Sari,Luar Bandar
7602,115.408821,4.854473,149.90637638994536,126.04068462637197,Lawas,P.222 Lawas,N.82 Bukit Sari,Luar Bandar
7603,115.408821,4.862813,181.41908746690478,152.5364466761538,Lawas,P.222 Lawas,N.82 Bukit Sari,Luar Bandar
7604,115.408821,4.871153,149.32942440190195,125.5555856911514,Lawas,P.222 Lawas,N.82 Bukit Sari,Luar Bandar
7605,115.408821,4.879493,59.71275080293745,50.20624321242005,Lawas,P.222 Lawas,N.82 Bukit Sari,Luar Bandar
7606,115.408821,4.887833,2.9300953156988507,2.4636124793686855,Lawas,P.222 Lawas,N.82 Bukit Sari,Luar Bandar
7607,115.409102,4.782929,5.268766318056512,4.4299577500077145,Lawas,P.222 Lawas,N.81 Ba`Kelalan,Luar Bandar
7608,115.415926,4.863645,79.28582485245416,66.66320597047141,Lawas,P.222 Lawas,N.82 Bukit Sari,Luar Bandar
7609,115.417152,4.779412,2.1075065272226046,1.7719831000030855,Lawas,P.222 Lawas,N.81 Ba`Kelalan,Luar Bandar
7610,115.417152,4.804432,9.30132100543311,7.820513681185053,Lawas,P.222 Lawas,N.81 Ba`Kelalan,Luar Bandar
7611,115.417152,4.821112,19.266317554271446,16.19904311777052,Lawas,P.222 Lawas,N.82 Bukit Sari,Luar Bandar
7612,115.417152,4.846133,28.61736601034272,24.061367441531942,Lawas,P.222 Lawas,N.82 Bukit Sari,Luar Bandar
7613,115.417152,4.854473,17.45322960367381,14.67460598517848,Lawas,P.222 Lawas,N.82 Bukit Sari,Luar Bandar
7614,115.417152,4.871153,75.77367456660915,63.71020398884053,Lawas,P.222 Lawas,N.82 Bukit Sari,Luar Bandar
7615,115.42299,4.767384,1.0537532636113023,0.8859915500015427,Lawas,P.222 Lawas,N.81 Ba`Kelalan,Luar Bandar
7616,115.424241,4.952635,45.931773145303666,38.619252047543874,Lawas,P.222 Lawas,N.82 Bukit Sari,Luar Bandar
7617,115.425483,4.787752,3.37344796532836,2.8363816225895166,Lawas,P.222 Lawas,N.81 Ba`Kelalan,Luar Bandar
7618,115.425483,4.846133,100.68641908649138,84.65674042595545,Lawas,P.222 Lawas,N.82 Bukit Sari,Luar Bandar
7619,115.425483,4.871153,2.540113199975827,2.1357170686363913,Lawas,P.222 Lawas,N.82 Bukit Sari,Luar Bandar
7620,115.425483,4.962893,7.559678812745128,6.356147857482223,Lawas,P.222 Lawas,N.82 Bukit Sari,Luar Bandar
7621,115.429358,3.282964,6.566706863221253,6.093758446479557,Miri,P.220 Baram,N.78 Mulu,Luar Bandar
7622,115.433814,4.821112,8.203143345246264,6.89717027535631,Lawas,P.222 Lawas,N.82 Bukit Sari,Luar Bandar
7623,115.433814,4.829452,22.43938332277366,18.866944186809693,Lawas,P.222 Lawas,N.82 Bukit Sari,Luar Bandar
7624,115.433814,4.837793,60.35169467750407,50.74346467909547,Lawas,P.222 Lawas,N.82 Bukit Sari,Luar Bandar
7625,115.433814,4.954553,86.34908462781361,72.6019666771169,Lawas,P.222 Lawas,N.82 Bukit Sari,Luar Bandar
7626,115.436354,4.948157,13.110018808969492,11.02285163540221,Lawas,P.222 Lawas,N.82 Bukit Sari,Luar Bandar
7627,115.442145,4.829452,42.68279567121651,35.88752471858503,Lawas,P.222 Lawas,N.82 Bukit Sari,Luar Bandar
7628,115.442145,4.837793,33.98794536029389,28.576929183530694,Lawas,P.222 Lawas,N.82 Bukit Sari,Luar Bandar
7629,115.442145,4.946213,1.4661225491855414,1.2327100040415746,Lawas,P.222 Lawas,N.82 Bukit Sari,Luar Bandar
7630,115.448177,4.834375,3.7084018189271326,3.118009489545699,Lawas,P.222 Lawas,N.82 Bukit Sari,Luar Bandar
7631,115.449969,3.738254,1.5767071476726862,1.463149292161634,Miri,P.220 Baram,N.78 Mulu,Luar Bandar
7632,115.450476,3.745245,17.971724560293193,16.677362126587866,Miri,P.220 Baram,N.78 Mulu,Luar Bandar
7633,115.450476,3.753586,11.567320097756875,10.734216711214827,Miri,P.220 Baram,N.78 Mulu,Luar Bandar
7634,115.450476,4.821112,3.4207300692109524,2.8761362273465223,Lawas,P.222 Lawas,N.81 Ba`Kelalan,Luar Bandar
7635,115.450476,4.829452,94.61211564571275,79.54949026928088,Lawas,P.222 Lawas,N.81 Ba`Kelalan,Luar Bandar
7636,115.454561,4.378526,1.6474328975820647,1.3851550233401437,Lawas,P.222 Lawas,N.81 Ba`Kelalan,Luar Bandar
7637,115.45499,4.201611,1.0537532636113023,0.8859915500015427,Lawas,P.222 Lawas,N.81 Ba`Kelalan,Luar Bandar
7638,115.458359,4.357323,19.116867342106644,16.07338597420907,Lawas,P.222 Lawas,N.81 Ba`Kelalan,Luar Bandar
7639,115.458807,3.745245,6.900106916951421,6.40314630797431,Miri,P.220 Baram,N.78 Mulu,Luar Bandar
7640,115.461406,3.740845,1.667461957612507,1.5473677445988638,Miri,P.220 Baram,N.78 Mulu,Luar Bandar
7641,115.467138,3.736905,3.6727085783900932,3.4081921710822196,Miri,P.220 Baram,N.78 Mulu,Luar Bandar
7642,115.467138,3.745245,0.9288306045940667,0.861934217559591,Miri,P.220 Baram,N.78 Mulu,Luar Bandar
7643,115.469018,4.426134,2.1075065272226046,1.7719831000030855,Lawas,P.222 Lawas,N.81 Ba`Kelalan,Luar Bandar
7644,115.470278,4.08692,8.382961928521835,7.2303046633500845,Limbang,P.221 Limbang,N.80 Batu Danau,Luar Bandar
7645,115.47259,4.473792,2.1075065272226046,1.7719831000030855,Lawas,P.222 Lawas,N.81 Ba`Kelalan,Luar Bandar
7646,115.474827,3.720664,1.230165381211944,1.1415662124819979,Miri,P.220 Baram,N.78 Mulu,Luar Bandar
7647,115.475469,3.736905,0.43162428784564694,0.40053777403958923,Miri,P.220 Baram,N.78 Mulu,Luar Bandar
7648,115.478797,4.472123,15.806298954169534,13.289873250023142,Lawas,P.222 Lawas,N.81 Ba`Kelalan,Luar Bandar
7649,115.484354,4.551613,9.5889874302848,8.06238246625936,Lawas,P.222 Lawas,N.81 Ba`Kelalan,Luar Bandar
7650,115.485691,3.749924,3.3189340404867496,3.079897239786873,Miri,P.220 Baram,N.78 Mulu,Luar Bandar
7651,115.486017,4.505858,21.07506527222605,17.719831000030858,Lawas,P.222 Lawas,N.81 Ba`Kelalan,Luar Bandar
7652,115.492132,4.554231,5.646491072213093,4.747547219920461,Lawas,P.222 Lawas,N.81 Ba`Kelalan,Luar Bandar
7653,115.496542,4.285687,15.806298954169534,13.289873250023142,Lawas,P.222 Lawas,N.81 Ba`Kelalan,Luar Bandar
7654,115.500463,4.937873,18.826839030246568,15.829531323938658,Lawas,P.222 Lawas,N.82 Bukit Sari,Luar Bandar
7655,115.500463,4.946213,1.5236720776679413,1.2810974185367268,Lawas,P.222 Lawas,N.82 Bukit Sari,Luar Bandar
7656,115.500463,4.962893,5.405285704334348,4.5447427066293775,Lawas,P.222 Lawas,N.82 Bukit Sari,
7657,115.505962,4.959294,6.6680411481277,5.606462457878514,Lawas,P.222 Lawas,N.82 Bukit Sari,
7658,115.508794,4.954553,37.507716209587315,31.53633850457839,Lawas,P.222 Lawas,N.82 Bukit Sari,Luar Bandar
7659,115.508794,4.962893,21.149394870971154,17.782327030816543,Lawas,P.222 Lawas,N.82 Bukit Sari,
7660,115.514052,3.926413,3.357240194859115,3.1154445021545807,Miri,P.222 Lawas,N.81 Ba`Kelalan,Luar Bandar
7661,115.517125,4.946213,1.8455040801707154,1.551692485317666,Lawas,P.222 Lawas,N.82 Bukit Sari,Luar Bandar
7662,115.517125,4.954553,10.294464201304496,8.655544527464972,Lawas,P.222 Lawas,N.82 Bukit Sari,Luar Bandar
7663,115.522099,3.810688,2.188902287740418,2.0312528154931853,Miri,P.220 Baram,N.78 Mulu,Luar Bandar
7664,115.526605,4.950636,5.741471643162958,4.827406505942984,Lawas,P.222 Lawas,N.82 Bukit Sari,Luar Bandar
7665,115.527774,3.595392,1.5739155821414401,1.4605587812115859,Miri,P.220 Baram,N.78 Mulu,Luar Bandar
7666,115.533621,4.966285,4.3121508214026525,3.6256392478460113,Lawas,P.222 Lawas,N.82 Bukit Sari,Luar Bandar
7667,115.541625,4.947216,5.268766318056512,4.4299577500077145,Lawas,P.222 Lawas,N.81 Ba`Kelalan,Luar Bandar
7668,115.542118,4.962893,1.389481953440854,1.1682708961766386,Lawas,P.222 Lawas,N.82 Bukit Sari,Luar Bandar
7669,115.550449,4.962893,15.619709696115574,13.132989744495186,Lawas,P.222 Lawas,N.82 Bukit Sari,Luar Bandar
7670,115.551946,4.192687,6.322519581667815,5.315949300009257,Lawas,P.222 Lawas,N.81 Ba`Kelalan,Luar Bandar
7671,115.553899,3.566631,5.472255719351045,5.0781320387329645,Miri,P.220 Baram,N.78 Mulu,Luar Bandar
7672,115.55878,4.962893,3.0383355147363904,2.554620407912686,Lawas,P.222 Lawas,N.81 Ba`Kelalan,Luar Bandar
7673,115.55878,4.971233,3.1621947007386675,2.658760718531516,Lawas,P.222 Lawas,N.82 Bukit Sari,Luar Bandar
7674,115.567111,4.954553,49.42166640602211,41.55354041103352,Lawas,P.222 Lawas,N.81 Ba`Kelalan,Luar Bandar
7675,115.574123,4.191093,10.537532636113024,8.859915500015429,Lawas,P.222 Lawas,N.81 Ba`Kelalan,Luar Bandar
7676,115.586997,4.205764,15.806298954169534,13.289873250023142,Lawas,P.222 Lawas,N.81 Ba`Kelalan,Luar Bandar
7677,115.58733,4.9687,10.537532636113024,8.859915500015429,Lawas,P.222 Lawas,N.81 Ba`Kelalan,Luar Bandar
7678,115.588521,4.236428,12.64503916333563,10.631898600018515,Lawas,P.222 Lawas,N.81 Ba`Kelalan,Luar Bandar
7679,115.590205,4.216441,4.215013054445209,3.543966200006171,Lawas,P.222 Lawas,N.81 Ba`Kelalan,Luar Bandar
7680,115.592394,4.226114,9.126931218673944,7.67388744256665,Lawas,P.222 Lawas,N.81 Ba`Kelalan,Luar Bandar
7681,115.59793,4.248433,2.270034222977078,1.9086357397170457,Lawas,P.222 Lawas,N.81 Ba`Kelalan,Luar Bandar
7682,115.608767,4.253989,6.6894037005457845,5.624424006926556,Lawas,P.222 Lawas,N.81 Ba`Kelalan,Luar Bandar
7683,115.613315,4.03859,2.1113809377171595,1.775240688926368,Lawas,P.222 Lawas,N.81 Ba`Kelalan,Luar Bandar
7684,115.615718,3.958363,10.537532636113024,8.859915500015429,Lawas,P.222 Lawas,N.81 Ba`Kelalan,Luar Bandar
7685,115.619549,3.977511,80.64981306850304,67.81004183371648,Lawas,P.222 Lawas,N.81 Ba`Kelalan,Luar Bandar
7686,115.619849,4.005477,4.215013054445209,3.543966200006171,Lawas,P.222 Lawas,N.81 Ba`Kelalan,Luar Bandar
7687,115.620375,3.986276,60.253485141827575,50.66089049238239,Lawas,P.222 Lawas,N.81 Ba`Kelalan,Luar Bandar
7688,115.623003,4.018534,15.806298954169534,13.289873250023142,Lawas,P.222 Lawas,N.81 Ba`Kelalan,Luar Bandar
