TAHUN LULUS,PERUNTUKAN,NEGERI,PARLIMEN,KOD SEKOLAH,NAMA PROJEK,STATUS,% JADUAL **,% SEBENAR **
2019,KRITIKAL,SARAWAK,SIBUTI,YBA4411,"SEKOLAH KRITIKAL BAGI SABAH DAN SARAWAK - CADANGAN PEMBINAAN BANGUNAN GANTIAN PENUH BILIK DARJAH, BANGUNAN PENTADBIRAN, MAKMAL, RUMAH GURU DAN KEMUDAHAN LAIN DI SK KAMPUNG SELANYAU, SUBIS, SARAWAK",BINA,100,97
2019,RM1B,SARAWAK,BARAM,YBA4304,"PEMBANGUNAN SEMULA SEKOLAH DAIF SARAWAK 1 BILION (FASA 1) - SK LONG PELUTAN, BARAM, SARAWAK",BINA,100,100
2019,RM1B,SARAWAK,KAPIT,YBB7123,"PEMBANGUNAN SEMULA SEKOLAH DAIF SARAWAK 1 BILION (FASA 1) - SK KG BARU, KAPIT, SARAWAK",BINA,100,93
2019,RMK,SARAWAK,MIRI,YBE4104,SEKOLAH KEBANGSAAN SAYED OTHMAN,BINA,14,11
2019,RMK,SARAWAK,TANJONG MANIS,YBB6413,SEKOLAH KEBANGSAAN KG PENIBONG,BINA,100,50
2020,RM1B,SARAWAK,BARAM,YBB4358,"PEMBANGUNAN SEMULA SEKOLAH DAIF SARAWAK RM1BILION (FASA 2) - SK SG BAKAS, MIRI, SARAWAK",BINA,88,98
2020,RM1B,SARAWAK,BINTULU,YBB4339,"PEMBANGUNAN SEMULA SEKOLAH DAIF SARAWAK RM1BILION (FASA 2) - SK SG. SEBATU, MIRI, SARAWAK",BINA,20,21
2020,RM1B,SARAWAK,IGAN,YBB6405,"PEMBANGUNAN SEMULA SEKOLAH DAIF SARAWAK RM1BILION (FASA 2) - SK KG PERGAU, MUKAH, SARAWAK",BINA,20,0
2020,RM1B,SARAWAK,IGAN,YBB6409,"PEMBANGUNAN SEMULA SEKOLAH DAIF SARAWAK RM1BILION (FASA 2) - SK BAWANG TIAN, MUKAH, SARAWAK",BINA,35,67
2020,RM1B,SARAWAK,IGAN,YBE6405,"PEMBANGUNAN SEMULA SEKOLAH DAIF SARAWAK RM1BILION (FASA 2) - SK KG TEBAANG, MUKAH, SARAWAK",BINA,100,100
2020,RM1B,SARAWAK,KAPIT,YBB7119,"PEMBANGUNAN SEMULA SEKOLAH DAIF SARAWAK RM1BILION (FASA 2) - SK LEPONG BALLEH,  KAPIT, SARAWAK",BINA,80,94
2020,RM1B,SARAWAK,SANTUBONG,YBB1406,"PEMBANGUNAN SEMULA SEKOLAH DAIF SARAWAK RM1BILION (FASA 2) - SK LEBAI MENTALI, KUCHING, SARAWAK",BINA,100,93
2020,RM1B,SARAWAK,SIBUTI,YBA4417,"PEMBANGUNAN SEMULA SEKOLAH DAIF SARAWAK RM1BILION (FASA 2) - SK KELURU TENGAH, MIRI, SARAWAK",BINA,68,84
2020,RM1B,SARAWAK,TANJONG MANIS,YBA6101,"PEMBANGUNAN SEMULA SEKOLAH DAIF SARAWAK RM1BILION (FASA 2) - SK ABANG BUYUK, MUKAH, SARAWAK",BINA,36,0
2020,RMK,SABAH,BEAUFORT,XBA6326,"DAIF SABAH (2020) - PEMBINAAN BANGUNAN GANTIAN BLOK PENTADBIRAN, PRASEKOLAH, 2 UNIT RUMAH GURU, 2 UNIT TANDAS GURU DAN LAIN-LAIN KEMUDAHAN BERKAITAN DI SK TEMPURONG, KUALA PENYU, SABAH (XBA6326)",BINA,32,37
2020,RMK,SABAH,KALABAKAN,XBA3009,"DAIF SABAH (2020)- GANTIAN 32 UNIT BILIK DARJAH,BANGUNAN PENTADBIRAN DAN MAKMAL SAINS DI SK UMAS-UMAS, SABAH",BINA,70,53
2020,RMK,SABAH,KENINGAU,XBA1208,"DAIF SABAH (2020) - PEMBINAAN BANGUNAN GANTIAN  6 BILIK DARJAH, BLOK PENTADBIRAN, BILIK SAINS, KANTIN, 4 UNIT TANDAS, 2 UNIT RUMAH GURU DAN LAIN-LAIN KEMUDAHAN DI SK MONSOK TENGAH, TAMBUNAN, SABAH (XBA1208)",BINA,82,15
2020,RMK,SABAH,KENINGAU,XBA1209,"DAIF SABAH (2020)-PEMBINAAN BANGUNAN GANTIAN 6 BILIK DARJAH, BLOK PENTADBIRAN, BILIK SAINS, KANTIN, 6 UNIT TANDAS DAN LAIN-LAIN KEMUDAHAN BERKAITAN DI SK NUKAKATAN, TAMBUNAN, SABAH (XBA1209)",BINA,69,24
2020,RMK,SABAH,KIMANIS,XRA4001,"DAIF SABAH (2020) – PEMBINAAN SEMULA KUARTERS GURU 25 UNIT DI SMKA KIMANIS, PAPAR, SABAH (XRA4001)",BINA,5,1
2020,RMK,SABAH,KUDAT,XBA5207,"DAIF SABAH (2020) - PEMBINAAN BANGUNAN GANTIAN  6 BILIK DARJAH, BLOK PENTADBIRAN, BILIK SAINS, KANTIN, 6 UNIT TANDAS, ASRAMA 120 MURID (60 LELAKI & 60 PEREMPUAN), DEWAN MAKAN ASRAMA DAN LAIN-LAIN KEMUDAHAN BERKAITAN DI SK MALUBANG, PITAS, SABAH  (XBA5207)",BINA,92,82
2020,RMK,SABAH,KUDAT,XBA5223,"DAIF SABAH (2020) - PEMBINAAN BANGUNAN GANTIAN  6 BILIK DARJAH, 1 UNIT PRASEKOLAH, BLOK PENTADBIRAN, BILIK SAINS, 6 UNIT TANDAS,  KANTIN DAN LAIN-LAIN KEMUDAHAN BERKAITAN DI SK MANDURIAN, PITAS, SABAH (XBA5223)",BINA,94,72
2020,RMK,SABAH,KUDAT,XBA5224,"DAIF SABAH (2020) - PEMBINAAN BANGUNAN GANTIAN  6 BILIK DARJAH, BLOK PENTADBIRAN, BILIK SAINS, KANTIN, 2 UNIT RUMAH GURU, 6 UNIT TANDAS DAN LAIN-LAIN KEMUDAHAN BERKAITAN DI SK KIBUBUK/SAHABAT SATU, PITAS, SABAH (XBA5224)",BINA,98,85
2020,RMK,SABAH,KUDAT,XEA5001,"DAIF SABAH (2020) - PEMBAIKAN STRUKTUR DAN LAIN-LAIN YANG BERKAITAN DI SMK KUDAT, KUDAT, SABAH",BINA,100,92
2020,RMK,SABAH,PENSIANGAN,XEA1113,"DAIF SABAH (2020) - BANGUNAN GANTIAN  KUARTERS GURU (8 UNIT) SERTA BANGUNAN TAMBAHAN 12 BILIK DARJAH DAN KEMUDAHAN-KEMUDAHAN LAIN DI SMK NABAWAN, PENSIANGAN, SABAH",BINA,83,83
2020,RMK,SABAH,RANAU,XBA2135,"DAIF SABAH (2020) - PEMBINAAN BANGUNAN GANTIAN  6 BILIK DARJAH, BLOK PENTADBIRAN, BILIK SAINS, KANTIN, 6 UNIT TANDAS DAN LAIN-LAIN KEMUDAHAN BERKAITAN DI SK KAWIYAN, RANAU, SABAH (XBA2135)",BINA,7,16
2020,RMK,SABAH,SEMPORNA,XBA3302,"DAIF SABAH (2020) - PEMBINAAN BANGUNAN GANTIAN 14 UNIT BILIK DARJAH, BANGUNAN PENTADBIRAN, BILIK SAINS, 8 UNIT RUMAH GURU, SURAU, 10 UNIT TANDAS DAN LAIN-LAIN KEMUDAHAN BERKAITAN YANG DI SK BUBUL, SEMPORNA, SABAH  (XBA3302)",BINA,54,37
2020,RMK,SABAH,SEMPORNA,XBA3323,"DAIF SABAH (2020)- KERJA-KERJA MEMBAIKPULIH 18 UNIT BILIK DARJAH DI SK TAGASAN, SEMPORNA, SABAH",BINA,93,88
2020,RMK,SABAH,SEPANGGAR,XBA4013,"DAIF SABAH (2020) - GANTIAN 1 BLOK PUSAT SUMBER, STOR, PEMBINAAN SURAU DAN PENGGANTIAN SALIRAN PERPAIPAN SELURUH KAWASAN SEKOLAH DI SK KEBAYAU TELIPOK, KOTA KINABALU, SABAH",BINA,76,76
2020,RMK,SABAH,SILAM,XBA3115,"DAIF SABAH (2020)- GANTIAN 26 BILIK DARJAH, RUMAH GURU 4 UNIT DI SK PEKAN LAHAD DATU, SABAH",BINA,23,44
2020,RMK,SABAH,SIPITANG,XBA6005,"DAIF SABAH (2020) - PEMBINAAN BANGUNAN GANTIAN PENUH 6 BILIK DARJAH, PENTADBIRAN, BILIK SAINS, KANTIN, 6 UNIT TANDAS DAN LAIN-LAIN KEMUDAHAN BERKAITAN DI SK BENTUKA, BEAUFORT, SABAH (XBA6005)",BINA,87,63
2020,RMK,SABAH,TUARAN,XBA4386,"DAIF SABAH (2020)- GANTIAN 6 UNIT BILIK DARJAH, BANGUNAN PENTABDIRAN,DAN MAKMAL SAINS DI SK SUNGOI, SABAH",BINA,100,68
2021,RM1B,SARAWAK,BETONG,YBB2405,"PEMBANGUNAN SEMULA SEKOLAH DAIF SARAWAK RM1BILION (FASA 3) - SK SAKA, BETONG, SARAWAK (YBB2405)",BINA,58,58
2021,RM1B,SARAWAK,HULU RAJANG,YBB7213,"PEMBANGUNAN SEMULA SEKOLAH DAIF SARAWAK RM1BILION (FASA 3) - SK PUNAN BA, BELAGA, SARAWAK (YBB7213)",BINA,20,17
2021,RM1B,SARAWAK,KAPIT,YBB6212,"PEMBANGUNAN SEMULA SEKOLAH DAIF SARAWAK RM1BILION (FASA 3) - SK NANGA KEDUP, JULAU, SARAWAK (YBB6212)",BINA,1,1
2021,RM1B,SARAWAK,KAPIT,YBB7128,"PEMBANGUNAN SEMULA SEKOLAH DAIF SARAWAK RM1BILION (FASA 3) - SK ULU YONG, KAPIT, SARAWAK (YBB7128)",BINA,62,55
2021,RM1B,SARAWAK,KAPIT,YBB7305,"PEMBANGUNAN SEMULA SEKOLAH DAIF SARAWAK RM1BILION (FASA 3) - SK NANGA DALAI, SONG, SARAWAK (YBB7305)",BINA,64,58
2021,RM1B,SARAWAK,KOTA SAMARAHAN,YBA8102,"PEMBANGUNAN SEMULA SEKOLAH DAIF SARAWAK RM1BILION (FASA 3) - SK MANG, SAMARAHAN, SARAWAK (YBA8102)",BINA,100,80
2021,RM1B,SARAWAK,MUKAH,YBB3404,"PEMBANGUNAN SEMULA SEKOLAH DAIF SARAWAK RM1BILION (FASA 3) - SK SG BADENGAN, MUKAH, SARAWAK (YBB3404)",BINA,4,2
2021,RM1B,SARAWAK,PUNCAK BORNEO,YBB1109,"PEMBANGUNAN SEMULA SEKOLAH DAIF SARAWAK RM1BILION (FASA 3) - SK SERUMBU, BAU, SARAWAK (YBB1109)",BINA,54,47
2021,RM1B,SARAWAK,PUNCAK BORNEO,YBB8234,"PEMBANGUNAN SEMULA SEKOLAH DAIF SARAWAK RM1BILION (FASA 3) - SK SEBANBAN, SERIAN, SARAWAK (YBB8234)",BINA,55,58
2021,RM1B,SARAWAK,SARATOK,YBB2214,"PEMBANGUNAN SEMULA SEKOLAH DAIF SARAWAK RM1BILION (FASA 3) - SK NANGA ATOI, SARATOK, SARAWAK (YBB2214)",BINA,36,50
2021,RM1B,SARAWAK,SELANGAU,YBB3223,"PEMBANGUNAN SEMULA SEKOLAH DAIF SARAWAK RM1BILION (FASA 3) - SK SG SIONG TENGAH, SIBU, SARAWAK (YBB3223)",BINA,87,83
2021,RM1B,SARAWAK,SERIAN,YBB8214,"PEMBANGUNAN SEMULA SEKOLAH DAIF SARAWAK RM1BILION (FASA 3) - SK SEMUKOI, SERIAN, SARAWAK (YBB8214)",BINA,32,19
2021,RM1B,SARAWAK,SIBUTI,YBA4407,"PEMBANGUNAN SEMULA SEKOLAH DAIF SARAWAK RM1BILION (FASA 3) - SK BEKENU, SIBUTI, SARAWAK (YBA4407)",BINA,100,98
2021,RM1B,SARAWAK,SIBUTI,YBE4107,"PEMBANGUNAN SEMULA SEKOLAH DAIF SARAWAK RM1BILION (FASA 3) - SK LAMBIR VILLAGE, MIRI, SARAWAK  (YBE4107)",BINA,99,99
2021,RM1B,SARAWAK,TANJONG MANIS,YBA6401,"PEMBANGUNAN SEMULA SEKOLAH DAIF SARAWAK RM1BILION (FASA 3) - SK SALAH KECHIL, DARO, SARAWAK (YBA6401)",BINA,31,39
2021,RMK,JOHOR,PULAI,JEB1001,"DAIF JOHOR (2021) - PEMBINAAN BANGUNAN TAMBAHAN  DAN BENGKEL KEMAHIRAN PROGRAM PENDIDIKAN KHAS INTEGRASI (PPKI)  DI MAKTAB SULTAN ABU BAKAR, JOHOR BAHRU, JOHOR (JEB1001)",BINA,0,0
2021,RMK,KEDAH,ALOR SETAR,KBA2065,"DAIF KEDAH (2021) - PEMBINAAN BANGUNAN GANTIAN PENUH BLOK PENTADBIRAN, BILIK-BILIK KHAS DAN LAIN-LAIN KEMUDAHAN MENGIKUT PIAWAI DI SK HAJI WAHAB, ALOR SETAR, KEDAH (KBA2065)",BINA,100,22
2021,RMK,KEDAH,KUALA KEDAH,KBA2010,"DAIF KEDAH (2021) - PEMBINAAN  BANGUNAN GANTIAN PENUH DI SK GUNONG, ALOR SETAR, KEDAH (KBA2010)",BINA,100,100
2021,RMK,KEDAH,KUALA KEDAH,KBA2016,"DAIF KEDAH (2021) - PEMBINAAN BANGUNAN GANTIAN PENUH  DI SK MERGONG, ALOR SETAR, KEDAH (KBA2016)",BINA,72,72
2021,RMK,KEDAH,KUALA KEDAH,KBA2038,"DAIF KEDAH (2021) - PEMBINAAN BANGUNAN GANTIAN PENUH DI SK HJ ISMAIL, ALOR SETAR, KEDAH (KBA2038)",BINA,27,25
2021,RMK,KEDAH,SUNGAI PETANI,KBA3036,"DAIF KEDAH (2021) - PEMBINAAN BANGUNAN  GANTIAN PENUH DI SK SUNGAI PETANI, SUNGAI PETANI, KEDAH. (KBA3036)",BINA,80,80
2021,RMK,NEGERI SEMBILAN,TAMPIN,NBA5002,"DAIF NEGERI SEMBILAN (2021) - PEMBINAAN BANGUNAN GANTIAN DI SK TUNKU SYED SYAABAN,TAMPIN,NEGERI SEMBILAN (NBA5002)",BINA,100,70
2021,RMK,PERAK,BAGAN DATUK,ABAB012,"DAIF PERAK (2021) - PEMBINAAN BANGUNAN GANTIAN 4 BILIK DARJAH DAN LAIN-LAIN KEMUDAHAN MENGIKUT PIAWAI DI SK SUNGAI DULANG DALAM, BAGAN DATUK, PERAK (ABAB012)",BINA,95,95
2021,RMK,PERAK,TAPAH,ABC0063,"DAIF PERAK (2021) - PEMBINAAN BANGUNAN GANTIAN DI SJKC COLDSTREAM, BATANG PADANG, PERAK (ABC0063)",BINA,100,97
2021,RMK,SABAH,BEAUFORT,XBA6312,"DAIF SABAH (2021) - PEMBINAAN BANGUNAN GANTIAN PENUH 6  BILIK DARJAH, PENTADBIRANDAN LAIN-LAIN KEMUDAHAN MENGIKUT PIAWAI DI SK MELIKAI, KUALA PENYU, SABAH (XBA6312)",BINA,47,42
2021,RMK,SABAH,KINABATANGAN,XEA2225,"DAIF SABAH (2021) - PEMBINAAN BANGUNAN GANTIAN  PENUH DI SMK SUKAU, KINABATANGAN SABAH (XEA2225)",BINA,37,28
2021,RMK,SABAH,KOTA BELUD,XBA5313,"DAIF SABAH (2021) - PEMBINAAN BANGUNAN GANTIAN DI SK KELAWAT, KOTA BELUD, SABAH (XBA5313)",BINA,20,21
2021,RMK,SABAH,KOTA BELUD,XBA5332,"DAIF SABAH (2021) -PEMBINAAN BANGUNAN GANTIAN 6 BILIK DARJAH, PENTADBIRAN DAN LAIN-LAIN KEMUDAHAN MENGIKUT PIAWAI DI SK PULAU MANTANANI, KOTA BELUD, SABAH (XBA5332)",BINA,21,39
2021,RMK,SABAH,KUDAT,XBA5061,"DAIF SABAH (2021) - PEMBINAAN BANGUNAN  GANTIAN  DI SK SIKUATI, KUDAT, SABAH (XBA5061)",BINA,100,98
2021,RMK,SABAH,KUDAT,XBA5204,"DAIF SABAH (2021) - PEMBINAAN BANGUNAN GANTIAN PENUH 8 BILIK DARJAH, PENTADBIRAN, 1 BD PRA SEKOLAH DAN LAIN-LAIN KEMUDAHAN MENGIKUT PIAWAI DI SK KUSILAD, PITAS, SABAH (XBA5204)",BINA,72,54
2021,RMK,SABAH,KUDAT,XBA5208,"DAIF SABAH (2021) - PEMBINAAN BANGUNAN GANTIAN PENUH DI SK PANTAI, PITAS, SABAH (XBA5208)",BINA,95,73
2021,RMK,SABAH,KUDAT,XBA5214,"DAIF SABAH (2021) - PEMBINAAN BANGUNAN GANTIAN PENUH DI SK PINAPAK, PITAS, SABAH (XBA5214)",BINA,100,100
2021,RMK,SABAH,KUDAT,XEA5216,"DAIF SABAH (2021) - PEMBINAAN BANGUNAN GANTIAN  DI SMK PITAS, PITAS, SABAH (XEA5216)",BINA,0,0
2021,RMK,SABAH,PENAMPANG,XBA4103,"DAIF SABAH (2021) - PEMBINAAN BANGUNAN GANTIAN PENUH  DI SK BUIT HILL, PENAMPANG, SABAH (XBA4103)",BINA,23,35
2021,RMK,SABAH,RANAU,XBA5434,"DAIF 2021 (SABAH )- PEMBINAAN BANGUNAN GANTIAN PENUH 18 BILIK DARJAH DAN LAIN-LAIN KEMUDAHAN MENGIKUT PIAWAI DI SK PEKAN RANAU, SABAH (XBA5434)",BINA,0,0
2021,RMK,SABAH,SEPANGGAR,XBA4073,"DAIF SABAH (2021) - PEMBINAAN BANGUNAN GANTIAN PENUH 12 BILIK DARJAH, PENTADBIRAN DAN LAIN-LAIN KEMUDAHAN MENGIKUT PIAWAI DI SK POMOTODON, INANAM, KOTA KINABALU, SABAH (XBA4073)",BINA,81,39
2021,RMK,SABAH,SIPITANG,XBA6217,"DAIF SABAH (2021) - PEMBINAAN GANTIAN PENUH DI SK PELAKAT, SIPITANG, SABAH (XBA6217)",BINA,100,99
2021,RMK,SABAH,TUARAN,XBA4314,"DAIF SABAH (2021) - PEMBINAAN BANGUNAN GANTIAN PENUH 18 BILIK DARJAH, BLOK PENTADBIRAN DAN LAIN-LAIN KEMUDAHAN MENGIKUT PIAWAI DI SK GAYANG, TUARAN, SABAH (XBA4314)",BINA,8,7
2021,RMK,SARAWAK,BINTULU,YBB9111,"DAIF SARAWAK (2021) - PEMBINAAN GANTIAN DAN TAMBAHAN BANGUNAN DI SK SG KEM BATU 18, BINTULU, SARAWAK",BINA,9,4
2021,RMK,SARAWAK,HULU RAJANG,YEE7201,"DAIF SARAWAK (2021) - PEMBINAAN GANTIAN  DAN TAMBAHAN BANGUNAN DI SMK BELAGA, SARAWAK",BINA,59,41
2021,RMK,SARAWAK,SIBUTI,YEE4401,"DAIF SARAWAK (2021) - PEMBINAAN GANTIAN DAN TAMBAHAN BANGUNAN DI SMK LUAR BANDAR MIRI, SUBIS",BINA,7,8
2022,RMK,JOHOR,BATU PAHAT,JEA0019,"DAIF JOHOR (2022) - PEMBINAAN BANGUNAN GANTIAN 12 BILIK DARJAH DAN LAIN-LAIN KEMUDAHAN DI SMK DATIN ONN JAAFAR, BATU PAHAT, JOHOR",BINA,86,77
2022,RMK,KEDAH,KUALA KEDAH,KBA2064,"DAIF KEDAH (2022) - PEMBINAAN BANGUNAN GANTIAN PENUH DI SK TEBENGAU, ALOR SETAR, KEDAH (KBA2064)",BINA,90,90
2022,RMK,KEDAH,SIK,KBA8009,"DAIF KEDAH (2022) - PEMBINAAN BANGUNAN GANTIAN 4 BILIK DARJAH, 1 UNIT PRASEKOLAH DAN LAIN-LAIN KEMUDAHAN DI SK SERI AMPANG MUDA, SIK, KEDAH (KBA8009)",BINA,78,88
2022,RMK,KEDAH,SIK,KBA8012,"DAIF KEDAH (2022) - PEMBINAAN BANGUNAN GANTIAN PENUH BLOK BENGKEL RBT, BILIK PEMULIHAN DAN BANGUNAN ASRAMA SK PAYA TERENDAM, SIK, KEDAH (KBA8012)",BINA,40,46
2022,RMK,KELANTAN,KETEREH,DBA1062,"DAIF KELANTAN (2022) - PEMBINAAN GANTIAN PENUH 14 BILIK DARJAH, KANTIN, TAMBAHAN BAHARU 4 BILIK DARJAH SERTA LAIN-LAIN KEMUDAHAN DAN PENAMBAKAN KESELURUHAN TAPAK PEMBINAAN TERMASUK PEMBINAAN PADANG BOLA DI SK KETEREH, KOTA BHARU, KELANTAN (DBA1062)",BINA,26,29
2022,RMK,PERAK,TAIPING,AEE6050,"DAIF PERAK (2022) - PEMBINAAN BANGUNAN GANTIAN DI SMK KING EDWARD VII, TAIPING, PERAK",BINA,39,38
2022,RMK,SABAH,BEAUFORT,XBA6067,"DAIF SABAH (2022) - PEMBINAAN BANGUNAN GANTIAN PENUH 3 BILIK DARJAH DAN LAIN-LAIN KEMUDAHAN MENGIKUT PIAWAI DI SK JABANG, BEAUFORT, SABAH,(XBA6067).",BINA,88,78
2022,RMK,SABAH,KENINGAU,XCA1214,"DAIF SABAH (2022) - PEMBINAAN BANGUNAN GANTIAN 6 BILIK DARJAH DAN TAMBAHAN 6 BILIK DARJAH SERTA LAIN-LAIN KEMUDAHAN MENGIKUT PIAWAI DI SK NAMBAYAN, TAMBUNAN, SABAH, (XCA1214)",BINA,49,49
2022,RMK,SABAH,KINABATANGAN,XCA2040,"DAIF SABAH (2022) - PEMBINAAN BANGUNAN GANTIAN PEJABAT PENTADBIRAN, KANTIN DAN LAIN-LAIN KEMUDAHAN MENGIKUT PIAWAI DI SK LUNG MANIS, SANDAKAN, SABAH",BINA,100,100
2022,RMK,SABAH,KOTA BELUD,XBA5322,"DAIF SABAH (2022) - PEMBINAAN BANGUNAN GANTIAN 6 BILIK DARJAH DAN LAIN-LAIN KEMUDAHAN MENGIKUT PIAWAI DI SK MELANGKAP, KOTA BELUD, SABAH",BINA,19,16
2022,RMK,SABAH,KOTA BELUD,XBA5323,"DAIF SABAH (2022) - PEMBINAAN BANGUNAN GANTIAN 6 BILIK DARJAH DAN LAIN-LAIN KEMUDAHAN MENGIKUT PIAWAI DI SK MENGKULAT, KOTA BELUD, SABAH",BINA,96,30
2022,RMK,SABAH,KOTA BELUD,XBA5328,"DAIF SABAH (2022) - PEMBINAAN BANGUNAN GANTIAN PENUH 6 BILIK DARJAH DAN LAIN-LAIN KEMUDAHAN MENGIKUT PIAWAI DI SK PANDASAN, KOTA BELUD, SABAH",BINA,89,90
2022,RMK,SABAH,RANAU,XBA5416,"DAIF SABAH (2022) - PEMBINAAN BANGUNAN GANTIAN PENUH 6 BILIK DARJAH DAN LAIN-LAIN KEMUDAHAN MENGIKUT PIAWAI DI SK LOHAN, RANAU, SABAH (XBA 5416)",BINA,49,22
2022,RMK,SABAH,RANAU,XBA5433,"DAIF SABAH (2022) - PEMBINAAN BANGUNAN GANTIAN PENUH 6 BILIK DARJAH DAN LAIN-LAIN KEMUDAHAN DI SK PORING, SABAH (XBA 5433)",BINA,32,38
2022,RMK,SABAH,RANAU,XBA5434,"DAIF SABAH (2022) - PEMBINAAN BANGUNAN GANTIAN PENUH 6 BILIK DARJAH DAN LAIN-LAIN KEMUDAHAN DI SK MALINSAU, RANAU, SABAH (XBA5434)",BINA,52,42
2022,RMK,SABAH,RANAU,XBA5437,"DAIF SABAH (2022) - PEMBINAAN BANGUNAN GANTIAN PENUH 6 BILIK DARJAH DAN LAIN-LAIN KEMUDAHAN MENGIKUT PIAWAI DI SK RANDAGONG, RANAU, SABAH (XBA 5437)",BINA,40,31
2022,RMK,SABAH,SILAM,XBA3102,"DAIF SABAH (2022) - PEMBINAAN BANGUNAN GANTIAN 6 BILIK DARJAH, BLOK PENTADBIRAN DAN LAIN-LAIN KEMUDAHAN MENGIKUT PIAWAI DI SK BIKANG, LAHAD DATU, SABAH",BINA,83,44
2022,RMK,SARAWAK,LAWAS,YBA5213,"DAIF SARAWAK (2022) - PEMBINAAN GANTIAN 4 UNIT RUMAH GURU DAN LAIN-LAIN KEMUDAHAN DI SK PURUSIA, LAWAS, SARAWAK.",BINA,4,5
2022,RMK,SARAWAK,LAWAS,YBB5209,"DAIF SARAWAK (2022) - PEMBINAAN GANTIAN 4 BILIK DARJAH, BANGUNAN TAMBAHAN 2 BILIK DARJAH , 1 UNIT RUANG MAKAN ASRAMA DAN LAIN-LAIN KEMUDAHAN DI SK TANG LAPADAN, LAWAS, SARAWAK",BINA,22,44
2022,RMK,SARAWAK,LUBOK ANTU,YBB2116,"DAIF SARAWAK (2022) - PEMBINAAN GANTIAN 9 UNIT RUMAH GURU DI SEKOLAH KEBANGSAAN ISSU/BANGAT, BETONG SARAWAK",BINA,52,53
2022,RMK,SARAWAK,MIRI,YBA4111,"DAIF SARAWAK (2022) - PEMBINAAN GANTIAN 10 BILIK DARJAH DAN TAMBAHAN 2 BILIK DARJAH SERTA 5 UNIT RUMAH GURU DAN LAIN-LAIN KEMUDAHAN DI SK TUDAN MIRI, SARAWAK",BINA,1,1
2022,RMK,SARAWAK,MUKAH,YBE3403,"DAIF SARAWAK (2022) - PEMBINAAN GANTIAN PENUH 6 BILIK DARJAH , 2 UNIT RUMAH GURU DAN LAIN-LAIN KEMUDAHAN DI SK KAMPUNG JEBUNGAN, MUKAH, SARAWAK",BINA,13,14
2022,RMK,SARAWAK,PETRA JAYA,YBB1322,"DAIF SARAWAK (2022) - PEMBINAAN GANTIAN PENUH BAHARU 12 BILIK DARJAH DAN LAIN-LAIN KEMUDAHAN DI SK SEJIJAK, SARAWAK",BINA,13,10
2022,RMK,SARAWAK,SARATOK,YBB2209,"DAIF SARAWAK (2022) - PEMBINAAN GANTIAN PENUH 6 BILIK DARJAH, 1 UNIT PRASEKOLAH, ASRAMA PELAJAR, 6 UNIT RUMAH GURU DAN KEMUDAHAN LAIN DI SK BABANG SARATOK, SARAWAK.",BINA,20,34
2022,RMK,SARAWAK,SRI AMAN,YBB2109,"DAIF SARAWAK (2022) - PEMBINAAN GANTIAN 7 UNIT RUMAH GURU DAN TAMBAHAN 2 UNIT RUMAH GURU, BLOK PENTADBIRAN, DEWAN MAKAN ASRAMA DAN LAIN-LAIN KEMUDAHAN DI SK JAONG, SRI AMAN, SARAWAK",BINA,2,3
2022,RMK,SELANGOR,BANGI,BBA4018,"DAIF SELANGOR (2022) : PEMBINAAN BANGUNAN GANTIAN YANG MENGANDUNGI 11 BILIK DARJAH, PUSAT SUMBER, BILIK GURU, BILIK MESYUARAT, 2 BILIK SAINS DAN LAIN-LAIN KEMUDAHAN DI SK BANGI, HULU LANGAT, SELANGOR (BBA4018)",BINA,51,61
2022,RMK,SELANGOR,SEPANG,BBD9455,"DAIF SELANGOR (2022) - PEMBINAAN BANGUNAN GANTIAN YANG MENGANDUNGI 8 BILIK DARJAH, BLOK PRASEKOLAH SERTA LAIN-LAIN KEMUDAHAN DI SJKT DENGKIL, SELANGOR",BINA,21,36
2023,RMK,JOHOR,ISKANDAR PUTERI,JBA1135,"DAIF JOHOR (2023) - PEMBINAAN SEMULA BANGUNAN DAIF DI SEKOLAH KEBANGSAAN TAMAN SRI PULAI, JOHOR BAHRU, JOHOR (JBA1135)",BINA,95,64
2023,RMK,JOHOR,PAGOH,JBA5054,"DAIF JOHOR (2023) - PEMBINAAN SEMULA BANGUNAN DAIF DI SEKOLAH KEBANGSAAN PAYA REDAN, MUAR, JOHOR (JBA5054)",BINA,100,98
2023,RMK,JOHOR,TANJUNG PIAI,JEA6007,"DAIF JOHOR (2023) - PEMBINAAN SEMULA BANGUNAN DAIF DI SEKOLAH MENENGAH KEBANGSAAN SRI KUKUP, PONTIAN, JOHOR (JEA6007)",BINA,99,62
2023,RMK,KEDAH,BALING,KBA0022,"DAIF KEDAH (2023) - PEMBINAAN SEMULA BANGUNAN DAIF DI SEKOLAH KEBANGSAAN PULAI, BALING, KEDAH (KBA0022)",BINA,47,53
2023,RMK,KEDAH,PENDANG,KBAA048,"DAIF KEDAH (2023) - PEMBINAAN SEMULA BANGUNAN DAIF DI SEKOLAH KEBANGSAAN ALOR BESAR, PENDANG, KEDAH (KBAA048)",BINA,77,48
2023,RMK,KEDAH,POKOK SENA,KEB2095,"DAIF KEDAH (2023) - PEMBINAAN SEMULA BANGUNAN DAIF DI SEKOLAH MENENGAH KEBANGSAAN SULTANAH ASMA, ALOR SETAR, KEDAH (KEB2095)",BINA,47,45
2023,RMK,KEDAH,SIK,KEA8020,"DAIF KEDAH (2023) - PEMBINAAN SEMULA BANGUNAN DAIF DI SEKOLAH MENENGAH KEBANGSAAN SERI ENGGANG, SIK, KEDAH (KEA8020)",BINA,61,59
2023,RMK,KEDAH,SUNGAI PETANI,KBA3024,"DAIF KEDAH (2023) - PEMBINAAN SEMULA BANGUNAN DAIF DI SEKOLAH KEBANGSAAN SRI GEDONG, SUNGAI PETANI, KEDAH (KBA3024)",BINA,12,19
2023,RMK,KELANTAN,BACHOK,DEE0039,"DAIF KELANTAN (2023) - PEMBINAAN SEMULA BANGUNAN DAIF DI SEKOLAH MENENGAH KEBANGSAAN BACHOK, BACHOK, KELANTAN (DEE0039)",BINA,39,21
2023,RMK,KELANTAN,PASIR MAS,DBA3220,"DAIF KELANTAN (2023) - PEMBINAAN SEMULA BANGUNAN DAIF DI SEKOLAH KEBANGSAAN LEMAL, PASIR MAS, KELANTAN (DBA3220)",BINA,37,27
2023,RMK,KELANTAN,PASIR MAS,DBA3222,"DAIF KELANTAN (2023) - PEMBINAAN SEMULA BANGUNAN DAIF DI SEKOLAH KEBANGSAAN MEKASAR, PASIR MAS, KELANTAN (DBA3222)",BINA,67,50
2023,RMK,KELANTAN,TANAH MERAH,DEA5417,"DAIF KELANTAN (2023) - PEMBINAAN SEMULA BANGUNAN DAIF DI SEKOLAH MENENGAH KEBANGSAAN TANAH MERAH 1, TANAH MERAH, KELANTAN (DEA5417)",BINA,75,75
2023,RMK,MELAKA,JASIN,MBA1023,"DAIF MELAKA (2023) - PEMBINAAN SEMULA BANGUNAN DAIF DI SEKOLAH KEBANGSAAN SEBATU, JASIN, MELAKA (MBA1023)",BINA,90,90
2023,RMK,NEGERI SEMBILAN,KUALA PILAH,NBA1034,"DAIF NEGERI SEMBILAN (2023) - PEMBINAAN SEMULA BANGUNAN DAIF DI SEKOLAH KEBANGSAAN PADANG LEBAR, BATU KIKIR, NEGERI SEMBILAN (NBA1034)",BINA,45,35
2023,RMK,NEGERI SEMBILAN,REMBAU,NEE4099,"DAIF NEGERI SEMBILAN (2023) - PEMBINAAN SEMULA BANGUNAN DAIF DI SEKOLAH MENENGAH KEBANGSAAN RANTAU, RANTAU, SEREMBAN, NEGERI SEMBILAN (NEE4099)",BINA,74,74
2023,RMK,PAHANG,BENTONG,CBA0001,"DAIF PAHANG (2023) - PEMBINAAN SEMULA BANGUNAN DAIF DI SK FELDA LURAH BILUT, BENTONG, PAHANG (CBA0001)",BINA,86,86
2023,RMK,PAHANG,JERANTUT,CBA2025,"DAIF PAHANG (2023) - PEMBINAAN SEMULA BANGUNAN DAIF DI SK ULU TEMBELING JERANTUT, PAHANG (CBA2025)",BINA,83,78
2023,RMK,PAHANG,JERANTUT,CBA2042,"DAIF PAHANG (2023) - PEMBINAAN SEMULA BANGUNAN DAIF DI SEKOLAH KEBANGSAAN (FELDA) KOTA GELANGGI 1, JERANTUT, PAHANG (CBA2042)",BINA,12,
2023,RMK,PAHANG,RAUB,CBA6018,"DAIF PAHANG (2023) - PEMBINAAN SEMULA BANGUNAN DAIF DI SK BATU TALAM, RAUB, PAHANG (CBA6018)",BINA,67,49
2023,RMK,PAHANG,ROMPIN,CEA8017,"DAIF PAHANG (2023) - PEMBINAAN SEMULA BANGUNAN DAIF DI SEKOLAH MENENGAH KEBANGSAAN ROMPIN, KUALA ROMPIN, PAHANG (CEA8017)",BINA,18,20
2023,RMK,PERAK,KUALA KANGSAR,ABA4023,"DAIF PERAK (2023) - PEMBINAAN SEMULA BANGUNAN DAIF DI SEKOLAH KEBANGSAAN MANONG, KUALA KANGSAR, PERAK (ABA4023)",BINA,97,87
2023,RMK,PERAK,PARIT,ABA8204,"DAIF PERAK (2023) - PEMBINAAN SEMULA BANGUNAN DAIF DI SEKOLAH KEBANGSAAN TANJUNG BELANJA, PARIT, PERAK TENGAH, PERAK (ABA8204)",BINA,82,82
2023,RMK,PERAK,PASIR SALAK,ABA5008,"DAIF PERAK (2023) - PEMBINAAN SEMULA BANGUNAN DAIF DI SEKOLAH KEBANGSAAN SUNGAI DURIAN, HILIR PERAK, PERAK (ABA5008)",BINA,98,90
2023,RMK,PERAK,TELUK INTAN,ABA6004,"DAIF PERAK (2023) - PEMBINAAN SEMULA BANGUNAN DAIF DI SEKOLAH KEBANGSAAN SELABAK, TELUK INTAN, HILIR PERAK, PERAK (ABA6004)",BINA,6,6
2023,RMK,PULAU PINANG,BALIK PULAU,PBA3019,"DAIF PULAU PINANG (2023) - PEMBINAAN SEMULA BANGUNAN DAIF DI SEKOLAH KEBANGSAAN SUNGAI BATU, BARAT DAYA, PULAU PINANG (PBA3019)",BINA,41,45
2023,RMK,PULAU PINANG,PERMATANG PAUH,PBA0011,"DAIF PULAU PINANG (2023) - PEMBINAAN SEMULA BANGUNAN DAIF DI SEKOLAH KEBANGSAAN MENGKUANG, PULAU PINANG (PBA0011)",BINA,65,65
2023,RMK,SABAH,KENINGAU,XBA1002,"DAIF SABAH (2023) - PEMBINAAN SEMULA BANGUNAN DAIF DI SEKOLAH KEBANGSAAN APIN-APIN KENINGAU, SABAH (XBA1002)",BINA,0,5
2023,RMK,SABAH,KENINGAU,XBA1228,"DAIF SABAH (2023) - PEMBINAAN SEMULA BANGUNAN DAIF DI SEKOLAH KEBANGSAAN RAGKAM, TAMBUNAN, SABAH (XBA1228)",BINA,1,1
2023,RMK,SABAH,KINABATANGAN,XBA2228,"DAIF SABAH (2023) - PEMBINAAN SEMULA BANGUNAN DAIF DI SEKOLAH KEBANGSAAN PARIS, KINABATANGAN, SABAH  (XBA2228)",BINA,3,8
2023,RMK,SABAH,KOTA BELUD,XBA5311,"DAIF SABAH (2023) - PEMBINAAN SEMULA BANGUNAN DAIF DI SEKOLAH KEBANGSAAN KAUNG, KOTA BELUD, SABAH (XBA5311)",BINA,8,4
2023,RMK,SABAH,KOTA BELUD,XBA5312,"DAIF SABAH (2023) - PEMBINAAN SEMULA BANGUNAN DAIF DI SEKOLAH KEBANGSAAN KEBAYAU, KOTA  BELUD, SABAH (XBA5312)",BINA,3,1
2023,RMK,SABAH,KOTA BELUD,XBA5315,"DAIF SABAH (2023) - PEMBINAAN SEMULA BANGUNAN SEKOLAH DAIF DI SEKOLAH KEBANGSAAN KIAU 1, KOTA BELUD, SABAH (XBA5315)",BINA,2,2
2023,RMK,SABAH,KOTA BELUD,XBA5329,"DAIF SABAH (2023) - PEMBINAAN SEMULA BANGUNAN DAIF DI SEKOLAH KEBANGSAAN PELADOK, KOTA BELUD, SABAH (XBA5329)",BINA,55,40
2023,RMK,SABAH,KOTA BELUD,XBA5336,"DAIF SABAH (2023) - PEMBINAAN SEMULA BANGUNAN DAIF DI SK SEMBIRAI, KOTA BELUD, SABAH (XBA5336)",BINA,33,36
2023,RMK,SABAH,KOTA BELUD,XBA5344,"DAIF SABAH (2023) - PEMBINAAN SEMULA BANGUNAN DAIF DI SEKOLAH KEBANGSAAN TAMBATUAN, KOTA BELUD, SABAH (XBA5344)",BINA,0,0
2023,RMK,SABAH,KOTA BELUD,XBA5345,"DAIF SABAH (2023) - PEMBINAAN SEMULA BANGUNAN DAIF DI SEKOLAH KEBANGSAAN TAMBULIAN, KOTA BELUD, SABAH (XBA5345)",BINA,0,0
2023,RMK,SABAH,KOTA BELUD,XBA5347,"DAIF SABAH (2023) - PEMBINAAN SEMULA BANGUNAN DAIF DI SEKOLAH KEBANGSAAN TAMU DARAT, KOTA BELUD, SABAH (XBA5347)",BINA,4,7
2023,RMK,SABAH,LIBARAN,XBA2077,"DAIF SABAH (2023) - PEMBINAAN SEMULA BANGUNAN DAIF DI SEKOLAH KEBANGSAAN BATU PUTIH BARU, SANDAKAN, SABAH (XBA2077)",BINA,0,0
2023,RMK,SABAH,PENSIANGAN,XBA1001,"DAIF SABAH (2023) - PEMBINAAN SEMULA BANGUNAN DAIF DI SEKOLAH KEBANGSAAN AMBUAL, KENINGAU, SABAH (XBA1001)",BINA,39,49
2023,RMK,SABAH,RANAU,XBA5403,"DAIF SABAH (2023) - PEMBINAAN SEMULA BANGUNAN DAIF DI SEKOLAH KEBANGSAAN BUNDU TUHAN, RANAU, SABAH (XBA5403)",BINA,,
2023,RMK,SABAH,RANAU,XBA5409,"DAIF SABAH (2023) - PEMBINAAN SEMULA BANGUNAN DAIF DI SEKOLAH KEBANGSAAN KIMONDOU, RANAU, SABAH (XBA5409)",BINA,1,1
2023,RMK,SABAH,RANAU,XBA5424,"DAIF SABAH (2023) - PEMBINAAN SEMULA BANGUNAN DAIF DI SEKOLAH KEBANGSAAN NAPONG, RANAU, SABAH (XBA5424)",BINA,17,14
2023,RMK,SABAH,TAWAU,XBA3004,"DAIF SABAH (2023) - PEMBINAAN SEMULA BANGUNAN DAIF DI SEKOLAH KEBANGSAAN BALUNG, TAWAU, SABAH (XBA3004)",BINA,4,6
2023,RMK,SABAH,TAWAU,XBA3050,"DAIF SABAH (2023) - PEMBINAAN SEMULA BANGUNAN DAIF DI SEKOLAH KEBANGSAAN TANJONG BATU, TAWAU, SABAH (XBA3050)",BINA,5,2
2023,RMK,SABAH,TENOM,XBA1302,"DAIF SABAH (2023) - PEMBINAAN SEMULA BANGUNAN DAIF DI SEKOLAH KEBANGSAAN BATU TININGKANG, TENOM, SABAH (XBA1302)",BINA,0,0
2023,RMK,SABAH,TENOM,XBA1313,"DAIF SABAH (2023) - PEMBINAAN SEMULA BANGUNAN DAIF DI SEKOLAH KEBANGSAAN KAMPUNG BARU JUMPA, TENOM, SABAH (XBA1313)",BINA,35,35
2023,RMK,SARAWAK,IGAN,YBC6401,"DAIF SARAWAK (2023) - PEMBINAAN SEMULA BANGUNAN DAIF DI SEKOLAH KEBANGSAAN CAMPORAN DARO, SARAWAK (YBC6401)",BINA,0,0
2023,RMK,SARAWAK,JULAU,YEA6201,"DAIF SARAWAK (2023) - PEMBINAAN SEMULA BANGUNAN DAIF DI SEKOLAH MENENGAH KEBANGSAAN PAKAN DI JULAU, SARIKEI, SARAWAK (YEA6201)",BINA,55,76
2023,RMK,SARAWAK,LIMBANG,YBA5118,"DAIF SARAWAK (2023) - PEMBINAAN SEMULA BANGUNAN DAIF DI SEKOLAH KEBANGSAAN TIGA KAMPUNG, LIMBANG SARAWAK (YBA5118)",BINA,5,10
2023,RMK,SARAWAK,MAS GADING,YBB1410,"DAIF SARAWAK (2023) - PEMBINAAN SEMULA BANGUNAN DAIF DI SEKOLAH KEBANGSAAN BIAWAK DI LUNDU, SARAWAK (YBB1410)",BINA,97,91
2023,RMK,SARAWAK,PETRA JAYA,YEA1308,"DAIF SARAWAK (2023) - PEMBINAAN SEMULA BANGUNAN DAIF DI SEKOLAH MENENGAH SAINS KUCHING, KUCHING, SARAWAK (YEA1308)",BINA,77,77
2023,RMK,SARAWAK,SARATOK,YEA2202,"DAIF SARAWAK (2023) - PEMBINAAN SEMULA BANGUNAN DAIF DI SEKOLAH MENENGAH KEBANGSAAN KABONG, KABONG, SARAWAK (YEA2202)",BINA,41,43
2023,RMK,SARAWAK,SIBU,YBA3101,"DAIF SARAWAK (2023) - PEMBINAAN SEMULA BANGUNAN DAIF DI SEKOLAH KEBANGSAAN KAMPUNG BAHAGIA JAYA, SIBU, SARAWAK (YBA3101)",BINA,32,64
2023,RMK,SARAWAK,SIBUTI,YBB4101,"DAIF SARAWAK (2023) - PEMBINAAN SEMULA BANGUNAN DAIF DI SEKOLAH KEBANGSAAN KG. BERAYA, MIRI, SARAWAK (YBB4101)",BINA,0,0
2023,RMK,SARAWAK,SRI AMAN,YBA2109,"DAIF SARAWAK (2023) - PEMBINAAN SEMULA BANGUNAN DAIF DI SEKOLAH KEBANGSAAN ABANG AING, SRI AMAN (YBA2109)",BINA,1,1
2023,RMK,SARAWAK,SRI AMAN,YEB8204,"DAIF SARAWAK (2023) - PEMBINAAN SEMULA BANGUNAN DAIF DI SEKOLAH MENENGAH KEBANGSAAN BALAI RINGIN, SERIAN, SARAWAK (YEB8204)",BINA,0,0
2023,RMK,TERENGGANU,HULU TERENGGANU,TBA5028,"DAIF TERENGGANU (2023) - PEMBINAAN SEMULA BANGUNAN DAIF DI SEKOLAH KEBANGSAAN LUBOK PERIOK, HULU TERENGGANU, TERENGGANU (TBA5028)",BINA,57,58
2024,RMK,JOHOR,,JBA0079,"DAIF JOHOR (2024) - PEMBINAAN SEMULA BANGUNAN DAIF DI SEKOLAH KEBANGSAAN SERI SEJATI, BATU PAHAT, JOHOR (JBA0079)",BINA,23,15
2024,RMK,JOHOR,PARIT SULONG,JBA0002,"DAIF JOHOR (2024) - PEMBINAAN SEMULA BANGUNAN DAIF DI SEKOLAH KEBANGSAAN SERI MAAMOR, BATU PAHAT, JOHOR (JBA0002)",BINA,3,2
2024,RMK,KEDAH,BALING,KBA0030,"DAIF KEDAH (2024) - PEMBINAAN SEMULA BANGUNAN DAIF DI SEKOLAH KEBANGSAAN KUALA KETIL, BALING, KEDAH (KBA0030)",BINA,17,16
2024,RMK,KEDAH,JERAI,KBA9022,"DAIF KEDAH (2024) - PEMBINAAN SEMULA BANGUNAN DAIF DI SEKOLAH KEBANGSAAN HAJI HUSSIN DOL, GUAR CHEMPEDAK, KEDAH (KBA9022)",BINA,12,18
2024,RMK,KEDAH,SIK,KBA8011,"DAIF KEDAH (2024) - PEMBINAAN SEMULA BANGUNAN DAIF DI SEKOLAH KEBANGSAAN KALAI, SIK, KEDAH (KBA8011)",BINA,,
2024,RMK,KEDAH,SIK,KBA8013,"DAIF KEDAH (2024) - PEMBINAAN SEMULA BANGUNAN DAIF DI SEKOLAH KEBANGSAAN PADANG CHICHAK, SIK, KEDAH (KBA8013)",BINA,31,26
2024,RMK,KELANTAN,BACHOK,DBA0002,"DAIF KELANTAN (2024) - PEMBINAAN SEMULA BANGUNAN DAIF DI SEKOLAH KEBANGSAAN BACHOK, BACHOK, KELANTAN (DBA0002)",BINA,31,31
2024,RMK,KELANTAN,KOTA BHARU,DEA1126,"DAIF KELANTAN (2024) - PEMBINAAN SEMULA BANGUNAN DAIF DI SEKOLAH MENENGAH KEBANGSAAN DATO AHMAD MAHER, KOTA BHARU, KELANTAN (DEA1126)",BINA,9,10
2024,RMK,KELANTAN,PASIR PUTEH,DBA4282,"DAIF KELANTAN (2024) - PEMBINAAN SEMULA BANGUNAN DAIF DI SEKOLAH KEBANGSAAN TUALANG TINGGI, PASIR PUTEH, KELANTAN (DBA4282)",BINA,11,14
2024,RMK,MELAKA,ALOR GAJAH,MBC0061,DAIF MELAKA (2024) - PEMBINAAN SEMULA BANGUNAN DAIF DI SEKOLAH JENIS KEBANGSAAN CINA CHABAU (MBC0061),BINA,90,71
2024,RMK,MELAKA,HANG TUAH JAYA,MBA2046,DAIF MELAKA (2024) - PEMBINAAN SEMULA BANGUNAN DAIF DI SEKOLAH KEBANGSAAN TUN SYED AHMAD SHAHABUDIN (MBA2046),BINA,39,39
2024,RMK,MELAKA,JASIN,MBA1026,"DAIF MELAKA (2024) - PEMBINAAN SEMULA BANGUNAN DAIF DI SEKOLAH KEBANGSAAN PARIT GANTONG, SUNGAI RAMBAI, MELAKA (MBA1026)",BINA,68,64
2024,RMK,MELAKA,MASJID TANAH,MBA0014,"DAIF MELAKA (2024) - PEMBINAAN SEMULA BANGUNAN DAIF DI SEKOLAH KEBANGSAAN KAMPUNG TENGAH, MELAKA (MBA0014)",BINA,29,22
2024,RMK,MELAKA,TANGGA BATU,MEA2092,DAIF MELAKA (2024) - PEMBINAAN SEMULA BANGUNAN DAIF DI SMK KELEBANG BESAR (MEA2092),BINA,22,22
2024,RMK,PAHANG,JERANTUT,CBA2026,"DAIF PAHANG (2024) - PEMBINAAN SEMULA BANGUNAN DAIF DI SEKOLAH KEBANGSAAN BUKIT MAT DALING, JERANTUT, PAHANG (CBA2026 )",BINA,8,4
2024,RMK,PERAK,BUKIT GANTANG,ABA6022,"DAIF PERAK (2024) - PEMBINAAN SEMULA BANGUNAN DAIF DI SEKOLAH KEBANGSAAN SULTAN ABDULLAH, CHANGKAT JERING, PERAK (ABA6022)",BINA,35,41
2024,RMK,PERAK,KUALA KANGSAR,ABA4019,"DAIF PERAK (2024) - PEMBINAAN SEMULA BANGUNAN DAIF DI SEKOLAH KEBANGSAAN ULU KENAS, KUALA KANGSAR, PERAK (ABA4019)",BINA,20,17
2024,RMK,PERAK,TAPAH,ABA0003,"DAIF PERAK (2024) - PEMBINAAN SEMULA BANGUNAN DAIF DI SEKOLAH KEBANGSAAN BANIR, TAPAH ROAD, PERAK (ABA0003)",BINA,27,27
2024,RMK,SABAH,KALABAKAN,XBA3032,"DAIF SABAH (2024) - PEMBINAAN SEMULA BANGUNAN DAIF DI SEKOLAH KEBANGSAAN MEROTAI BESAR, TAWAU (XBA3032)",BINA,0,0
2024,RMK,SARAWAK,SANTUBONG,YBE1402,"DAIF SARAWAK RINTIS (2024): GANTIAN BLOK KUARTERS GURU DI SEKOLAH KEBANGSAAN RAMBUNGAN, LUNDU, SARAWAK",BINA,99,98
2024,RMK,SARAWAK,SIBU,YCA3101,"DAIF SARAWAK RINTIS (2024): GANTIAN BLOK DEWAN MAKAN, BLOK MSB DAN TANGKI AIR TERNAIK DI SEKOLAH MENENGAH KEBANGSAAN AGAMA SIBU, SIBU, SARAWAK",BINA,49,54
2024,RMK,SELANGOR,SHAH ALAM,BBA0015,"DAIF SELANGOR (2024) - PEMBINAAN SEMULA BANGUNAN DAIF DI SEKOLAH KEBANGSAAN BUKIT KUDA , KLANG, SELANGOR (BBA0015)",BINA,19,13
2024,RMK,TERENGGANU,KUALA NERUS,TBA3062,"DAIF TERENGGANU (2024) - PEMBINAAN SEMULA BANGUNAN DAIF DI SEKOLAH KEBANGSAAN BUKIT PETITI, KUALA TERENGGANU, TERENGGANU (TBA3062)",BINA,25,25
2020,RM1B,SARAWAK,BARAM,YBA4310,"PEMBANGUNAN SEMULA SEKOLAH DAIF SARAWAK RM1BILION (FASA 2) - SK BATU BUNGAN, MIRI, SARAWAK",PRABINA,,
2020,RM1B,SARAWAK,BINTULU,YBB4408,"PEMBANGUNAN SEMULA SEKOLAH DAIF SARAWAK RM1BILION (FASA 2) - SK BATU TELLINGAI, MIRI, SARAWAK",PRABINA,,
2020,RM1B,SARAWAK,KAPIT,YBB7301,"PEMBANGUNAN SEMULA SEKOLAH DAIF SARAWAK RM1BILION (FASA 2) - SK NANGA ENGKUAH, KAPIT, SARAWAK",PRABINA,,
2020,RM1B,SARAWAK,SERIAN,YBB8202,"PEMBANGUNAN SEMULA SEKOLAH DAIF SARAWAK RM1BILION (FASA 2) -SK TEBAKANG, SERIAN, SERAWAK",PRABINA,,
2020,RM1B,SARAWAK,TANJONG MANIS,YBB6406,"PEMBANGUNAN SEMULA SEKOLAH DAIF SARAWAK RM1BILION (FASA 2) - SK KG PENIPAH, MUKAH, SARAWAK",PRABINA,,
2020,RM1B,SARAWAK,TANJONG MANIS,YBE6407,"PEMBANGUNAN SEMULA SEKOLAH DAIF SARAWAK RM1BILION (FASA 2) - SK KG BRUIT MUKAH, SARAWAK",PRABINA,,
2020,RMK,SABAH,PAPAR,XBA4226,"DAIF SABAH (2020) - PEMBAIKAN STRUKTUR 1 BLOK BANGUNAN YANG MELIBATKAN 6 UNIT BILIK DARJAH,  BILIK PENTADBIRAN, BILIK MESYUARAT, PEJABAT GURU  DAN LAIN-LAIN KEMUDAHAN BERKAITAN DI SK PEKAN KINARUT, PAPAR, SABAH (XBA4226)",PRABINA,,
2021,RM1B,SARAWAK,BARAM,YBB4326,"PEMBANGUNAN SEMULA SEKOLAH DAIF SARAWAK RM1BILION (FASA 3) - SK LONG LOYANG, MARUDI, SARAWAK (YBB4326)",PRABINA,,
2021,RM1B,SARAWAK,BATANG SADONG,YBA8302,"PEMBANGUNAN SEMULA SEKOLAH DAIF SARAWAK RM1BILION (FASA 3) - SK JEMUKAN, ASAJAYA, SARAWAK (YBA8302)",PRABINA,,
2021,RM1B,SARAWAK,BATANG SADONG,YBB8309,"PEMBANGUNAN SEMULA SEKOLAH DAIF SARAWAK RM1BILION (FASA 3) - SK SEMALATONG, SIMUNJAN, SARAWAK    (YBB8309)",PRABINA,,
2021,RM1B,SARAWAK,BATANG SADONG,YEE8304,"PEMBANGUNAN SEMULA SEKOLAH DAIF SARAWAK RM1BILION (FASA 3) - SMK SIMUNJAN NO.1, SIMUNJAN, SARAWAK   (YEE8304)",PRABINA,,
2021,RM1B,SARAWAK,BETONG,YBA2407,"PEMBANGUNAN SEMULA SEKOLAH DAIF SARAWAK RM1BILION (FASA 3) - SK SPAOH, SARIBAS, SARAWAK (YBA2407)",PRABINA,,
2021,RM1B,SARAWAK,BETONG,YBB2412,"PEMBANGUNAN SEMULA SEKOLAH DAIF SARAWAK RM1BILION (FASA 3) - SK NG. LAWIH/LESU, SARIBAS, SARAWAK (YBB2412)",PRABINA,,
2021,RM1B,SARAWAK,BINTULU,YBA9106,"PEMBANGUNAN SEMULA SEKOLAH DAIF SARAWAK RM1BILION (FASA 3) - SK SEBAUH, SEBAUH, SARAWAK (YBA9106)",PRABINA,,
2021,RM1B,SARAWAK,BINTULU,YBB9104,"PEMBANGUNAN SEMULA SEKOLAH DAIF SARAWAK RM1BILION (FASA 3) - SK SG SEBUNGAN, SEBAUH, SARAWAK (YBB9104)",PRABINA,,
2021,RM1B,SARAWAK,JULAU,YBB6101,"PEMBANGUNAN SEMULA SEKOLAH DAIF SARAWAK RM1BILION (FASA 3) - SK UDIN, SARIKEI, SARAWAK (YBB6101)",PRABINA,,
2021,RM1B,SARAWAK,LAWAS,YBB4311,"PEMBANGUNAN SEMULA SEKOLAH DAIF SARAWAK RM1BILION (FASA 3) - SK LONG LELLANG, MARUDI, SARAWAK (YBB4311)",PRABINA,,
2021,RM1B,SARAWAK,LUBOK ANTU,YBB2323,"PEMBANGUNAN SEMULA SEKOLAH DAIF SARAWAK RM1BILION (FASA 3) - SK SAN SEMANJU, LUBOK ANTU, SARAWAK (YBB2323)",PRABINA,,
2021,RM1B,SARAWAK,MUKAH,YBE3503,"PEMBANGUNAN SEMULA SEKOLAH DAIF SARAWAK RM1BILION (FASA 3) - SK KG BALAN, MUKAH, SARAWAK (YBE3503)",PRABINA,,
2021,RM1B,SARAWAK,SIBU,YBB3202,"PEMBANGUNAN SEMULA SEKOLAH DAIF SARAWAK RM1BILION (FASA 3) - SK SG PASSAI, SIBU, SARAWAK (YBB3202)",PRABINA,,
2021,RM1B,SARAWAK,TANJONG MANIS,YBA6301,"PEMBANGUNAN SEMULA SEKOLAH DAIF SARAWAK RM1BILION (FASA 3) - SK KG SERDENG, DARO, SARAWAK (YBA6301)",PRABINA,,
2021,RM1B,SARAWAK,TANJONG MANIS,YBB6411,"PEMBANGUNAN SEMULA SEKOLAH DAIF SARAWAK RM1BILION (FASA 3) - SK KG BETANAK, DARO, SARAWAK (YBB6411)",PRABINA,,
2022,RMK,SARAWAK,BETONG,YBA2411,"DAIF SARAWAK (2022) - PEMBINAAN BANGUNAN GANTIAN 7 BILIK DARJAH, 2 UNIT RUMAH GURU, DEWAN SERBAGUNA DAN LAIN-LAIN KEMUDAHAN MENGIKUT PIAWAI DI SK DATUK BANDAR, DEBAK, SARAWAK.",PRABINA,,
2023,RMK,JOHOR,TEBRAU,JBA1021,"DAIF JOHOR (2023) - PEMBINAAN SEMULA BANGUNAN DAIF DI SEKOLAH KEBANGSAAN SUNGAI TIRAM, PASIR GUDANG, JOHOR (JBA1021)",PRABINA,,
2023,RMK,SABAH,KENINGAU,XEA1057,"DAIF SABAH (2023) - PEMBINAAN SEMULA SEKOLAH MENENGAH KEBANGSAAN APIN-APIN, KENINGAU, SABAH (XEA1057)",PRABINA,,
2023,RMK,SABAH,KOTA BELUD,XBA5316,"DAIF SABAH (2023) - PEMBINAAN SEMULA BANGUNAN DAIF DI SEKOLAH KEBANGSAAN KINASARABAN, KOTA BELUD, SABAH (XBA5316)",PRABINA,,
2023,RMK,SABAH,KOTA MARUDU,XBA5211,"DAIF SABAH (2023) - PEMBINAAN GANTIAN PENUH DI SEKOLAH KEBANGSAAN ROSOB, PITAS, SABAH (XBA5211)",PRABINA,,
2023,RMK,SARAWAK,BARAM,YBB4305,"DAIF SARAWAK (2023) - PEMBINAAN SEMULA BANGUNAN DAIF DI SEKOLAH KEBANGSAAN POYUT DI BARAM, SARAWAK (YBB4305)",PRABINA,,
2023,RMK,SARAWAK,IGAN,YBE6406,"DAIF SARAWAK (2023) - PEMBINAAN SEMULA BANGUNAN DAIF DI SEKOLAH KEBANGSAAN NANGAR, DARO, SARAWAK (YBE6406)",PRABINA,,
2023,RMK,SARAWAK,JULAU,YEB6201,"DAIF SARAWAK (2023) - PEMBINAAN SEMULA BANGUNAN DAIF DI SEKOLAH MENENGAH KEBANGSAAN JULAU, JULAU, SARAWAK (YEB6201)",PRABINA,,
2023,RMK,SARAWAK,KANOWIT,YBB3312,"DAIF SARAWAK (2023) - PEMBINAAN SEMULA BANGUNAN DAIF DI SEKOLAH KEBANGSAAN RANTAU DILANG, KANOWIT, SARAWAK (YBB3312)",PRABINA,,
2023,RMK,SARAWAK,LUBOK ANTU,YBB2302,"DAIF SARAWAK (2023) - PEMBINAAN SEMULA BANGUNAN DAIF DI SEKOLAH KEBANGSAAN LUBOK ANTU, LUBOK ANTU, SARAWAK (YBB2302)",PRABINA,,
2023,RMK,SARAWAK,MUKAH,YBE3501,"DAIF SARAWAK (2023) - PEMBINAAN SEMULA BANGUNAN DAIF DI SEKOLAH KEBANGSAAN DATU PENGIRAN MOHAMAD, OYA, DALAT, SARAWAK (YBE3501)",PRABINA,,
2023,RMK,SARAWAK,MUKAH,YBE3504,"DAIF SARAWAK (2023) - PEMBINAAN SEMULA BANGUNAN DAIF DI SEKOLAH KEBANGSAAN SUNGAI UD, DALAT, SARAWAK",PRABINA,,
2023,RMK,SARAWAK,PETRA JAYA,YEA1307,"DAIF SARAWAK (2023) - PEMBINAAN SEMULA BANGUNAN DAIF DI SEKOLAH MENENGAH KEBANGSAAN MATANG HILIR PADAWAN, SARAWAK (YEA1307)",PRABINA,,
2023,RMK,SARAWAK,TANJONG MANIS,YBA6104,"DAIF SARAWAK (2023) - PEMBINAAN SEMULA BANGUNAN DAIF DI SEKOLAH KEBANGSAAN ORANG KAYA MUDA PAKERI DI PALOH, DARO, SARAWAK (YBA6104)",PRABINA,,
2023,RMK,SARAWAK,TANJONG MANIS,YBA6109,"DAIF SARAWAK (2023) - PEMBINAAN SEMULA BANGUNAN DAIF DI SEKOLAH KEBANGSAAN BUKIT KINYAU, SARIKEI, SARAWAK (YBA6109)",PRABINA,,
2023,RMK,TERENGGANU,KUALA TERENGGANU,TBA3037,"DAIF TERENGGANU (2023) - PEMBINAAN SEMULA BANGUNAN DAIF DI SEKOLAH KEBANGSAAN KAMPUNG BUKIT CHENDERING, KUALA TERENGGANU, TERENGGANU (TBA3037)",PRABINA,,
2024,RMK,JOHOR,PENGERANG,JBA3016,"DAIF JOHOR (2024) - PEMBINAAN SEMULA BANGUNAN DAIF DI SEKOLAH KEBANGSAAN PENGERANG, KOTA TINGGI, JOHOR (JBA3016)",PRABINA,,
2024,RMK,JOHOR,TANJUNG PIAI,JEE6009,"DAIF JOHOR (2024) - PEMBINAAN SEMULA BANGUNAN DAIF DI SEKOLAH MENENGAH KEBANGSAAN TELOK KERANG, PONTIAN, JOHOR (JEE6009)",PRABINA,,
2024,RMK,KEDAH,JERAI,KBA9017,"DAIF KEDAH (2024) - PEMBINAAN SEMULA BANGUNAN DAIF DI SEKOLAH KEBANGSAAN PERMATANG BULOH, YAN, KEDAH (KBA9017)",PRABINA,,
2024,RMK,KELANTAN,GUA MUSANG,DBA8028,"DAIF KELANTAN (2024) - PEMBINAAN SEMULA BANGUNAN DAIF DI SEKOLAH KEBANGSAAN SRI PERMAI, GUA MUSANG, KELANTAN (DBA8028)",PRABINA,,
2024,RMK,NEGERI SEMBILAN,KUALA PILAH,NEE1087,"DAIF NEGERI SEMBILAN (2024) - PEMBINAAN SEMULA BANGUNAN DAIF DI SEKOLAH MENENGAH KEBANGSAAN DATO' ABD SAMAD, TANJUNG IPOH, KUALA PILAH, NEGERI SEMBILAN (NEE1087)",PRABINA,,
2024,RMK,PERAK,GOPENG,ABA2001,"DAIF PERAK (2024) - PEMBINAAN SEMULA BANGUNAN DAIF DI SEKOLAH KEBANGSAAN SUNGAI RAYA, SIMPANG PULAI, IPOH PERAK (ABA2001)",PRABINA,,
2024,RMK,PERAK,TAMBUN,ABA2007,"DAIF PERAK (2024) - PEMBINAAN SEMULA BANGUNAN DAIF DI SEKOLAH KEBANGSAAN CHEPOR, CHEMOR, PERAK (ABA2007)",PRABINA,,
2024,RMK,SABAH,BEAUFORT,XBA6040,"DAIF SABAH (2024) - PEMBINAAN SEMULA BANGUNAN DAIF DI SEKOLAH KEBANGSAAN MEMPAGAR BEAUFORT, SABAH (XBA6040)",PRABINA,,
2024,RMK,SABAH,BEAUFORT,XBA6047,"DAIF SABAH (2024) - PEMBINAAN SEMULA BANGUNAN DAIF DI SEKOLAH KEBANGSAAN RANCANGAN KLIAS, BEAUFORT, SABAH (XBA6047)",PRABINA,,
2024,RMK,SABAH,BEAUFORT,XBA6327,"DAIF SABAH (2024) - PEMBINAAN SEMULA BANGUNAN DAIF DI SEKOLAH KEBANGSAAN TENAMBAK, KUALA PENYU, SABAH (XBA6327)",PRABINA,,
2024,RMK,SABAH,BEAUFORT,XBA6330,"DAIF SABAH (2024) - PEMBINAAN SEMULA BANGUNAN DAIF DI SEKOLAH KEBANGSAAN RIMBAAN, KUALA PENYU, SABAH (XBA6330)",PRABINA,,
2024,RMK,SABAH,BELURAN,XBA2112,"DAIF SABAH (2024) - PEMBINAAN SEMULA BANGUNAN DAIF DI SEKOLAH KEBANGSAAN LINGKABAU, BELURAN, SABAH (XBA2112)",PRABINA,0,0
2024,RMK,SABAH,BELURAN,XBA2124,"DAIF SABAH (2024) - PEMBINAAN SEMULA BANGUNAN DAIF DI SEKOLAH KEBANGSAAN SUNGAI-SUNGAI, BELURAN, SABAH (XBA2124)",PRABINA,,
2024,RMK,SABAH,KENINGAU,XBA1202,"DAIF SABAH (2024) - PEMBINAAN SEMULA BANGUNAN DAIF DI SEKOLAH KEBANGSAAN KAINGARAN, TAMBUNAN, SABAH (XBA1202)",PRABINA,,
2024,RMK,SABAH,KENINGAU,XBA1207,"DAIF SABAH (2024) - PEMBINAAN SEMULA BANGUNAN DAIF DI SEKOLAH KEBANGSAAN KUALA NAMADAN, TAMBUNAN, SABAH (XBA1207)",PRABINA,,
2024,RMK,SABAH,KIMANIS,XBA6113,"DAIF SABAH (2024) - PEMBINAAN SEMULA BANGUNAN DAIF DI SEKOLAH KEBANGSAAN VIGING ULU BONGAWAN, PAPAR, SABAH (XBA6113)",PRABINA,,
2024,RMK,SABAH,KINABATANGAN,XBA2220,"DAIF SABAH (2024) - PEMBINAAN SEMULA BANGUNAN DAIF DI SEKOLAH KEBANGSAAN KENANG-KENANGAN, TELUPID, SABAH (XBA2220)",PRABINA,,
2024,RMK,SABAH,KINABATANGAN,XBA2238,"DAIF SABAH (2024) - PEMBINAAN SEMULA BANGUNAN DAIF DI SEKOLAH KEBANGSAAN KIANDONGO, TELUPID, SABAH (XBA2238)",PRABINA,,
2024,RMK,SABAH,KINABATANGAN,XBA2245,"DAIF SABAH (2024) - PEMBINAAN SEMULA BANGUNAN DAIF DI SEKOLAH KEBANGSAAN KIRONGGU, TELUPID, SABAH (XBA2245)",PRABINA,,
2024,RMK,SABAH,KOTA BELUD,XBA5330,"DAIF SABAH (2024) - PEMBINAAN SEMULA BANGUNAN DAIF DI SEKOLAH KEBANGSAAN PIASAU, KOTA BELUD, SABAH (XBA5330)",PRABINA,,
2024,RMK,SABAH,KOTA MARUDU,XBA5096,"DAIF SABAH (2024) - PEMBINAAN SEMULA BANGUNAN DAIF DI SEKOLAH KEBANGSAAN BINGOLON, KUDAT, SABAH (XBA5096)",PRABINA,,
2024,RMK,SABAH,KUDAT,XBA5002,"DAIF SABAH (2024) - PEMBINAAN SEMULA BANGUNAN DAIF DI SEKOLAH KEBANGSAAN BALAMBANGAN BANGGI, KUDAT, SABAH (XBA5002)",PRABINA,,
2024,RMK,SABAH,PAPAR,XBA4245,"DAIF SABAH (2024) - PEMBINAAN SEMULA BANGUNAN DAIF DI SEKOLAH KEBANGSAAN SABANDIL, PAPAR, SABAH (XBA4245)",PRABINA,,
2024,RMK,SABAH,PENSIANGAN,XEA1001,"DAIF SABAH (2024) - PEMBINAAN SEMULA BANGUNAN DAIF DI SEKOLAH MENENGAH KEBANGSAAN TULID, KENINGAU, SABAH (XEA1001)",PRABINA,,
2024,RMK,SABAH,PENSIANGAN,XEA1058,"DAIF SABAH (2024) - PEMBINAAN SEMULA BANGUNAN DAIF DI SEKOLAH MENENGAH KEBANGSAAN KENINGAU, KENINGAU, SABAH (XEA1058)",PRABINA,,
2024,RMK,SABAH,RANAU,XBA2107,"DAIF SABAH (2024) - PEMBINAAN SEMULA BANGUNAN DAIF DI SEKOLAH KEBANGSAAN KAINGARAN, RANAU, SABAH (XBA2107)",PRABINA,,
2024,RMK,SABAH,RANAU,XBA5448,"DAIF SABAH (2024) - PEMBINAAN SEMULA BANGUNAN DAIF DI SEKOLAH KEBANGSAAN TONGOU, RANAU, SABAH (XBA5448)",PRABINA,,
2024,RMK,SABAH,RANAU,XBA5451,"DAIF SABAH (2024) - PEMBINAAN SEMULA BANGUNAN DAIF DI SEKOLAH KEBANGSAAN KINIRASAN, RANAU, SABAH (XBA5451)",PRABINA,,
2024,RMK,SABAH,RANAU,XBA5455,"DAIF SABAH (2024) - PEMBINAAN SEMULA BANGUNAN DAIF DI SEKOLAH KEBANGSAAN KANDAWAYON, RANAU, SABAH (XBA5455)",PRABINA,,
2024,RMK,SABAH,RANAU,XBA5457,"DAIF SABAH (2024) - PEMBINAAN SEMULA BANGUNAN DAIF DI SEKOLAH KEBANGSAAN PAHU HIMBAAN, RANAU, SABAH (XBA5457)",PRABINA,,
2024,RMK,SABAH,SEMPORNA,XBA3213,"DAIF SABAH (2024) - PEMBINAAN SEMULA BANGUNAN DAIF DI SEKOLAH KEBANGSAAN TANJUNG KERAMAT, KUNAK, SABAH (XBA3213)",PRABINA,,
2024,RMK,SABAH,SEMPORNA,XBA3303,"DAIF SABAH (2024) - PEMBINAAN SEMULA BANGUNAN DAIF DI SEKOLAH MENENGAH KEBANGSAAN BUGAYA, SEMPORNA, SABAH (XBA3303)",PRABINA,,
2024,RMK,SABAH,SEMPORNA,XBA3305,"DAIF SABAH (2024) - PEMBINAAN SEMULA BANGUNAN DAIF DI SEKOLAH KEBANGSAAN HAMPALAN, SEMPORNA, SABAH (XBA3305)",PRABINA,,
2024,RMK,SABAH,SILAM,XBA3137,"DAIF SABAH (2024) - PEMBINAAN SEMULA BANGUNAN DAIF DI SEKOLAH KEBANGSAAN BUKIT BALACON, LAHAD DATU, SABAH (XBA3137)",PRABINA,,
2024,RMK,SABAH,TAWAU,XBA3018,"DAIF SABAH (2024) - PEMBINAAN SEMULA BANGUNAN DAIF DI SEKOLAH KEBANGSAAN INDERSABAH, TAWAU, SABAH (XBA3018)",PRABINA,,
2024,RMK,SABAH,TAWAU,XBA3063,"DAIF SABAH (2024) - PEMBINAAN SEMULA BANGUNAN DAIF DI SEKOLAH KEBANGSAAN KAMPUNG JAWA, SABAH (XBA3063)",PRABINA,,
2024,RMK,SABAH,TENOM,XBA1304,"DAIF SABAH (2024) - PEMBINAAN SEMULA BANGUNAN DAIF DI SEKOLAH KEBANGSAAN KUNGKULAR, TENOM, SABAH (XBA1304)",PRABINA,,
2024,RMK,SABAH,TENOM,XBA1309,"DAIF SABAH (2024) - PEMBINAAN SEMULA BANGUNAN DAIF DI SEKOLAH KEBANGSAAN GUMISI, TENOM, SABAH (XBA1309)",PRABINA,,
2024,RMK,SABAH,TUARAN,XBA4306,"DAIF SABAH (2024) - PEMBINAAN SEMULA BANGUNAN DAIF DI SEKOLAH KEBANGSAAN BUNDUNG, TUARAN, SABAH (XBA4306)",PRABINA,30,33
2024,RMK,SARAWAK,BATANG LUPAR,YBA2106,"DAIF SARAWAK (2024) - PEMBINAAN SEMULA BANGUNAN DAIF DI SEKOLAH KEBANGSAAN LELA PAHLAWAN LINGGA, SARAWAK (YBA2106)",PRABINA,,
2024,RMK,SARAWAK,BATANG SADONG,YBB8314,"DAIF SARAWAK (2024) - MENAIK TARAF BANGUNAN DI SK MUNGGU LALLANG, GEDONG, SARAWAK (YBB8314)",PRABINA,,
2024,RMK,SARAWAK,BETONG,YBA2412,"DAIF SARAWAK (2024) - PEMBINAAN GANTIAN 6 BILIK DARJAH DAN 6 UNIT KUARTERS GURU DI SK TANJUNG ASSAM, BETONG, SARAWAK (YBA2412)",PRABINA,,
2024,RMK,SARAWAK,IGAN,YBB6414,"DAIF SARAWAK (2024) - PEMBINAAN SEMULA BANGUNAN DAIF DI SEKOLAH KEBANGSAAN BRUAN MAPAL, SARAWAK (YBB6414)",PRABINA,,
2024,RMK,SARAWAK,KAPIT,YEE7102,"DAIF SARAWAK (2024) - MENAIK TARAF BANGUNAN DI SMK SELIRIK, KAPIT, SARAWAK (YEE7102)",PRABINA,,
2024,RMK,SARAWAK,LUBOK ANTU,YBB2128,"DAIF SARAWAK (2024) - PEMBINAAN SEMULA BANGUNAN DAIF DI SEKOLAH KEBANGSAAN NG. ENTEBAN, BETONG, SARAWAK (YBB2128)",PRABINA,,
2024,RMK,SARAWAK,SARATOK,YBA2201,"DAIF SARAWAK (2024) - PEMBINAAN SEMULA BANGUNAN DAIF DI SK TO' EMAN NYABOR SARATOK, SARAWAK (YBA2201)",PRABINA,,
2024,RMK,SARAWAK,SARATOK,YBB2218,"DAIF SARAWAK (2024) - PEMBINAAN SEMULA BANGUNAN DAIF DI SEKOLAH KEBANGSAAN MENDAS, SARATOK, SARAWAK (YBB2218)",PRABINA,,
2024,RMK,SARAWAK,SARIKEI,YEE6301,"DAIF SARAWAK (2024) - PEMBINAAN SEMULA BANGUNAN DAIF DI SEKOLAH MENENGAH KEBANGSAAN MERADONG, MERADONG (YEE6301)",PRABINA,,
2024,RMK,SARAWAK,SELANGAU,YEA3401,"DAIF SARAWAK (2024) - PEMBINAAN SEMULA BANGUNAN DAIF DAN TELAGA TIUB DI SEKOLAH MENENGAH KEBANGSAAN ULU BALINGIAN, SELANGAU, SARAWAK (YEA3401)",PRABINA,,
2024,RMK,SARAWAK,SRI AMAN,YBA8316,"DAIF SARAWAK (2024) - PEMBINAAN SEMULA BANGUNAN DAIF DI SEKOLAH KEBANGSAAN GAWANG EMPILI SIMUNJAN, SARAWAK (YBA8316)",PRABINA,,
2024,RMK,SARAWAK,TANJONG MANIS,YBB6310,"DAIF SARAWAK (2024) - PEMBINAAN SEMULA BANGUNAN DAIF DI SEKOLAH KEBANGSAAN MUPONG, MERADONG, SARAWAK (YBB6310)",PRABINA,,
2024,RMK,TERENGGANU,KUALA NERUS,TBA3063,"DAIF TERENGGANU (2024) - PEMBINAAN SEMULA BANGUNAN DAIF DI SEKOLAH KEBANGSAAN KEBOR BESAR, MANIR, TERENGGANU (TBA3063)",PRABINA,,
2025,RM100 JUTA SARAWAK,SARAWAK,BETONG,YEA2402,"DAIF RM100 JUTA SARAWAK - KERJA PEMBAIKAN DI SMK SPAOH, BETONG, SARIBAS, SARAWAK",PRABINA,,
2025,RM100 JUTA SARAWAK,SARAWAK,BINTULU,YBB4420,"DAIF RM100 JUTA SARAWAK - PEMBINAAN GANTIAN DI SK KAMPUNG NYALAU, BINTULU, SARAWAK",PRABINA,,
2025,RMK,JOHOR,AYER HITAM,JBA0092,"DAIF JOHOR (2025) - PEMBINAAN SEMULA BANGUNAN DAIF DAN BANGUNAN TAMBAHAN DI SEKOLAH KEBANGSAAN SERI BULAN, BATU PAHAT, JOHOR (JBA0092)",PRABINA,,
2025,RMK,JOHOR,MUAR,JBA5047,"DAIF JOHOR (2025) - PEMBINAAN SEMULA BANGUNAN DAIF DI SEKOLAH KEBANGSAAN PARIT NAWI, MUAR, JOHOR (JBA5047)",PRABINA,,
2025,RMK,JOHOR,PASIR GUDANG,JEA1041,"DAIF JOHOR (2025) - PEMBINAAN SEMULA BANGUNAN DAIF DI SEKOLAH MENENGAH KEBANGSAAN PASIR GUDANG, JOHOR BAHRU, JOHOR (JEA1041)",PRABINA,,
2025,RMK,JOHOR,TANJUNG PIAI,JBA6025,"DAIF JOHOR (2025) - PEMBINAAN SEMULA BANGUNAN DAIF DI SEKOLAH KEBANGSAAN PARIT SELANGOR, PONTIAN, JOHOR (JBA6025)",PRABINA,,
2025,RMK,JOHOR,TEBRAU,JBA1087,"DAIF JOHOR (2025) - PEMBINAAN SEMULA BANGUNAN DAIF DI SEKOLAH KEBANGSAAN PERIGI ACHEH, JOHOR BAHRU, JOHOR (JBA1087)",PRABINA,,
2025,RMK,KEDAH,ALOR SETAR,KBA2019,"DAIF KEDAH (2025) - PEMBINAAN SEMULA BANGUNAN DAIF DAN BANGUNAN TAMBAHAN DI SEKOLAH KEBANGSAAN SUKA MENANTI, ALOR SETAR, KEDAH (KBA2019)",PRABINA,,
2025,RMK,KEDAH,BALING,KBA0002,"DAIF KEDAH (2025) - PEMBINAAN SEMULA BANGUNAN DAIF DAN BANGUNAN TAMBAHAN DI SEKOLAH KEBANGSAAN TELOI KANAN, BALING, KEDAH (KBA0002)",PRABINA,,
2025,RMK,KEDAH,BALING,KBA0018,"DAIF KEDAH (2025) - PEMBINAAN SEMULA BANGUNAN DAIF DAN BANGUNAN TAMBAHAN DI SEKOLAH KEBANGSAAN KUALA KUANG, BALING, KEDAH (KBA0018)",PRABINA,,
2025,RMK,KEDAH,BALING,KBA0023,"DAIF KEDAH (2025) - PEMBINAAN SEMULA BANGUNAN DAIF DAN BANGUNAN TAMBAHAN DI SEKOLAH KEBANGSAAN SIONG, BALING, KEDAH (KBA0023)",PRABINA,,
2025,RMK,KEDAH,BALING,KBA0025,"DAIF KEDAH (2025) - PEMBINAAN SEMULA BANGUNAN DAIF DAN BANGUNAN TAMBAHAN DI SEKOLAH KEBANGSAAN TAWAR, BALING, KEDAH (KBA0025)",PRABINA,,
2025,RMK,KEDAH,JERAI,KBA9001,"DAIF KEDAH (2025) - PEMBINAAN SEMULA BANGUNAN DAIF DI SEKOLAH KEBANGSAAN GUAR CHEMPEDAK, YAN, KEDAH (KBA9001)",PRABINA,,
2025,RMK,KEDAH,JERAI,KBA9018,"DAIF KEDAH (2025) - PEMBINAAN SEMULA BANGUNAN DAIF DAN BANGUNAN TAMBAHAN DI SK SUNGAI DEDAP, YAN, KEDAH (KBA9018)",PRABINA,,
2025,RMK,KEDAH,JERLUN,KBA4001,"DAIF KEDAH (2025) - PEMBINAAN SEMULA BANGUNAN DAIF DI SK AYER HITAM, KUBANG PASU, KEDAH (KBA4001)",PRABINA,,
2025,RMK,KEDAH,KUALA KEDAH,KBA2007,"DAIF KEDAH (2025) - PEMBINAAN SEMULA BANGUNAN DAIF DAN BANGUNAN TAMBAHAN DI SEKOLAH KEBANGSAAN ALOR JANGGUS, ALOR SETAR, KEDAH (KBA2007)",PRABINA,,
2025,RMK,KEDAH,KUALA KEDAH,KBA2018,"DAIF KEDAH (2025) - PEMBINAAN SEMULA BANGUNAN DAIF DI SEKOLAH KEBANGSAAN SIMPANG TIGA, ALOR SETAR, KEDAH (KBA2018)",PRABINA,,
2025,RMK,KEDAH,LANGKAWI,KBA6009,"DAIF KEDAH (2025) - PEMBINAAN SEMULA BANGUNAN DAIF DI SEKOLAH KEBANGSAAN PULAU TUBA, LANGKAWI, KEDAH (KBA6009)",PRABINA,,
2025,RMK,KEDAH,LANGKAWI,KBA6010,"DAIF KEDAH (2025) - PEMBINAAN SEMULA BANGUNAN DAIF DI SEKOLAH KEBANGSAAN SERI LAGENDA, LANGKAWI, KEDAH (KBA6010)",PRABINA,,
2025,RMK,KEDAH,SIK,KBA8001,"DAIF KEDAH (2025) - PEMBINAAN SEMULA BANGUNAN DAIF DAN BANGUNAN TAMBAHAN DI SEKOLAH KEBANGSAAN BATU LIMA, SIK, KEDAH (KBA8001)",PRABINA,,
2025,RMK,KEDAH,SIK,KBA8002,"DAIF KEDAH (2025) - PEMBINAAN SEMULA BANGUNAN DAIF DAN BANGUNAN TAMBAHAN DI SEKOLAH KEBANGSAAN CHEPIR, SIK, KEDAH (KBA8002)",PRABINA,,
2025,RMK,KEDAH,SIK,KBA8003,"DAIF KEDAH (2025) - PEMBINAAN SEMULA BANGUNAN DAIF DAN BANGUNAN TAMBAHAN DI SEKOLAH KEBANGSAAN GULAU, SIK, KEDAH (KBA8003)",PRABINA,,
2025,RMK,KEDAH,SIK,KBA8005,"DAIF KEDAH (2025) - PEMBINAAN SEMULA BANGUNAN DAIF DAN BANGUNAN TAMBAHAN DI SEKOLAH KEBANGSAAN JENERI, SIK, KEDAH (KBA8005)",PRABINA,,
2025,RMK,KEDAH,SIK,KBA8007,"DAIF KEDAH (2025) - PEMBINAAN SEMULA BANGUNAN DAIF DI SEKOLAH KEBANGSAAN HJ HUSSAIN, SIK, KEDAH (KBA8007)",PRABINA,,
2025,RMK,KEDAH,SIK,KBA8008,"DAIF KEDAH (2025) - PEMBINAAN SEMULA BANGUNAN DAIF DI SEKOLAH KEBANGSAAN KG KOTA BUKIT, SIK, KEDAH (KBA8008)",PRABINA,,
2025,RMK,KEDAH,SIK,KBA8020,"DAIF KEDAH (2025) - UBAHSUAI DAN NAIKTARAF BANGUNAN DAIF DI SEKOLAH KEBANGSAAN BATU 8, SIK, KEDAH (KBA8020)",PRABINA,,
2025,RMK,KELANTAN,GUA MUSANG,DBAA003,"DAIF KELANTAN (2025) - PEMBINAAN SEMULA BANGUNAN DAIF DAN BANGUNAN TAMBAHAN DI SK HENDROP, GUA MUSANG, KELANTAN (DBAA003 )",PRABINA,,
2025,RMK,KELANTAN,PASIR MAS,DBA3225,"DAIF KELANTAN (2025) - PEMBINAAN SEMULA BANGUNAN DAIF DI SEKOLAH KEBANGSAAN DATO HAMID 1, PASIR MAS, KELANTAN",PRABINA,,
2025,RMK,KELANTAN,PASIR MAS,DEA3242,"DAIF KELANTAN (2025) - PEMBINAAN SEMULA BANGUNAN DAIF DI SEKOLAH MENENGAH KEBANGSAAN MERANTI, PASIR MAS, KELANTAN (DEA3242)",PRABINA,,
2025,RMK,KELANTAN,PASIR PUTEH,DEA4293,"DAIF KELANTAN (2025) - PEMBINAAN SEMULA BANGUNAN DAIF DI SEKOLAH MENENGAH KEBANGSAAN SRI MAHARAJA, PASIR PUTEH, KELANTAN (DEA4293)",PRABINA,,
2025,RMK,KELANTAN,PENGKALAN CHEPA,DBA1096,"DAIF KELANTAN (2025) - PEMBINAAN SEMULA BANGUNAN DAIF DI SK SABAK, KOTA BHARU, KELANTAN (DBA1096)",PRABINA,,
2025,RMK,KELANTAN,RANTAU PANJANG,DBB3234,"DAIF KELANTAN (2025) - PEMBINAAN SEMULA BANGUNAN DAIF DI SEKOLAH KEBANGSAAN SRI RANTAU PANJANG 1, PASIR MAS, KELANTAN (DBB3234)",PRABINA,,
2025,RMK,KELANTAN,TANAH MERAH,DEA5417,"DAIF KELANTAN (2025) - PEMBINAAN SEMULA BANGUNAN DAIF DI SEKOLAH MENENGAH KEBANGSAAN TANAH MERAH 1, TANAH MERAH, KELANTAN (DEA5417)",PRABINA,,
2025,RMK,KELANTAN,TUMPAT,DEA6362,"DAIF KELANTAN (2025) - PEMBINAAN SEMULA BANGUNAN DAIF DAN BANGUNAN TAMBAHAN DI SEKOLAH MENENGAH KEBANGSAAN WAKAF BHARU, TUMPAT, KELANTAN (DEA6362)",PRABINA,,
2025,RMK,MELAKA,JASIN,MBA1013,"DAIF MELAKA (2025) - PEMBINAAN SEMULA BANGUNAN DAIF DAN KERJA MENAIK TARAF DI SEKOLAH KEBANGSAAN CHINCHIN, JASIN, MELAKA (MBA1013)",PRABINA,,
2025,RMK,MELAKA,MASJID TANAH,MBA0008,"DAIF MELAKA (2025) - PEMBINAAN SEMULA BANGUNAN DAIF DI SEKOLAH KEBANGSAAN KUALA LINGGI, MASJID TANAH, MELAKA (MBA0008)",PRABINA,,
2025,RMK,NEGERI SEMBILAN,RASAH,NBA4013,"DAIF NEGERI SEMBILAN (2025) - PEMBINAAN SEMULA BANGUNAN DAIF DI SEKOLAH KEBANGSAAN LABU ULU, SEREMBAN, NEGERI SEMBILAN (NBA 4013)",PRABINA,,
2025,RMK,PAHANG,BENTONG,CBB0054,"DAIF PAHANG (2025) - PEMBINAAN PEMBINAAN SEMULA BANGUNAN DAIF DI SEKOLAH KEBANGSAAN SG MARONG, BENTONG, PAHANG (CBB0054)",PRABINA,,
2025,RMK,PAHANG,PEKAN,CBA5037,"DAIF PAHANG (2025) - PEMBINAAN PEMBINAAN SEMULA BANGUNAN DAIF DI SEKOLAH KEBANGSAAN SERANDU, PEKAN, PAHANG (CBA5037)",PRABINA,,
2025,RMK,PERAK,BAGAN DATUK,ABAB007,"DAIF PERAK (2025) - PEMBINAAN SEMULA BANGUNAN DAIF DAN BANGUNAN TAMBAHAN DI SEKOLAH KEBANGSAAN SUNGAI PULAU, BAGAN DATUK, PERAK (ABAB007)",PRABINA,,
2025,RMK,PERAK,BAGAN SERAI,AEB3044,"DAIF PERAK (2025) - PEMBINAAN SEMULA BANGUNAN DAIF DAN BANGUNAN TAMBAHAN DI SMK BAGAN SERAI, BAGAN SERAI PERAK (AEB3044)",PRABINA,,
2025,RMK,PERAK,PADANG RENGAS,ABB4087,"DAIF PERAK (2025) - PEMBINAAN SEMULA BANGUNAN DAIF DAN BANGUNAN TAMBAHAN DI SEKOLAH KEBANGSAAN DATIN KHADIJAH, KUALA KANGSAR, PERAK (ABB4087)",PRABINA,,
2025,RMK,PERAK,PARIT BUNTAR,ABA3022,"DAIF PERAK (2025) - PEMBINAAN SEMULA BANGUNAN DAIF DAN BANGUNAN TAMBAHAN DI SEKOLAH KEBANGSAAN SUNGAI BAHARU, KUALA KURAU, PERAK (ABA3022)",PRABINA,,
2025,RMK,PERAK,PASIR SALAK,ABA8249,"DAIF PERAK (2025) - PEMBINAAN SEMULA BANGUNAN DAIF DAN BANGUNAN TAMBAHAN DI SEKOLAH KEBANGSAAN CHANGKAT LADA 2, KAMPONG GAJAH, PERAK (ABA8249)",PRABINA,,
2025,RMK,PERAK,TANJONG MALIM,ABAA009,"DAIF PERAK (2025) - PEMBINAAN SEMULA BANGUNAN DAIF DAN BANGUNAN TAMBAHAN DI SEKOLAH KEBANGSAAN DATO KAMARUDDIN, BEHRANG STESEN, MUALLIM, PERAK (ABAA009)",PRABINA,,
2025,RMK,PERLIS,ARAU,RBA0077,"DAIF PERLIS (2025) - PEMBINAAN SEMULA BANGUNAN DAIF DAN BANGUNN TAMBAHAN DI SEKOLAH KEBANGSAAN LONG BOH, SIMPANG EMPAT, PERLIS (RBA0077)",PRABINA,,
2025,RMK,SABAH,BEAUFORT,XBA6012,"DAIF SABAH (2025) - PEMBINAAN SEMULA BANGUNAN DAIF DAN BANGUNAN TAMBAHAN DI SEKOLAH KEBANGSAAN GARAMA BEAUFORT, SABAH (XBA6012)",PRABINA,,
2025,RMK,SABAH,BEAUFORT,XBA6015,"DAIF SABAH (2025) - PEMBINAAN SEMULA BANGUNAN DAIF DAN BANGUNAN TAMBAHAN DI SEKOLAH KEBANGSAAN KEBULU, BEAUFORT, SABAH (XBA6015)",PRABINA,,
2025,RMK,SABAH,BEAUFORT,XBA6023,"DAIF SABAH (2025) - PEMBINAAN SEMULA BANGUNAN DAIF DAN BANGUNAN TAMBAHAN DI SEKOLAH KEBANGSAAN KLIAS KECIL, BEAUFORT, SABAH (XBA6023)",PRABINA,,
2025,RMK,SABAH,BEAUFORT,XBA6059,"DAIF SABAH (2025) - PEMBINAAN SEMULA BANGUNAN DAIF DAN BANGUNAN TAMBAHAN DI SEKOLAH KEBANGSAAN TAKULI, BEAUFORT, SABAH (XBA6059)",PRABINA,,
2025,RMK,SABAH,BEAUFORT,XBA6068,"DAIF SABAH (2025) - PEMBINAAN SEMULA BANGUNAN DAIF DAN BANGUNAN TAMBAHAN DI SEKOLAH KEBANGSAAN PINTAS, BEAUFORT, SABAH (XBA6068)",PRABINA,,
2025,RMK,SABAH,BELURAN,XBA2143,"DAIF SABAH (2025) - PEMBINAAN SEMULA BANGUNAN DAIF DAN BANGUNAN TAMBAHAN SEKOLAH KEBANGSAAN BALABAN JAYA, BELURAN, SABAH (XBA2143)",PRABINA,,
2025,RMK,SABAH,KALABAKAN,XBA3047,"DAIF SABAH (2025) - PEMBINAAN SEMULA BANGUNAN DAIF DAN BANGUNAN TAMBAHAN DI SK SUNGAI IMAM, TAWAU, SABAH (XBA3047)",PRABINA,,
2025,RMK,SABAH,KENINGAU,XBA1006,"DAIF SABAH (2025) - PEMBINAAN SEMULA BANGUNAN DAIF DAN BANGUNAN TAMBAHAN DI SEKOLAH KEBANGSAAN BINAONG, KENINGAU, SABAH (XBA1006)",PRABINA,,
2025,RMK,SABAH,KENINGAU,XBA1035,"DAIF SABAH (2025) - PEMBINAAN SEMULA BANGUNAN DAIF DAN BANGUNAN TAMBAHAN DI SEKOLAH KEBANGSAAN PASIR PUTEH, KENINGAU, SABAH (XBA1035)",PRABINA,,
2025,RMK,SABAH,KENINGAU,XBA1038,"DAIF SABAH (2025) - PEMBINAAN SEMULA BANGUNAN DAIF DAN BANGUNAN TAMBAHAN DI SEKOLAH KEBANGSAAN SENAGANG, KENINGAU, SABAH (XBA1038)",PRABINA,,
2025,RMK,SABAH,KENINGAU,XBA1059,"DAIF SABAH (2025) - PEMBINAAN SEMULA BANGUNAN DAIF DAN BANGUNAN TAMBAHAN DI SEKOLAH KEBANGSAAN MENINIPIR, KENINGAU, SABAH (XBA1059)",PRABINA,,
2025,RMK,SABAH,KENINGAU,XBA1066,"DAIF SABAH (2025) - PEMBINAAN SEMULA BANGUNAN DAIF DAN BANGUNAN TAMBAHAN DI SEKOLAH KEBANGSAAN PATIKANG LAUT, KENINGAU, SABAH (XBA1066)",PRABINA,,
2025,RMK,SABAH,KENINGAU,XBA1217,"DAIF SABAH (2025) - PEMBINAAN SEMULA BANGUNAN DAIF DAN BANGUNAN TAMBAHAN DI SEKOLAH KEBANGSAAN SUNSURON, TAMBUNAN, SABAH (XBA1217)",PRABINA,,
2025,RMK,SABAH,KIMANIS,XBA4231,"DAIF SABAH (2025) - PEMBINAAN SEMULA BANGUNAN DAIF DAN BANGUNAN TAMBAHAN SEKOLAH KEBANGSAAN LINGAN, PAPAR, SABAH (XBA4231)",PRABINA,,
2025,RMK,SABAH,KIMANIS,XBA6101,"DAIF SABAH (2025) - PEMBINAAN SEMULA BANGUNAN DAIF DAN BANGUNAN TAMBAHAN DI SEKOLAH KEBANGSAAN TIONG BARU, MEMBAKUT, SABAH (XBA6101)",PRABINA,,
2025,RMK,SABAH,KIMANIS,XBA6103,"DAIF SABAH (2025) - PEMBINAAN SEMULA BANGUNAN DAIF DAN BANGUNAN TAMBAHAN DI SEKOLAH KEBANGSAAN BAMBANGAN, BEAUFORT, SABAH (XBA6103)",PRABINA,,
2025,RMK,SABAH,KIMANIS,XBA6108,"DAIF SABAH (2025) - PEMBINAAN SEMULA BANGUNAN DAIF DAN BANGUNAN TAMBAHAN DI SEKOLAH KEBANGSAAN TAHAK, BEAUFORT, SABAH (XBA6108)",PRABINA,,
2025,RMK,SABAH,KOTA BELUD,XBA5306,"DAIF SABAH (2025) - PEMBINAAN SEMULA BANGUNAN DAIF DAN BANGUNAN TAMBAHAN DI SEKOLAH KEBANGSAAN DALAS, KOTA BELUD, SABAH (XBA5306)",PRABINA,,
2025,RMK,SABAH,KOTA BELUD,XBA5346,"DAIF SABAH (2025) - PEMBINAAN SEMULA BANGUNAN DAIF DAN BANGUNAN TAMBAHAN DI SEKOLAH KEBANGSAAN TAMPASUK I, KOTA BELUD, SABAH (XBA5346)",PRABINA,,
2025,RMK,SABAH,KOTA BELUD,XBA5355,"DAIF SABAH (2025) - PEMBINAAN SEMULA BANGUNAN DAIF DAN BANGUNAN TAMBAHAN DI SEKOLAH KEBANGSAAN TAMPASUK II KOTA BELUD, SABAH (XBA5355)",PRABINA,,
2025,RMK,SABAH,KOTA BELUD,XCA5342,"DAIF SABAH (2025) - PEMBINAAN SEMULA BANGUNAN DAIF DAN BANGUNAN TAMBAHAN DI SEKOLAH KEBANGSAAN TAGINAMBUR, KOTA BELUD, SABAH (XCA5342)",PRABINA,,
2025,RMK,SABAH,KOTA MARUDU,XBA5041,"DAIF SABAH (2025) - PEMBINAAN SEMULA BANGUNAN DAIF DAN BANGUNAN TAMBAHAN DI SEKOLAH KEBANGSAAN NANGKA, KUDAT, SABAH (XBA5041)",PRABINA,,
2025,RMK,SABAH,KOTA MARUDU,XBA5093,"DAIF SABAH (2025) - PEMBINAAN SEMULA BANGUNAN DAIF DAN BANGUNAN TAMBAHAN DI SEKOLAH KEBANGSAAN PANUDAHAN, KUDAT, SABAH (XBA5093)",PRABINA,,
2025,RMK,SABAH,KOTA MARUDU,XBA5102,"DAIF SABAH (2025) - PEMBINAAN SEMULA BANGUNAN DAIF DAN BANGUNAN TAMBAHAN DI SK BENGKONGAN, KOTA MARUDU (XBA5102)",PRABINA,,
2025,RMK,SABAH,KOTA MARUDU,XBA5116,"DAIF SABAH (2025) - PEMBINAAN SEMULA BANGUNAN DAIF DAN BANGUNAN TAMBAHAN DI SEKOLAH KEBANGSAAN SUNSUI, KOTA MARUDU, SABAH (XBA5116)",PRABINA,,
2025,RMK,SABAH,KUDAT,XBA5046,"DAIF SABAH (2025) - PEMBINAAN SEMULA BANGUNAN DAIF DAN BANGUNAN TAMBAHAN DI SEKOLAH KEBANGSAAN PERAPAT LAUT, KUDAT, SABAH (XBA5046)",PRABINA,,
2025,RMK,SABAH,LIBARAN,XBA2029,"DAIF SABAH (2025) - PEMBINAAN SEMULA BANGUNAN DAIF DAN BANGUNAN TAMBAHAN DI SEKOLAH KEBANGSAAN LADANG SANDAK, SANDAKAN, SABAH (XBA2029)",PRABINA,,
2025,RMK,SABAH,LIBARAN,XBA2051,"DAIF SABAH (2025) - PEMBINAAN SEMULA BANGUNAN DAIF DAN BANGUNAN TAMBAHAN DI SEKOLAH KEBANGSAAN SUNGAI MANILA, SANDAKAN, SABAH (XBA2051)",PRABINA,,
2025,RMK,SABAH,LIBARAN,XBA2073,"DAIF SABAH (2025) - PEMBINAAN SEMULA BANGUNAN DAIF DAN BANGUNAN TAMBAHAN DI SEKOLAH KEBANGSAAN SUNGAI TIRAM, SANDAKAN, SABAH (XBA2073)",PRABINA,,
2025,RMK,SABAH,PAPAR,XBA4221,"DAIF SABAH (2025) - PEMBINAAN SEMULA BANGUNAN DAIF DAN BANGUNAN TAMBAHAN DI SEKOLAH KEBANGSAAN KELANAHAN, PAPAR, SABAH (XBA4221)",PRABINA,,
2025,RMK,SABAH,PENAMPANG,XBA4014,"DAIF SABAH (2023) - PEMBINAAN SEMULA BANGUNAN DAIF DAN BANGUNAN TAMBAHAN DI SEKOLAH KEBANGSAAN KEPAYAN, KOTA KINABALU, SABAH (XBA4014)",PRABINA,,
2025,RMK,SABAH,PENSIANGAN,XBA1015,"DAIF SABAH (2025) - PEMBINAAN SEMULA BANGUNAN DAIF DAN BANGUNAN TAMBAHAN DI SEKOLAH KEBANGSAAN KABATANG BARU, KENINGAU, SABAH (XBA1015)",PRABINA,,
2025,RMK,SABAH,PENSIANGAN,XBA1026,"DAIF SABAH (2025) - PEMBINAAN SEMULA BANGUNAN DAIF DAN BANGUNAN TAMBAHAN DI SEKOLAH KEBANGSAAN LANAS, KENINGAU, SABAH (XBA1026)",PRABINA,,
2025,RMK,SABAH,PENSIANGAN,XBA1062,"DAIF SABAH (2025) - PEMBINAAN SEMULA BANGUNAN DAIF DAN BANGUNAN TAMBAHAN DI SEKOLAH KEBANGSAAN SINULIHAN BARU, KENINGAU, SABAH (XBA1062)",PRABINA,,
2025,RMK,SABAH,PENSIANGAN,XBA1073,"DAIF SABAH (2025) - PEMBINAAN SEMULA BANGUNAN DAIF DAN BANGUNAN TAMBAHAN DI SEKOLAH KEBANGSAAN NANDAGAN, KENINGAU, SABAH (XBA1073)",PRABINA,,
2025,RMK,SABAH,RANAU,XBA2140,"DAIF SABAH (2025) - PEMBINAAN SEMULA BANGUNAN DAIF DAN BANGUNAN TAMBAHAN DI SEKOLAH KEBANGSAAN MANGKAPOH, RANAU, SABAH (XBA2140)",PRABINA,,
2025,RMK,SABAH,RANAU,XBA5419,"DAIF SABAH (2025) - PEMBINAAN SEMULA BANGUNAN DAIF DAN BANGUNAN TAMBAHAN DI SEKOLAH KEBANGSAAN MARAKAU, RANAU, SABAH (XBA5419)",PRABINA,,
2025,RMK,SABAH,RANAU,XBA5446,"DAIF SABAH (2025) - PEMBINAAN SEMULA BANGUNAN DAIF DAN BANGUNAN TAMBAHAN DI SEKOLAH KEBANGSAAN TOBOH, RANAU, SABAH (XBA5446)",PRABINA,,
2025,RMK,SABAH,RANAU,XBA5447,"DAIF SABAH (2025) - PEMBINAAN SEMULA BANGUNAN DAIF DAN BANGUNAN TAMBAHAN DI SEKOLAH KEBANGSAAN TOGOP DARAT, RANAU, SABAH (XBA5447)",PRABINA,,
2025,RMK,SABAH,RANAU,XEA2140,"DAIF SABAH (2025) - PEMBINAAN SEMULA BANGUNAN DAIF DAN BANGUNAN TAMBAHAN DI SEKOLAH MENENGAH KEBANGSAAN ULU SUGUT (MALINSAU), RANAU, SABAH (XEA2140)",PRABINA,,
2025,RMK,SABAH,SEMPORNA,XBA3328,"DAIF SABAH (2025) - PEMBINAAN SEMULA BANGUNAN DAIF DAN BANGUNAN TAMBAHAN DI SK EGANG-EGANG, SEMPORNA, SABAH (XBA3328)",PRABINA,,
2025,RMK,SABAH,SEMPORNA,XEE3318,"DAIF SABAH (2025) - PEMBINAAN SEMULA BANGUNAN DAIF DAN BANGUNAN TAMBAHAN DI SMK DATUK PANGLIMA ABDULLAH, SEMPORNA, SABAH (XEE3318)",PRABINA,,
2025,RMK,SABAH,SIPITANG,XBA6003,"DAIF SABAH (2025) - PEMBINAAN SEMULA BANGUNAN DAIF DAN BANGUNAN TAMBAHAN DI SEKOLAH KEBANGSAAN BATANDOK, BEAUFORT, SABAH (XBA6003)",PRABINA,,
2025,RMK,SABAH,TAWAU,XBA3005,"DAIF SABAH (2025) - PEMBINAAN SEMULA BANGUNAN DAIF DAN BANGUNAN TAMBAHAN DI SEKOLAH  KEBANGSAAN BATU PAYONG, TAWAU, SABAH (XBA3005)",PRABINA,,
2025,RMK,SABAH,TAWAU,XBA3075,"DAIF SABAH (2025) - PEMBINAAN SEMULA BANGUNAN DAIF DAN BANGUNAN TAMBAHAN DI SEKOLAH KEBANGSAAN SENTOSA (SEKOLAH MENUMPANG), TAWAU, SABAH (XBA3075)",PRABINA,,
2025,RMK,SABAH,TENOM,XBA1301,"DAIF SABAH (2025) - PEMBINAAN SEMULA BANGUNAN DAIF DAN BANGUNAN TAMBAHAN DI SEKOLAH KEBANGSAAN BAMBAN, TENOM, SABAH (XBA1301)",PRABINA,,
2025,RMK,SABAH,TENOM,XBA1328,"DAIF SABAH ( 2025) - PEMBINAAN SEMULA BANGUNAN DAIF DAN BANGUNAN TAMBAHAN DI SEKOLAH KEBANGSAAN PULONG, TENOM, SABAH (XBA1328)",PRABINA,,
2025,RMK,SABAH,TENOM,XBA1340,"DAIF SABAH (2025) &NDASH; PEMBINAAN SEMULA BANGUNAN DAIF DAN BANGUNAN TAMBAHAN DI SEKOLAH KEBANGSAAN ULU TOMANI, TENOM, SABAH (XBA1340)",PRABINA,,
2025,RMK,SABAH,TUARAN,XBA4317,"DAIF SABAH (2025) - PEMBANGUNAN SEMULA BANGUNAN DAIF DAN BANGUNAN TAMBAHAN SEKOLAH KEBANGSAAN KAULUAN, TUARAN SABAH (XBA4317)",PRABINA,,
2025,RMK,SABAH,TUARAN,XBA4320,"DAIF SABAH (2025) - PEMBINAAN SEMULA BANGUNAN DAIF DAN BANGUNAN TAMBAHAN DI SEKOLAH KEBANGSAAN KINDU, TUARAN SABAH (XBA4320)",PRABINA,,
2025,RMK,SABAH,TUARAN,XBA4333,"DAIF SABAH (2025) - PEMBINAAN SEMULA BANGUNAN DAIF DAN BANGUNAN TAMBAHAN DI SEKOLAH KEBANGSAAN PENIMBAWAN, TUARAN SABAH (XBA4333)",PRABINA,,
2025,RMK,SABAH,TUARAN,XBA4341,"DAIF SABAH (2025) - PEMBINAAN SEMULA BANGUNAN DAIF DAN BANGUNAN TAMBAHAN DI SEKOLAH KEBANGSAAN SELUPOH, TUARAN, SABAH (XBA4341)",PRABINA,,
2025,RMK,SARAWAK,BARAM,YBA4301,"DAIF SARAWAK (2025) - PEMBINAAN SEMULA BANGUNAN DAIF DAN BANGUNAN TAMBAHAN  DI SK LONG SAIT, BARAM, SARAWAK (YBA4301)",PRABINA,,
2025,RMK,SARAWAK,BATANG LUPAR,YBA2410,"DAIF SARAWAK (2025) - PEMBINAAN SEMULA BANGUNAN DAIF DAN BANGUNAN TAMBAHAN DI SEKOLAH KEBANGSAAN PUSA, BETONG, SARAWAK (YBA2410)",PRABINA,,
2025,RMK,SARAWAK,BATANG LUPAR,YBA8318,"DAIF SARAWAK (2025) - PEMBINAAN SEMULA BANGUNAN DAIF DI SEKOLAH KEBANGSAAN TUANKU BAGUS, SEBUYAU, SARAWAK (YBA8318)",PRABINA,,
2025,RMK,SARAWAK,BETONG,YBA2404,"DAIF SARAWAK (2025) - MENAIK TARAF BANGUNAN DAIF DAN PEMBINAAN BANGUNAN TAMBAHAN DI SEKOLAH KEBANGSAAN KAMPUNG BUDA, BETONG, SARAWAK (YBA2404)",PRABINA,,
2025,RMK,SARAWAK,BINTULU,YBB9211,"DAIF SARAWAK (2025) - PEMBINAAN SEMULA BANGUNAN DAIF DAN BANGUNAN TAMBAHAN DI SEKOLAH KEBANGSAAN SG SETULAN, BINTULU, SARAWAK (YBB 9211)",PRABINA,,
2025,RMK,SARAWAK,IGAN,YBB3220,"DAIF SARAWAK (2025) - PEMBINAAN SEMULA BANGUNAN DAIF DAN BANGUNAN TAMBAHAN DI SEKOLAH KEBANGSAAN BATANG LASSA, DARO, SARAWAK  (YBB3220)",PRABINA,,
2025,RMK,SARAWAK,KAPIT,YEE7101,"DAIF SARAWAK (2025): PEMBINAAN SEMULA BANGUNAN DAIF DAN BANGUNAN TAMBAHAN DI SEKOLAH MENENGAH KEBANGSAAN KAPIT (YEE7101), KAPIT, SARAWAK.",PRABINA,,
2025,RMK,SARAWAK,KOTA SAMARAHAN,YBB8102,"DAIF SARAWAK (2025) -  PEMBINAAN SEMULA BANGUNAN DAIF DAN BANGUNAN TAMBAHAN DI SEKOLAH KEBANGSAAN SAMPUN, ASAJAYA, SARAWAK (YBB8102)",PRABINA,,
2025,RMK,SARAWAK,LIMBANG,YEA5101,"DAIF SARAWAK (2025) - PEMBINAAN SEMULA BANGUNAN DAIF DAN BANGUNAN TAMBAHAN DI SEKOLAH MENENGAH KEBANGSAAN SERI PATIAMBUN, LIMBANG, SARAWAK (YEA5101)",PRABINA,,
2025,RMK,SARAWAK,MUKAH,YBB3411,"DAIF SARAWAK (2025) - PEMBINAAN SEMULA BANGUNAN DAIF DAN BANGUNAN TAMBAHAN DI SK KUALA BALINGIAN, MUKAH, SARAWAK (YBB3411)",PRABINA,,
2025,RMK,SARAWAK,SARATOK,YBB2212,"DAIF SARAWAK (2025) - PEMBINAAN SEMULA BANGUNAN DAIF DAN BANGUNAN TAMBAHAN TERMASUK KERJA NAIK TARAF PADANG DI SEKOLAH KEBANGSAAN KABO HILIR, SARATOK, SARAWAK (YBB2212)",PRABINA,,
2025,RMK,SARAWAK,SARATOK,YBB2222,"DAIF SARAWAK (2025) - PEMBINAAN SEMULA BANGUNAN DAIF DAN BANGUNAN TAMBAHAN SERTA KERJA NAIK TARAF DI SEKOLAH KEBANGSAAN SUNGAI ENTEBU, SARATOK, SARAWAK (YBB2222)",PRABINA,,
2025,RMK,SARAWAK,SARATOK,YBB2224,"DAIF SARAWAK (2025): PEMBINAAN SEMULA BANGUNAN DAIF DI SEKOLAH KEBANGSAAN SUPOK, SARATOK, SARAWAK (YBB2224)",PRABINA,,
2025,RMK,SARAWAK,SARIKEI,YEB6101,"DAIF SARAWAK (2025) - PEMBINAAN SEMULA BANGUNAN DAIF DAN BANGUNAN TAMBAHAN DI SEKOLAH MENENGAH KEBANGSAAN BANDAR SARIKEI, SARIKEI, SARAWAK (YEB6101)",PRABINA,,
2025,RMK,SARAWAK,SIBUTI,YEA4402,"DAIF SARAWAK (2025) - PENGGANTIAN BUMBUNG DAN PEMBINAAN BANGUNAN TAMBAHAN DI SEKOLAH MENENGAH KEBANGSAAN BEKENU, SUBIS,  SARAWAK (YEA4402)",PRABINA,,
2025,RMK,SARAWAK,SRI AMAN,YBA2117,"DAIF SARAWAK (2025) - PEMBINAAN SEMULA BANGUNAN DAIF DAN BANGUNAN TAMBAHAN DI SEKOLAH KEBANGSAAN APING, SRI AMAN, SARAWAK (YBA2117)",PRABINA,,
2025,RMK,SARAWAK,SRI AMAN,YEE2101,"DAIF SARAWAK (2025) -  PEMBINAAN SEMULA BANGUNAN DAIF DAN BANGUNAN TAMBAHAN DI SEKOLAH MENENGAH SIMANGGANG, SRI AMAN, SARAWAK (YEE2101)",PRABINA,,
2025,RMK,TERENGGANU,KEMAMAN,TEA2019,"DAIF TERENGGANU (2025) - PEMBINAAN SEMULA BANGUNAN DAIF DAN BANGUNAN TAMBAHAN DI SEKOLAH MENENGAH KEBANGSAAN KERTEH, KEMAMAN, TERENGGANU (TEA2019)",PRABINA,,
2025,RMK,TERENGGANU,KUALA NERUS,TBA3010,"DAIF TERENGGANU (2025) - PEMBINAAN SEMULA BANGUNAN DAIF DI SEKOLAH KEBANGSAAN DUYONG, KUALA TERENGGANU, TERENGGANU (TBA3010)",PRABINA,,
2025,RMK,TERENGGANU,KUALA NERUS,TBA7014,"DAIF TERENGGANU (2025) - PEMBINAAN SEMULA BANGUNAN DAIF DAN BANGUNAN TAMBAHAN DI SEKOLAH KEBANGSAAN TOK JIRING, KUALA NERUS, TERENGGANU (TBA7014)",PRABINA,,
2025,RMK,TERENGGANU,KUALA TERENGGANU,TEA3119,"DAIF TERENGGANU (2025) - PEMBINAAN SEMULA BANGUNAN DAIF DI SEKOLAH MENENGAH KEBANGSAAN BUKIT BESAR, KUALA TERENGGANU TERENGGANU (TEA3119)",PRABINA,,
2025,RMK,TERENGGANU,MARANG,TBA4007,"DAIF TERENGGANU (2025) - PEMBINAAN SEMULA BANGUNAN DAIF DI SEKOLAH KEBANGSAAN JAMBU BONGKOK, MARANG, TERENGGANU (TBA4007)",PRABINA,,
2025,RMK,TERENGGANU,MARANG,TBA4008,"DAIF TERENGGANU (2025) - PEMBINAAN SEMULA BANGUNAN DAIF DI SEKOLAH KEBANGSAAN SENTUL PATAH, MARANG, TERENGGANU (TBA4008)",PRABINA,,
2025,RMK,TERENGGANU,MARANG,TBA4011,"DAIF TERENGGANU (2025) - PEMBINAAN SEMULA BANGUNAN DAIF DAN BANGUNAN TAMBAHAN DI SEKOLAH KEBANGSAAN BUKIT JEJULONG, MARANG, TERENGGANU (TBA4011)",PRABINA,,
2025,RMK,TERENGGANU,SETIU,TBA6075,"DAIF TERENGGANU (2025) - PEMBINAAN SEMULA BANGUNAN DAIF DAN BANGUNAN TAMBAHAN DI SEKOLAH KEBANGSAAN KAMPUNG BUKIT ULU NERUS, SETIU, TERENGGANU (TBA6075)",PRABINA,,
2025,RMK,WILAYAH PERSEKUTUAN,LEMBAH PANTAI,WBA0038,"DAIF KUALA LUMPUR (2025) - PEMBINAAN SEMULA BANGUNAN DAIF DI SEKOLAH KEBANGSAAN  BUKIT PANTAI, KUALA LUMPUR (WBA0038)",PRABINA,,
2016,RMK,SARAWAK,BATANG LUPAR,YBA2105,"PROJEK PEMBINAAN BANGUNAN TAMBAHAN SECARA INDUSTRIALISED BUILDING SYSTEM (IBS) SERTA LAIN-LAIN KEMUDAHAN DI SK PULAU SEDUKU, SRI AMAN, SARAWAK",SIAP,100,100
2016,RMK,SARAWAK,BATANG LUPAR,YBA2406,"PROJEK PEMBINAAN BANGUNAN TAMBAHAN SECARA INDUSTRIALISED BUILDING SYSTEM (IBS) SERTA LAIN-LAIN KEMUDAHAN DI SK SPINANG, BETONG, SARAWAK",SIAP,100,100
2016,RMK,SARAWAK,BATANG LUPAR,YBA2414,"PROJEK PEMBINAAN BANGUNAN TAMBAHAN SECARA INDUSTRIALISED BUILDING SYSTEM (IBS) SERTA LAIN-LAIN KEMUDAHAN DI SK SEMARANG, BETONG, SARAWAK",SIAP,100,100
2016,RMK,SARAWAK,BATANG LUPAR,YBA2422,"PROJEK PEMBINAAN BANGUNAN TAMBAHAN SECARA INDUSTRIALISED BUILDING SYSTEM (IBS)  ERTA LAIN-LAIN KEMUDAHAN DI SK KALOK PUSA, BETONG, SARAWAK",SIAP,100,100
2016,RMK,SARAWAK,BATANG LUPAR,YBA8306,"PROJEK PEMBINAAN BANGUNAN TAMBAHAN SECARA INDUSTRIALISED BUILDING SYSTEM (IBS)  SERTA LAIN-LAIN KEMUDAHAN DI SK SUNGAI LADONG, KOTA SAMARAHAN, SARAWAK",SIAP,100,100
2016,RMK,SARAWAK,BATANG LUPAR,YEA8304,"PROJEK PEMBINAAN BANGUNAN TAMBAHAN SECARA INDUSTRIAL BUILDING SYSTEM (IBS) SERTA LAIN-LAIN KEMUDAHAN DI SMK SEBUYAU, SIMUNJAN, SARAWAK",SIAP,100,100
2016,RMK,SARAWAK,KOTA SAMARAHAN,YBA8106,"PROJEK PEMBINAAN BANGUNAN TAMBAHAN SECARA INDUSTRIALISED BUILDING SYSTEM (IBS)  SERTA LAIN-LAIN KEMUDAHAN DI SK PINANG, KOTA SAMARAHAN, SARAWAK",SIAP,100,100
2016,RMK,SARAWAK,KOTA SAMARAHAN,YBA8116,"PROJEK PEMBINAAN BANGUNAN TAMBAHAN SECARA INDUSTRIALISED BUILDING SYSTEM(IBS)  SERTA LAIN-LAIN KEMUDAHAN DI SK NIUP, KOTA SAMARAHAN, SARAWAK",SIAP,100,100
2016,RMK,SARAWAK,MAS GADING,YBB1407,"PROJEK PEMBINAAN BANGUNAN TAMBAHAN SECARA INDUSTRIALISED BUILDING SYSTEM (IBS) SERTA LAIN-LAIN KEMUDAHAN DI SK JANGKAR, LUNDU, SARAWAK",SIAP,100,100
2016,RMK,SARAWAK,MAS GADING,YBB1423,"PROJEK PEMBINAAN BANGUNAN TAMBAHAN SECARA INDUSTRIALISED BUILDING SYSTEM (IBS) SERTA LAIN-LAIN KEMUDAHAN DI SK SEBAKO, LUNDU, SARAWAK",SIAP,100,100
2016,RMK,SARAWAK,MAS GADING,YEB1102,"PROJEK PEMBINAAN BANGUNAN TAMBAHAN SECARA INDUSTRIALISED BUILDING SYSTEM (IBS) SERTA LAIN-LAIN KEMUDAHAN DI SMK LAKE, BAU, SARAWAK",SIAP,100,100
2016,RMK,SARAWAK,MUKAH,YBE3502,"PROJEK PEMBINAAN BANGUNAN TAMBAHAN SECARA INDUSTRIALISED BUILDING SYSTEM (IBS) SERTA LAIN-LAIN KEMUDAHAN DI SK KG. TANAM, MUKAH, SARAWAK",SIAP,100,100
2016,RMK,SARAWAK,SANTUBONG,YBB1424,"PROJEK PEMBINAAN BANGUNAN TAMBAHAN SECARA INDUSTRIALISED BUILDING SYSTEM (IBS) SERTA LAIN-LAIN KEMUDAHAN DI SK SIAR CAMPURAN, LUNDU, SARAWAK",SIAP,100,100
2016,RMK,SARAWAK,SARATOK,YBA2210,"PROJEK PEMBINAAN BANGUNAN TAMBAHAN SECARA INDUSTRIALISED BUILDING SYSTEM (IBS) SERTA LAIN-LAIN KEMUDAHAN DI SK HJ.BOLLAH, SARATOK, SARAWAK",SIAP,100,100
2016,RMK,SARAWAK,SIMUNJAN,YBA8315,"PROJEK PEMBINAAN BANGUNAN TAMBAHAN SECARA INDUSTRIALISED BUILDING SYSTEM (IBS) SERTA LAIN-LAIN KEMUDAHAN DI SK SERUYUK , SIMUNJAN, SARAWAK",SIAP,100,100
2016,RMK,SARAWAK,SIMUNJAN,YBB8302,"PROJEK PEMBINAAN BANGUNAN TAMBAHAN SECARA INDUSTRIALISED BUILDING SYSTEM (IBS) SERTA LAIN-LAIN KEMUDAHAN DI SK SEBUYAU ENSEINGEI, SIMUNJAN, SARAWAK",SIAP,100,100
2016,RMK,SARAWAK,SRI AMAN,YBA2111,"PROJEK PEMBINAAN BANGUNAN TAMBAHAN SECARA INDUSTRIALISED BUILDING SYSTEM (IBS) SERTA LAIN-LAIN KEMUDAHAN DI SK BAKONG, SRI AMAN, SARAWAK",SIAP,100,100
2016,RMK,SARAWAK,SRI AMAN,YBB8211,"PROJEK PEMBINAAN BANGUNAN TAMBAHAN SECARA INDUSTRIALISED BUILDING SYSTEM (IBS) SERTA LAIN-LAIN KEMUDAHAN DI SK BALAI RINGIN, SERIAN, SARAWAK",SIAP,100,100
2016,RMK,SARAWAK,STAMPIN,YBA1334,"PROJEK PEMBINAAN BANGUNAN TAMBAHAN SECARA INDUSTRIALISED BUILDING SYSTEM (IBS) SERTA LAIN-LAIN KEMUDAHAN DI SK TANJONG BAKO, PADAWAN, SARAWAK",SIAP,100,100
2016,RMK,SARAWAK,STAMPIN,YBE1342,"PROJEK PEMBINAAN BANGUNAN TAMBAHAN SECARA INDUSTRIALISED BUILDING SYSTEM (IBS)  SERTA LAIN-LAIN KEMUDAHAN DI SK JALAN HAJI BAKI, PADAWAN, SARAWAK.",SIAP,100,100
2017,RMK,JOHOR,AYER HITAM,JBA0085,SK SERI BANDAN,SIAP,100,100
2017,RMK,JOHOR,BATU PAHAT,JBA0093,SK PENDIDIKAN KHAS BATU PAHAT,SIAP,100,100
2017,RMK,JOHOR,BATU PAHAT,JEA0019,SMK DATIN ONN JAAFAR,SIAP,100,100
2017,RMK,JOHOR,PASIR GUDANG,JBA1038,SK PASIR GUDANG 2,SIAP,100,100
2017,RMK,JOHOR,SEGAMAT,JBA7034,SK BALAI BADANG,SIAP,100,100
2017,RMK,KEDAH,ALOR SETAR,KBB2081,SK ISKANDAR,SIAP,100,100
2017,RMK,KEDAH,BALING,KBA0007,SK PENGHULU ABU BAKAR,SIAP,100,100
2017,RMK,KEDAH,BALING,KBA0069,SK ULU BAKAI,SIAP,100,100
2017,RMK,KEDAH,BALING,KEE0039,SMK KUALA PEGANG,SIAP,100,100
2017,RMK,KEDAH,LANGKAWI,KBA6004,SK KEDAWANG,SIAP,100,100
2017,RMK,KEDAH,PADANG TERAP,KBA7012,SK PEDU,SIAP,100,100
2017,RMK,KEDAH,PADANG TERAP,KBA7016,SK PERIK,SIAP,100,100
2017,RMK,KEDAH,POKOK SENA,KBA3002,SK KAMPONG BUKIT,SIAP,100,100
2017,RMK,KEDAH,SIK,KBA8008,SK KAMPONG KOTA BUKIT,SIAP,100,100
2017,RMK,KELANTAN,BACHOK,DBA0014,SK KANDIS,SIAP,100,100
2017,RMK,KELANTAN,KETEREH,DBA1042,SK BANGGOL SAMAN,SIAP,100,100
2017,RMK,KELANTAN,KETEREH,DEE1126,SMK KETEREH,SIAP,100,100
2017,RMK,KELANTAN,PASIR PUTEH,DBA4270,SK KULIM,SIAP,100,100
2017,RMK,KELANTAN,TUMPAT,DBA6332,SK GETING,SIAP,100,100
2017,RMK,KELANTAN,TUMPAT,DBA6335,SK KEBAKAT,SIAP,100,100
2017,RMK,MELAKA,JASIN,MBA1079,SK AYER MERBAU,SIAP,100,100
2017,RMK,MELAKA,KOTA MELAKA,MBC2066,SJKC YU YING,SIAP,100,100
2017,RMK,MELAKA,MASJID TANAH,MBA0015,SK SUNGAI TUANG,SIAP,100,100
2017,RMK,MELAKA,TANGGA BATU,MBA2030,SK KERUBONG,SIAP,100,100
2017,RMK,NEGERI SEMBILAN,JELEBU,NBA0011,SK DATUK UNDANG ABDULLAH,SIAP,100,100
2017,RMK,NEGERI SEMBILAN,KUALA PILAH,NBA1020,SK NURI,SIAP,100,100
2017,RMK,NEGERI SEMBILAN,REMBAU,NBA3001,SK PEDAS,SIAP,100,100
2017,RMK,NEGERI SEMBILAN,REMBAU,NBA4054,SK SENAWANG,SIAP,100,100
2017,RMK,NEGERI SEMBILAN,TAMPIN,NBA5011,SK PASIR BESAR,SIAP,100,100
2017,RMK,PAHANG,CAMERON HIGHLAND,CBA3057,SK TITOM (JHEOA),SIAP,100,100
2017,RMK,PAHANG,CAMERON HIGHLAND,CBA3060,SK SENDERUT(JHEOA),SIAP,100,100
2017,RMK,PAHANG,LIPIS,CBA3012,SK KEMAHANG,SIAP,100,100
2017,RMK,PAHANG,LIPIS,CBA3058,SK LENJANG(JHEOA),SIAP,100,100
2017,RMK,PAHANG,PAYA BESAR,CBA4009,SK PANCHING,SIAP,100,100
2017,RMK,PAHANG,PEKAN,CBA5020,"SK PULAU RUSA , PEKAN",SIAP,100,100
2017,RMK,PERAK,BAGAN DATUK,ABBB001,SK KHIR JOHARI,SIAP,100,100
2017,RMK,PERAK,GERIK,ABA7025,SK PLANG,SIAP,100,100
2017,RMK,PERAK,KUALA KANGSAR,ABA4007,SK BEKOR,SIAP,100,100
2017,RMK,PERAK,KUALA KANGSAR,ABA4024,SK ULU PIOL,SIAP,100,100
2017,RMK,PERAK,LENGONG,AEE7032,SMK SULTAN IDRIS SHAH II GERIK,SIAP,100,100
2017,RMK,PERAK,LUMUT,ABA1017,SK LEKIR,SIAP,100,100
2017,RMK,PERAK,LUMUT,ABA1024,SK TELAGA NENAS,SIAP,100,100
2017,RMK,PERAK,LUMUT,ABA1028,SK SERI MANJUNG,SIAP,100,100
2017,RMK,PERAK,S.SIPUT,ABA4045,"SK SEROLI, SG. SIPUT (U)",SIAP,100,100
2017,RMK,PERLIS,PADANG BESAR,RBA0037,SK SERI TUNJUNG,SIAP,100,100
2017,RMK,PULAU PINANG,BAYAN BARU,PBA3007,SK SUNGAI ARA,SIAP,100,100
2017,RMK,SABAH,BEAUFORT,XBA6307,SK KILUGUS,SIAP,100,100
2017,RMK,SABAH,BELURAN,XBA2132,SK TAMPAT,SIAP,100,100
2017,RMK,SABAH,BELURAN,XBA2160,SK MATANGGAL,SIAP,100,100
2017,RMK,SABAH,KENINGAU,XBA1027,SK LIAU APIN APIN,SIAP,100,100
2017,RMK,SABAH,KENINGAU,XBA1217,SK SUNSURON,SIAP,100,100
2017,RMK,SABAH,KINABATANGAN,XBA2048,SK KAMPUNG SUAN LAMBA,SIAP,100,100
2017,RMK,SABAH,KINABATANGAN,XBA2238,SK KIANDONGO,SIAP,100,100
2017,RMK,SABAH,KOTA BELUD,XBA5314,SK KESAPANG,SIAP,100,100
2017,RMK,SABAH,KOTA BELUD,XBA5315,SK KIAU I,SIAP,100,100
2017,RMK,SABAH,KOTA BELUD,XBA5352,SK TIMBANG,SIAP,100,100
2017,RMK,SABAH,KOTA MARUDU,XBA5009,SK INDARASON LAUT,SIAP,100,100
2017,RMK,SABAH,KOTA MARUDU,XBA5118,SK TEMUNO TERINGAI DARAT,SIAP,100,100
2017,RMK,SABAH,KUDAT,XBA5230,SK BANGKAU-BANGKAU,SIAP,100,100
2017,RMK,SABAH,LIBARAN,XBA2090,SK KAMPUNG PERTANIAN,SIAP,100,100
2017,RMK,SABAH,PAPAR,XBA4203,SK BELATIK,SIAP,100,100
2017,RMK,SABAH,PAPAR,XBA4221,SK KELANAHAN,SIAP,100,100
2017,RMK,SABAH,PAPAR,XBA4242,SK PENGALAT KECIL,SIAP,100,100
2017,RMK,SABAH,PAPAR,XBA4257,SK TANAKI,SIAP,100,100
2017,RMK,SABAH,PENAMPANG,XBA4112,SK PUTATON INOBONG,SIAP,100,100
2017,RMK,SABAH,PENSIANGAN,XBA1126,SK SASANDUKON,SIAP,100,100
2017,RMK,SABAH,PUTATAN,XBA4041,SK PULAU SEPANGGAR,SIAP,100,100
2017,RMK,SABAH,RANAU,XBA2141,SK KARAGASAN,SIAP,100,100
2017,RMK,SABAH,SEMPORNA,XBA3316,SK SELAKAN,SIAP,100,100
2017,RMK,SABAH,SILAM,XBA3142,SK TERUSAN,SIAP,100,100
2017,RMK,SABAH,SILAM,XBA3213,SK TANJUNG KERAMAT,SIAP,100,100
2017,RMK,SABAH,SIPITANG,XBA6028,"SK LAGO, SABAH",SIAP,100,100
2017,RMK,SABAH,SIPITANG,XBA6207,SK LONG PASIA,SIAP,100,100
2017,RMK,SABAH,TAWAU,XBA3054,SK WAKUBA,SIAP,100,100
2017,RMK,SABAH,TENOM,XBA1320,SK MENDALOM LAMA,SIAP,100,100
2017,RMK,SABAH,TUARAN,XBA4328,SK MALANGANG BARU,SIAP,100,100
2017,RMK,SARAWAK,BATANG LUPAR,YBA8308,SK HAJI BUJANG SEBANGAN,SIAP,100,100
2017,RMK,SARAWAK,BATANG SADONG,YBB8314,SK MUNGGU LALLANG,SIAP,100,100
2017,RMK,SARAWAK,BATANG SADONG,YBE8303,SK HAJI BUJANG RANGAWAN PUTIN,SIAP,100,100
2017,RMK,SARAWAK,BATANG SADONG,YBE8312,SK SAGENG,SIAP,100,100
2017,RMK,SARAWAK,BETONG,XBA2106,SK MANGUT,SIAP,100,100
2017,RMK,SARAWAK,BETONG,YBA2407,SK SPAOH,SIAP,100,100
2017,RMK,SARAWAK,BETONG,YBA2419,SK BUNGIN,SIAP,100,100
2017,RMK,SARAWAK,IGAN,YBE6402,SK KUALA MATU,SIAP,100,100
2017,RMK,SARAWAK,JULAU,YBB6104,SK PENGHULU ANDIN,SIAP,100,100
2017,RMK,SARAWAK,KOTA SAMARAHAN,YBA8103,SK SERPAN,SIAP,100,100
2017,RMK,SARAWAK,KOTA SAMARAHAN,YBA8108,SK KAMPUNG BARU,SIAP,100,100
2017,RMK,SARAWAK,KOTA SAMARAHAN,YBE8108,SK ASAJAYA LAUT,SIAP,100,100
2017,RMK,SARAWAK,KOTA SAMARAHAN,YCB8110,SK KAMPUNG REMBUS,SIAP,100,100
2017,RMK,SARAWAK,LAWAS,YBB5208,SK KG LINTANG,SIAP,100,100
2017,RMK,SARAWAK,LIMBANG,YBA5118,SK TIGA KAMPUNG,SIAP,100,100
2017,RMK,SARAWAK,LUBOK ANTU,YBB2120,SK TABUT,SIAP,100,100
2017,RMK,SARAWAK,MAS GADING,YBB1107,SK GROGO,SIAP,100,100
2017,RMK,SARAWAK,MAS GADING,YBE1103,SK SERASOT,SIAP,100,100
2017,RMK,SARAWAK,MIRI,YBA4104,SK KUALA BARAM,SIAP,100,100
2017,RMK,SARAWAK,MUKAH,YBE3409,SK KG SEBERANG,SIAP,100,100
2017,RMK,SARAWAK,MUKAH,YBE3504,SK SUNGAI UD,SIAP,100,100
2017,RMK,SARAWAK,PUNCAK BORNEO,YBB1106,SK SINIAWAN,SIAP,100,100
2017,RMK,SARAWAK,SANTUBONG,YBE1324,SK KAMPUNG SENARI,SIAP,100,100
2017,RMK,SARAWAK,SARATOK,YBA2202,SK KG EMPLAM,SIAP,100,100
2017,RMK,SARAWAK,SARATOK,YBA2207,SK KPG ALIT,SIAP,100,100
2017,RMK,SARAWAK,SARIKEI,YEE6301,SMK MERADONG,SIAP,100,100
2017,RMK,SARAWAK,SELANGAU,YBE3414,SK ULU SG ARIP,SIAP,100,100
2017,RMK,SARAWAK,SIBU,YBB3240,SK ULU SG MERAH,SIAP,100,100
2017,RMK,SARAWAK,SRI AMAN,YBB2108,SK SELEPONG,SIAP,100,100
2017,RMK,SARAWAK,SRI AMAN,YBB2124,SK NG SKRANG,SIAP,100,100
2017,RMK,SELANGOR,BANGI,BBA4018,SK BANGI,SIAP,100,100
2017,RMK,SELANGOR,HULU LANGAT,BBA4001,SK SUNGAI SERAI,SIAP,100,100
2017,RMK,SELANGOR,KOTA RAJA,BEA0105,SMK JALAN KEBUN,SIAP,100,100
2017,RMK,SELANGOR,KOTA RAJA,BEA0108,SMK KOTA KEMUNING,SIAP,100,100
2017,RMK,SELANGOR,KUALA SELANGOR,BBA3009,"SK PASANGAN, KUALA SELANGOR",SIAP,100,100
2017,RMK,SELANGOR,SEPANG,BBA9211,SK SUNGAI MERAB LUAR,SIAP,100,100
2017,RMK,SELANGOR,SUNGAI BESAR,BBB6029,"SK SERI UTAMA, SG BESAR",SIAP,100,100
2017,RMK,SELANGOR,TANJONG KARANG,BBA3016,SK SUNGAI BURONG,SIAP,100,100
2017,RMK,TERENGGANU,CUKAI,TBA2044,SK SERI IMAN,SIAP,100,100
2017,RMK,TERENGGANU,KEMAMAN,TBA2051,SK MAK LAGAM,SIAP,100,100
2017,RMK,TERENGGANU,KUALA NERUS,TBA3077,SK KEBOR AYER,SIAP,100,100
2017,RMK,TERENGGANU,KUALA NERUS,TBA7019,SMK KOMPLEKS MENGABANG TELIPOT,SIAP,100,100
2017,RMK,TERENGGANU,MARANG,TBA4002,SK SEBERANG MARANG,SIAP,100,100
2017,RMK,TERENGGANU,SETIU,TBA7009,SK BUKIT CHEMPAKA,SIAP,100,100
2018,RMK,JOHOR,AYER HITAM,JBA0082,SK SERI YONG PENG,SIAP,100,100
2018,RMK,JOHOR,AYER HITAM,JEE0034,SMK DATUK MENTERI,SIAP,100,100
2018,RMK,JOHOR,BATU PAHAT,JEA0017,SMK PERMATA JAYA,SIAP,100,100
2018,RMK,JOHOR,GELANG PATAH,JBA1135,SK TAMAN SRI PULAI,SIAP,100,100
2018,RMK,JOHOR,GELANG PATAH,JEA1099,SMK SERI PULAI PERDANA,SIAP,100,100
2018,RMK,JOHOR,GELANG PATAH,YBB8234,SK MORNI POK,SIAP,100,100
2018,RMK,JOHOR,LEDANG,JBA9008,SK SEROM 4,SIAP,100,100
2018,RMK,JOHOR,LEDANG,JBA9038,SK PENGKALAN BESAR,SIAP,100,100
2018,RMK,JOHOR,PARIT SULONG,JEE0020,SMK SEMERAH,SIAP,100,100
2018,RMK,JOHOR,PONTIAN,JEA6007,SMK SRI KUKUP,SIAP,100,100
2018,RMK,JOHOR,PULAI,JEB1003,SMK AMINUDDIN BAKI,SIAP,72,72
2018,RMK,JOHOR,SEMBRONG,JBC2018,SJKC PALOH,SIAP,100,100
2018,RMK,JOHOR,SEMBRONG,JBC2022,SJKC SAYONG,SIAP,100,100
2018,RMK,JOHOR,SEMBRONG,JEA2032,SMK KAHANG,SIAP,100,100
2018,RMK,JOHOR,SEMBRONG,JEA2039,SMK BANDAR T6,SIAP,100,100
2018,RMK,JOHOR,SIMPANG RENGGAM,JBA2003,SK SIMPANG RENGAM,SIAP,100,100
2018,RMK,JOHOR,SRI GADING,JBA0045,SK PINTAS RAYA,SIAP,100,100
2018,RMK,KEDAH,ALOR SETAR,KBA2023,SK ALOR MELINTANG,SIAP,100,100
2018,RMK,KEDAH,BALING,KBA0010,SK TUNKU PUAN HABSAH,SIAP,100,100
2018,RMK,KEDAH,BALING,KBA0013,SK KAMPUNG SADEK,SIAP,100,100
2018,RMK,KEDAH,BALING,KBA0027,SK TITI GANTONG,SIAP,100,100
2018,RMK,KEDAH,BALING,KEA0065,SMK TANJONG PUTERI,SIAP,100,100
2018,RMK,KEDAH,JERAI,KBA3008,SK BEDONG,SIAP,100,100
2018,RMK,KEDAH,JERAI,KBA9005,SK HAJI KASSIM JASIN,SIAP,100,100
2018,RMK,KEDAH,JERAI,KBB3038,SK SERI AMAN,SIAP,100,100
2018,RMK,KEDAH,JERAI,KEE3057,SMK TUNKU SULONG,SIAP,100,100
2018,RMK,KEDAH,JERLUN,KBA4001,SK AYER HITAM,SIAP,100,100
2018,RMK,KEDAH,JERLUN,KBA4013,SK MEGAT DEWA,SIAP,100,100
2018,RMK,KEDAH,KUALA KEDAH,KBA2045,SK TELOK KECHAI,SIAP,100,100
2018,RMK,KEDAH,KUALA KEDAH,KBA2055,SK KANGKONG,SIAP,100,100
2018,RMK,KEDAH,KUALA KEDAH,KBB2079,SK SRI GUNONG,SIAP,100,100
2018,RMK,KEDAH,KUALA KEDAH,RBA0031,SK SUNGAI BARU,SIAP,100,100
2018,RMK,KEDAH,KUBANG PASU,KBA4008,SK GELONG,SIAP,100,100
2018,RMK,KEDAH,KUBANG PASU,KBA4060,SMK PULAU NYIOR,SIAP,100,100
2018,RMK,KEDAH,KULIM BANDAR BAHARU,KBA1011,SK SUNGAI KECHIL ILIR,SIAP,100,100
2018,RMK,KEDAH,LANGKAWI,KBA6010,SK SERI LAGENDA,SIAP,100,100
2018,RMK,KEDAH,MERBOK,KBA3003,SK BATU HAMPAR,SIAP,100,100
2018,RMK,KEDAH,MERBOK,KBA3013,SK HJ. OMAR TAHIR,SIAP,100,100
2018,RMK,KEDAH,MERBOK,KBB3040,SK IBRAHIM,SIAP,100,100
2018,RMK,KEDAH,PADANG TERAP,KBA7005,SK NAKA,SIAP,100,100
2018,RMK,KEDAH,PADANG TERAP,KBA7009,SK PADANG TERAP,SIAP,100,100
2018,RMK,KEDAH,PDG SERAI,KBB5023,SK TUNKU ABDUL MALIK,SIAP,100,100
2018,RMK,KEDAH,PENDANG,KBAA046,SK PENGHULU JUSOH,SIAP,100,100
2018,RMK,KEDAH,PENDANG,KBAA054,SK GUAR KEPAYANG,SIAP,100,100
2018,RMK,KEDAH,PENDANG,KBAA068,SK HJ MOHD ARIFF,SIAP,100,100
2018,RMK,KEDAH,PENDANG,KBAA069,SK BUKIT JENUN,SIAP,100,100
2018,RMK,KEDAH,PENDANG,KBAA075,SK KUALA RIMAU,SIAP,100,100
2018,RMK,KEDAH,PENDANG,KBAA076,SK POKOK TAI,SIAP,100,100
2018,RMK,KEDAH,SUNGAI PETANI,KBA3021,SK DARUL AMAN,SIAP,100,100
2018,RMK,KEDAH,SUNGAI PETANI,KBA3030,SK PINANG TUNGGAL,SIAP,100,100
2018,RMK,KEDAH,SUNGAI PETANI,KBA3034,SK SUNGAI PASIR,SIAP,100,100
2018,RMK,KELANTAN,GUA MUSANG,DBA8001,SK BERTAM,SIAP,100,100
2018,RMK,KELANTAN,GUA MUSANG,DBA8003,SK JERAM TEKOH,SIAP,100,100
2018,RMK,KELANTAN,GUA MUSANG,DBA8017,SK CIKU TIGA,SIAP,100,100
2018,RMK,KELANTAN,GUA MUSANG,DBA8022,SK SRI WANGI,SIAP,100,100
2018,RMK,KELANTAN,GUA MUSANG,DBA8036,SK SRI WANGI 2,SIAP,100,100
2018,RMK,KELANTAN,GUA MUSANG,DEA8001,SMK TENGKU INDRA PETRA 1,SIAP,100,100
2018,RMK,KELANTAN,GUA MUSANG,DEA8006,SMK TENGKU INDERA PETRA 2,SIAP,100,100
2018,RMK,KELANTAN,JELI,DBA9001,SK AYER  LANAS,SIAP,100,100
2018,RMK,KELANTAN,JELI,DBA9002,SK BATU MELINTANG,SIAP,100,100
2018,RMK,KELANTAN,JELI,DBA9003,SK BUKIT JERING,SIAP,100,100
2018,RMK,KELANTAN,JELI,DBA9009,SK LEGEH,SIAP,100,100
2018,RMK,KELANTAN,JELI,DBA9011,SK PENDOK,SIAP,100,100
2018,RMK,KELANTAN,KUALA KRAI,DBA7428,SK CHUCHOH PUTERI,SIAP,100,100
2018,RMK,KELANTAN,KUALA KRAI,DEA7407,SMK KUALA KRAI,SIAP,100,100
2018,RMK,KELANTAN,MACHANG,DBA2164,SK BELUKAR,SIAP,100,100
2018,RMK,KELANTAN,MACHANG,DBA2167,SK JAMBU LAWAR,SIAP,100,100
2018,RMK,KELANTAN,MACHANG,DBA2168,SK KAMPONG PEK,SIAP,100,100
2018,RMK,KELANTAN,MACHANG,DBA2173,SK MATA AYER,SIAP,100,100
2018,RMK,KELANTAN,MACHANG,DBB2183,SK HAMZAH 1,SIAP,100,100
2018,RMK,KELANTAN,MACHANG,DEA2188,SMK SERI INTAN,SIAP,100,100
2018,RMK,KELANTAN,PASIR MAS,DBA3212,SK KEDONDONG,SIAP,100,100
2018,RMK,KELANTAN,PASIR PUTEH,DBA4261,SK GAAL,SIAP,100,100
2018,RMK,KELANTAN,PASIR PUTEH,DBA4278,SK SUNGAI PETAI,SIAP,100,100
2018,RMK,KELANTAN,PASIR PUTEH,DBA4280,SK TELOSAN,SIAP,100,100
2018,RMK,KELANTAN,PENGKALAN CHEPA,DBA1089,SK DATU' HASHIM,SIAP,100,100
2018,RMK,KELANTAN,RANTAU PANJANG,DBA3200, SK BUKIT PERAH,SIAP,100,100
2018,RMK,KELANTAN,RANTAU PANJANG,DBB3234,SK SRI RANTAU PANJANG 1,SIAP,100,100
2018,RMK,KELANTAN,TANAH MERAH,DBA5300,SK BUKIT GADING,SIAP,100,100
2018,RMK,KELANTAN,TUMPAT,DBA6327,SK BENDANG PA' YONG,SIAP,100,100
2018,RMK,KELANTAN,TUMPAT,DBA6330,SK CHABANG EMPAT,SIAP,100,100
2018,RMK,KELANTAN,TUMPAT,DBA6339,SK KUTAN,SIAP,100,100
2018,RMK,KELANTAN,TUMPAT,DBA6344,SK PASIR PEKAN,SIAP,100,100
2018,RMK,KELANTAN,TUMPAT,DBA6345,SK PENGKALAN KUBOR (1),SIAP,100,100
2018,RMK,KELANTAN,TUMPAT,DEA6357,SMK CHABANG EMPAT,SIAP,100,100
2018,RMK,MELAKA,ALOR GAJAH,MBA0041,SK DURIAN TUNGGAL,SIAP,100,100
2018,RMK,MELAKA,BUKIT KATIL,MBA2007,SK PAYA DALAM,SIAP,100,100
2018,RMK,MELAKA,BUKIT KATIL,MBA2046,SK TUN SYED AHMAD SHAHABUDIN,SIAP,100,100
2018,RMK,MELAKA,BUKIT KATIL,MBA2047,SK KAMPUNG TUN RAZAK,SIAP,100,100
2018,RMK,MELAKA,JASIN,MBB1031,SK MERLIMAU 1,SIAP,100,100
2018,RMK,MELAKA,KOTA MELAKA,MEA2102,SMK PERNU,SIAP,100,100
2018,RMK,MELAKA,TANGGA BATU,MBA2031,SK PAYA RUMPUT,SIAP,100,100
2018,RMK,MELAKA,TANGGA BATU,MEA2094,SMK TUN HAJI ABDUL MALEK,SIAP,100,100
2018,RMK,MELAKA,TANGGA BATU,MEA2099,SMK BUKIT RAMBAI,SIAP,100,100
2018,RMK,MELAKA,TANGGA BATU,MEA2103,SMK PAYA RUMPUT,SIAP,100,100
2018,RMK,NEGERI SEMBILAN, JELEBU,NEA0025,SMK DATO UNDANG MUSA AL-HAJ,SIAP,100,100
2018,RMK,NEGERI SEMBILAN,JELEBU,NBB0016,SK SIMPANG DURIAN,SIAP,100,100
2018,RMK,NEGERI SEMBILAN,KUALA PILAH,NBA1017,SK INAS,SIAP,100,100
2018,RMK,NEGERI SEMBILAN,KUALA PILAH,NBA1033,SK TAPAK,SIAP,100,100
2018,RMK,NEGERI SEMBILAN,KUALA PILAH,NBC1053,"SJKC PEI CHUN,DANGI",SIAP,100,100
2018,RMK,NEGERI SEMBILAN,KUALA PILAH,NBC1058,SJKC YUK HUA JUASSEH,SIAP,100,100
2018,RMK,NEGERI SEMBILAN,REMBAU,NBA3005,SK SEBERANG BATU HAMPAR,SIAP,100,100
2018,RMK,NEGERI SEMBILAN,SEREMBAN,NBA4009,SK BATANG BENAR,SIAP,100,100
2018,RMK,NEGERI SEMBILAN,SEREMBAN,NBA4042,SK DESA JASMIN,SIAP,100,100
2018,RMK,NEGERI SEMBILAN,SEREMBAN,NBA4043,SK SIKAMAT,SIAP,100,100
2018,RMK,NEGERI SEMBILAN,TELOK KEMANG,NBA2003,SK SI RUSA,SIAP,100,100
2018,RMK,NEGERI SEMBILAN,TELOK KEMANG,NEA2053,SMK DATUK HAJI ABD SAMAD,SIAP,100,100
2018,RMK,PAHANG,BENTONG,CBA0009,SK PELANGAI,SIAP,100,100
2018,RMK,PAHANG,RAUB,CBA6009,SK TEMAU,SIAP,100,100
2018,RMK,PAHANG,RAUB,CBA6011,SK TANJUNG RAJA,SIAP,100,100
2018,RMK,PAHANG,RAUB,CBA6012,SK CHENUA,SIAP,100,100
2018,RMK,PAHANG,RAUB,CBA6019,SK TERSANG,SIAP,100,100
2018,RMK,PAHANG,RAUB,CBA6021,SK (FELDA) LEMBAH KLAU,SIAP,100,100
2018,RMK,PAHANG,RAUB,CEB4034,SMK (P) METHODIST,SIAP,100,100
2018,RMK,PERAK,BATU GAJAH,ABA2038,SK BAKAP,SIAP,100,100
2018,RMK,PERAK,BERUAS,ABA2017,SK PENGKALAN BAHRU,SIAP,100,100
2018,RMK,PERAK,BERUAS,ABC1065,SJKC KAMPONG MERBAU,SIAP,100,100
2018,RMK,PERAK,LUMUT,ABA1019,SK BATU SEPULUH LEKIR,SIAP,100,100
2018,RMK,PERAK,LUMUT,ABD1091,SJKT KAMPONG KAYAN,SIAP,100,100
2018,RMK,PERAK,LUMUT,AEE1037,SMK PANGKOR,SIAP,100,100
2018,RMK,PERAK,PADANG RENGAS,ABA4029,SK LANEH,SIAP,100,100
2018,RMK,PERAK,TAPAH,ABA0008,SK BATU 3,SIAP,100,100
2018,RMK,PERLIS,KANGAR,REA0076,SMK KUALA PERLIS,SIAP,100,100
2018,RMK,PULAU PINANG,BATU KAWAN,PEA0001,SMK PRAI,SIAP,100,100
2018,RMK,PULAU PINANG,BUKIT GELUGOR,PBA3015,SK SERI RELAU,SIAP,100,100
2018,RMK,PULAU PINANG,PERMATANG PAUH,PEE0041,SMK PENANTI,SIAP,100,100
2018,RMK,SABAH,BATU SAPI,XBA2016,SK KG. BARU,SIAP,100,100
2018,RMK,SABAH,BATU SAPI,XBA2026,SK PULAU TIMBANG,SIAP,100,100
2018,RMK,SABAH,BATU SAPI,XBA2033,SK SEGALIUD,SIAP,100,100
2018,RMK,SABAH,BATU SAPI,XBA2085,SK TERUSAN BARU,SIAP,100,100
2018,RMK,SABAH,BEAUFORT,XBA6020,SK KOTA KLIAS,SIAP,100,100
2018,RMK,SABAH,BEAUFORT,XBA6022,SK KLIAS BARU,SIAP,100,100
2018,RMK,SABAH,BEAUFORT,XBA6302,SK BERANGKOK,SIAP,100,100
2018,RMK,SABAH,BEAUFORT,XBA6305,SK KERUKAN,SIAP,100,100
2018,RMK,SABAH,BEAUFORT,XBA6325,SK TANJUNG ARU,SIAP,100,100
2018,RMK,SABAH,BEAUFORT,XBA6326,SK TEMPURONG,SIAP,100,100
2018,RMK,SABAH,BEAUFORT,XBA6327,SK TENAMBAK,SIAP,100,100
2018,RMK,SABAH,BELURAN,XBA2109,SK KIABAU,SIAP,100,100
2018,RMK,SABAH,KALABAKAN,XBA3046,SK SUNGAI HJ MATAHIR,SIAP,100,100
2018,RMK,SABAH,KENINGAU,XBA1010,SK BUNDU,SIAP,100,100
2018,RMK,SABAH,KENINGAU,XBA1033,SK MERAMPONG,SIAP,100,100
2018,RMK,SABAH,KENINGAU,XBA1038,SK SENAGANG,SIAP,100,100
2018,RMK,SABAH,KENINGAU,XBA1047,SK TUARID TAUD,SIAP,100,100
2018,RMK,SABAH,KENINGAU,XBA1051,SK ULU LIAWAN,SIAP,100,100
2018,RMK,SABAH,KENINGAU,XBA1210,SK PATAU,SIAP,100,100
2018,RMK,SABAH,KENINGAU,XBA1221,SK TIMBOU,SIAP,100,100
2018,RMK,SABAH,KENINGAU,XBA1226,SK KINALUAN,SIAP,100,100
2018,RMK,SABAH,KIMANIS,XBA4214,SK DAINGIN,SIAP,100,100
2018,RMK,SABAH,KIMANIS,XBA4222,SK KAMBIZAAN,SIAP,100,100
2018,RMK,SABAH,KIMANIS,XBA4229,SK LANGKAWIT,SIAP,100,100
2018,RMK,SABAH,KIMANIS,XBA4231,SK LINGAN,SIAP,100,100
2018,RMK,SABAH,KIMANIS,XBA4261,SK PEKAN KIMANIS,SIAP,100,100
2018,RMK,SABAH,KIMANIS,XBA6105,SK LEMBAH PORING,SIAP,100,100
2018,RMK,SABAH,KIMANIS,XBA6106,SK PEKAN MEMBAKUT,SIAP,100,100
2018,RMK,SABAH,KIMANIS,XBA6111,SK BONGAWAN,SIAP,100,100
2018,RMK,SABAH,KINABATANGAN,XBA2212,SK MINUSUH,SIAP,100,100
2018,RMK,SABAH,KOTA BELUD,XBA5340,SK SUANG PUNGGOR,SIAP,100,100
2018,RMK,SABAH,KOTA BELUD,XBA5341,SK TABURAN,SIAP,100,100
2018,RMK,SABAH,KOTA BELUD,XBA5346,SK TEMPASUK 1,SIAP,100,100
2018,RMK,SABAH,KOTA BELUD,XBA5350,SK TAUN GUSI,SIAP,100,100
2018,RMK,SABAH,KOTA BELUD,XBA5358,SK RAMPAYAN ULU,SIAP,100,100
2018,RMK,SABAH,KOTA BELUD,XBA5360,SK LASAU TINTAPON,SIAP,100,100
2018,RMK,SABAH,KOTA MARUDU,XBA5105,SK MASALOG,SIAP,100,100
2018,RMK,SABAH,KOTA MARUDU,XBA5110,SK TAGAROH,SIAP,100,100
2018,RMK,SABAH,KOTA MARUDU,XBA5111,SK TANDEK,SIAP,100,100
2018,RMK,SABAH,KOTA MARUDU,XBA5113,SK TARTITIPAN,SIAP,100,100
2018,RMK,SABAH,KOTA MARUDU,XBA5115,SK TIMBANG BATU,SIAP,100,100
2018,RMK,SABAH,KOTA MARUDU,XBA5117,SK ONGKILAN,SIAP,100,100
2018,RMK,SABAH,KOTA MARUDU,XBA5124,SK TUMUNDA SALIMANDUT,SIAP,100,100
2018,RMK,SABAH,KOTA MARUDU,XBA5125,SK TALANTANG,SIAP,100,100
2018,RMK,SABAH,KOTA MARUDU,XBA5131,SK BINTASAN,SIAP,100,100
2018,RMK,SABAH,KOTA MARUDU,YBA9114,SK TANJUNG BATU,SIAP,100,100
2018,RMK,SABAH,KUDAT,XBA5014,SK KAPITANGAN,SIAP,100,100
2018,RMK,SABAH,KUDAT,XBA5046,SK PERAPAT LAUT,SIAP,100,100
2018,RMK,SABAH,KUDAT,XBA5071,SK PALAK,SIAP,100,100
2018,RMK,SABAH,KUDAT,XBA5209,SK PINGGAN-PINGAN,SIAP,100,100
2018,RMK,SABAH,KUDAT,XBA5218,SK BONGKOL,SIAP,100,100
2018,RMK,SABAH,KUDAT,XBA5220,SK KASAGAAN,SIAP,100,100
2018,RMK,SABAH,KUDAT,XBA5221,SK MARINGGAN,SIAP,100,100
2018,RMK,SABAH,KUDAT,XBA5222,SK MANGGIS,SIAP,100,100
2018,RMK,SABAH,LIBARAN,XBA2008,"SK BATU 16, GUM-GUM",SIAP,100,100
2018,RMK,SABAH,LIBARAN,XBA2009,SK GUM-GUM KECIL,SIAP,100,100
2018,RMK,SABAH,LIBARAN,XBA2019,SK NUNUYAN LAUT,SIAP,100,100
2018,RMK,SABAH,PAPAR,XBA4204,SK BENONI,SIAP,100,100
2018,RMK,SABAH,PAPAR,XBA4205,SK BERINGIS,SIAP,100,100
2018,RMK,SABAH,PAPAR,XBA4230,SK LIMPUTONG,SIAP,100,100
2018,RMK,SABAH,PAPAR,XBA4233,SK MANDALIPAU,SIAP,100,100
2018,RMK,SABAH,PAPAR,XBA4234,SK MOOK,SIAP,100,100
2018,RMK,SABAH,PENAMPANG,XBA4108,SK MOYOG,SIAP,100,100
2018,RMK,SABAH,PENAMPANG,XBA4120,SK SUGUD,SIAP,100,100
2018,RMK,SABAH,PENAMPANG,XBA5309,SK LONGKOGUNGAN (tukar kepada SK Keguraan),SIAP,100,100
2018,RMK,SABAH,PENSIANGAN,XBA1105,SK PONONTOMON (Ditukar ke SK Pementerian),SIAP,100,100
2018,RMK,SABAH,PUTATAN,XBA4111,SK PETAGAS,SIAP,100,100
2018,RMK,SABAH,PUTATAN,XBA4122,SK TOMBOVO,SIAP,100,100
2018,RMK,SABAH,RANAU,XBA5424,SK NAPONG,SIAP,100,100
2018,RMK,SABAH,RANAU,XBA5428,SK PAUS,SIAP,100,100
2018,RMK,SABAH,RANAU,XBA5452, SK KIROKOT,SIAP,100,100
2018,RMK,SABAH,RANAU,XBA5453,SK NUNUK RAGANG,SIAP,100,100
2018,RMK,SABAH,RANAU,XBA5467,SK KINASARABAN,SIAP,100,100
2018,RMK,SABAH,SEMPORNA,XBA3301,SK BALIMBANG,SIAP,100,100
2018,RMK,SABAH,SEMPORNA,XBA3305,SK HAMPALAN,SIAP,100,100
2018,RMK,SABAH,SEMPORNA,XBA3307,SK PULAU LARAPAN,SIAP,100,100
2018,RMK,SABAH,SEMPORNA,XBA3313,SK PULAU BAIT,SIAP,100,100
2018,RMK,SABAH,SEMPORNA,XBA3315,SK OMADAL,SIAP,100,100
2018,RMK,SABAH,SEMPORNA,XBA3320,SK SISIPAN,SIAP,100,100
2018,RMK,SABAH,SEMPORNA,XBA3321,SK SULABAYAN,SIAP,100,100
2018,RMK,SABAH,SEMPORNA,XBA3326,SK TERUSAN TENGAH,SIAP,100,100
2018,RMK,SABAH,SEMPORNA,XBA3327,SK PULAU DENAWAN,SIAP,100,100
2018,RMK,SABAH,SEMPORNA,XBA3328,SK EGANG-EGANG,SIAP,100,100
2018,RMK,SABAH,SEMPORNA,XCA3304,SK LADANG SAGARIA,SIAP,100,100
2018,RMK,SABAH,SEPANGGAR,XBA4010,SK GUDON,SIAP,100,100
2018,RMK,SABAH,SEPANGGAR,XBA4018,SK KITOBU,SIAP,100,100
2018,RMK,SABAH,SEPANGGAR,XBA4059,SK TALUNGAN,SIAP,100,100
2018,RMK,SABAH,SEPANGGAR,XBA4072,SK UNGGUN,SIAP,100,100
2018,RMK,SABAH,SEPANGGAR,XBA4401,SK BANTAYAN,SIAP,100,100
2018,RMK,SABAH,SEPANGGAR,XCA4369,SK TOMBONGON,SIAP,100,100
2018,RMK,SABAH,SILAM,XBA3129,SK TELISAI,SIAP,100,100
2018,RMK,SABAH,SILAM,XBA3130,SK TANJUNG LABIAN,SIAP,100,100
2018,RMK,SABAH,SILAM,XBA3132,SK TUNGKU,SIAP,100,100
2018,RMK,SABAH,SILAM,XBA3133,SK ULU TUNGKU,SIAP,100,100
2018,RMK,SABAH,SILAM,XBA3135,SK SRI DARUN,SIAP,100,100
2018,RMK,SABAH,SILAM,XBA3206,SK PANGI,SIAP,100,100
2018,RMK,SABAH,SIPITANG,XBA6036,SK LUPAK,SIAP,100,100
2018,RMK,SABAH,SIPITANG,XBA6204,SK KEBAWANG,SIAP,100,100
2018,RMK,SABAH,SIPITANG,XBA6209,SK LUBOK DARAT,SIAP,100,100
2018,RMK,SABAH,SIPITANG,XBA6210,SK MELAMAM,SIAP,100,100
2018,RMK,SABAH,SIPITANG,XBA6211,SK MENDULONG,SIAP,100,100
2018,RMK,SABAH,SIPITANG,XBA6219,SK SINDUMIN,SIAP,100,100
2018,RMK,SABAH,TAWAU,XBA3003,SK ANDRASSY,SIAP,100,100
2018,RMK,SABAH,TAWAU,XBA3008,SK BLOK 31,SIAP,100,100
2018,RMK,SABAH,TAWAU,XBA3022,SK KUALA APAS,SIAP,100,100
2018,RMK,SABAH,TENOM,XBA1309,SK GUMISI,SIAP,100,100
2018,RMK,SABAH,TENOM,XBA1317,SK KUALA TOMANI,SIAP,100,100
2018,RMK,SABAH,TENOM,XBA1331,SK SAGA,SIAP,100,100
2018,RMK,SABAH,TENOM,XBA1348,SK JAWA SUMBILING,SIAP,100,100
2018,RMK,SABAH,TUARAN,XBA4304,SK BOLONG,SIAP,100,100
2018,RMK,SABAH,TUARAN,XBA4310,SK SUNGAI DAMIT,SIAP,100,100
2018,RMK,SABAH,TUARAN,XBA4320,SK KINDU,SIAP,100,100
2018,RMK,SABAH,TUARAN,XBA4331,SK NONGKOLUD,SIAP,100,100
2018,RMK,SABAH,TUARAN,XBA4358,SK TAMBALANG,SIAP,100,100
2018,RMK,SABAH,TUARAN,XBA4413,SK RUNGUS TAMPARULI,SIAP,100,100
2018,RMK,SABAH,TUARAN,XBA4418,SK TAGINAMBUR,SIAP,100,100
2018,RMK,SABAH,TUARAN,XBA4419,SK PEKAN TAMPARULI,SIAP,100,100
2018,RMK,SABAH,TUARAN,XBA4420,SK PEKAN TENGILAN,SIAP,100,100
2018,RMK,SABAH,TUARAN,XBA4422,SK TIONG PERUNGUSAN,SIAP,100,100
2018,RMK,SABAH,TUARAN,XBA4426,SK WANGKOD,SIAP,100,100
2018,RMK,SARAWAK,BARAM,YBB4305,SK POYUT,SIAP,100,100
2018,RMK,SARAWAK,BARAM,YBB4332,SK SUNGAI BONG,SIAP,100,100
2018,RMK,SARAWAK,BARAM,YBC4303,SJK(C) HUA KWONG,SIAP,100,100
2018,RMK,SARAWAK,BARAM,YEB4301,SMK MARUDI,SIAP,100,100
2018,RMK,SARAWAK,BARAM,YEB4302,SMK LONG LAMA,SIAP,100,100
2018,RMK,SARAWAK,BATANG LUPAR,YBA2106,SK LELA PAHLAWAN,SIAP,100,100
2018,RMK,SARAWAK,BATANG LUPAR,YBA8303,SK TUNGKAH MELAYU,SIAP,100,100
2018,RMK,SARAWAK,BATANG LUPAR,YBA8320,SK TEBELU,SIAP,100,100
2018,RMK,SARAWAK,BATANG LUPAR,YBB2410,SK MUTON,SIAP,100,100
2018,RMK,SARAWAK,BATANG SADONG,YBB8305,SK TEMIANG,SIAP,100,100
2018,RMK,SARAWAK,BETONG,YBA2420,SK MEDANG,SIAP,100,100
2018,RMK,SARAWAK,BETONG,YEA2402,SMK SPAOH,SIAP,100,100
2018,RMK,SARAWAK,BINTULU,YBA9107,SK BUKIT MAWANG,SIAP,100,100
2018,RMK,SARAWAK,BINTULU,YBA9201,SK KUALA TATAU,SIAP,100,100
2018,RMK,SARAWAK,BINTULU,YBB4403,SK KAMPUNG IRAN,SIAP,100,100
2018,RMK,SARAWAK,BINTULU,YBB4409,SK SG MANONG,SIAP,100,100
2018,RMK,SARAWAK,BINTULU,YBB4420,SK KAMPUNG NYALAU,SIAP,100,100
2018,RMK,SARAWAK,BINTULU,YEE9103,SMK BINTULU,SIAP,100,100
2018,RMK,SARAWAK,IGAN,YBB6311,SK KPG PENASU DARO,SIAP,100,100
2018,RMK,SARAWAK,IGAN,YBB6401,SK O K SERGUNIM,SIAP,100,100
2018,RMK,SARAWAK,IGAN,YBB6410,SK KPG PANGTRAY,SIAP,100,100
2018,RMK,SARAWAK,IGAN,YBB6414,SK BRUAN MAPAL,SIAP,100,100
2018,RMK,SARAWAK,IGAN,YBE6404,SK ULU DARO,SIAP,100,100
2018,RMK,SARAWAK,IGAN,YBE6406,SK NANGAR,SIAP,100,100
2018,RMK,SARAWAK,JULAU,YBB6107,SK ASSUN,SIAP,100,100
2018,RMK,SARAWAK,JULAU,YBB6204,SK NANGA PAKAN,SIAP,100,100
2018,RMK,SARAWAK,JULAU,YBB6205,SK NANGA WAK,SIAP,100,100
2018,RMK,SARAWAK,JULAU,YBB6213,SK NANGA ENTABAI,SIAP,100,100
2018,RMK,SARAWAK,JULAU,YBB6224,SK SUNGAI SUGAI,SIAP,100,100
2018,RMK,SARAWAK,JULAU,YBB6226,SK NANGA ENGKAMOP,SIAP,100,100
2018,RMK,SARAWAK,KANOWIT,YBB3302,SK NG LIPUS,SIAP,100,100
2018,RMK,SARAWAK,KANOWIT,YBB3303,SK RANTAU KEMIDING,SIAP,100,100
2018,RMK,SARAWAK,KANOWIT,YBB3309,SK NANGA DAP,SIAP,100,100
2018,RMK,SARAWAK,KANOWIT,YBB3320,SK ULU RANAN,SIAP,100,100
2018,RMK,SARAWAK,KOTA SAMARAHAN,YBA1326,SK SEMENGGOK,SIAP,100,100
2018,RMK,SARAWAK,KOTA SAMARAHAN,YBA8109,SK ENDAP,SIAP,100,100
2018,RMK,SARAWAK,KOTA SAMARAHAN,YBA8112,SK KG MELAYU,SIAP,100,100
2018,RMK,SARAWAK,KOTA SAMARAHAN,YBE8109,SK ASAJAYA ULU,SIAP,100,100
2018,RMK,SARAWAK,LANANG,YBB3206,SK SG SALIM,SIAP,100,100
2018,RMK,SARAWAK,LANANG,YBB3209,SK ULU SUNGAI SALIM,SIAP,100,100
2018,RMK,SARAWAK,LANANG,YBB3227,SK KPG BANYOK,SIAP,100,100
2018,RMK,SARAWAK,LANANG,YBB3235,SK TANJUNG LATAP,SIAP,100,100
2018,RMK,SARAWAK,LAWAS,YBA5201,SK KUALA LAWAS,SIAP,100,100
2018,RMK,SARAWAK,LAWAS,YBA5202,SK MERAPOK,SIAP,100,100
2018,RMK,SARAWAK,LAWAS,YBA5203,SK PUNANG,SIAP,100,100
2018,RMK,SARAWAK,LAWAS,YBA5207,SK ULU MERAPOK,SIAP,100,100
2018,RMK,SARAWAK,LAWAS,YBA5208,SK BATU LIMA,SIAP,100,100
2018,RMK,SARAWAK,LAWAS,YBA5210,SK KERANGAN,SIAP,100,100
2018,RMK,SARAWAK,LAWAS,YBB5206,SK LONG TENGOA,SIAP,100,100
2018,RMK,SARAWAK,LAWAS,YBB5212,SK SIANG-SIANG,SIAP,100,100
2018,RMK,SARAWAK,LIMBANG,YBA5102,SK KUBONG,SIAP,100,100
2018,RMK,SARAWAK,LIMBANG,YBA5109,SK GADONG,SIAP,100,100
2018,RMK,SARAWAK,LIMBANG,YBA5111,SK LIMPAKI,SIAP,100,100
2018,RMK,SARAWAK,LIMBANG,YBA5116,SK PENGKALAN JAWA,SIAP,100,100
2018,RMK,SARAWAK,LIMBANG,YBA5117,SK MERAMBUT,SIAP,100,100
2018,RMK,SARAWAK,LIMBANG,YBB5102,SK UKONG,SIAP,100,100
2018,RMK,SARAWAK,LIMBANG,YBB5104,SK MENUANG (TUKAR KE SK SG KEM BATU 18),SIAP,100,100
2018,RMK,SARAWAK,LIMBANG,YBB5105,SK KUALA PENGANAN,SIAP,100,100
2018,RMK,SARAWAK,LIMBANG,YBB5106,SK LONG NAPIR,SIAP,100,100
2018,RMK,SARAWAK,LIMBANG,YBB5109,SK KUALA MEDALAM,SIAP,100,100
2018,RMK,SARAWAK,LUBOK ANTU,YBB2303,SK RIDAN,SIAP,100,100
2018,RMK,SARAWAK,LUBOK ANTU,YBB2304,SK IJOK,SIAP,100,100
2018,RMK,SARAWAK,LUBOK ANTU,YBB2305,SK MELABAN,SIAP,100,100
2018,RMK,SARAWAK,LUBOK ANTU,YBB2306,SK NANGA KUMPANG,SIAP,100,100
2018,RMK,SARAWAK,LUBOK ANTU,YBB2310,SK BASI,SIAP,100,100
2018,RMK,SARAWAK,LUBOK ANTU,YBB2312,SK SKAROK,SIAP,100,100
2018,RMK,SARAWAK,LUBOK ANTU,YBB2313,SK SBANGKI,SIAP,100,100
2018,RMK,SARAWAK,LUBOK ANTU,YBB2324,SK STENGIN/SEDARAT,SIAP,100,100
2018,RMK,SARAWAK,MAS GADING,YBB1108,SK TEMBAWANG,SIAP,100,100
2018,RMK,SARAWAK,MAS GADING,YBB1112,SK SERABAK,SIAP,100,100
2018,RMK,SARAWAK,MAS GADING,YBB1114,SK SKIBANG,SIAP,100,100
2018,RMK,SARAWAK,MAS GADING,YBB1116,SK SEBOBOK,SIAP,100,100
2018,RMK,SARAWAK,MAS GADING,YBB1120,SK SENIBONG,SIAP,100,100
2018,RMK,SARAWAK,MAS GADING,YBB1403,SK SEBIRIS,SIAP,100,100
2018,RMK,SARAWAK,MAS GADING,YBE1102,SK STASS,SIAP,100,100
2018,RMK,SARAWAK,MIRI,YBA4102,SK RIAM BATU 2,SIAP,100,100
2018,RMK,SARAWAK,MIRI,YBA4106,SK PUJUT CORNER,SIAP,100,100
2018,RMK,SARAWAK,MIRI,YBA4110,SK TEMENGGONG DATUK MUIP,SIAP,100,100
2018,RMK,SARAWAK,MUKAH,YBA3404,SK SG LIUK,SIAP,100,100
2018,RMK,SARAWAK,MUKAH,YBA3407,SK SLDB LADANG 3,SIAP,100,100
2018,RMK,SARAWAK,MUKAH,YBA3409,SK PENAKUP ULU,SIAP,100,100
2018,RMK,SARAWAK,MUKAH,YBB3403,SK LUBOK BEMBAN,SIAP,100,100
2018,RMK,SARAWAK,MUKAH,YBB3501,SK KPG TEH,SIAP,100,100
2018,RMK,SARAWAK,MUKAH,YBB3507,SK KAMPUNG BAKONG TERUS,SIAP,100,100
2018,RMK,SARAWAK,MUKAH,YBE3405,SK KAMPUNG TEH,SIAP,100,100
2018,RMK,SARAWAK,MUKAH,YBE3410,SK SG PENIPAH,SIAP,100,100
2018,RMK,SARAWAK,MUKAH,YBE3505,SK SG KUT TENGAH,SIAP,100,100
2018,RMK,SARAWAK,PETRA JAYA,YBA1206,SK MATANG JAYA,SIAP,100,100
2018,RMK,SARAWAK,PETRA JAYA,YBA1347,SK TAN SRI DATUK HAJI MOHAMED,SIAP,100,100
2018,RMK,SARAWAK,PUNCAK BORNEO,YBB1111,SK GUMBANG,SIAP,100,100
2018,RMK,SARAWAK,PUNCAK BORNEO,YBB1119,SK PEDAUN BAWAH,SIAP,100,100
2018,RMK,SARAWAK,PUNCAK BORNEO,YBB1121,SK SUNGAI PINANG,SIAP,100,100
2018,RMK,SARAWAK,PUNCAK BORNEO,YBE1101,SK PODAM,SIAP,100,100
2018,RMK,SARAWAK,SANTUBONG,YBA1401,SK STUNGGANG MELAYU,SIAP,100,100
2018,RMK,SARAWAK,SARATOK,YBB2201,SK SUNGAI KLAMPAI,SIAP,100,100
2018,RMK,SARAWAK,SARIKEI,DBA4278,SK SG. PETAI,SIAP,100,100
2018,RMK,SARAWAK,SARIKEI,YBB6108,SK RENTAP,SIAP,100,100
2018,RMK,SARAWAK,SARIKEI,YBB6114,SK TANAH PUTIH,SIAP,100,100
2018,RMK,SARAWAK,SARIKEI,YBB6303,SK SG MADOR,SIAP,100,100
2018,RMK,SARAWAK,SARIKEI,YBB6312,SK ULU STRAS,SIAP,100,100
2018,RMK,SARAWAK,SARIKEI,YEE6301,SMK MERADONG,SIAP,100,100
2018,RMK,SARAWAK,SELANGAU,YBB3415,SK SG ANAK,SIAP,100,100
2018,RMK,SARAWAK,SELANGAU,YBE9207,SK TATAU,SIAP,100,100
2018,RMK,SARAWAK,SERIAN,YBB8215,SK MELANSAI,SIAP,100,100
2018,RMK,SARAWAK,SERIAN,YBB8217,SK SUNGAI SAMERAN,SIAP,100,100
2018,RMK,SARAWAK,SERIAN,YBC8201,SJK(C) SG MENYAN,SIAP,100,100
2018,RMK,SARAWAK,SIBU,YBB3201,SK SG AUP,SIAP,100,100
2018,RMK,SARAWAK,SIBU,YBB3216,SK NG TUTUS,SIAP,100,100
2018,RMK,SARAWAK,SIBUTI,YBA4416,SK TANJUNG BELIPAT,SIAP,100,100
2018,RMK,SARAWAK,SIBUTI,YBB4101,SK KG BERAYA,SIAP,100,100
2018,RMK,SARAWAK,SIBUTI,YBB4426,SK KELAPA SAWIT NO. 2,SIAP,100,100
2018,RMK,SARAWAK,SIBUTI,YBB4429,SK KELAPA SAWIT NO.5,SIAP,100,100
2018,RMK,SARAWAK,TANJONG MANIS,YBA6109,SK BUKIT KINYAU,SIAP,100,100
2018,RMK,SARAWAK,TANJONG MANIS,YBB6106,SK ST. ANDREW,SIAP,100,100
2018,RMK,SARAWAK,TANJONG MANIS,YBB6118,SK MUARA PAYANG,SIAP,100,100
2018,RMK,SARAWAK,TANJONG MANIS,YBB6304,SK SG SELIDAP,SIAP,100,100
2018,RMK,SELANGOR,HULU SELANGOR,BBA5030,SK BUKIT SENTOSA,SIAP,100,100
2018,RMK,SELANGOR,KOTA RAJA,BBA0006,SK JALAN KEBUN,SIAP,100,100
2018,RMK,SELANGOR,KOTA RAJA,BBA0040,SK KOTA KEMUNING,SIAP,100,100
2018,RMK,SELANGOR,KUALA LANGAT,BBA1004,SK SUNGAI MANGGIS,SIAP,100,100
2018,RMK,SELANGOR,KUALA LANGAT,BBA1008,SK JENJAROM,SIAP,100,100
2018,RMK,SELANGOR,KUALA LANGAT,BBA1010,SK KEBUN BAHARU,SIAP,100,100
2018,RMK,SELANGOR,KUALA LANGAT,BBA1011,SK SIJANGKANG,SIAP,100,100
2018,RMK,SELANGOR,KUALA LANGAT,BEA1072,SMK SIJANGKANG JAYA,SIAP,100,100
2018,RMK,SELANGOR,KUALA SELANGOR,BBA3007,SK JERAM BATU 20,SIAP,100,100
2018,RMK,SELANGOR,KUALA SELANGOR,BBA3008,SK JAYA SETIA,SIAP,100,100
2018,RMK,SELANGOR,SELAYANG,BEB7654,SMK SERI GARING RAWANG,SIAP,100,100
2018,RMK,SELANGOR,SEPANG,BBA9202,SK BUKIT BANGKONG (A),SIAP,100,100
2018,RMK,SELANGOR,SEPANG,BBA9212,SK DESA PUTRA,SIAP,100,100
2018,RMK,SELANGOR,SEPANG,BBA9216,SK BUKIT TAMPOI (A),SIAP,100,100
2018,RMK,SELANGOR,SERDANG,BBA4031,SK TAMING JAYA,SIAP,100,100
2018,RMK,SELANGOR,SUNGAI BESAR,BBA6003,SK SIMPANG LIMA,SIAP,100,100
2018,RMK,TERENGGANU,BESUT,TBA0044,SK BUKIT PUTERI,SIAP,100,100
2018,RMK,TERENGGANU,DUNGUN,TBA1009,SK SURA,SIAP,100,100
2018,RMK,TERENGGANU,DUNGUN,TBB1030,SMK SULTAN OMAR,SIAP,100,100
2018,RMK,TERENGGANU,KEMAMAN,TBA2008,SK RKT SEBERANG TAYOR,SIAP,100,100
2018,RMK,TERENGGANU,KEMAMAN,TBA2039,SK LEMBAH JABOR,SIAP,100,100
2018,RMK,TERENGGANU,KEMAMAN,TEA2023,SMK BADRUL ALAM SHAH,SIAP,100,100
2018,RMK,TERENGGANU,KEMAMAN,TEA2026,SMK KIJAL,SIAP,100,100
2018,RMK,TERENGGANU,KEMAMAN,TEA2029,SK RANTAU PETRONAS,SIAP,100,100
2018,RMK,TERENGGANU,KUALA NERUS,TBA3063,SK KEBOR BESAR,SIAP,100,100
2018,RMK,TERENGGANU,KUALA TERENGGANU,TEA3118,SMK SULTAN MANSOR,SIAP,100,100
2018,RMK,TERENGGANU,MARANG,TBA4008,SK SENTOL PATAH,SIAP,100,100
2018,RMK,TERENGGANU,MARANG,TBA4015,SMK WAKAF TAPAI,SIAP,100,100
2018,RMK,TERENGGANU,MARANG,TBA4016,SK BUKIT PAYUNG,SIAP,100,100
2018,RMK,TERENGGANU,SETIU,TBA0033,SK KG BARU TOK DOR,SIAP,100,100
2018,RMK,TERENGGANU,SETIU,TBA6114,SK PAYONG BARU,SIAP,100,100
2018,RMK,WILAYAH PERSEKUTUAN,LABUAN,WBA1024,"SK MEMBEDAI, LABUAN",SIAP,100,100
2019,KRITIKAL,SABAH,BEAUFORT,XBA6315,"PROJEK PEMBANGUNAN SEMULA SEKOLAH DAIF DI SK MENUMPANG, KUALA PENYU, SABAH (PROJEK KRITIKAL)",SIAP,100,100
2019,KRITIKAL,SABAH,PAPAR,XBA4244,"PROJEK PEMBANGUNAN SEMULA SEKOLAH DAIF DI SK RAMPAZAN, PAPAR, SABAH (PROJEK KRITIKAL)",SIAP,100,100
2019,KRITIKAL,SARAWAK,BINTULU,YBB9107,"PROJEK PEMBANGUNAN SEMULA SEKOLAH DAIF DI SK HERMANUS ASSAN, SEBAUH, SARAWAK (PROJEK KRITIKAL)",SIAP,100,100
2019,PFI 78 JUTA,SABAH,BEAUFORT,XBA6328,SK SANGKABOK,SIAP,100,100
2019,PFI 78 JUTA,SABAH,KIMANIS,XBA6104,SK KG. BRUNEI,SIAP,100,100
2019,PFI 78 JUTA,SABAH,KIMANIS,XBA6111,SK PEKAN BONGAWAN,SIAP,100,100
2019,PFI 78 JUTA,SABAH,KIMANIS,XBA6114,SK ULU LUMAGAR,SIAP,100,100
2019,PFI 78 JUTA,SABAH,KIMANIS,XBA6117,SK MANDAHAN,SIAP,100,100
2019,PFI 78 JUTA,SABAH,KOTA BELUD,XBA5308,SK GENSURAI,SIAP,100,100
2019,PFI 78 JUTA,SABAH,KOTA BELUD,XBA5311,SK SAYAP,SIAP,100,100
2019,PFI 78 JUTA,SABAH,KOTA BELUD,XBA5331,SK PITURU,SIAP,100,100
2019,PFI 78 JUTA,SABAH,KOTA BELUD,XBA5349,SK TARINTIDON,SIAP,100,100
2019,PFI 78 JUTA,SABAH,KOTA BELUD,XBA5355,SK TEMPASUK II,SIAP,100,100
2019,PFI 78 JUTA,SABAH,KOTA MARUDU,XBA5119,SK MELANGKAP,SIAP,100,100
2019,PFI 78 JUTA,SABAH,KOTA MARUDU,XBA5432,SK PINAWANTAI,SIAP,100,100
2019,PFI 78 JUTA,SABAH,PAPAR,XBA4217,SK KAIDUAN,SIAP,100,100
2019,PFI 78 JUTA,SABAH,PAPAR,XBA4227,SK KOGOPON,SIAP,100,100
2019,PFI 78 JUTA,SABAH,PAPAR,XBA4241,SK PENGALAT BESAR,SIAP,100,100
2019,PFI 78 JUTA,SABAH,PENSIANGAN,XBA1056,SK PENAGATAN,SIAP,100,100
2019,PFI 78 JUTA,SABAH,PENSIANGAN,XBC1012,SJKC CHENG MING,SIAP,100,100
2019,PFI 78 JUTA,SABAH,RANAU,XBA5430,SK PERANCANGAN,SIAP,100,100
2019,PFI 78 JUTA,SABAH,TAWAU,XBA3021,SK KINABUTAN BESAR,SIAP,100,100
2019,RM1B,SARAWAK,BARAM,YBB4302,"PEMBANGUNAN SEMULA SEKOLAH DAIF SARAWAK 1 BILION (FASA 1) - SK BELURU CENTRAL, MIRI, SARAWAK",SIAP,100,100
2019,RM1B,SARAWAK,BARAM,YBB4331,"PEMBANGUNAN SEMULA SEKOLAH DAIF SARAWAK 1 BILION (FASA 1) - SK BARIO, BARAM, SARAWAK",SIAP,100,100
2019,RM1B,SARAWAK,BATANG LUPAR,YBA8317,"PEMBANGUNAN SEMULA SEKOLAH DAIF SARAWAK 1 BILION (FASA 1) - SK RABA, SIMUNJAN, SARAWAK",SIAP,100,100
2019,RM1B,SARAWAK,BATANG LUPAR,YBA8320,"PEMBANGUNAN SEMULA SEKOLAH DAIF SARAWAK 1 BILION (FASA 1) - SK TEBELU, SIMUNJAN, SARAWAK",SIAP,100,100
2019,RM1B,SARAWAK,BATANG LUPAR,YBB8334,"PEMBANGUNAN SEMULA SEKOLAH DAIF SARAWAK 1 BILION (FASA 1) - SK BULAN JERAGAM, SIMUNJAN, SARAWAK",SIAP,100,100
2019,RM1B,SARAWAK,BATANG SADONG,YBB8314,"PEMBANGUNAN SEMULA SEKOLAH DAIF SARAWAK 1 BILION (FASA 1) - SK MUNGGU LALLANG, SIMUNJAN, SARAWAK",SIAP,100,100
2019,RM1B,SARAWAK,BATANG SADONG,YBE8313,"PEMBANGUNAN SEMULA SEKOLAH DAIF SARAWAK 1 BILION (FASA 1) - SK PENDAM, SAMARAHAN, SARAWAK",SIAP,100,100
2019,RM1B,SARAWAK,BETONG,YBB2409,"PEMBANGUNAN SEMULA SEKOLAH DAIF SARAWAK 1 BILION (FASA 1) - SK NG GAYAU, BETONG, SARAWAK",SIAP,100,100
2019,RM1B,SARAWAK,BINTULU,YBB4415,"PEMBANGUNAN SEMULA SEKOLAH DAIF SARAWAK 1 BILION (FASA 1) - SK SG. LAMAUS, SUBIS, SARAWAK",SIAP,100,100
2019,RM1B,SARAWAK,BINTULU,YBB9101,"PEMBANGUNAN SEMULA SEKOLAH DAIF SARAWAK 1 BILION (FASA 1) - SK LABANG, BINTULU, SARAWAK",SIAP,100,100
2019,RM1B,SARAWAK,BINTULU,YBB9110,"PEMBANGUNAN SEMULA SEKOLAH DAIF SARAWAK 1 BILION (FASA 1) - SK SG. TISANG, BINTULU, SARAWAK",SIAP,100,100
2019,RM1B,SARAWAK,BINTULU,YBB9202,"PEMBANGUNAN SEMULA SEKOLAH DAIF SARAWAK 1 BILION (FASA 1) - SK KUALA SERUPAI, TATAU, SARAWAK",SIAP,100,100
2019,RM1B,SARAWAK,BINTULU,YBB9208,"PEMBANGUNAN SEMULA SEKOLAH DAIF SARAWAK 1 BILION (FASA 1) - SK SG SETIAM, BINTULU, SARAWAK",SIAP,100,100
2019,RM1B,SARAWAK,HULU RAJANG,YBA9203,"PEMBANGUNAN SEMULA SEKOLAH DAIF SARAWAK 1 BILION (FASA 1) - SK ULU KAKUS, BINTULU, SARAWAK",SIAP,100,100
2019,RM1B,SARAWAK,HULU RAJANG,YBB7202,"PEMBANGUNAN SEMULA SEKOLAH DAIF SARAWAK 1 BILION (FASA 1) - SK ABUN MATU, BELAGA, SARAWAK",SIAP,100,100
2019,RM1B,SARAWAK,JULAU,YBB6112,"PEMBANGUNAN SEMULA SEKOLAH DAIF SARAWAK 1 BILION (FASA 1) - SK SG PAOH, SARIKEI, SARAWAK",SIAP,100,100
2019,RM1B,SARAWAK,JULAU,YBB6203,"PEMBANGUNAN SEMULA SEKOLAH DAIF SARAWAK 1 BILION (FASA 1) - SK NANGA MELUAN, JULAU, SARAWAK",SIAP,100,100
2019,RM1B,SARAWAK,KANOWIT,YBB3310,"PEMBANGUNAN SEMULA SEKOLAH DAIF SARAWAK 1 BILION (FASA 1) - SK NANGA MACHAN, KANOWIT, SARAWAK",SIAP,100,100
2019,RM1B,SARAWAK,KANOWIT,YBB3317,"PEMBANGUNAN SEMULA SEKOLAH DAIF SARAWAK 1 BILION (FASA 1) - SK NANGA TADA, KANOWIT, SARAWAK",SIAP,100,100
2019,RM1B,SARAWAK,KOTA SAMARAHAN,YBA8110,"PEMBANGUNAN SEMULA SEKOLAH DAIF SARAWAK 1 BILION (FASA 1) - SK SAMBIR, ASAJAYA, SARAWAK",SIAP,100,100
2019,RM1B,SARAWAK,KOTA SAMARAHAN,YBA8115,"PEMBANGUNAN SEMULA SEKOLAH DAIF SARAWAK 1 BILION (FASA 1) - SK EMPILA, SAMARAHAN, SARAWAK",SIAP,100,100
2019,RM1B,SARAWAK,KOTA SAMARAHAN,YBA8118,"PEMBANGUNAN SEMULA SEKOLAH DAIF SARAWAK 1 BILION (FASA 1) - SK MOYAN LAUT, SAMARAHAN, SARAWAK",SIAP,100,100
2019,RM1B,SARAWAK,LUBOK ANTU,YBB2317,"PEMBANGUNAN SEMULA SEKOLAH DAIF SARAWAK 1 BILION (FASA 1) - SK NANGA KESIT, LUBOK ANTU, SARAWAK",SIAP,100,100
2019,RM1B,SARAWAK,MAS GADING,YBA1103,"PEMBANGUNAN SEMULA SEKOLAH DAIF SARAWAK 1 BILION (FASA 1) - SK KG BOBAK/ SEJINJANG, BAU, SARAWAK",SIAP,100,100
2019,RM1B,SARAWAK,MAS GADING,YBB1107,"PEMBANGUNAN SEMULA SEKOLAH DAIF SARAWAK 1 BILION (FASA 1) - SK GROGO, BAU, SARAWAK",SIAP,100,100
2019,RM1B,SARAWAK,MIRI,YBA4103,"PEMBANGUNAN SEMULA SEKOLAH DAIF SARAWAK 1 BILION (FASA 1) - SK ANCHI, MIRI, SARAWAK",SIAP,100,100
2019,RM1B,SARAWAK,MIRI,YBA4108,"PEMBANGUNAN SEMULA SEKOLAH DAIF SARAWAK 1 BILION (FASA 1) - SK PULAU MELAYU, MIRI, SARAWAK",SIAP,100,100
2019,RM1B,SARAWAK,MUKAH,YBE3415,"PEMBANGUNAN SEMULA SEKOLAH DAIF SARAWAK 1 BILION (FASA 1) - SK SLDB NO.1, MUKAH, SARAWAK",SIAP,100,100
2019,RM1B,SARAWAK,PUNCAK BORNEO,YBB1318,"PEMBANGUNAN SEMULA SEKOLAH DAIF SARAWAK 1 BILION (FASA 1) - SK KAMBUG, KUCHING, SARAWAK",SIAP,100,100
2019,RM1B,SARAWAK,SANTUBONG,YBE1324,"PEMBANGUNAN SEMULA SEKOLAH DAIF SARAWAK 1 BILION (FASA 1) - SK KPG SENARI, KUCHING,  SARAWAK",SIAP,100,100
2019,RM1B,SARAWAK,SARATOK,YBA2204,"PEMBANGUNAN SEMULA SEKOLAH DAIF SARAWAK 1 BILION (FASA 1) - SK HJ JUNID, SARATOK, SARAWAK",SIAP,100,100
2019,RM1B,SARAWAK,SELANGAU,YBB3210,"PEMBANGUNAN SEMULA SEKOLAH DAIF SARAWAK 1 BILION (FASA 1) - SK SG SIONG, SIBU, SARAWAK",SIAP,100,100
2019,RM1B,SARAWAK,SELANGAU,YBB3416,"PEMBANGUNAN SEMULA SEKOLAH DAIF SARAWAK 1 BILION (FASA 1) - SK SG SEPIRING / SG TEPUS, SELANGAU, SARAWAK",SIAP,100,100
2019,RM1B,SARAWAK,SERIAN,YBB8207,"PEMBANGUNAN SEMULA SEKOLAH DAIF SARAWAK 1 BILION (FASA 1) - SK LEBUR / REMUN, SERIAN, SARAWAK",SIAP,100,100
2019,RM1B,SARAWAK,SIBU,YEE3101,"PEMBANGUNAN SEMULA SEKOLAH DAIF SARAWAK 1 BILION (FASA 1) - SMK ROSLI DHOBY, SIBU, SARAWAK",SIAP,100,100
2019,RM1B,SARAWAK,SRI AMAN,YBB2104,"PEMBANGUNAN SEMULA SEKOLAH DAIF SARAWAK 1 BILION (FASA 1) - SK MELUGU, SRI AMAN, SARAWAK",SIAP,100,100
2019,RM1B,SARAWAK,SRI AMAN,YEB8204,"PEMBANGUNAN SEMULA SEKOLAH DAIF SARAWAK 1 BILION (FASA 1) - SMK BALAI RINGIN, SERIAN, SARAWAK",SIAP,100,100
2019,RM1B,SARAWAK,TANJONG MANIS,YBB6102,"PEMBANGUNAN SEMULA SEKOLAH DAIF SARAWAK 1 BILION (FASA 1) - SK ADIN, SARIKEI, SARAWAK",SIAP,100,100
2019,RM1B,SARAWAK,TANJONG MANIS,YBE6301,"PEMBANGUNAN SEMULA SEKOLAH DAIF SARAWAK 1 BILION (FASA 1) - SK ABANG AMIN, MARADONG, SARAWAK",SIAP,100,100
2019,RMK,JOHOR,PONTIAN,JBA6051,SK PARIT MARKOM,SIAP,100,100
2019,RMK,JOHOR,SRI GADING,JBA0088,SK SERI PAYA,SIAP,100,100
2019,RMK,KEDAH,POKOK SENA,KBAB008,SK  TELOK JAMAT,SIAP,100,100
2019,RMK,KELANTAN,TUMPAT,DEA6363,SMK GETING,SIAP,100,100
2019,RMK,MELAKA,JASIN,MEA1060,SMK ISKANDAR SHAH,SIAP,100,100
2019,RMK,NEGERI SEMBILAN,SEREMBAN,NBA4017,SK LB JOHNSON,SIAP,100,100
2019,RMK,PERAK,PARIT BUNTAR,ABA3021,SK PARIT TOK NGAH,SIAP,100,100
2019,RMK,PULAU PINANG,TASEK GELUGOR,PBA2024,SK SUNGAI DUA,SIAP,100,100
2019,RMK,SABAH,BELURAN,‎XBA2124,SEKOLAH KEBANGSAAN SUNGAI-SUNGAI,SIAP,100,100
2019,RMK,SABAH,KENINGAU,XBA1224,"SEKOLAH KEBANGSAAN TIONG WIDO, TAMBUNAN",SIAP,100,100
2019,RMK,SABAH,KUDAT,XBA5225,"SEKOLAH KEBANGSAAN NIBANG, PITAS",SIAP,100,100
2019,RMK,SARAWAK,BARAM,YBA8317,SEKOLAH KEBANGSAAN LONG LAPOK,SIAP,100,100
2019,RMK,SARAWAK,BARAM,YBB4310,SEKOLAH KEBANGSAAN LONG LAPUT,SIAP,100,100
2019,RMK,SARAWAK,BARAM,YBB4365,SEKOLAH KEBANGSAAN SUNGAI BURI,SIAP,100,100
2019,RMK,SARAWAK,BELAGA,YBB7207,SEKOLAH KEBANGSAAN LONG GANG,SIAP,100,100
2019,RMK,SARAWAK,BETONG,YBA2413,SEKOLAH KEBANGSAAN TUI,SIAP,100,100
2019,RMK,SARAWAK,BETONG,YBA2416,SEKOLAH KEBANGSAAN TAMBAK,SIAP,100,100
2019,RMK,SARAWAK,BETONG,YBB2407,SEKOLAH KEBANGSAAN SURI,SIAP,100,100
2019,RMK,SARAWAK,BINTANGOR,YBB6319,SEKOLAH KEBANGSAAN BANDAR BINTANGOR,SIAP,100,100
2019,RMK,SARAWAK,BINTULU,YBA9105,SEKOLAH KEBANGSAAN PANDAN,SIAP,100,100
2019,RMK,SARAWAK,BINTULU,YBB9208,SEKOLAH KEBANGSAAN SG SETIAM,SIAP,100,100
2019,RMK,SARAWAK,DALAT,YBE3504,SEKOLAH KEBANGSAAN SG UD,SIAP,100,100
2019,RMK,SARAWAK,JULAU,YBB6222,SEKOLAH KEBANGSAAN ULU ENTAIH,SIAP,100,100
2019,RMK,SARAWAK,JULAU,YBB6223,SEKOLAH KEBANGSAAN ULU ENTABAI,SIAP,100,100
2019,RMK,SARAWAK,KANOWIT,YBB3311,SEKOLAH KEBANGSAAN NANGA NGUNGUN,SIAP,100,100
2019,RMK,SARAWAK,KANOWIT,YBB3313,SEKOLAH KEBANGSAAN ULU BAWAN,SIAP,100,100
2019,RMK,SARAWAK,KAPIT,YBB7105,SEKOLAH KEBANGSAAN NG IBAU,SIAP,100,100
2019,RMK,SARAWAK,KAPIT,YBB7112,SEKOLAH KEBANGSAAN NANGA SEMPILI,SIAP,100,100
2019,RMK,SARAWAK,KAPIT,YBB7121,SEKOLAH KEBANGSAAN  NANGA ANTAROH,SIAP,100,100
2019,RMK,SARAWAK,KAPIT,YBB7128,SEKOLAH KEBANGSAAN ULU YONG,SIAP,100,100
2019,RMK,SARAWAK,KOTA SAMARAHAN,YBA8111,SEKOLAH KEBANGSAAN TANJONG APONG,SIAP,100,100
2019,RMK,SARAWAK,KOTA SAMARAHAN,YBA8113,SEKOLAH KEBANGSAAN SEBANDI MATANG,SIAP,100,100
2019,RMK,SARAWAK,KOTA SAMARAHAN,YBE8310,SEKOLAH KEBANGSAAN LUBOK PUNGGOR,SIAP,100,100
2019,RMK,SARAWAK,LAWAS,YBA5206,SEKOLAH KEBANGSAAN TRUSAN,SIAP,100,100
2019,RMK,SARAWAK,LAWAS,YBB5201,SEKOLAH KEBANGSAAN LONG SEMADOH,SIAP,100,100
2019,RMK,SARAWAK,LIMBANG,YBB5114,SEKOLAH KEBANGSAAN BUKIT BATU,SIAP,100,100
2019,RMK,SARAWAK,SARATOK,YBA2201,SEKOLAH KEBANGSAAN TO' EMAN,SIAP,100,100
2019,RMK,SARAWAK,SARATOK,YBA2203,SEKOLAH KEBANGSAAN PERPAT,SIAP,100,100
2019,RMK,SARAWAK,SERIAN,YBB8238,SEKOLAH KEBANGSAAN RIIH DASO,SIAP,100,100
2019,RMK,SARAWAK,SIBUTI,YBA4402,SEKOLAH KEBANGSAAN KELAPA SAWIT NO. 4,SIAP,100,100
2019,RMK,SARAWAK,TANJONG MANIS,YBA6301,SEKOLAH KEBANGSAAN KG SERDENG,SIAP,100,100
2020,RM1B,SARAWAK,BATANG SADONG,YBA8310,"PEMBANGUNAN SEMULA SEKOLAH DAIF SARAWAK RM1BILION (FASA 2) - SK TANJUNG PISANG, SELANGKING SAMARAHAN, SARAWAK",SIAP,100,100
2020,RM1B,SARAWAK,BATANG SADONG,YBB8316,"PEMBANGUNAN SEMULA SEKOLAH DAIF SARAWAK RM1BILION (FASA 2) - SK TERASI, SAMARAHAN, SARAWAK",SIAP,100,100
2020,RM1B,SARAWAK,BATANG SADONG,YBE8305,"PEMBANGUNAN SEMULA SEKOLAH DAIF SARAWAK RM1BILION (FASA 2) - SK JA'IE, SAMARAHAN, SARAWAK",SIAP,100,100
2020,RM1B,SARAWAK,BETONG,YBB2406,"PEMBANGUNAN SEMULA SEKOLAH DAIF SARAWAK RM1BILION (FASA 2) - SK PAKU CENTRAL, BETONG, SARAWAK",SIAP,100,100
2020,RM1B,SARAWAK,BINTULU,YBB9106,"PEMBANGUNAN SEMULA SEKOLAH DAIF SARAWAK RM1BILION (FASA 2) - SK SG. SENGIAN LABANG, BINTULU, SARAWAK",SIAP,100,100
2020,RM1B,SARAWAK,HULU RAJANG,YBA7108,"PEMBANGUNAN SEMULA SEKOLAH DAIF SARAWAK RM1BILION (FASA 2) - SK SG TUNOH, KAPIT, SARAWAK",SIAP,100,100
2020,RM1B,SARAWAK,HULU RAJANG,YBB7209,"PEMBANGUNAN SEMULA SEKOLAH DAIF SARAWAK RM1BILION (FASA 2) - SK BATU KELING, KAPIT, SARAWAK",SIAP,100,100
2020,RM1B,SARAWAK,HULU RAJANG,YBB7210,"PEMBANGUNAN SEMULA SEKOLAH DAIF SARAWAK RM1BILION (FASA 2) - SK AIRPORT, KAPIT, SARAWAK",SIAP,100,100
2020,RM1B,SARAWAK,JULAU,YBA6201,"PEMBANGUNAN SEMULA SEKOLAH DAIF SARAWAK RM1BILION (FASA 2) - SK ULU PEDANUM, SARIKEI, SARAWAK",SIAP,100,100
2020,RM1B,SARAWAK,JULAU,YBB6201,"PEMBANGUNAN SEMULA SEKOLAH DAIF SARAWAK RM1BILION (FASA 2) - SK NG. SERAU, SARIKEI, SARAWAK",SIAP,100,100
2020,RM1B,SARAWAK,JULAU,YBB6206,"PEMBANGUNAN SEMULA SEKOLAH DAIF SARAWAK RM1BILION (FASA 2) - SK NANGA ENTAIH, SARIKEI, SARAWAK",SIAP,100,100
2020,RM1B,SARAWAK,KANOWIT,YBB3308,"PEMBANGUNAN SEMULA SEKOLAH DAIF SARAWAK RM1BILION (FASA 2) - SK NG JAGOI, SIBU, SARAWAK",SIAP,100,100
2020,RM1B,SARAWAK,KANOWIT,YBB3323,"PEMBANGUNAN SEMULA SEKOLAH DAIF SARAWAK RM1BILION (FASA 2) - SK NANGA PEDAI, SIBU, SARAWAK",SIAP,100,100
2020,RM1B,SARAWAK,KAPIT,YBB7312,"PEMBANGUNAN SEMULA SEKOLAH DAIF SARAWAK RM1BILION (FASA 2) - SK NANGA EMBUAU, KAPIT, SARAWAK",SIAP,100,100
2020,RM1B,SARAWAK,KAPIT,YBB7313,"PEMBANGUNAN SEMULA SEKOLAH DAIF SARAWAK RM1BILION (FASA 2) - SK NG TEMALAT, KAPIT, SARAWAK",SIAP,100,100
2020,RM1B,SARAWAK,KOTA SAMARAHAN,YBE1327,"PEMBANGUNAN SEMULA SEKOLAH DAIF SARAWAK RM1BILION (FASA 2) -SK BELIONG, SAMARAHAN, SARAWAK",SIAP,100,100
2020,RM1B,SARAWAK,LUBOK ANTU,YBA2301,"PEMBANGUNAN SEMULA SEKOLAH DAIF SARAWAK RM1BILION (FASA 2) - SK BATANG AI, SRI AMAN, SARAWAK",SIAP,100,100
2020,RM1B,SARAWAK,MUKAH,YBA3402,"PEMBANGUNAN SEMULA SEKOLAH DAIF SARAWAK RM1BILION (FASA 2) - SK KG PETANAK, MUKAH, SARAWAK",SIAP,100,100
2020,RM1B,SARAWAK,MUKAH,YBA3403,"PEMBANGUNAN SEMULA SEKOLAH DAIF SARAWAK RM1BILION (FASA 2) - SK DUA SUNGAI, MUKAH, SARAWAK",SIAP,100,100
2020,RM1B,SARAWAK,MUKAH,YBE3506,"PEMBANGUNAN SEMULA SEKOLAH DAIF SARAWAK RM1BILION (FASA 2) - SK KG SENAU, MUKAH, SARAWAK",SIAP,100,100
2020,RM1B,SARAWAK,SARATOK,YBB2213,"PEMBANGUNAN SEMULA SEKOLAH DAIF SARAWAK RM1BILION (FASA 2) - SK ORANG KAYA TEMENGGONG TANDUK, BETONG, SARAWAK",SIAP,100,100
2020,RM1B,SARAWAK,SARIKEI,YBB6302,"PEMBANGUNAN SEMULA SEKOLAH DAIF SARAWAK RM1BILION (FASA 2) - SK ULU BINATANG, SARIKEI, SARAWAK",SIAP,100,100
2020,RM1B,SARAWAK,SELANGAU,YBA3408,"PEMBANGUNAN SEMULA SEKOLAH DAIF SARAWAK RM1BILION (FASA 2) - SK DIJIH, SIBU, SARAWAK",SIAP,100,100
2020,RM1B,SARAWAK,SELANGAU,YBA3501,"PEMBANGUNAN SEMULA SEKOLAH DAIF SARAWAK RM1BILION (FASA 2) - SK BATU 36, SIBU, SARAWAK",SIAP,100,100
2020,RM1B,SARAWAK,SELANGAU,YBB3506,"PEMBANGUNAN SEMULA SEKOLAH DAIF SARAWAK RM1BILION (FASA 2) - SK PENGHULU IMBAN, SIBU, SARAWAK",SIAP,100,100
2020,RM1B,SARAWAK,SELANGAU,YBB9203,"PEMBANGUNAN SEMULA SEKOLAH DAIF SARAWAK RM1BILION (FASA 2) - SK RUMAH KESENG, TATAU, BINTULU, SARAWAK",SIAP,100,100
2020,RM1B,SARAWAK,SELANGAU,YBB9205,"PEMBANGUNAN SEMULA SEKOLAH DAIF SARAWAK RM1BILION (FASA 2) - SK SANGAN IBAN, SIBU, SARAWAK",SIAP,100,100
2020,RM1B,SARAWAK,SELANGAU,YBB9206,"PEMBANGUNAN SEMULA SEKOLAH DAIF SARAWAK RM1BILION (FASA 2) - SK KUALA  ANNAU, BINTULU, SARAWAK",SIAP,100,100
2020,RM1B,SARAWAK,SERIAN,YBA8201,"PEMBANGUNAN SEMULA SEKOLAH DAIF SARAWAK RM1BILION (FASA 2) - SK TEPOI, SERIAN, SARAWAK",SIAP,100,100
2020,RM1B,SARAWAK,SERIAN,YBB8236,"PEMBANGUNAN SEMULA SEKOLAH DAIF SARAWAK RM1BILION (FASA 2) - SK SEJIJAG, SERIAN, SARAWAK",SIAP,100,100
2020,RM1B,SARAWAK,SIBU,YBB3213,"PEMBANGUNAN SEMULA SEKOLAH DAIF SARAWAK RM1BILION (FASA 2) - SK TANJUNG BEKAKAP, KAPIT, SARAWAK",SIAP,100,100
2020,RM1B,SARAWAK,SRI AMAN,YBB2124,"PEMBANGUNAN SEMULA SEKOLAH DAIF SARAWAK RM1BILION (FASA 2) - SK SKRANG, SRI AMAN, SERAWAK",SIAP,100,100
2020,RMK,JOHOR,MERSING,JBA4027,"DAIF JOHOR (2020)- MEROBOH DAN BINA BARU PRA SEKOLAH (1BD) DI SK MERSING KANAN, JOHOR",SIAP,100,100
2020,RMK,JOHOR,TANJUNG PIAI,JBA6022,"DAIF JOHOR (2020)- MEROBOH DAN BINA BARU 3 BD PENDIDIKAN KHAS DI SK PARIT KUDUS, JOHOR",SIAP,100,100
2020,RMK,KEDAH,JERAI,KBA9002,"DAIF KEDAH (2020)- GANTIAN BANGUNAN KELAS PRA SEKOLAH, BILIK KEMAHIRAN HIDUP,  BILIK SAINS, BILIK PEMULIHAN, BILIK BIMBINGAN DAN KAUNSELING, DAN TANDAS DI SK PADANG LUMAT, KEDAH",SIAP,100,100
2020,RMK,KEDAH,PENDANG,KBA1001,"DAIF KEDAH (2020) - KERJA-KERJA PENYELENGGARAAN DAN NAIK TARAF STRUKTUR BUMBUNG KANTIN DI SK AYER PUTEH PENDANG, KEDAH",SIAP,100,100
2020,RMK,KEDAH,PENDANG,KBAA078,"DAIF KEDAH (2020) - MEMBINA BANGUNAN GANTIAN KELAS PRA SEKOLAH, BILIK KEMAHIRAN HIDUP DAN BILIK KAUNSELING DI SK SYED IBRAHIM, KEDAH",SIAP,100,100
2020,RMK,KEDAH,POKOK SENA,KBAB003,"DAIF KEDAH (2020) - MEMBINA BANGUNAN GANTIAN 2 BILIK DARJAH, BILIK PEMULIHAN DAN GANTIAN TANDAS MURID LELAKI DAN PEREMPUAN DI SK KUALA LANJUT, KEDAH",SIAP,100,100
2020,RMK,KEDAH,POKOK SENA,KBAB006,"DAIF KEDAH (2020) - MEMBINA BANGUNAN GANTIAN 2 BILIK DARJAH, BILIK KEMAHIRAN HIDUP, PUSAT SUMBER DAN BILIK J QAF DI SK NAWA, KEDAH",SIAP,100,100
2020,RMK,PERAK,BAGAN SERAI,ABA3002,"DAIF PERAK (2020) - GANTIAN DAN BINA BARU BLOK PRA SEKOLAH YANG MENGANDUNGI 2BD SERTA BLOK PENDIDIKAN KHAS (3BD) DI SK BAGAN SERAI,PERAK",SIAP,100,100
2020,RMK,PERAK,LUMUT,ABA1025,"DAIF PERAK (2020) - MEROBOH DAN BINA BARU BLOK D (BANGUNAN LAMA) YANG MENGANDUNGI 4BD, TANDAS DAN STOR DI SK KAMPUNG BAHARU, PERAK",SIAP,100,100
2020,RMK,SABAH,BEAUFORT,XBA6019,"DAIF SABAH (2020)- GANTIAN 4 UNIT BILIK DARJAH, BANGUNAN PENTABDIRAN, DAN MAKMAL SAINS DI SK KEPAWA, SABAH",SIAP,100,100
2020,RMK,SABAH,BEAUFORT,XBA6063,"DAIF SABAH (2020) - GANTIAN 6 UNIT BILIK DARJAH, BANGUNAN PENTADBIRAN, DAN MAKMAL SAINS DI SK LAJAU, BEAUFORT, SABAH",SIAP,100,100
2020,RMK,SABAH,BEAUFORT,XBA6102,"DAIF SABAH (2020) - PEMBINAAN BANGUNAN GANTIAN 8 BILIK DARJAH, BLOK PENTADBIRAN, BILIK SAINS, KANTIN, 8 UNIT TANDAS, 1 BILIK DARJAH PRASEKOLAH DAN LAIN-LAIN KEMUDAHAN BERKAITAN DI SK BINSULOK, BEAUFORT, SABAH (XBA6102)",SIAP,100,100
2020,RMK,SABAH,BEAUFORT,XBA6302,"DAIF SABAH (2020) - PEMBINAAN BANGUNAN GANTIAN BLOK PENTADBIRAN, PUSAT SUMBER, 2 UNIT TANDAS GURU DAN LAIN-LAIN KEMUDAHAN BERKAITAN DI SK BERANGKOK, KUALA PENYU, SABAH (XBA6302)",SIAP,100,100
2020,RMK,SABAH,BEAUFORT,XBA6311,"DAIF SABAH (2020) - PEMBINAAN BANGUNAN GANTIAN 6 BILIK DARJAH, BLOK PENTADBIRAN, BILIK SAINS, KANTIN, 6 UNIT TANDAS DAN LAIN-LAIN KEMUDAHAN BERKAITAN DI SK MANSUD, KUALA PENYU, SABAH  (XBA6311)",SIAP,100,100
2020,RMK,SABAH,BEAUFORT,XBA6329,"DAIF SABAH (2020) - PEMBINAAN BANGUNAN GANTIAN BLOK PENTADBIRAN, PUSAT SUMBER DAN LAIN-LAIN KEMUDAHAN BERKAITAN DI SK KEKAPOR, KUALA PENYU, SABAH (XBA6329)",SIAP,100,100
2020,RMK,SABAH,BELURAN,XBA2106,"DAIF SABAH (2020) - PEMBINAAN BANGUNAN GANTIAN 6 BILIK DARJAH, BLOK PENTADBIRAN, BILIK SAINS, KANTIN, SURAU, 6 UNIT TANDAS DAN LAIN-LAIN KEMUDAHAN BERKAITAN DI SK JAMBONGAN, BELURAN, SABAH (XBA2106)",SIAP,100,100
2020,RMK,SABAH,BELURAN,XBA2115,"DAIF SABAH (2020) - GANTIAN BANGUNAN 6 BILIK DARJAH, 2 UNIT RUMAH GURU, BANGUNAN PENTADBIRAN, MAKMAL SAINS DI SK ULU MUANAD, BELURAN, SABAH",SIAP,100,100
2020,RMK,SABAH,BELURAN,XBA2129,"DAIF SABAH (2020) - GANTIAN BANGUNAN 6 BILIK DARJAH, BANGUNAN PENTADBIRAN, DAN MAKMAL SAINS DI SK TETABUAN, BELURAN, SABAH",SIAP,100,100
2020,RMK,SABAH,BELURAN,XBA2133,"DAIF SABAH (2020)- GANTIAN BANGUNAN 6 BILIK DARJAH, BANGUNAN PENTADBIRAN, DAN MAKMAL SAINS DI SK MAIDAN, BELURAN, SABAH",SIAP,100,100
2020,RMK,SABAH,BELURAN,XBA2155,"DAIF SABAH (2020) - GANTIAN BANGUNAN 6 BILIK DARJAH, BANGUNAN PENTADBIRAN, DAN MAKMAL SAINS DI SK SUNGAI NAFAS, BELURAN, SABAH",SIAP,100,100
2020,RMK,SABAH,BELURAN,XBA2247,"DAIF SABAH (2020) - PEMBINAAN BANGUNAN GANTIAN  6 BILIK DARJAH, BLOK PENTADBIRAN, BILIK SAINS, KANTIN, 6 UNIT TANDAS DAN LAIN-LAIN KEMUDAHAN BERKAITAN DI SK ULU ANSUAN, TELUPID, SABAH (XBA2247)",SIAP,100,100
2020,RMK,SABAH,BELURAN,XBA2248,"DAIF SABAH (2020)- GANTIAN 6 UNIT BILIK DARJAH, BANGUNAN PENTABDIRAN, DAN MAKMAL SAINS DI SK KOPURON, TELUPID, SABAH",SIAP,100,100
2020,RMK,SABAH,KENINGAU,XBA1009,"DAIF SABAH (2020) - GANTIAN 3 UNIT BILIK DARJAH, BANGUNAN PENTADBIRAN, MAKMAL SAINS DI SK BULU SILOU, KENINGAU, SABAH",SIAP,100,100
2020,RMK,SABAH,KENINGAU,XBA1024,"DAIF SABAH (2020)- GANTIAN 8 UNIT BILIK DARJAH, 3 UNIT RUMAH GURU, BANGUNAN PENTADBIRAN, DAN MAKMAL SAINS DI SK KIAWAYAN, SABAH",SIAP,100,100
2020,RMK,SABAH,KENINGAU,XBA1203,"DAIF SABAH (2020)- GANTIAN 6 UNIT BILIK DARJAH, 4 UNIT RUMAH GURU, BANGUNAN PENTADBIRAN, DAN MAKMAL SAINS DI SK KEROKOT, TAMBUNAN, SABAH",SIAP,100,100
2020,RMK,SABAH,KENINGAU,XBA1213,"DAIF SABAH (2020) - PEMBINAAN BANGUNAN GANTIAN  6 BILIK DARJAH, BLOK PENTADBIRAN , BILIK SAINS, 4 UNIT TANDAS DAN LAIN-LAIN KEMUDAHAN DI SK BAMBANGAN, TAMBUNAN, SABAH (XBA1213)",SIAP,100,100
2020,RMK,SABAH,KENINGAU,XBA1223,"DAIF SABAH (2020) - PEMBINAAN BANGUNAN GANTIAN  6 BILIK DARJAH, BLOK PENTADBIRAN, BILIK SAINS, 4 UNIT TANDAS DAN LAIN-LAIN KEMUDAHAN BERKAITAN DI SK KIPAKU, TAMBUNAN, SABAH (XBA1223)",SIAP,100,100
2020,RMK,SABAH,KIMANIS,XBA4218,"DAIF SABAH (2020) - PEMBINAAN BANGUNAN GANTIAN  6 BILIK DARJAH, BLOK PENTADBIRAN, BILIK SAINS, KANTIN, 10 UNIT TANDAS DAN LAIN-LAIN KEMUDAHAN BERKAITAN DI SK KELATUAN, PAPAR, SABAH (XBA4218)",SIAP,100,100
2020,RMK,SABAH,KINABATANGAN,XBA2232,"DAIF SABAH (2020)-GANTIAN 6 UNIT BILIK DARJAH, 3 UNIT RUMAH GURU, BANGUNAN PENTADBIRAN, DAN MAKMAL SAINS DI SK SAGUON, SABAH",SIAP,100,100
2020,RMK,SABAH,KOTA BELUD,XBA5301,"DAIF SABAH (2020) -PEMBINAAN BANGUNAN GANTIAN  6 BILIK DARJAH, BLOK PENTADBIRAN, BILIK SAINS, KANTIN, 6 UNIT TANDAS DAN LAIN-LAIN KEMUDAHAN BERKAITAN DI SK AMBONG, KOTA BELUD, SABAH (XBA5301)",SIAP,100,100
2020,RMK,SABAH,KOTA BELUD,XBA5307,"DAIF SABAH (2020) - PEMBINAAN BANGUNAN GANTIAN  6 BILIK DARJAH, BLOK PENTADBIRAN, BILIK SAINS, KANTIN, 4 UNIT TANDAS DAN LAIN-LAIN KEMUDAHAN BERKAITAN DI SK DUDAR, KOTA BELUD, SABAH (XBA5307)",SIAP,100,100
2020,RMK,SABAH,KOTA BELUD,XBA5324,"DAIF SABAH (2020) - PEMBINAAN BANGUNAN GANTIAN  6 BILIK DARJAH, BLOK PENTADBIRAN, BILIK SAINS, KANTIN, 6 UNIT TANDAS DAN LAIN-LAIN KEMUDAHAN BERKAITAN DI SK NAHABA, KOTA BELUD, SABAH (XBA5324)",SIAP,100,100
2020,RMK,SABAH,KOTA BELUD,XBA5356,"DAIF SABAH (2020) - GANTIAN 6 UNIT BILIK DARJAH, 2 UNIT RUMAH GURU, BANGUNAN PENTABDIRAN, MAKMAL SAINS DI SK SARANG, KOTA BELUD, SABAH",SIAP,100,100
2020,RMK,SABAH,KOTA BELUD,XBA5362,"DAIF SABAH (2020) - PEMBINAAN BANGUNAN GANTIAN  6 BILIK DARJAH, BLOK PENTADBIRAN, BILIK SAINS, KANTIN, 6 UNIT TANDAS DAN LAIN-LAIN KEMUDAHAN BERKAITAN DI SK PODOS, KOTA BELUD, SABAH (XBA5362)",SIAP,100,100
2020,RMK,SABAH,KOTA BELUD,XBA5366,"DAIF SABAH (2020) - GANTIAN 6 UNIT BILIK DARJAH, BANGUNAN PENTADBIRAN, DAN MAKMAL SAINS DI SK ULU KUKUT, KOTA BELUD, SABAH",SIAP,100,100
2020,RMK,SABAH,KOTA MARUDU,XBA5028,"DAIF SABAH (2020)- GANTIAN 9 UNIT BILIK DARJAH, BANGUNAN PENTADBIRAN, MAKMAL SAINS, DAN RUMAH GURU DI SK LOKOTON, SABAH",SIAP,100,100
2020,RMK,SABAH,KOTA MARUDU,XBA5106,"DAIF SABAH (2020) - PEMBINAAN BANGUNAN GANTIAN 12 BILIK DARJAH, BLOK PENTADBIRAN, BILIK SAINS, KANTIN, 10 UNIT TANDAS DAN LAIN-LAIN KEMUDAHAN DI SK POPOK, KOTA MARUDU, SABAH (XBA5106)",SIAP,100,100
2020,RMK,SABAH,KOTA MARUDU,XBA5127,"DAIF SABAH (2020) - PEMBINAAN BANGUNAN GANTIAN PENUH 6 BILIK DARJAH, BLOK PENTADBIRAN, BLOK PUSAT SUMBER, BANGUNAN ASRAMA, KANTIN, 6 UNIT TANDAS DAN LAIN-LAIN KEMUDAHAN BERKAITAN DI SK LAMPADA, KOTA MARUDU, SABAH (XBA5127)",SIAP,100,100
2020,RMK,SABAH,KUDAT,XBA5024,"DAIF SABAH (2020) - GANTIAN 6 UNIT BILIK DARJAH, BANGUNAN PENTADBIRAN, MAKMAL SAINS, 2 UNIT RUMAH GURU DI SK LIMAU-LIMAUAN, KUDAT, SABAH",SIAP,100,100
2020,RMK,SABAH,KUDAT,XBA5212,"DAIF SABAH (2020) - PEMBINAAN BANGUNAN GANTIAN  6 BILIK DARJAH, BLOK PENTADBIRAN, BILIK SAINS, KANTIN, 6 UNIT TANDAS DAN LAIN-LAIN KEMUDAHAN BERKAITAN DI SK TELAGA, PITAS, SABAH (XBA5212)",SIAP,100,100
2020,RMK,SABAH,KUDAT,XBA5217,"DAIF SABAH (2020) - PEMBINAAN BANGUNAN GANTIAN  6 BILIK DARJAH, BLOK PENTADBIRAN, BILIK SAINS, KANTIN, 6 TANDAS DAN LAIN-LAIN KEMUDAHAN BERKAITAN DI SK MANGKAPON, PITAS, SABAH (XBA5217)",SIAP,100,100
2020,RMK,SABAH,PAPAR,XEA4261,"DAIF SABAH (2020) - PEMBAIKAN STRUKTUR 5 BLOK BANGUNAN KONKRIT DI BLOK A, B, C, BLOK ASRAMA (LELAKI & PEREMPUAN) DI SMK KINARUT, PAPAR, SABAH  (XEA4261)",SIAP,100,100
2020,RMK,SABAH,PENAMPANG,XBA4014,"DAIF SABAH (2020) - PEMBAIKAN STRUKTUR 2 BLOK KUARTERS GURU (FLAT) 16 UNIT DAN LAIN-LAIN KEMUDAHAN BERKAITAN DI SK KEPAYAN, KOTA KINABALU, SABAH (XBA4014)",SIAP,100,100
2020,RMK,SABAH,PENSIANGAN,XBA1023,"DAIF SABAH (2020)- GANTIAN BANGUNAN 6 UNIT BILIK DARJAH, BANGUNAN PENTADBIRAN, 4 UNIT RUMAH GURU, DAN MAKMAL SAINS DI SK INANDUNG, KENINGAU",SIAP,100,100
2020,RMK,SABAH,PENSIANGAN,XBA1063,"DAIF SABAH (2020) - GANTIAN BANGUNAN 6 UNIT BILIK DARJAH, BANGUNAN PENTADBIRAN, 2 UNIT RUMAH GURU, DAN MAKMAL SAINS  DI SK SIMBUAN, KENINGAU, SABAH",SIAP,100,100
2020,RMK,SABAH,PENSIANGAN,XBA1112,"DAIF SABAH (2020) - GANTIAN 3 BLOK (6 UNIT) RUMAH GURU DI SK PEKAN NABAWAN, SABAH",SIAP,100,100
2020,RMK,SABAH,PUTATAN,XBA4109,"DAIF SABAH (2020) - PEMBINAAN GANTIAN 6 BILIK DARJAH  DAN LAIN-LAIN KERJA BERKAITAN DI SK TANSAU, PENAMPANG, SABAH (XBA4109)",SIAP,100,100
2020,RMK,SABAH,RANAU,XBA5425,"DAIF SABAH (2020) - PEMBINAAN BANGUNAN GANTIAN PENUH 6 BILIK DARJAH, BLOK PENTADBIRAN, BILIK SAINS, KANTIN, 6 UNIT TANDAS DAN LAIN-LAIN KEMUDAHAN BERKAITAN DI SK NARAWANG, RANAU, SABAH (XBA5425)",SIAP,100,100
2020,RMK,SABAH,RANAU,XBA5450,"DAIF SABAH (2020) - PEMBINAAN BANGUNAN GANTIAN PENUH 6 BILIK DARJAH, BLOK PENTADBIRAN, KANTIN, BILIK SAINS, KANTIN,  4 UNIT TANDAS DAN LAIN-LAIN KEMUDAHAN BERKAITAN DI SK WAANG , RANAU, SABAH (XBA5450)",SIAP,100,100
2020,RMK,SABAH,RANAU,XBA5454,"DAIF SABAH (2020)- GANTIAN 13 UNIT BILIK DARJAH, 4 UNIT RUMAH GURU, BANGUNAN PENTADBIRAN, DAN MAKMAL SAINS  DI SK TIBABAR, SABAH",SIAP,100,100
2020,RMK,SABAH,SILAM,XBA3131,"DAIF SABAH (2020) - GANTIAN 9 UNIT BILIK DARJAH, BANGUNAN PENTADBIRAN, MAKMAL SAINS, 1 RUMAH GURU DI SK TANJONG PARAS, LAHAD DATU, SABAH",SIAP,100,100
2020,RMK,SABAH,TENOM,XBA1349,"DAIF SABAH (2020) - PEMBINAAN BANGUNAN GANTIAN 6  BILIK DARJAH,  BLOK PENTADBIRAN, BILIK SAINS, KANTIN, 6 UNIT TANDAS DAN LAIN-LAIN KEMUDAHAN BERKAITAN DI SK PAGUOKON, TENOM, SABAH (XBA1349)",SIAP,100,100
2020,RMK,SABAH,TUARAN,XBA4372,"DAIF SABAH (2020)- KERJA-KERJA MEMBAIKPULIH STRUKTUR BANGUNAN (ARAS 4) BLOK A : BANGUNAN AKADEMIK DI SK PEKAN TUARAN, SABAH",SIAP,100,100
2020,RMK,SABAH,TUARAN,XBA4401,"DAIF SABAH (2020) - PEMBINAAN GANTIAN 6 BILIK DARJAH, BLOK PENTADBIRAN, BILIK SAINS, KANTIN, 6 UNIT TANDAS DAN LAIN-LAIN KEMUDAHAN DI SK BANTAYAN, TUARAN, SABAH (XBA4401)",SIAP,100,100
2020,RMK,SABAH,TUARAN,XBA4416,"DAIF SABAH (2020) - PEMBINAAN BANGUNAN GANTIAN PENUH 6 BILIK DARJAH, BLOK PENTADBIRAN, BILIK SAINS, KANTIN ,6 UNIT TANDAS DAN LAIN-LAIN KEMUDAHAN BERKAITAN DI SK SAMBAH, TUARAN, SABAH (XBA4416)",SIAP,100,100
2020,RMK,SABAH,TUARAN,XEA4401,"DAIF SABAH (2020) - KERJA-KERJA MEMBAIKPULIH STRUKTUR DI SMK TENGHILAN, TUARAN, SABAH",SIAP,100,100
2020,RMK,SELANGOR,BANGI (SERDANG),BBA4025,"DAIF SELANGOR (2020) - PEMBINAAN 4 BILIK DARJAH BAHARU, 2 TANDAS, DAN MEMBAIK PULIH BUMBUNG DI SK BANDAR BARU BANGI, SELANGOR",SIAP,100,100
2020,RMK,SELANGOR,KLANG,BBA6003,"DAIF SELANGOR (2020) - GANTIAN TANDAS DAN MEMBAIK PULIH BUMBUNG DI SK (2) SIMPANG LIMA, SELANGOR",SIAP,100,100
2020,RMK,WILAYAH PERSEKUTUAN,BANDAR TUN RAZAK,WEA0252,"DAIF WP KUALA LUMPUR (2020)- KERJA-KERJA PEMBAIKAN AM DAN BUMBUNG BLOK PENTADBIRAN DAN AKADEMIK DI SMK ALAM DAMAI, KUALA LUMPUR",SIAP,100,100
2020,RMK,WILAYAH PERSEKUTUAN,SEPUTEH,WEB0243,"DAIF WP KUALA LUMPUR (2020)- KERJA-KERJA PEMBAIKAN AM DAN BUMBUNG BLOK PENTADBIRAN DAN AKADEMIK DI SMK DHARMA, KUALA LUMPUR",SIAP,100,100
2021,RM1B,SARAWAK,SERIAN,YBB8249,"PEMBANGUNAN SEMULA SEKOLAH DAIF SARAWAK RM1BILION (FASA 3) - SK KUJANG MAWANG, SERIAN, SARAWAK (YBB8249)",SIAP,100,100
2021,RMK,KELANTAN,PASIR PUTEH,DBC4285,"DAIF KELANTAN (2021) - PEMBINAAN BANGUNAN GANTIAN DI SJKC KAI CHIH, PASIR PUTEH, KELANTAN (DBC4285)",SIAP,100,100
2021,RMK,SABAH,BEAUFORT,XBA6034,"DAIF SABAH (2021) - PEMBINAAN BANGUNAN GANTIAN 6 BILIK DARJAH, PENTADBIRAN DAN LAIN-LAIN KEMUDAHAN MENGIKUT PIAWAI DI SK LUMAT, BEAUFORT, SABAH (XBA6034)",SIAP,100,100
2021,RMK,SABAH,BEAUFORT,XBA6305,"DAIF SABAH (2021) - PEMBINAAN BANGUNAN GANTIAN PENUH 1 UNIT RUMAH GURU DAN LAIN-LAIN KEMUDAHAN MENGIKUT PIAWAI DI SK KERUKAN, KUALA PENYU, SABAH (XBA6305)",SIAP,100,100
2021,RMK,SABAH,BELURAN,XBA2125,"DAIF SABAH (2021) - PEMBINAAN BANGUNAN GANTIAN PENUH DI SK TAGAS-TAGAS BELURAN, SABAH (XBA2125)",SIAP,100,100
2021,RMK,SABAH,KENINGAU,XBA1214,"DAIF SABAH (2021) - PEMBINAAN BANGUNAN GANTIAN DI SK LOTONG, TAMBUNAN, SABAH (XBA1214)",SIAP,100,100
2021,RMK,SABAH,KENINGAU,XBA1224,"DAIF SABAH (2021) - PEMBINAAN BANGUNAN  GANTIAN  DI SK TIONG WIDO, TAMBUNAN, SABAH (XBA1224)",SIAP,100,100
2021,RMK,SABAH,KIMANIS,XBA4261,"DAIF SABAH (2021) -PEMBINAAN BANGUNAN GANTIAN PENUH 12 BILIK DARJAH, PENTADBIRAN DAN LAIN-LAIN KEMUDAHAN MENGIKUT PIAWAI DI SK PEKAN KIMANIS, PAPAR, SABAH (XBA4261)",SIAP,100,100
2021,RMK,SABAH,KINABATANGAN,XBA2060,"DAIF SABAH (2021) -PEMBINAAN BANGUNAN GANTIAN PENUH 6 BILIK DARJAH, PENTADBIRAN DAN LAIN-LAIN KEMUDAHAN YANG MENGIKUT PIAWAI DI SK TANJONG ARU, SANDAKAN, SABAH (XBA2060)",SIAP,100,100
2021,RMK,SABAH,KOTA BELUD,XBA5348,"DAIF SABAH (2021) -PEMBINAAN BANGUNAN GANTIAN 6 BILIK DARJAH, PENTADBIRAN DAN LAIN-LAIN KEMUDAHAN MENGIKUT PIAWAI DI   SK TENGKURUS, KOTA BELUD, SABAH (XBA5348)",SIAP,100,100
2021,RMK,SABAH,KOTA BELUD,XBA5354,"DAIF SABAH (2021) - PEMBINAAN BANGUNAN GANTIAN 6 BILIK DARJAH, PENTADBIRAN DAN LAIN-LAIN KEMUDAHAN MENGIKUT PIAWAI DI SK TUGUSON, KOTA BELUD, SABAH (XBA5354)",SIAP,100,100
2021,RMK,SABAH,KOTA BELUD,XBA5361,"DAIF SABAH (2021) - PEMBINAAN BANGUNAN GANTIAN  DI SK KUALA ABAI, KOTA BELUD, SABAH (XBA5361)",SIAP,100,100
2021,RMK,SABAH,KUDAT,XBA5209,"DAIF SABAH (2021) - PEMBINAAN BANGUNAN GANTIAN 10 BILIK DARJAH, PENTADBIRAN, 2 PRASEKOLAH DAN LAIN-LAIN KEMUDAHAN MENGIKUT PIAWAI DI SK PINGGAN-PINGGAN, PITAS, SABAH (XBA5209)",SIAP,100,100
2021,RMK,SABAH,RANAU,XBA1202,"DAIF SABAH (2021) - PEMBINAAN BANGUNAN GANTIAN 2 UNIT RUMAH GURU DAN LAIN-LAIN KEMUDAHAN MENGIKUT PIAWAI DI SK KAINGARAN, TAMBUNAN, SABAH (XBA1202)",SIAP,100,100
2021,RMK,SABAH,RANAU,XEE5435,"DAIF SABAH (2021) - PEMBINAAN BANGUNAN GANTIAN DI SMK MAT SALLEH RANAU, SABAH (XBA5435)",SIAP,100,100
2021,RMK,SABAH,SILAM,XEE3201,"DAIF SABAH (2021) - PEMBINAAN BANGUNAN GANTIAN DI SMK KUNAK, KUNAK, SABAH (XEE3201)",SIAP,100,100
2021,RMK,SABAH,TENOM,XBA1308,"DAIF SABAH (2021) - PEMBINAAN BANGUNAN GANTIAN PENUH DI SK ENTABUAN, TENOM, SABAH (XBA 1308)",SIAP,100,100
2021,RMK,SARAWAK,BETONG,YEE2401,"DAIF SARAWAK (2021) - PEMBINAAN GANTIAN DAN TAMBAHAN BANGUNAN DI SMK SARIBAS, DEBAK, BETONG, SARAWAK",SIAP,100,100
2021,RMK,SARAWAK,SARIKEI,YEE6101,"DAIF SARAWAK (2021) - PEMBINAAN GANTIAN DAN TAMBAHAN BANGUNAN DI SMK SG. PAOH, SARIKEI, SARAWAK",SIAP,100,100
2021,RMK,TERENGGANU,DUNGUN,TBA1028,"DAIF TERENGGANU (2021) - PEMBINAAN BANGUNAN GANTIAN PENUH DI SK LINTANG, DUNGUN, TERENGGANU (TBA 1028)",SIAP,100,100
2021,RMK,TERENGGANU,KEMAMAN,TBA2011,"DAIF TERENGGANU (2021) -PEMBINAAN BANGUNAN GANTIAN PENUH DI SK BUKIT KUANG, KEMAMAN, TERENGGANU (TBA 2011)",SIAP,100,100
2021,RMK,WILAYAH PERSEKUTUAN,LABUAN,WEE1011,"DAIF WILAYAH PERSEKUTUAN LABUAN (2021) - PEMBINAAN BANGUNAN GANTIAN DAN BANGUNAN TAMBAHAN  DI SMK LABUAN, WILAYAH PERSEKUTUAN LABUAN (WEE1011)",SIAP,100,100
2022,RMK,JOHOR,TANJUNG PIAI,JBA6023,"DAIF JOHOR (2022) - PEMBINAAN BANGUNAN GANTIAN KANTIN DAN LAIN-LAIN KEMUDAHAN DI SK PARIT PATAH, PONTIAN, JOHOR",SIAP,100,100
2022,RMK,KELANTAN,PASIR MAS,DBA3207,"DAIF KELANTAN (2022) - PEMBINAAN BANGUNAN GANTIAN PRASEKOLAH DI SK GUAL SITOK, PASIR MAS, KELANTAN (DBA3207)",SIAP,100,100
2022,RMK,KELANTAN,PASIR MAS,DBA3210,"DAIF KELANTAN (2022) - PEMBINAAN BANGUNAN GANTIAN PRASEKOLAH DI SK KANGKONG, PASIR MAS, KELANTAN (DBA3210)",SIAP,100,100
2022,RMK,KELANTAN,TUMPAT,DBA6335,"DAIF KELANTAN (2022) - GANTIAN PENUH KANTIN SEKOLAH DAN BINA BAHARU 1 BILIK DARJAH PRASEKOLAH DI SK KEBAKAT JAYA,TUMPAT, KELANTAN. (DBA6335)",SIAP,100,100
2022,RMK,KELANTAN,TUMPAT,DBA6353,"DAIF KELANTAN (2022) - PEMBINAAN BANGUNAN GANTIAN PRASEKOLAH DI SK SIMPANGAN, TUMPAT, KELANTAN (DBA6353)",SIAP,100,100
2022,RMK,NEGERI SEMBILAN,PORT DICKSON,NBA2003,"DAIF NEGERI SEMBILAN (2022) - PEMBINAAN BANGUNAN GANTIAN 10 BILIK DARJAH DAN LAIN-LAIN KEMUDAHAN DI SEKOLAH KEBANGSAAN SI RUSA, PORT DICKSON, NEGERI SEMBILAN (NBA2003)",SIAP,100,100
2022,RMK,NEGERI SEMBILAN,SEREMBAN,NBA4001,"DAIF NEGERI SEMBILAN (2022) - PEMBINAAN BANGUNAN GANTIAN 4 BILIK DARJAH, 2 PPKI, 1 UNIT PRASEKOLAH DAN LAIN-LAIN KEMUDAHAN DI SK DATO KLANA PUTRA, SEREMBAN, NEGERI SEMBILAN (NBA4001)",SIAP,100,100
2022,RMK,PERAK,LARUT,ABA6023,"DAIF PERAK (2022) - PEMBINAAN GANTIAN PENUH 2 BILIK DARJAH PRASEKOLAH DI SK TOH SAJAK, BATU KURAU, PERAK (ABA6023)",SIAP,100,100
2022,RMK,PERAK,SUNGAI SIPUT,ABA4031,"DAIF PERAK (2022) - PEMBINAAN BANGUNAN GANTIAN DI SEKOLAH KEBANGSAAN KARAI, KUALA KANGSAR, PERAK (ABA4031)",SIAP,100,100
2022,RMK,SABAH,KOTA MARUDU,XBA5089,"DAIF SABAH (2022) - PEMBINAAN BANGUNAN GANTIAN PENUH 4 BILIK DARJAH, BLOK PENTADBIRAN, BILIK SAINS, PUSAT SUMBER SEKOLAH, TANDAS DAN LAIN-LAIN KEMUDAHAN BERKAITAN DI SK PARAPAT DARAT KUDAT, KUDAT, SABAH",SIAP,100,100
2022,RMK,SABAH,TENOM,XBA1348,"DAIF SABAH (2022) - PEMBINAAN BANGUNAN GANTIAN PENUH 1 BLOK PENTADBIRAN DAN LAIN-LAIN KEMUDAHAN MENGIKUT PIAWAI DI SK JAWA SUMBILING, TENOM, SABAH",SIAP,100,100
2022,RMK,TERENGGANU,HULU TERENGGANU,TBA5025,"DAIF TERENGGANU(2022) - PEMBINAAN GANTIAN PENUH 6 BILIK DARJAH DAN LAIN-LAIN KEMUDAHAN DI SK BUKIT TADOK, HULU TERENGGANU, TERENGGANU (TBA5025)",SIAP,100,100
2022,RMK,TERENGGANU,KEMAMAN,TBA2013,"DAIF TERENGGANU (2022) - PEMBINAAN GANTIAN DEWAN TERTUTUP DAN LAIN-LAIN KEMUDAHAN DI SK KIJAL, KEMAMAN, TERENGGANU (TBA2013)",SIAP,100,100
2022,RMK,TERENGGANU,SETIU,TBA6117,"DAIF TERENGGANU (2022) - PEMBINAAN GANTIAN PENUH 1 BILIK DARJAH PRASEKOLAH DI SK JELAPANG, SETIU, TERENGGANU (TBA6117)",SIAP,100,100
2023,RMK,JOHOR,KLUANG,JBA2019,"DAIF JOHOR (2023) - PEMBINAAN SEMULA BANGUNAN DAIF DI SEKOLAH KEBANGSAAN KAMPONG MELAYU, KLUANG, JOHOR (JBA2019)",SIAP,100,100
2023,RMK,JOHOR,KLUANG,JBB2049,"DAIF JOHOR (2023) - PEMBINAAN SEMULA BANGUNAN DAIF DI SEKOLAH KEBANGSAAN TUNKU MAHMOOD 1, KLUANG, JOHOR (JBB2049)",SIAP,100,100
2023,RMK,KEDAH,KUBANG PASU,KBA4009,"DAIF KEDAH (2023) - PEMBINAAN SEMULA BANGUNAN DAIF DI SEKOLAH KEBANGSAAN JITRA, KUBANG PASU, KEDAH (KBA4009)",SIAP,100,100
2023,RMK,MELAKA,ALOR GAJAH,MBC1041,"DAIF MELAKA (2023) - PEMBINAAN SEMULA BANGUNAN DAIF DI SEKOLAH JENIS KEBANGSAAN CINA ON LOK, JASIN, MELAKA (MBC1041)",SIAP,100,100
2023,RMK,MELAKA,MASJID TANAH,MBA0022,"DAIF MELAKA (2023) - PEMBINAAN SEMULA BANGUNAN DAIF DI SEKOLAH SK SIMPANG EMPAT, ALOR GAJAH, MELAKA (MBA0022)",SIAP,100,100
2023,RMK,PAHANG,BENTONG,CEA0014,"DAIF PAHANG (2023) - PEMBINAAN SEMULA BANGUNAN DAIF DI SEKOLAH MENENGAH KEBANGSAAN BENTONG, BENTONG, PAHANG (CEA0014)",SIAP,100,100
2023,RMK,PAHANG,MARAN,CBA9048,"DAIF PAHANG (2023) - PEMBINAAN SEMULA BANGUNAN DAIF DI SEKOLAH KEBANGSAAN (LKTP) KG AWAH, MARAN, PAHANG (CBA9048)",SIAP,100,100
2023,RMK,PERAK,GERIK,ABA7019,"DAIF PERAK (2023) - PEMBINAAN SEMULA BANGUNAN DAIF DI SEKOLAH KEBANGSAAN SERI ADIKA RAJA, HULU PERAK, PERAK (ABA7019)",SIAP,100,100
2023,RMK,PERAK,GERIK,ABA7020,"DAIF PERAK (2023) - PEMBINAAN SEMULA BANGUNAN DAIF DI SEKOLAH KEBANGSAAN TAN SRI GHAZALI JAWI, HULU PERAK, PERAK (ABA7020)",SIAP,100,100
2023,RMK,PULAU PINANG,KEPALA BATAS,PEA2086,"DAIF PULAU PINANG (2023) - PEMBINAAN SEMULA BANGUNAN DAIF DI SEKOLAH MENENGAH KEBANGSAAN BERTAM INDAH, PULAU PINANG (PEA2086)",SIAP,100,100
2023,RMK,SELANGOR,HULU LANGAT,BBA4001,"DAIF SELANGOR (2023) - PEMBINAAN SEMULA BANGUNAN DAIF PRASEKOLAH DI SEKOLAH KEBANGSAAN SUNGAI SERAI, HULU LANGAT, SELANGOR (BBA4001)",SIAP,100,100
2023,RMK,SELANGOR,HULU LANGAT,BBA4023,"DAIF SELANGOR (2023) - PEMBINAAN SEMULA BANGUNAN DAIF DI SEKOLAH KEBANGSAAN RINCHING HILIR, HULU LANGAT, SELANGOR (BBA4023)",SIAP,100,100
2023,RMK,SELANGOR,SUNGAI BESAR,BBA6002,"DAIF SELANGOR (2023) - PEMBINAAN SEMULA BANGUNAN DAIF DI SEKOLAH KEBANGSAAN SUNGAI HAJI DORANI, SABAK BERNAM, SELANGOR (BBA6002)",SIAP,100,100
2023,RMK,TERENGGANU,MARANG,TBA4004,"DAIF TERENGGANU (2023) - PEMBINAAN SEMULA BANGUNAN DAIF DI SEKOLAH KEBANGSAAN MERCHANG, MARANG, TERENGGANU (TBA4004)",SIAP,100,100
2024,RMK,SARAWAK,BATANG SADONG,YBA8307,"DAIF SARAWAK RINTIS (2024): GANTIAN BLOK PENTADBIRAN DAN KUARTERS GURU DI SEKOLAH KEBANGSAAN KAMPUNG GUMPEY, SIMUNJAN, SARAWAK",SIAP,100,100
2024,RMK,SARAWAK,PUNCAK BORNEO,YBB1314,"DAIF SARAWAK RINTIS (2024): GANTIAN BLOK PENTADBIRAN DAN 3 BILIK DARJAH DI SEKOLAH KEBANGSAAN PELAMAN SIDUNUK, SERIAN, SARAWAK",SIAP,100,100
2024,RMK,SARAWAK,SRI AMAN,YBB2102,"DAIF SARAWAK RINTIS (2024): GANTIAN BLOK ASRAMA, DEWAN MAKAN DAN KUARTERS GURU DI SEKOLAH KEBANGSAAN BATU LINTANG, SRI AMAN, SARAWAK",SIAP,100,100
