id,ppd,jenis_sekolah,kod_sekolah,nama_sekolah,alamat,poskod,bandar,no_telefon,no_faks,emel,lokasi,kerajaan/bantuan/swasta,bil_murid,bil_guru,x,y,primary_secondary,district,parlimen,dun
1,PPD BARAM,SJKC,YCC4302,SEKOLAH JENIS KEBANGSAAN (CINA) CHUNG HUA,"D/A PEJABAT PENDIDIKAN DAERAH BARAM, JALAN KAMPUNG NARUM",98050,"MARUDI, BARAM",85755843,85755843,YCC4302@moe.edu.my,Luar Bandar,SBK,146,16,114.323827,4.179582,Primary,Marudi,P.220 Baram,N.76 Marudi
2,PPD BARAM,SJKC,YCC4305,SEKOLAH JENIS KEBANGSAAN (CINA) HUA NAM,"D/A PEJABAT PENDIDIKAN DAERAH BARAM, JALAN KAMPUNG NARUM",98050,"MARUDI, BARAM",TIADA,TIADA,YCC4305@moe.edu.my,Luar Bandar,SBK,74,11,114.348339,4.129354,Primary,Marudi,P.220 Baram,N.78 Mulu
3,PPD BARAM,SJKC,YCC4303,SEKOLAH JENIS KEBANGSAAN (CINA) KEE TEE,D/A PEJABAT PENDIDIKAN DAERAH MARUDI,98050,MARUDI,85771270,85771270,YCC4303@moe.edu.my,Luar Bandar,SBK,96,13,114.404446,3.762385,Primary,Telang Usan,P.220 Baram,N.77 Telang Usan
4,PPD BARAM,SJKC,YBC4302,SEKOLAH JENIS KEBANGSAAN SUNGAI JAONG MARUDI,P.O.BOX 61,98050,"MARUDI, BARAM",85755219,85756931,YBC4302@moe.edu.my,Luar Bandar,SK,209,26,114.3331734,4.182942,Primary,Marudi,P.220 Baram,N.78 Mulu
5,PPD BARAM,SK,YBB4331,SEKOLAH KEBANGSAAN BARIO,DATARAN TINGGI KELABIT BARIO,98050,MARUDI,145995993,TIADA,YBB4331@moe.edu.my,Luar Bandar,SK,96,14,115.454373,3.748954,Primary,Miri,P.220 Baram,N.78 Mulu
6,PPD BARAM,SK,YBA4310,SEKOLAH KEBANGSAAN BATU BUNGAN,"D/A PEJABAT PENDIDIKAN DAERAH BARAM, JALAN KAMPUNG NARUM",98050,"MARUDI, BARAM",TIADA,TIADA,YBA4310@moe.edu.my,Luar Bandar,SK,85,14,114.816549,4.053206,Primary,Marudi,P.220 Baram,N.78 Mulu
7,PPD BARAM,SK,YBB4354,SEKOLAH KEBANGSAAN BENAWA,"D/A PEJABAT PENDIDIKAN DAERAH BARAM, JALAN KAMPUNG NARUM",98050,"MARUDI, BARAM",TIADA,TIADA,YBB4354@moe.edu.my,Luar Bandar,SK,40,13,114.344869,4.031722,Primary,Marudi,P.220 Baram,N.76 Marudi
8,PPD BARAM,SK,YBE4301,SEKOLAH KEBANGSAAN DATO SHARIF HAMID,"D/A PEJABAT PENDIDIKAN DAERAH BARAM, JALAN KAMPUNG NARUM",98050,"MARUDI, BARAM",85756089,85756089,YBE4301@moe.edu.my,Luar Bandar,SK,246,33,114.314834,4.177832,Primary,Marudi,P.220 Baram,N.76 Marudi
9,PPD BARAM,SK,YCB4303,SEKOLAH KEBANGSAAN GOOD SHEPHERD,"D/A PEJABAT PENDIDIKAN DAERAH BARAM, JALAN KAMPUNG NARUM",98050,"MARUDI, BARAM",85755735,85755735,YCB4303@moe.edu.my,Luar Bandar,SBK,207,25,114.332013,4.177549,Primary,Marudi,P.220 Baram,N.76 Marudi
10,PPD BARAM,SK,YBB4364,SEKOLAH KEBANGSAAN KUALA BOK,"D/A PEJABAT PENDIDIKAN DAERAH BARAM, JALAN KAMPUNG NARUM",98050,"MARUDI, BARAM",TIADA,TIADA,YBB4364@moe.edu.my,Luar Bandar,SK,52,13,114.161999,3.779937,Primary,Beluru,P.220 Baram,N.76 Marudi
11,PPD BARAM,SK,YBB4343,SEKOLAH KEBANGSAAN KUALA TUTOH,KUALA TUTOH,98050,MARUDI,TIADA,TIADA,YBB4343@moe.edu.my,Luar Bandar,SK,22,8,114.394283,4.020268,Primary,Marudi,P.220 Baram,N.78 Mulu
12,PPD BARAM,SK,YBB4315,SEKOLAH KEBANGSAAN LIO MATO,"D/A PEJABAT PENDIDIKAN DAERAH BARAM, JALAN KAMPUNG NARUM",98050,"MARUDI, BARAM",TIADA,TIADA,YBB4315@moe.edu.my,Luar Bandar,SK,34,12,115.222679,3.169159,Primary,Telang Usan,P.220 Baram,N.78 Mulu
13,PPD BARAM,SK,YBB4314,SEKOLAH KEBANGSAAN LONG ANAP,"SK Long Anap D/A PPD Baram, Lot 1081 & 1082, Jln Kpg Narum",98050,MARUDI,TIADA,TIADA,YBB4314@moe.edu.my,Luar Bandar,SK,43,10,114.819521,3.063489,Primary,Telang Usan,P.220 Baram,N.77 Telang Usan
14,PPD BARAM,SK,YBB4351,SEKOLAH KEBANGSAAN LONG APU,"D/A PEJABAT PENDIDIKAN DAERAH BARAM, JALAN KAMPUNG NARUM",98050,"MARUDI, BARAM",TIADA,TIADA,YBB4351@moe.edu.my,Luar Bandar,SK,28,11,114.81391,3.140773,Primary,Telang Usan,P.220 Baram,N.77 Telang Usan
15,PPD BARAM,SK,YBB4319,SEKOLAH KEBANGSAAN LONG ATIP,"D/A PEJABAT PENDIDIKAN DAERAH BARAM, JALAN KAMPUNG NARUM",98050,"MARUDI, BARAM",TIADA,TIADA,YBB4319@moe.edu.my,Luar Bandar,SK,13,7,114.708866,3.827639,Primary,Telang Usan,P.220 Baram,N.77 Telang Usan
16,PPD BARAM,SK,YBB4308,SEKOLAH KEBANGSAAN LONG ATON,"D/A PEJABAT PENDIDIKAN DAERAH BARAM, JALAN KAMPUNG NARUM",98050,"MARUDI, BARAM",085-755467,TIADA,YBB4308@moe.edu.my,Luar Bandar,SK,107,13,114.344866,3.251575,Primary,Beluru,P.220 Baram,N.77 Telang Usan
17,PPD BARAM,SK,YBB4338,SEKOLAH KEBANGSAAN LONG BANGA,"D/A PEJABAT PENDIDIKAN DAERAH BARAM, JALAN KAMPUNG NARUM",98050,"MARUDI, BARAM",TIADA,TIADA,YBB4338@moe.edu.my,Luar Bandar,SK,106,11,115.388923,3.203549,Primary,Miri,P.220 Baram,N.78 Mulu
18,PPD BARAM,K9,YBB4313,SEKOLAH KEBANGSAAN LONG BEDIAN,"D/A PEJABAT PENDIDIKAN DAERAH BARAM, JALAN KAMPUNG NARUM",98050,"MARUDI, BARAM",TIADA,TIADA,YBB4313@moe.edu.my,Luar Bandar,SK,505,39,114.734688,3.795058,Primary,Telang Usan,P.220 Baram,N.77 Telang Usan
19,PPD BARAM,SK,YBB4316,SEKOLAH KEBANGSAAN LONG BEMANG,LONG BEMANG,98050,MARUDI,TIADA,TIADA,YBB4316@moe.edu.my,Luar Bandar,SK,118,14,114.592433,3.856936,Primary,Marudi,P.220 Baram,N.77 Telang Usan
20,PPD BARAM,SK,YBB4303,SEKOLAH KEBANGSAAN LONG IKANG,"D/A PEJABAT PENDIDIKAN DAERAH BARAM, JALAN KAMPUNG NARUM",98050,"MARUDI, BARAM",TIADA,TIADA,YBB4303@moe.edu.my,Luar Bandar,SK,18,8,114.446157,3.915752,Primary,Telang Usan,P.220 Baram,N.77 Telang Usan
21,PPD BARAM,SK,YBB4334,SEKOLAH KEBANGSAAN LONG JEEH,"D/A PEJABAT PENDIDIKAN DAERAH BARAM, JALAN KAMPUNG NARUM",98050,"MARUDI, BARAM",TIADA,TIADA,YBB4334@moe.edu.my,Luar Bandar,SK,29,12,114.92548,2.964946,Primary,Telang Usan,P.220 Baram,N.77 Telang Usan
22,PPD BARAM,SK,YBB4317,SEKOLAH KEBANGSAAN LONG JEGAN,SEKOLAH KEBANGSAAN LONG JEGAN D/A PPD BARAM,98050,MARUDI,TIADA,TIADA,YBB4317@moe.edu.my,Luar Bandar,SK,115,14,114.115629,3.583234,Primary,Beluru,P.220 Baram,N.76 Marudi
23,PPD BARAM,SK,YBA4311,SEKOLAH KEBANGSAAN LONG JEKITAN,"D/A PEJABAT PENDIDIKAN DAERAH BARAM, JALAN KAMPUNG NARUM",98050,"MARUDI, BARAM",TIADA,TIADA,YBA4311@moe.edu.my,Luar Bandar,SK,140,13,114.930514,2.859953,Primary,Telang Usan,P.220 Baram,N.78 Mulu
24,PPD BARAM,SK,YBB4329,SEKOLAH KEBANGSAAN LONG KESSEH,"D/A PEJABAT PENDIDIKAN DAERAH BARAM, JALAN KAMPUNG NARUM",98050,"MARUDI, BARAM",TIADA,TIADA,YBB4329@moe.edu.my,Luar Bandar,SK,22,8,114.511136,3.454136,Primary,Telang Usan,P.220 Baram,N.77 Telang Usan
25,PPD BARAM,SK,YBA4309,SEKOLAH KEBANGSAAN LONG KEVOK,"D/A PEJABAT PENDIDIKAN DAERAH BARAM, JALAN KAMPUNG NARUM",98050,"MARUDI, BARAM",TIADA,TIADA,YBA4309@moe.edu.my,Luar Bandar,SK,154,13,114.906448,3.801749,Primary,Telang Usan,P.220 Baram,N.77 Telang Usan
26,PPD BARAM,SK,YBB4327,SEKOLAH KEBANGSAAN LONG LAMEI,"D/A PEJABAT PENDIDIKAN DAERAH BARAM, JALAN KAMPUNG NARUM",98050,"MARUDI, BARAM",TIADA,TIADA,YBB4327@moe.edu.my,Luar Bandar,SK,65,11,115.386434,3.170848,Primary,Miri,P.220 Baram,N.78 Mulu
27,PPD BARAM,SK,YBA4308,SEKOLAH KEBANGSAAN LONG LAPOK,"D/A PEJABAT PENDIDIKAN DAERAH BARAM, JALAN KAMPUNG NARUM",98050,"MARUDI, BARAM",TIADA,TIADA,YBA4308@moe.edu.my,Luar Bandar,SK,380,24,114.148948,3.731856,Primary,Beluru,P.220 Baram,N.76 Marudi
28,PPD BARAM,SK,YBB4310,SEKOLAH KEBANGSAAN LONG LAPUT,"D/A PEJABAT PENDIDIKAN DAERAH BARAM, JALAN KAMPUNG NARUM",98050,"MARUDI, BARAM",TIADA,TIADA,YBB4310@moe.edu.my,Luar Bandar,SK,104,14,114.426899,3.732109,Primary,Telang Usan,P.220 Baram,N.77 Telang Usan
29,PPD BARAM,SK,YBB4311,SEKOLAH KEBANGSAAN LONG LELLANG,"D/A PEJABAT PENDIDIKAN DAERAH BARAM, JALAN KAMPUNG NARUM",98050,"MARUDI, BARAM",TIADA,TIADA,YBB4311@moe.edu.my,Luar Bandar,SK,51,10,115.153139,3.418222,Primary,Miri,P.220 Baram,N.78 Mulu
30,PPD BARAM,SK,YBB4367,SEKOLAH KEBANGSAAN LONG LENEI,D/A PEJABAT PENDIDIKAN DAERAH BARAM,98050,MARUDI,TIADA,TIADA,YBB4367@moe.edu.my,Luar Bandar,SK,37,12,114.493291,4.062012,Primary,Marudi,P.220 Baram,N.78 Mulu
31,PPD BARAM,SK,YBB4326,SEKOLAH KEBANGSAAN LONG LOYANG,D/A PEJABAT PENDIDIKAN DAERAH MARUDI,98050,MARUDI,TIADA,TIADA,YBB4326@moe.edu.my,Luar Bandar,SK,92,14,114.118949,3.447298,Primary,Beluru,P.220 Baram,N.77 Telang Usan
32,PPD BARAM,SK,YBA4306,SEKOLAH KEBANGSAAN LONG LUTENG,"D/A PEJABAT PENDIDIKAN DAERAH BARAM, JALAN KAMPUNG NARUM",98050,"MARUDI, BARAM",TIADA,85756893,YBA4306@moe.edu.my,Luar Bandar,SK,160,14,114.751212,3.533309,Primary,Telang Usan,P.220 Baram,N.77 Telang Usan
33,PPD BARAM,SK,YBB4357,SEKOLAH KEBANGSAAN LONG MAKABAR,"D/A PEJABAT PENDIDIKAN DAERAH BARAM, JALAN KAMPUNG NARUM",98050,"MARUDI, BARAM",145751196,TIADA,YBB4357@moe.edu.my,Luar Bandar,SK,41,11,114.9423972,2.9096167,Primary,Telang Usan,P.220 Baram,N.78 Mulu
34,PPD BARAM,SK,YBB4333,SEKOLAH KEBANGSAAN LONG MIRI,"D/A PEJABAT PENDIDIKAN DAERAH BARAM, JALAN KAMPUNG NARUM",98050,"MARUDI, BARAM",TIADA,TIADA,YBB4333@moe.edu.my,Luar Bandar,SK,59,16,114.434259,3.589112,Primary,Telang Usan,P.220 Baram,N.77 Telang Usan
35,PPD BARAM,SK,YBB4307,SEKOLAH KEBANGSAAN LONG MOH,"D/A PEJABAT PENDIDIKAN DAERAH BARAM, JALAN KAMPUNG NARUM",98050,"MARUDI, BARAM",TIADA,TIADA,YBB4307@moe.edu.my,Luar Bandar,SK,52,9,115.075358,3.05446,Primary,Telang Usan,P.220 Baram,N.78 Mulu
36,PPD BARAM,SK,YBB4335,SEKOLAH KEBANGSAAN LONG NAAH,D/A PEJABAT PENDIDIKAN DAERAH MARUDI,98050,MARUDI,TIADA,TIADA,YBB4335@moe.edu.my,Luar Bandar,SK,57,10,114.5942222,3.3291111,Primary,Telang Usan,P.220 Baram,N.77 Telang Usan
37,PPD BARAM,SK,YBB4348,SEKOLAH KEBANGSAAN LONG PALAI,"D/A PEJABAT PENDIDIKAN DAERAH BARAM, JALAN KAMPUNG NARUM",98050,"MARUDI, BARAM",TIADA,TIADA,YBB4348@moe.edu.my,Luar Bandar,SK,39,10,114.850172,3.042718,Primary,Telang Usan,P.220 Baram,N.77 Telang Usan
38,PPD BARAM,SK,YBB4309,SEKOLAH KEBANGSAAN LONG PANAI,"D/A PEJABAT PENDIDIKAN DAERAH BARAM, JALAN KAMPUNG NARUM",98050,"MARUDI, BARAM",TIADA,TIADA,YBB4309@moe.edu.my,Luar Bandar,SK,19,9,114.540989,3.948216,Primary,Marudi,P.220 Baram,N.78 Mulu
39,PPD BARAM,SK,YBA4304,SEKOLAH KEBANGSAAN LONG PELUTAN,"D/A PEJABAT PENDIDIKAN DAERAH BARAM, JALAN KAMPUNG NARUM",98050,"MARUDI, BARAM",TIADA,TIADA,YBA4304@moe.edu.my,Luar Bandar,SK,68,10,114.4907833,3.5558,Primary,Telang Usan,P.220 Baram,N.77 Telang Usan
40,PPD BARAM,SK,YBB4330,SEKOLAH KEBANGSAAN LONG PILLAH,"D/A PEJABAT PENDIDIKAN DAERAH BARAM, JALAN KAMPUNG NARUM",98050,"MARUDI, BARAM",TIADA,TIADA,YBB4330@moe.edu.my,Luar Bandar,SK,63,9,114.430557,3.483083,Primary,Telang Usan,P.220 Baram,N.77 Telang Usan
41,PPD BARAM,SK,YBA4301,SEKOLAH KEBANGSAAN LONG SAIT,"D/A PEJABAT PENDIDIKAN DAERAH BARAM, JALAN KAMPUNG NARUM",98050,"MARUDI, BARAM",TIADA,TIADA,YBA4301@moe.edu.my,Luar Bandar,SK,38,11,115.192766,3.305227,Primary,Miri,P.220 Baram,N.78 Mulu
42,PPD BARAM,SK,YBB4360,SEKOLAH KEBANGSAAN LONG SEPILING,"D/A PEJABAT PENDIDIKAN DAERAH BARAM, JALAN KAMPUNG NARUM",98050,"MARUDI, BARAM",TIADA,TIADA,YBB4360@moe.edu.my,Luar Bandar,SK,10,7,114.275018,3.916393,Primary,Marudi,P.220 Baram,N.76 Marudi
43,PPD BARAM,SK,YBB4328,SEKOLAH KEBANGSAAN LONG SERIDAN,"D/A PEJABAT PENDIDIKAN DAERAH BARAM, JALAN KAMPUNG NARUM",98050,"MARUDI, BARAM",TIADA,TIADA,YBB4328@moe.edu.my,Luar Bandar,SK,78,13,115.067394,3.974385,Primary,Miri,P.220 Baram,N.78 Mulu
44,PPD BARAM,SK,YBB4352,SEKOLAH KEBANGSAAN LONG SOBENG,"D/A PEJABAT PENDIDIKAN DAERAH BARAM, JALAN KAMPUNG NARUM",98050,"MARUDI, BARAM",138241730,,YBB4352@moe.edu.my,Luar Bandar,SK,19,9,114.274319,3.327216,Primary,Beluru,P.220 Baram,N.77 Telang Usan
45,PPD BARAM,SK,YBA4303,SEKOLAH KEBANGSAAN LONG TERAN KANAN,"D/A PEJABAT PENDIDIKAN DAERAH BARAM, JALAN KAMPUNG NARUM",98050,"MARUDI, BARAM",TIADA,TIADA,YBA4303@moe.edu.my,Luar Bandar,SK,106,15,114.147756,3.613456,Primary,Beluru,P.220 Baram,N.76 Marudi
46,PPD BARAM,SK,YBB4306,SEKOLAH KEBANGSAAN LONG TERU,"LONG TERU, TINJAR",98050,MARUDI,TIADA,TIADA,YBB4306@moe.edu.my,Luar Bandar,SK,37,11,114.244513,3.864061,Primary,Beluru,P.220 Baram,N.76 Marudi
47,PPD BARAM,SK,YBB4356,SEKOLAH KEBANGSAAN LONG TUNGAN,"D/A PEJABAT PENDIDIKAN DAERAH BARAM, JALAN KAMPUNG NARUM",98050,"MARUDI, BARAM",TIADA,TIADA,YBB4356@moe.edu.my,Luar Bandar,SK,15,10,115.182681,3.160849,Primary,Telang Usan,P.220 Baram,N.78 Mulu
48,PPD BARAM,SK,YBB4362,SEKOLAH KEBANGSAAN LONG WAT,"D/A PEJABAT PENDIDIKAN DAERAH BARAM, JALAN KAMPUNG NARUM",98050,"MARUDI, BARAM",85755808,TIADA,YBB4362@moe.edu.my,Luar Bandar,SK,27,8,114.68,3.86,Primary,Telang Usan,P.220 Baram,N.77 Telang Usan
49,PPD BARAM,SK,YBB4304,SEKOLAH KEBANGSAAN LUBOK NIBONG,"D/A PEJABAT PENDIDIKAN DAERAH BARAM, JALAN KAMPUNG NARUM",98050,"MARUDI, BARAM",TIADA,TIADA,YBB4304@moe.edu.my,Luar Bandar,SK,40,14,114.3129,4.148115,Primary,Marudi,P.220 Baram,N.78 Mulu
50,PPD BARAM,SK,YBB4320,SEKOLAH KEBANGSAAN MOREK,KAMPUNG LONG BANYOK BARAM,98050,MARUDI,TIADA,TIADA,YBB4320@moe.edu.my,Luar Bandar,SK,78,13,114.448614,3.845463,Primary,Marudi,P.220 Baram,N.77 Telang Usan
51,PPD BARAM,SK,YBB4347,SEKOLAH KEBANGSAAN PA ' DALLIH,"D/A PEJABAT PENDIDIKAN DAERAH BARAM, JALAN KAMPUNG NARUM",98050,"MARUDI, BARAM",TIADA,TIADA,YBB4347@moe.edu.my,Luar Bandar,SK,37,11,115.554042,3.567996,Primary,Miri,P.220 Baram,N.78 Mulu
52,PPD BARAM,SK,YBB4301,SEKOLAH KEBANGSAAN PENGARAH ENTERI,"D/A PEJABAT PENDIDIKAN DAERAH BARAM, JALAN KAMPUNG NARUM",98050,"MARUDI, BARAM",TIADA,TIADA,YBB4301@moe.edu.my,Luar Bandar,SK,123,16,114.272348,3.668715,Primary,Beluru,P.220 Baram,N.76 Marudi
53,PPD BARAM,SK,YBB4359,SEKOLAH KEBANGSAAN PENGELAYAN,"D/A PEJABAT PENDIDIKAN DAERAH BARAM, JALAN KAMPUNG NARUM",98050,"MARUDI, BARAM",TIADA,TIADA,YBB4359@moe.edu.my,Luar Bandar,SK,44,10,114.271291,4.451918,Primary,Marudi,P.220 Baram,N.76 Marudi
54,PPD BARAM,SK,YBB4349,SEKOLAH KEBANGSAAN PENGHULU BAYA MALLANG,"D/A PEJABAT PENDIDIKAN DAERAH BARAM, JALAN KAMPUNG NARUM",98050,"MARUDI, BARAM",TIADA,TIADA,YBB4349@moe.edu.my,Luar Bandar,SK,13,6,114.631872,3.985845,Primary,Marudi,P.220 Baram,N.78 Mulu
55,PPD BARAM,SK,YBB4305,SEKOLAH KEBANGSAAN POYUT,"D/A PEJABAT PENDIDIKAN DAERAH BARAM, JALAN KAMPUNG NARUM",98050,"MARUDI, BARAM",TIADA,TIADA,YBB4305@moe.edu.my,Luar Bandar,SK,93,16,114.387957,4.122098,Primary,Marudi,P.220 Baram,N.78 Mulu
56,PPD BARAM,SK,YBB4361,SEKOLAH KEBANGSAAN RUMAH GUDANG,"D/A PEJABAT PENDIDIKAN DAERAH BARAM, JALAN KAMPUNG NARUM",98050,"MARUDI, BARAM",TIADA,TIADA,YBB4361@moe.edu.my,Luar Bandar,SK,32,13,114.419263,4.200176,Primary,Marudi,P.220 Baram,N.78 Mulu
57,PPD BARAM,SK,YBB4340,SEKOLAH KEBANGSAAN SG ARANG,D/A PEJABAT PENDIDIKAN DAERAH BARAM,98050,"MARUDI, BARAM",TIADA,TIADA,YBB4340@moe.edu.my,Luar Bandar,SK,43,13,114.229556,4.268485,Primary,Marudi,P.220 Baram,N.76 Marudi
58,PPD BARAM,SK,YBB4332,SEKOLAH KEBANGSAAN SG BONG,"D/A PEJABAT PENDIDIKAN DAERAH BARAM, JALAN KAMPUNG NARUM",98050,"MARUDI, BARAM",TIADA,TIADA,YBB4332@moe.edu.my,Luar Bandar,SK,104,13,114.304328,3.732279,Primary,Beluru,P.220 Baram,N.76 Marudi
59,PPD BARAM,SK,YBB4337,SEKOLAH KEBANGSAAN SG BRIT,"D/A PEJABAT PENDIDIKAN DAERAH BARAM, JALAN KAMPUNG NARUM",98050,"MARUDI, BARAM",TIADA,TIADA,YBB4337@moe.edu.my,Luar Bandar,SK,47,12,114.360027,4.106908,Primary,Marudi,P.220 Baram,N.78 Mulu
60,PPD BARAM,SK,YBB4325,SEKOLAH KEBANGSAAN SG PEKING,"D/A PEJABAT PENDIDIKAN DAERAH BARAM, JALAN KAMPUNG NARUM",98050,"MARUDI, BARAM",TIADA,TIADA,YBB4325@moe.edu.my,Luar Bandar,SK,36,12,114.360017,3.91359,Primary,Beluru,P.220 Baram,N.76 Marudi
61,PPD BARAM,SK,YBB4344,SEKOLAH KEBANGSAAN SG SETAPANG,"D/A PEJABAT PENDIDIKAN DAERAH BARAM, JALAN KAMPUNG NARUM",98050,"MARUDI, BARAM",TIADA,TIADA,YBB4344@moe.edu.my,Luar Bandar,SK,33,12,114.435041,4.120428,Primary,Marudi,P.220 Baram,N.78 Mulu
62,PPD BARAM,SK,YCB4302,SEKOLAH KEBANGSAAN ST PIUS LONG SAN,"D/A PEJABAT PENDIDIKAN DAERAH BARAM, JALAN KAMPUNG NARUM",98050,"MARUDI, BARAM",TIADA,TIADA,YCB4302@moe.edu.my,Luar Bandar,SBK,301,23,114.783075,3.295903,Primary,Telang Usan,P.220 Baram,N.77 Telang Usan
63,PPD BARAM,SK,YBB4324,SEKOLAH KEBANGSAAN SUNGAI BAIN,"D/A PEJABAT PENDIDIKAN DAERAH BARAM, JALAN KAMPUNG NARUM",98050,"MARUDI, BARAM",TIADA,TIADA,YBB4324@moe.edu.my,Luar Bandar,SK,35,11,114.327923,3.827354,Primary,Beluru,P.220 Baram,N.76 Marudi
64,PPD BARAM,SK,YBB4339,SEKOLAH KEBANGSAAN SUNGAI SEBATU,"D/A PEJABAT PENDIDIKAN DAERAH BARAM, JALAN KAMPUNG NARUM",98050,"MARUDI, BARAM",TIADA,TIADA,YBB4339@moe.edu.my,Luar Bandar,SK,10,7,114.39722,3.846418,Primary,Beluru,P.220 Baram,N.76 Marudi
65,PPD BARAM,SK,YBB4322,SEKOLAH KEBANGSAAN UBONG IMANG,"D/A PEJABAT PENDIDIKAN DAERAH BARAM, JALAN KAMPUNG NARUM",98050,"MARUDI, BARAM",85771328,85771328,YBB4322@moe.edu.my,Luar Bandar,SK,147,18,114.399578,3.766924,Primary,Telang Usan,P.220 Baram,N.77 Telang Usan
66,PPD BARAM,SK,YBA4307,SEKOLAH KEBANGSAAN UMA BAWANG,"D/A PEJABAT PENDIDIKAN DAERAH BARAM, JALAN KAMPUNG NARUM",98050,"MARUDI, BARAM",TIADA,TIADA,YBA4307@moe.edu.my,Luar Bandar,SK,31,9,114.407219,3.602979,Primary,Telang Usan,P.220 Baram,N.77 Telang Usan
67,PPD BAU,SJKC,YCC1108,SEKOLAH JENIS KEBANGSAAN (CINA) CHUNG HUA BAU,D/A PEJABAT PENDIDIKAN DAERAH BAU,94000,BAU,82763172,82763172,YCC1108@moe.edu.my,Luar Bandar,SBK,291,27,110.15645,1.41345,Primary,Bau,P.192 Mas Gading,N.02 Tasik Biru
68,PPD BAU,SJKC,YCC1106,SEKOLAH JENIS KEBANGSAAN (CINA) CHUNG HUA BUSO,D/A PEJABAT PENDIDIKAN DAERAH BAU,94000,BAU,82370108,TIADA,YCC1106@moe.edu.my,Luar Bandar,SBK,72,14,110.1834167,1.450116667,Primary,Bau,P.192 Mas Gading,N.02 Tasik Biru
69,PPD BAU,SJKC,YCC1109,SEKOLAH JENIS KEBANGSAAN (CINA) CHUNG HUA KRANJI,D/A PEJABAT PENDIDIKAN DAERAH BAU,94000,BAU,82370352,82370353,YCC1109@moe.edu.my,Luar Bandar,SBK,105,13,110.2668333,1.450033333,Primary,Bau,P.196 Stampin,N.13 Batu Kitang
70,PPD BAU,SJKC,YCC1105,SEKOLAH JENIS KEBANGSAAN (CINA) CHUNG HUA MUSI,D/A PEJABAT PENDIDIKAN DAERAH BAU,94000,BAU,82374834,TIADA,YCC1105@moe.edu.my,Luar Bandar,SBK,59,13,110.1944167,1.470733333,Primary,Bau,P.192 Mas Gading,N.02 Tasik Biru
71,PPD BAU,SJKC,YCC1102,SEKOLAH JENIS KEBANGSAAN (CINA) CHUNG HUA PAKU,D/A PEJABAT PENDIDIKAN DAERAH BAUÂ ,94000,BAU,82370334,TIADA,YCC1102@moe.edu.my,Luar Bandar,SBK,133,13,110.1900167,1.42215,Primary,Bau,P.198 Puncak Borneo,N.18 Serembu
72,PPD BAU,SJKC,YCC1104,SEKOLAH JENIS KEBANGSAAN (CINA) CHUNG HUA SEBUKU,D/A PEJABAT PENDIDIKAN DAERAH BAU,94000,BAU,82370350,TIADA,YCC1104@moe.edu.my,Luar Bandar,SBK,63,12,110.1608667,1.435383333,Primary,Bau,P.192 Mas Gading,N.02 Tasik Biru
73,PPD BAU,SJKC,YCC1107,SEKOLAH JENIS KEBANGSAAN (CINA) CHUNG HUA SINIAWAN,D/A PEJABAT PENDIDIKAN DAERAH BAU,94000,BAU,82699170,82699170,YCC1107@moe.edu.my,Luar Bandar,SBK,247,27,110.2216167,1.446366667,Primary,Bau,P.198 Puncak Borneo,N.18 Serembu
74,PPD BAU,SJKC,YCC1101,SEKOLAH JENIS KEBANGSAAN (CINA) CHUNG HUA TAITON,D/A PEJABAT PENDIDIKAN DAERAH BAU,94000,BAU,82764080,82764080,YCC1101@moe.edu.my,Luar Bandar,SBK,188,16,110.1311,1.404316667,Primary,Bau,P.192 Mas Gading,N.02 Tasik Biru
75,PPD BAU,SJKC,YCC1103,SEKOLAH JENIS KEBANGSAAN (CINA) CHUNG HUA TONDONG,PEKAN TONDONG JALAN TONDONG BATU KAWA,94000,BAU,TIADA,TIADA,YCC1103@moe.edu.my,Luar Bandar,SBK,119,12,110.158,1.454283333,Primary,Bau,P.192 Mas Gading,N.02 Tasik Biru
76,PPD BAU,SK,YBA1101,SEKOLAH KEBANGSAAN APAR,D/A PEJABAT PENDIDIKAN DAERAH BAU,94000,BAU,TIADA,TIADA,YBA1101@moe.edu.my,Luar Bandar,SK,184,15,110.1459833,1.484166667,Primary,Bau,P.192 Mas Gading,N.02 Tasik Biru
77,PPD BAU,SK,YBB1103,SEKOLAH KEBANGSAAN ATAS,D/A PEJABAT PENDIDIKAN DAERAH BAU,94000,BAU,TIADA,TIADA,YBB1103@moe.edu.my,Luar Bandar,SK,148,18,110.1709833,1.49305,Primary,Bau,P.192 Mas Gading,N.02 Tasik Biru
78,PPD BAU,SK,YBB1115,SEKOLAH KEBANGSAAN BAU,D/A PEJABAT PENDIDIKAN DAERAH BAU,94000,BAU,82763243,TIADA,YBB1115@moe.edu.my,Luar Bandar,SK,323,35,110.1690167,1.408166667,Primary,Bau,P.192 Mas Gading,N.02 Tasik Biru
79,PPD BAU,SK,YBB1101,SEKOLAH KEBANGSAAN BUSO,D/A PEJABAT PENDIDIKAN DAERAH BAU,94000,BAU,TIADA,TIADA,YBB1101@moe.edu.my,Luar Bandar,SK,44,14,110.1812833,1.4498,Primary,Bau,P.192 Mas Gading,N.02 Tasik Biru
80,PPD BAU,SK,YBB1107,SEKOLAH KEBANGSAAN GROGO,D/A PEJABAT PENDIDIKAN DAERAH BAU,94000,BAU,TIADA,TIADA,YBB1107@moe.edu.my,Luar Bandar,SK,199,25,110.1301333,1.45485,Primary,Bau,P.192 Mas Gading,N.02 Tasik Biru
81,PPD BAU,SK,YBB1111,SEKOLAH KEBANGSAAN GUMBANG,D/A PEJABAT PENDIDIKAN DAERAH BAU,94000,BAU,TIADA,TIADA,YBB1111@moe.edu.my,Luar Bandar,SK,77,15,110.0562,1.2782,Primary,Bau,P.198 Puncak Borneo,N.18 Serembu
82,PPD BAU,SK,YBB1105,SEKOLAH KEBANGSAAN JAGOI,D/A PEJABAT PENDIDIKAN DAERAH BAU,94000,BAU,TIADA,TIADA,YBB1105@moe.edu.my,Luar Bandar,SK,193,19,110.05745,1.348883333,Primary,Bau,P.192 Mas Gading,N.02 Tasik Biru
83,PPD BAU,SK,YBA1103,SEKOLAH KEBANGSAAN KG BOBAK/SEJINJANG,D/A PEJABAT PENDIDIKAN DAERAH BAU,94000,BAU,TIADA,TIADA,YBA1103@moe.edu.my,Luar Bandar,SK,134,17,110.1972167,1.545283333,Primary,Bau,P.194 Petra Jaya,N.06 Tupong
84,PPD BAU,SK,YBB1102,SEKOLAH KEBANGSAAN OPAR,D/A PEJABAT PENDIDIKAN DAERAH BAU,94000,BAU,TIADA,TIADA,YBB1102@moe.edu.my,Luar Bandar,SK,170,18,110.07155,1.439933333,Primary,Bau,P.192 Mas Gading,N.01 Opar
85,PPD BAU,SK,YBB1119,SEKOLAH KEBANGSAAN PEDAUN BAWAH,D/A PEJABAT PENDIDIKAN DAERAH BAU,94000,BAU,TIADA,TIADA,YBB1119@moe.edu.my,Luar Bandar,SK,103,13,110.1078167,1.326866667,Primary,Bau,P.198 Puncak Borneo,N.18 Serembu
86,PPD BAU,SK,YBE1101,SEKOLAH KEBANGSAAN PODAM,D/A PEJABAT PENDIDIKAN DAERAH BAU,94000,BAU,TIADA,TIADA,YBE1101@moe.edu.my,Luar Bandar,SK,70,12,110.2122667,1.425816667,Primary,Bau,P.198 Puncak Borneo,N.18 Serembu
87,PPD BAU,SK,YBA1102,SEKOLAH KEBANGSAAN PUAK,D/A PEJABAT PENDIDIKAN DAERAH BAU,94000,BAU,TIADA,TIADA,YBA1102@moe.edu.my,Luar Bandar,SK,63,13,110.1481667,1.355916667,Primary,Bau,P.198 Puncak Borneo,N.18 Serembu
88,PPD BAU,SK,YBB1116,SEKOLAH KEBANGSAAN SEBOBOK,D/A PEJABAT PENDIDIKAN DAERAH BAU,94000,BAU,TIADA,TIADA,YBB1116@moe.edu.my,Luar Bandar,SK,64,12,110.01165,1.372583333,Primary,Bau,P.192 Mas Gading,N.02 Tasik Biru
89,PPD BAU,SK,YBB1110,SEKOLAH KEBANGSAAN SEGONG,D/A PEJABAT PENDIDIKAN DAERAH BAU,94000,BAU,82379055,TIADA,YBB1110@moe.edu.my,Luar Bandar,SK,174,18,110.15125,1.5192,Primary,Bau,P.192 Mas Gading,N.02 Tasik Biru
90,PPD BAU,SK,YBB1113,SEKOLAH KEBANGSAAN SEGUBANG,D/A PEJABAT PENDIDIKAN DAERAH BAU,94000,BAU,TIADA,TIADA,YBB1113@moe.edu.my,Luar Bandar,SK,37,13,110.2309167,1.3843,Primary,Bau,P.198 Puncak Borneo,N.18 Serembu
91,PPD BAU,SK,YBB1120,SEKOLAH KEBANGSAAN SENIBONG,D/A PEJABAT PENDIDIKAN DAERAH BAU,94000,BAU,TIADA,TIADA,YBB1120@moe.edu.my,Luar Bandar,SK,62,12,110.1940167,1.509183333,Primary,Bau,P.192 Mas Gading,N.02 Tasik Biru
92,PPD BAU,SK,YBB1112,SEKOLAH KEBANGSAAN SERABAK,D/A PEJABAT PENDIDIKAN DAERAH BAU,94000,BAU,TIADA,TIADA,YBB1112@moe.edu.my,Luar Bandar,SK,66,13,110.0067,1.3297,Primary,Bau,P.192 Mas Gading,N.02 Tasik Biru
93,PPD BAU,SK,YBE1103,SEKOLAH KEBANGSAAN SERASOT,D/A PEJABAT PENDIDIKAN DAERAH BAU,94000,BAU,128889306,TIADA,YBE1103@moe.edu.my,Luar Bandar,SK,123,16,110.0472833,1.38095,Primary,Bau,P.192 Mas Gading,N.02 Tasik Biru
94,PPD BAU,SK,YBB1109,SEKOLAH KEBANGSAAN SERUMBU,D/A PEJABAT PENDIDIKAN DAERAH BAU,94000,BAU,82370069,TIADA,YBB1109@moe.edu.my,Luar Bandar,SK,214,21,110.2370667,1.42365,Primary,Bau,P.198 Puncak Borneo,N.18 Serembu
95,PPD BAU,SK,YBB1104,SEKOLAH KEBANGSAAN SIMPANG KUDA,D/A PEJABAT PENDIDIKAN DAERAH BAU,94000,BAU,TIADA,TIADA,YBB1104@moe.edu.my,Luar Bandar,SK,177,18,110.19745,1.379783333,Primary,Bau,P.198 Puncak Borneo,N.18 Serembu
96,PPD BAU,SK,YBB1106,SEKOLAH KEBANGSAAN SINIAWAN,D/A PEJABAT PENDIDIKAN DAERAH BAU,94000,BAU,TIADA,TIADA,YBB1106@moe.edu.my,Luar Bandar,SK,91,14,110.2204167,1.453633333,Primary,Bau,P.198 Puncak Borneo,N.18 Serembu
97,PPD BAU,SK,YBB1114,SEKOLAH KEBANGSAAN SKIBANG,D/A PEJABAT PENDIDIKAN DAERAH BAU,94000,BAU,TIADA,TIADA,YBB1114@moe.edu.my,Luar Bandar,SK,85,12,109.9956833,1.416966667,Primary,Bau,P.192 Mas Gading,N.02 Tasik Biru
98,PPD BAU,SK,YCB1105,SEKOLAH KEBANGSAAN ST JOHN,D/A PEJABAT PENDIDIKAN DAERAH BAU,94000,BAU,TIADA,TIADA,YCB1105@moe.edu.my,Luar Bandar,SBK,223,20,110.19655,1.526833333,Primary,Bau,P.192 Mas Gading,N.02 Tasik Biru
99,PPD BAU,SK,YCB1101,SEKOLAH KEBANGSAAN ST PATRICK,D/A PEJABAT PENDIDIKAN DAERAH BAU,94000,BAU,TIADA,TIADA,YCB1101@moe.edu.my,Luar Bandar,SBK,165,18,110.11725,1.36465,Primary,Bau,P.198 Puncak Borneo,N.18 Serembu
100,PPD BAU,SK,YCB1103,SEKOLAH KEBANGSAAN ST STEPHEN ( M ),D/A PEJABAT PENDIDIKAN DAERAH BAU,94000,BAU,82763050,82763050,YCB1103@moe.edu.my,Luar Bandar,SBK,213,16,110.1585833,1.414433333,Primary,Bau,P.192 Mas Gading,N.02 Tasik Biru
101,PPD BAU,SK,YCB1102,SEKOLAH KEBANGSAAN ST TERESA,D/A PEJABAT PENDIDIKAN DAERAH BAU,94000,BAU,TIADA,TIADA,YCB1102@moe.edu.my,Luar Bandar,SBK,166,16,110.0429667,1.485066667,Primary,Bau,P.192 Mas Gading,N.01 Opar
102,PPD BAU,SK,YBE1102,SEKOLAH KEBANGSAAN STASS,D/A PEJABAT PENDIDIKAN DAERAH BAU,94000,BAU,TIADA,TIADA,YBE1102@moe.edu.my,Luar Bandar,SK,79,12,109.9838333,1.394016667,Primary,Bau,P.192 Mas Gading,N.02 Tasik Biru
103,PPD BAU,SK,YBB1118,SEKOLAH KEBANGSAAN SUBA BUAN,D/A PEJABAT PENDIDIKAN DAERAH BAU,94000,BAU,TIADA,TIADA,YBB1118@moe.edu.my,Luar Bandar,SK,58,14,110.10845,1.399333,Primary,Bau,P.192 Mas Gading,N.02 Tasik Biru
104,PPD BAU,SK,YBB1121,SEKOLAH KEBANGSAAN SUNGAI PINANG,LOT 783 KAMPUNG SUNGAI PINANG,94000,BAU,TIADA,TIADA,YBB1121@moe.edu.my,Luar Bandar,SK,165,16,110.2117,1.483216667,Primary,Bau,P.198 Puncak Borneo,N.18 Serembu
105,PPD BAU,SK,YBB1108,SEKOLAH KEBANGSAAN TEMBAWANG,D/A PEJABAT PENDIDIKAN DAERAH BAU,94000,BAU,82320379,TIADA,YBB1108@moe.edu.my,Luar Bandar,SK,123,19,110.0982167,1.4889,Primary,Bau,P.192 Mas Gading,N.01 Opar
106,PPD BAU,SK,YBB1117,SEKOLAH KEBANGSAAN TRINGGUS,D/A PEJABAT PENDIDIKAN DAERAH BAU,94000,BAU,TIADA,TIADA,ybb1117@1bestarinet.yes.my,Luar Bandar,SK,100,15,110.09375,1.261583333,Primary,Bau,P.198 Puncak Borneo,N.18 Serembu
107,PPD BELAGA,SK,YBB7202,SEKOLAH KEBANGSAAN ABUN MATU,SUNGAI BELAGA,96900,BELAGA,86461352,86461610,YBB7202@moe.edu.my,Luar Bandar,SK,372,33,113.7787167,2.708516667,Primary,Belaga,P.216 Hulu Rajang,N.65 Belaga
108,PPD BELAGA,SK,YBB7210,SEKOLAH KEBANGSAAN AIRPORT,D/A PEJABAT PENDIDIKAN DAERAH BELAGA,96900,BELAGA,TIADA,TIADA,YBB7210@moe.edu.my,Luar Bandar,SK,78,12,113.74775,2.642783333,Primary,Belaga,P.216 Hulu Rajang,N.65 Belaga
109,PPD BELAGA,SK,YBB7209,SEKOLAH KEBANGSAAN BATU KELING,D/A PEJABAT PENDIDIKAN DAERAH BELAGA,96900,BELAGA,TIADA,TIADA,YBB7209@moe.edu.my,Luar Bandar,SK,876,60,113.9168333,3.045666667,Primary,Belaga,P.216 Hulu Rajang,N.66 Murum
110,PPD BELAGA,SK,YBB7212,SEKOLAH KEBANGSAAN LONG BUSANG,D/A PEJABAT PENDIDIKAN DAERAH BELAGA,96900,BELAGA,TIADA,TIADA,YBB7212@moe.edu.my,Luar Bandar,SK,114,12,114.31666,1.870616,Primary,Bukit Mabong,P.216 Hulu Rajang,N.65 Belaga
111,PPD BELAGA,SK,YBB7207,SEKOLAH KEBANGSAAN LONG GANG,D/A PEJABAT PENDIDIKAN DAERAH BELAGA,96900,BELAGA,TIADA,TIADA,YBB7207@moe.edu.my,Luar Bandar,SK,373,38,113.9253833,3.104883333,Primary,Belaga,P.216 Hulu Rajang,N.66 Murum
112,PPD BELAGA,SK,YBB7205,SEKOLAH KEBANGSAAN LONG SEGAHAM,D/A PEJABAT PENDIDIKAN DAERAH BELAGA,96900,BELAGA,TIADA,TIADA,YBB7205@moe.edu.my,Luar Bandar,SK,63,12,113.9321,2.7737,Primary,Belaga,P.216 Hulu Rajang,N.65 Belaga
113,PPD BELAGA,SK,YBA7203,SEKOLAH KEBANGSAAN LONG URUN,D/A PEJABAT PENDIDIKAN DAERAH BELAGA,96900,BELAGA,TIADA,TIADA,YBA7203@moe.edu.my,Luar Bandar,SK,225,15,114.199492,3.015123,Primary,Belaga,P.216 Hulu Rajang,N.66 Murum
114,PPD BELAGA,SK,YBA7204,SEKOLAH KEBANGSAAN LUSONG LAKU,SUNGAI LINAU,96900,BELAGA,TIADA,TIADA,YBA7204@moe.edu.my,Luar Bandar,SK,140,12,114.24761,2.467223,Primary,Belaga,P.216 Hulu Rajang,N.66 Murum
115,PPD BELAGA,SK,YBA7206,SEKOLAH KEBANGSAAN METALUN,"PROGRAM PENEMPATAN SEMULA MURUM, TEGULANG DAN METALUN",96900,BELAGA,TIADA,TIADA,YBA7206@moe.edu.my,Luar Bandar,SK,162,12,114.734186,2.656879,Primary,Belaga,P.216 Hulu Rajang,N.66 Murum
116,PPD BELAGA,SK,YBA7201,SEKOLAH KEBANGSAAN NG TELAWAN,D/A PEJABAT PENDIDIKAN DAERAH BELAGA,96900,BELAGA,TIADA,TIADA,YBA7201@moe.edu.my,Luar Bandar,SK,30,9,113.5604833,2.483783333,Primary,Belaga,P.216 Hulu Rajang,N.65 Belaga
117,PPD BELAGA,SK,YBB7213,SEKOLAH KEBANGSAAN PUNAN BA,D/A PEJABAT PENDIDIKAN DAERAH BELAGA,96900,BELAGA,TIADA,TIADA,YBB7213@moe.edu.my,Luar Bandar,SK,117,11,113.3474167,2.3824,Primary,Kapit,P.216 Hulu Rajang,N.65 Belaga
118,PPD BELAGA,SK,YBA7205,SEKOLAH KEBANGSAAN TEGULANG,PROGRAM PENEMPATAN SEMULA MURUM TEGULANG DAN MATALUN,96900,BELAGA,TIADA,TIADA,YBA7205@moe.edu.my,Luar Bandar,SK,170,15,114.317729,2.605653,Primary,Belaga,P.216 Hulu Rajang,N.66 Murum
119,PPD BELAGA,SK,YBB7203,SEKOLAH KEBANGSAAN UMA SAMBOP,D/A PEJABAT PENDIDIKAN DAERAH BELAGA,96900,BELAGA,TIADA,TIADA,YBB7203@moe.edu.my,Luar Bandar,SK,133,17,113.917592,2.918053,Primary,Belaga,P.216 Hulu Rajang,N.65 Belaga
120,PPD BETONG,SJKC,YCC2401,SEKOLAH JENIS KEBANGSAAN (CINA) CHUNG HUA BETONG,"D/A PEJABAT PENDIDIKAN DAERAH BETONG, JALAN YONG SHAU NEN",95700,BETONG,83472175,83472175,YCC2401@moe.edu.my,Luar Bandar,SBK,365,26,111.526,1.410966,Primary,Betong,P.204 Betong,N.36 Layar
121,PPD BETONG,SJKC,YCC2402,SEKOLAH JENIS KEBANGSAAN (CINA) CHUNG HUA DEBAK,"D/A PEJABAT PENDIDIKAN DAERAH BETONG, JALAN YONG SHAU NEN",95700,BETONG,83464854,83464854,YCC2402@moe.edu.my,Luar Bandar,SBK,154,17,111.423169,1.565615,Primary,Betong,P.204 Betong,N.35 Saribas
122,PPD BETONG,SJKC,YCC2102,SEKOLAH JENIS KEBANGSAAN (CINA) CHUNG HUA MELUDAM,"D/A PEJABAT PENDIDIKAN DAERAH BETONG, JALAN YONG SHAU NEN",95700,BETONG,TIADA,TIADA,YCC2102@moe.edu.my,Luar Bandar,SBK,108,18,111.037779,1.660687,Primary,Pusa,P.201 Batang Lupar,N.28 Lingga
123,PPD BETONG,SJKC,YCC2404,SEKOLAH JENIS KEBANGSAAN (CINA) CHUNG HUA PUSA,"D/A PEJABAT PENDIDIKAN DAERAH BETONG, JALAN YONG SHAU NEN",95700,BETONG,TIADA,TIADA,YCC2404@moe.edu.my,Luar Bandar,SBK,64,13,111.297129,1.633678,Primary,Pusa,P.201 Batang Lupar,N.29 Beting Maro
124,PPD BETONG,SJKC,YCC2403,SEKOLAH JENIS KEBANGSAAN (CINA) CHUNG HUA SPAOH,"D/A PEJABAT PENDIDIKAN DAERAH BETONG, JALAN YONG SHAU NEN",95700,BETONG,83473076,83473226,YCC2403@moe.edu.my,Luar Bandar,SBK,151,15,111.480963,1.453854,Primary,Betong,P.204 Betong,N.37 Bukit Saban
125,PPD BETONG,SK,YBA2408,SEKOLAH KEBANGSAAN ABANG ABDUL KADIR,"D/A PEJABAT PENDIDIKAN DAERAH BETONG, JALAN YONG SHAU NEN",95700,BETONG,83472181,83472181,YBA2408@moe.edu.my,Luar Bandar,SK,381,38,111.527412,1.413707,Primary,Betong,P.204 Betong,N.36 Layar
126,PPD BETONG,SK,YBA2401,SEKOLAH KEBANGSAAN BALINGAN,"D/A PEJABAT PENDIDIKAN DAERAH BETONG, JALAN YONG SHAU NEN",95700,BETONG,TIADA,TIADA,YBA2401@moe.edu.my,Luar Bandar,SK,57,14,111.467457,1.432955,Primary,Betong,P.204 Betong,N.35 Saribas
127,PPD BETONG,SK,YBA2409,SEKOLAH KEBANGSAAN BELADIN,"D/A PEJABAT PENDIDIKAN DAERAH BETONG, JALAN YONG SHAU NEN",95700,BETONG,83548032,TIADA,YBA2409@moe.edu.my,Luar Bandar,SK,723,56,111.203377,1.637416,Primary,Pusa,P.201 Batang Lupar,N.29 Beting Maro
128,PPD BETONG,SK,YBA2419,SEKOLAH KEBANGSAAN BUNGIN,"D/A PEJABAT PENDIDIKAN DAERAH BETONG, JALAN YONG SHAU NEN",95700,BETONG,TIADA,TIADA,YBA2419@moe.edu.my,Luar Bandar,SK,127,19,111.441788,1.470049,Primary,Betong,P.204 Betong,N.35 Saribas
129,PPD BETONG,SK,YBA2411,SEKOLAH KEBANGSAAN DATUK BANDAR,"D/A PEJABAT PENDIDIKAN DAERAH BETONG, JALAN YONG SHAU NEN",95700,BETONG,83464145,83464145,YBA2411@moe.edu.my,Luar Bandar,SK,486,47,111.425402,1.563038,Primary,Betong,P.204 Betong,N.35 Saribas
130,PPD BETONG,SK,YBB2403,SEKOLAH KEBANGSAAN DIT,"D/A PEJABAT PENDIDIKAN DAERAH BETONG, JALAN YONG SHAU NENÂ ",95700,BETONGÂ ,TIADA,TIADA,YBB2403@moe.edu.my,Luar Bandar,SK,81,19,111.374899,1.555394,Primary,Betong,P.204 Betong,N.35 Saribas
131,PPD BETONG,SK,YBB2116,SEKOLAH KEBANGSAAN ISSU/BANGAT,"D/A PEJABAT PENDIDIKAN DAERAH BETONG, JALAN YONG SHAU NEN",95700,BETONG,TIADA,TIADA,YBB2116@moe.edu.my,Luar Bandar,SK,54,14,111.54182,1.331909,Primary,Betong,P.203 Lubok Antu,N.33 Engkilili
132,PPD BETONG,SK,YBA2422,SEKOLAH KEBANGSAAN KALOK,JALAN KAMPUNG KALOK,94950,PUSA,83465601,83465601,YBA2422@moe.edu.my,Luar Bandar,SK,257,28,111.290002,1.617527,Primary,Pusa,P.201 Batang Lupar,N.29 Beting Maro
133,PPD BETONG,SK,YBA2404,SEKOLAH KEBANGSAAN KPG. BUDA,KAMPUNG BUDA,95600,SPAOH,TIADA,TIADA,YBA2404@moe.edu.my,Luar Bandar,SK,66,11,111.528906,1.411493,Primary,Betong,P.204 Betong,N.36 Layar
134,PPD BETONG,SK,YBA2108,SEKOLAH KEBANGSAAN MALUDAM,"D/A PEJABAT PENDIDIKAN DAERAH BETONG, JALAN YONG SHAU NEN",95700,BETONG,TIADA,TIADA,YBA2108@moe.edu.my,Luar Bandar,SK,346,35,111.043496,1.665181,Primary,Pusa,P.201 Batang Lupar,N.28 Lingga
135,PPD BETONG,SK,YBA2402,SEKOLAH KEBANGSAAN MANGUT,"D/A PEJABAT PENDIDIKAN DAERAH BETONG, JALAN YONG SHAU NEN",95700,BETONG,TIADA,TIADA,YBA2402@moe.edu.my,Luar Bandar,SK,99,17,111.358366,1.5113033,Primary,Betong,P.204 Betong,N.35 Saribas
136,PPD BETONG,SK,YBA2420,SEKOLAH KEBANGSAAN MEDANG,"D/A PEJABAT PENDIDIKAN DAERAH BETONG, JALAN YONG SHAU NEN",95700,BETONG,TIADA,TIADA,YBA2420@moe.edu.my,Luar Bandar,SK,105,12,111.257959,1.525653,Primary,Betong,P.204 Betong,N.35 Saribas
137,PPD BETONG,SK,YBB2410,SEKOLAH KEBANGSAAN MUTON,"D/A PEJABAT PENDIDIKAN DAERAH BETONG, JALAN YONG SHAU NEN",95700,BETONG,TIADA,TIADA,YBB2410@moe.edu.my,Luar Bandar,SK,99,17,111.378504,1.650896,Primary,Betong,P.201 Batang Lupar,N.29 Beting Maro
138,PPD BETONG,SK,YBB2402,SEKOLAH KEBANGSAAN NG. AJAU,"D/A PEJABAT PENDIDIKAN DAERAH BETONG, JALAN YONG SHAU NEN",95700,BETONG,83471911,83471820,YBB2402@moe.edu.my,Luar Bandar,SK,205,20,111.570063,1.467531,Primary,Betong,P.204 Betong,N.36 Layar
139,PPD BETONG,SK,YBB2128,SEKOLAH KEBANGSAAN NG. ENTEBAN,"D/A PEJABAT PENDIDIKAN DAERAH BETONG, JALAN YONG SHAU NEN",95700,BETONG,TIADA,TIADA,YBB2128@moe.edu.my,Luar Bandar,SK,55,14,111.620965,1.3414,Primary,Lubok Antu,P.203 Lubok Antu,N.33 Engkilili
140,PPD BETONG,SK,YBB2409,SEKOLAH KEBANGSAAN NG. GAYAU,"D/A PEJABAT PENDIDIKAN DAERAH BETONG, JALAN YONG SHAU NEN",95700,BETONG,1114076465,TIADA,YBB2409@moe.edu.my,Luar Bandar,SK,107,16,111.455699,1.592313,Primary,Betong,P.204 Betong,N.37 Bukit Saban
141,PPD BETONG,SK,YBB2412,SEKOLAH KEBANGSAAN NG. LAWIH/LESU,"D/A PEJABAT PENDIDIKAN DAERAH BETONG, JALAN YONG SHAU NEN",95700,BETONG,TIADA,TIADA,YBB2412@moe.edu.my,Luar Bandar,SK,75,16,111.666809,1.515223,Primary,Betong,P.204 Betong,N.36 Layar
142,PPD BETONG,SK,YBB2142,SEKOLAH KEBANGSAAN NG. LIDONG,"D/A PEJABAT PENDIDIKAN DAERAH BETONG, JALAN YONG SHAU NEN",95700,BETONG,TIADA,TIADA,YBB2142@moe.edu.my,Luar Bandar,SK,53,11,111.531535,1.276835,Primary,Lubok Antu,P.203 Lubok Antu,N.33 Engkilili
143,PPD BETONG,SK,YBA2423,SEKOLAH KEBANGSAAN NG. PASSA,"D/A PEJABAT PENDIDIKAN DAERAH BETONG, JALAN YONG SHAU NEN",95700,BETONG,TIADA,TIADA,YBA2423@moe.edu.my,Luar Bandar,SK,56,14,111.528595,1.426472,Primary,Betong,P.204 Betong,N.36 Layar
144,PPD BETONG,SK,YBA2421,SEKOLAH KEBANGSAAN NG. SPAK,"D/A PEJABAT PENDIDIKAN DAERAH BETONG, JALAN YONG SHAU NEN",95700,BETONG,TIADA,TIADA,YBA2421@moe.edu.my,Luar Bandar,SK,59,14,111.610444,1.528562,Primary,Betong,P.204 Betong,N.36 Layar
145,PPD BETONG,SK,YBB2406,SEKOLAH KEBANGSAAN PAKU CENTRAL,"D/A PEJABAT PENDIDIKAN DAERAH BETONG, JALAN YONG SHAU NEN",95700,BETONG,TIADA,TIADA,YBB2406@moe.edu.my,Luar Bandar,SK,88,14,111.512305,1.507115,Primary,Betong,P.204 Betong,N.37 Bukit Saban
146,PPD BETONG,SK,YBB2408,SEKOLAH KEBANGSAAN PENOM,"D/A PEJABAT PENDIDIKAN DAERAH BETONG, JALAN YONG SHAU NEN",95700,BETONG,TIADA,TIADA,YBB2408@moe.edu.my,Luar Bandar,SK,25,12,111.580054,1.613891,Primary,Betong,P.204 Betong,N.37 Bukit Saban
147,PPD BETONG,SK,YBA2410,SEKOLAH KEBANGSAAN PUSA,"D/A PEJABAT PENDIDIKAN DAERAH BETONG, JALAN YONG SHAU NEN",95700,BETONG,83465106,83465106,YBA2410@moe.edu.my,Luar Bandar,SK,373,39,111.298155,1.614626,Primary,Pusa,P.201 Batang Lupar,N.29 Beting Maro
148,PPD BETONG,SK,YBB2405,SEKOLAH KEBANGSAAN SAKA,"D/A PEJABAT PENDIDIKAN DAERAH BETONG, JALAN YONG SHAU NEN",95700,BETONG,TIADA,TIADA,YBB2405@moe.edu.my,Luar Bandar,SK,70,13,111.551262,1.376849,Primary,Betong,P.204 Betong,N.36 Layar
149,PPD BETONG,SK,YBA2405,SEKOLAH KEBANGSAAN SEBEMBAN,"D/A PEJABAT PENDIDIKAN DAERAH BETONG, JALAN YONG SHAU NEN",95700,BETONG,60198772369,83472512,YBA2405@moe.edu.my,Luar Bandar,SK,74,11,111.443322,1.455891,Primary,Betong,P.204 Betong,N.35 Saribas
150,PPD BETONG,SK,YBA2414,SEKOLAH KEBANGSAAN SEMARANG,"D/A PEJABAT PENDIDIKAN DAERAH BETONG, JALAN YONG SHAU NEN",95700,BETONG,TIADA,TIADA,YBA2414@moe.edu.my,Luar Bandar,SK,139,19,111.100204,1.6808,Primary,Pusa,P.201 Batang Lupar,N.29 Beting Maro
151,PPD BETONG,SK,YBA2417,SEKOLAH KEBANGSAAN SERABANG,KAMPUNG SERABANG,94950,PUSA,TIADA,TIADA,YBA2417@moe.edu.my,Luar Bandar,SK,62,13,111.341672,1.5732,Primary,Pusa,P.204 Betong,N.35 Saribas
152,PPD BETONG,SK,YBA2403,SEKOLAH KEBANGSAAN SEREMBANG,"D/A PEJABAT PENDIDIKAN DAERAH BETONG, JALAN YONG SHAU NEN",95700,BETONG,TIADA,TIADA,YBA2403@moe.edu.my,Luar Bandar,SK,36,13,111.394833,1.482136,Primary,Betong,P.204 Betong,N.35 Saribas
153,PPD BETONG,SK,YBA2407,SEKOLAH KEBANGSAAN SPAOH,"D/A PEJABAT PENDIDIKAN DAERAH BETONG, JALAN YONG SHAU NEN",95700,BETONG,83473362,83473362,YBA2407@moe.edu.my,Luar Bandar,SK,396,51,111.479836,1.45381,Primary,Betong,P.204 Betong,N.37 Bukit Saban
154,PPD BETONG,SK,YBA2406,SEKOLAH KEBANGSAAN SPINANG,"D/A PEJABAT PENDIDIKAN DAERAH BETONG, JALAN YONG SHAU NEN",95700,BETONG,TIADA,TIADA,YBA2406@moe.edu.my,Luar Bandar,SK,112,13,111.123319,1.674678,Primary,Pusa,P.201 Batang Lupar,N.29 Beting Maro
155,PPD BETONG,SK,YCB2409,SEKOLAH KEBANGSAAN ST. AUGUSTINE,"D/A PEJABAT PENDIDIKAN DAERAH BETONG, JALAN YONG SHAU NEN",95700,BETONG,83472257,83471885,YCB2409@moe.edu.my,Luar Bandar,SBK,300,25,111.525565,1.405165,Primary,Betong,P.204 Betong,N.36 Layar
156,PPD BETONG,SK,YCB2407,SEKOLAH KEBANGSAAN ST. BARNABAS,"D/A PEJABAT PENDIDIKAN DAERAH BETONG, JALAN YONG SHAU NEN",95700,BETONG,TIADA,TIADA,YCB2407@moe.edu.my,Luar Bandar,SBK,31,10,111.291525,1.6186,Primary,Pusa,P.201 Batang Lupar,N.29 Beting Maro
157,PPD BETONG,SK,YCB2405,SEKOLAH KEBANGSAAN ST. BARTHOLOMEW,"D/A PEJABAT PENDIDIKAN DAERAH BETONG, JALAN YONG SHAU NEN",95700,BETONG,TIADA,TIADA,YCB2405@moe.edu.my,Luar Bandar,SBK,48,14,111.583268,1.421324,Primary,Betong,P.204 Betong,N.36 Layar
158,PPD BETONG,SK,YCB2402,SEKOLAH KEBANGSAAN ST. CHRISTOPHER DEBAK,JALAN FEEDER,95500,DEBAK,83464190,83464190,YCB2402@moe.edu.my,Luar Bandar,SBK,145,14,111.423587,1.570067,Primary,Betong,P.204 Betong,N.35 Saribas
159,PPD BETONG,SK,YCB2408,SEKOLAH KEBANGSAAN ST. JOHN,"D/A PEJABAT PENDIDIKAN DAERAH BETONG, JALAN YONG SHAU NEN",95700,BETONG,TIADA,TIADA,YCB2408@moe.edu.my,Luar Bandar,SBK,108,17,111.7027778,1.6066667,Primary,Betong,P.204 Betong,N.37 Bukit Saban
160,PPD BETONG,SK,YCB2410,SEKOLAH KEBANGSAAN ST. MARK,"D/A PEJABAT PENDIDIKAN DAERAH BETONG, JALAN YONG SHAU NEN",95700,BETONG,TIADA,TIADA,YCB2410@moe.edu.my,Luar Bandar,SBK,35,12,111.627821,1.557356,Primary,Betong,P.204 Betong,N.37 Bukit Saban
161,PPD BETONG,SK,YCB2403,SEKOLAH KEBANGSAAN ST. PETER & ST. PAUL,"D/A PEJABAT PENDIDIKAN DAERAH BETONG, JALAN YONG SHAU NEN",95700,BETONG,TIADA,TIADA,YCB2403@moe.edu.my,Luar Bandar,SBK,72,13,111.616105,1.439081,Primary,Betong,P.204 Betong,N.36 Layar
162,PPD BETONG,SK,YBA2418,SEKOLAH KEBANGSAAN SUPA,"D/A PEJABAT PENDIDIKAN DAERAH BETONG, JALAN YONG SHAU NENÂ ",95700,BETONGÂ ,TIADA,TIADA,YBA2418@moe.edu.my,Luar Bandar,SK,211,23,111.292362,1.498551,Primary,Betong,P.204 Betong,N.35 Saribas
163,PPD BETONG,SK,YBB2407,SEKOLAH KEBANGSAAN SURI,"D/A PEJABAT PENDIDIKAN DAERAH BETONG, JALAN YONG SHAU NEN",95700,BETONG,TIADA,TIADA,YBB2407@moe.edu.my,Luar Bandar,SK,64,13,111.439934,1.53797,Primary,Betong,P.204 Betong,N.37 Bukit Saban
164,PPD BETONG,SK,YBA2416,SEKOLAH KEBANGSAAN TAMBAK,"D/A PEJABAT PENDIDIKAN DAERAH BETONG, JALAN YONG SHAU NEN",95700,BETONG,TIADA,TIADA,YBA2416@moe.edu.my,Luar Bandar,SK,218,25,111.306789,1.59379,Primary,Pusa,P.201 Batang Lupar,N.29 Beting Maro
165,PPD BETONG,SK,YBA2412,SEKOLAH KEBANGSAAN TANJUNG ASSAM,"D/A PEJABAT PENDIDIKAN DAERAH BETONG, JALAN YONG SHAU NEN",95700,BETONGÂ ,TIADA,TIADA,YBA2412@moe.edu.my,Luar Bandar,SK,28,12,111.412134,1.468904,Primary,Betong,P.204 Betong,N.35 Saribas
166,PPD BETONG,SK,YBA2413,SEKOLAH KEBANGSAAN TUI,"D/A PEJABAT PENDIDIKAN DAERAH BETONG, JALAN YONG SHAU NEN",95700,BETONG,TIADA,TIADA,YBA2413@moe.edu.my,Luar Bandar,SK,189,29,111.353066,1.540829,Primary,Betong,P.204 Betong,N.35 Saribas
167,PPD BINTULU,SJKC,YCC9101,SEKOLAH JENIS KEBANGSAAN (CINA) CHUNG HUA BINTULU,"D/A PEJABAT PENDIDIKAN DAERAH BINTULU, KM. 5, JALAN SULTAN ISKANDAR",97000,BINTULU,86331152,86313250,YCC9101@moe.edu.my,Bandar,SBK,1333,63,113.0375833,3.189283333,Primary,Bintulu,P.217 Bintulu,N.68 Tanjong Batu
168,PPD BINTULU,SJKC,YCC9104,SEKOLAH JENIS KEBANGSAAN (CINA) CHUNG HUA BINTULU 2,"D/A PEJABAT PENDIDIKAN DAERAH BINTULU, KM. 5, JALAN SULTAN ISKANDAR",97000,BINTULU,86255780,86253780,YCC9104@moe.edu.my,Bandar,SBK,676,52,113.0588436,3.2087968,Primary,Bintulu,P.217 Bintulu,N.70 Samalaju
169,PPD BINTULU,SJKC,YBC9102,SEKOLAH JENIS KEBANGSAAN (CINA) KAI MING,"KM 12, JALAN BINTULU TATAU",97012,BINTULU,TIADA,TIADA,YBC9102@moe.edu.my,Luar Bandar,SBK,292,16,113.095423,3.16874,Primary,Bintulu,P.217 Bintulu,N.70 Samalaju
170,PPD BINTULU,SJKC,YBC9101,SEKOLAH JENIS KEBANGSAAN (CINA) SEBIEW CHINESE,"D/A PEJABAT PENDIDIKAN DAERAH BINTULU, KM. 5, JALAN SULTAN ISKANDAR",97000,BINTULU,86333681,86333681,YBC9101@moe.edu.my,Bandar,SK,1037,67,113.084167,3.199267,Primary,Bintulu,P.217 Bintulu,N.68 Tanjong Batu
171,PPD BINTULU,SJKC,YCC9103,SEKOLAH JENIS KEBANGSAAN (CINA) SIONG BOON,"D/A PEJABAT PENDIDIKAN DAERAH BINTULU, KM. 5, JALAN SULTAN ISKANDAR",97000,BINTULU,86338278,86331385,YCC9103@moe.edu.my,Bandar,SBK,1227,62,113.07265,3.1811,Primary,Bintulu,P.217 Bintulu,N.68 Tanjong Batu
172,PPD BINTULU,SR SABK,YCA9101,SEKOLAH KEBANGSAAN AGAMA (M.I.S) BINTULU,"D/A PEJABAT PENDIDIKAN DAERAH BINTULU, KM. 5, JALAN SULTAN ISKANDAR",97000,BINTULU,86254754,86255010,YCA9101@moe.edu.my,Bandar,SBK,507,39,113.05385,3.202017,Primary,Bintulu,P.217 Bintulu,N.70 Samalaju
173,PPD BINTULU,SK,YBA9113,SEKOLAH KEBANGSAAN ASYAKIRIN,"D/A PEJABAT PENDIDIKAN DAERAH BINTULU, KM. 5, JALAN SULTAN ISKANDAR",97000,BINTULU,86330461,86330367,YBA9113@moe.edu.my,Bandar,SK,1111,75,113.113409,3.267489,Primary,Bintulu,P.217 Bintulu,N.70 Samalaju
174,PPD BINTULU,SK,YBA9110,SEKOLAH KEBANGSAAN BINTULU,"D/A PEJABAT PENDIDIKAN DAERAH BINTULU, KM. 5, JALAN SULTAN ISKANDAR",97000,BINTULU,86310749,TIADA,YBA9110@moe.edu.my,Bandar,SK,859,53,113.0487833,3.172483333,Primary,Bintulu,P.217 Bintulu,N.67 Jepak
175,PPD BINTULU,SK,YBA9112,SEKOLAH KEBANGSAAN DESA LAVANG,"D/A PEJABAT PENDIDIKAN DAERAH BINTULU, KM. 5, JALAN SULTAN ISKANDAR",97000,BINTULU,TIADA,TIADA,YBA9112@moe.edu.my,Luar Bandar,SK,130,17,113.597459,3.377832,Primary,Sebauh,P.217 Bintulu,N.69 Kemena
176,PPD BINTULU,SK,YBA9102,SEKOLAH KEBANGSAAN KAMPUNG JEPAK,"D/A PEJABAT PENDIDIKAN DAERAH BINTULU, KM. 5, JALAN SULTAN ISKANDAR",97000,BINTULU,86201273,86201784,YBA9102@moe.edu.my,Bandar,SK,1540,91,113.043883,3.160233,Primary,Bintulu,P.217 Bintulu,N.67 Jepak
177,PPD BINTULU,SK,YBB4420,SEKOLAH KEBANGSAAN KAMPUNG NYALAU,"D/A PEJABAT PENDIDIKAN DAERAH BINTULU, KM. 5, JALAN SULTAN ISKANDAR",97000,BINTULU,138235177,TIADA,YBB4420@moe.edu.my,Luar Bandar,SK,146,14,113.4219833,3.60805,Primary,Bintulu,P.217 Bintulu,N.70 Samalaju
178,PPD BINTULU,SK,YBA9104,SEKOLAH KEBANGSAAN KG BARU,"D/A PEJABAT PENDIDIKAN DAERAH BINTULU, KM. 5, JALAN SULTAN ISKANDAR",97000,BINTULU,86315643,86315644,YBA9104@moe.edu.my,Bandar,SK,1093,63,113.0583333,3.1955556,Primary,Bintulu,P.217 Bintulu,N.68 Tanjong Batu
179,PPD BINTULU,SK,YBA9109,SEKOLAH KEBANGSAAN KIDURONG,"D/A PEJABAT PENDIDIKAN DAERAH BINTULU, KM. 5, JALAN SULTAN ISKANDAR",97000,BINTULU,86251191,86255233,YBA9109@moe.edu.my,Bandar,SK,1175,77,113.0765667,3.231283333,Primary,Bintulu,P.217 Bintulu,N.70 Samalaju
180,PPD BINTULU,SK,YBA9111,SEKOLAH KEBANGSAAN KIDURONG II,JALAN DATUK BANDAR ABG MUSTAPHAÂ ,97000,BINTULUÂ ,86254532,TIADA,YBA9111@moe.edu.my,Bandar,SK,888,61,113.0802333,3.23815,Primary,Bintulu,P.217 Bintulu,N.70 Samalaju
181,PPD BINTULU,SK,YBA4401,SEKOLAH KEBANGSAAN KUALA NYALAU,"D/A PEJABAT PENDIDIKAN DAERAH BINTULU, KM. 5, JALAN SULTAN ISKANDAR",97000,BINTULU,TIADA,TIADA,YBA4401@moe.edu.my,Bandar,SK,63,14,113.3787,3.637866667,Primary,Bintulu,P.217 Bintulu,N.70 Samalaju
182,PPD BINTULU,SK,YBA9101,SEKOLAH KEBANGSAAN ORANG KAYA MOHAMMAD,"D/A PEJABAT PENDIDIKAN DAERAH BINTULU, KM. 5, JALAN SULTAN ISKANDAR",97000,BINTULU,86331966,86331966,YBA9101@moe.edu.my,Bandar,SK,595,56,113.0462167,3.169133333,Primary,Bintulu,P.217 Bintulu,N.67 Jepak
183,PPD BINTULU,SK,YBB9111,SEKOLAH KEBANGSAAN SG KEM BATU 18,"D/A PEJABAT PENDIDIKAN DAERAH BINTULU, KM. 5, JALAN SULTAN ISKANDAR",97000,BINTULU,TIADA,TIADA,YBB9111@moe.edu.my,Luar Bandar,SK,622,36,113.25415,3.238866667,Primary,Bintulu,P.217 Bintulu,N.70 Samalaju
184,PPD BINTULU,SK,YBB9112,SEKOLAH KEBANGSAAN SG SELAD,"KM35, Jalan Bintulu- Kuala Tatau",97000,Bintulu,TIADA,TIADA,YBB9112@moe.edu.my,Luar Bandar,SK,133,14,112.9565,3.128083333,Primary,Bintulu,P.217 Bintulu,N.67 Jepak
185,PPD BINTULU,SK,YBB9208,SEKOLAH KEBANGSAAN SG SETIAM,"D/A PEJABAT PENDIDIKAN DAERAH BINTULU, KM. 5, JALAN SULTAN ISKANDAR",97000,BINTULU,TIADA,TIADA,YBB9208@moe.edu.my,Luar Bandar,SK,212,16,112.9252833,3.104483333,Primary,Bintulu,P.217 Bintulu,N.67 Jepak
186,PPD BINTULU,SK,YBB9109,SEKOLAH KEBANGSAAN SG SILAS,"D/A PEJABAT PENDIDIKAN DAERAH BINTULU, KM. 5, JALAN SULTAN ISKANDAR",97000,BINTULU,TIADA,TIADA,YBB9109@moe.edu.my,Luar Bandar,SK,40,14,113.1352167,3.087616667,Primary,Bintulu,P.217 Bintulu,N.67 Jepak
187,PPD BINTULU,SK,YBB9211,SEKOLAH KEBANGSAAN SG. SETULAN,"D/A PEJABAT PENDIDIKAN DAERAH BINTULU, KM. 5, JALAN SULTAN ISKANDAR",97000,BINTULU,TIADA,TIADA,YBB9211@moe.edu.my,Luar Bandar,SK,51,11,112.8659667,3.09505,Primary,Tatau,P.217 Bintulu,N.67 Jepak
188,PPD BINTULU,SK,YBB9110,SEKOLAH KEBANGSAAN SG. TISANG,"D/A PEJABAT PENDIDIKAN DAERAH BINTULU, KM. 5, JALAN SULTAN ISKANDAR",97000,BINTULU,TIADA,TIADA,YBB9110@moe.edu.my,Luar Bandar,SK,490,31,113.12945,3.203066667,Primary,Bintulu,P.217 Bintulu,N.70 Samalaju
189,PPD BINTULU,SK,YCB9101,SEKOLAH KEBANGSAAN ST. ANTHONY,"D/A PEJABAT PENDIDIKAN DAERAH BINTULU, KM. 5, JALAN SULTAN ISKANDAR",97000,BINTULU,86314335,86334846,YCB9101@moe.edu.my,Bandar,SBK,1220,58,113.0443167,3.17375,Primary,Bintulu,P.217 Bintulu,N.68 Tanjong Batu
190,PPD BINTULU,SK,YBA9114,SEKOLAH KEBANGSAAN TANJUNG BATU,"D/A PEJABAT PENDIDIKAN DAERAH BINTULU, KM. 5, JALAN SULTAN ISKANDAR",97000,BINTULU,86251731,86251696,YBA9114@moe.edu.my,Bandar,SK,1806,100,113.111,3.2681,Primary,Bintulu,P.217 Bintulu,N.70 Samalaju
191,PPD BINTULU,SK,YBB9113,SEKOLAH KEBANGSAAN ULU SEGAN,"D/A PEJABAT PENDIDIKAN DAERAH BINTULU, KM. 5, JALAN SULTAN ISKANDAR",97000,BINTULU,138261683,TIADA,YBB9113@moe.edu.my,Luar Bandar,SK,264,17,113.050652,3.124706,Primary,Bintulu,P.217 Bintulu,N.67 Jepak
192,PPD DALAT,SJKC,YCC3502,SEKOLAH JENIS KEBANGSAAN (CINA) CHIN HUA,D/A PEJABAT PENDIDIKAN DAERAH DALAT,96300,DALAT,84864803,84864803,YCC3502@moe.edu.my,Luar Bandar,SBK,163,17,111.939049,2.740968,Primary,Dalat,P.213 Mukah,N.56 Dalat
193,PPD DALAT,SJKC,YCC3504,SEKOLAH JENIS KEBANGSAAN (CINA) POI YUK,D/A PEJABAT PENDIDIKAN DAERAH DALAT,96300,DALAT,1118142250,TIADA,YCC3504@moe.edu.my,Luar Bandar,SBK,92,13,111.838842,2.715831,Primary,Matu,P.213 Mukah,N.56 Dalat
194,PPD DALAT,SJKC,YCC3503,SEKOLAH JENIS KEBANGSAAN (CINA) SAN SAN,D/A PEJABAT PENDIDIKAN DAERAH DALAT,96300,DALAT,TIADA,TIADA,YCC3503@moe.edu.my,Luar Bandar,SBK,20,11,112.044473,2.650606,Primary,Dalat,P.213 Mukah,N.56 Dalat
195,PPD DALAT,SJKC,YCC3501,SEKOLAH JENIS KEBANGSAAN (CINA) YAK TEE,D/A PEJABAT PENDIDIKAN DAERAH DALAT,96300,DALAT,84867353,84867353,YCC3501@moe.edu.my,Luar Bandar,SBK,72,12,111.8742,2.855993,Primary,Dalat,P.213 Mukah,N.56 Dalat
196,PPD DALAT,SK,YBB3503,SEKOLAH KEBANGSAAN BAOH ULU,D/A PEJABAT PENDIDIKAN DAERAH DALAT,96300,DALAT,TIADA,TIADA,YBB3503@moe.edu.my,Luar Bandar,SK,67,11,112.121224,2.57564,Primary,Dalat,P.213 Mukah,N.57 Tellian
197,PPD DALAT,SK,YBE3501,SEKOLAH KEBANGSAAN DATU PENGIRAN MOHAMAD,D/A PEJABAT PENDIDIKAN DAERAH DALAT,96300,DALAT,84867225,84867225,YBE3501@moe.edu.my,Luar Bandar,SK,295,35,111.886465,2.858776,Primary,Dalat,P.213 Mukah,N.57 Tellian
198,PPD DALAT,SK,YBB3507,SEKOLAH KEBANGSAAN KAMPUNG BAKONG TERUS,D/A PEJABAT PENDIDIKAN DAERAH DALAT,96300,DALAT,84865592,TIADA,YBB3507@moe.edu.my,Luar Bandar,SK,60,13,111.8893,2.850833333,Primary,Dalat,P.213 Mukah,N.57 Tellian
199,PPD DALAT,SK,YBA3203,SEKOLAH KEBANGSAAN KAMPUNG IGAN,D/A PEJABAT PENDIDIKAN DAERAH DALAT,96300,DALAT,135672455,TIADA,YBA3203@moe.edu.my,Luar Bandar,SK,252,34,111.71098,2.823056,Primary,Matu,P.207 Igan,N.44 Jemoreng
200,PPD DALAT,SK,YBA3202,SEKOLAH KEBANGSAAN KAMPUNG KEBUAW,D/A PEJABAT PENDIDIKAN DAERAH DALAT,96300,DALAT,TIADA,TIADA,YBA3202@moe.edu.my,Luar Bandar,SK,46,13,111.793399,2.750075,Primary,Matu,P.207 Igan,N.44 Jemoreng
201,PPD DALAT,SK,YBE3503,SEKOLAH KEBANGSAAN KG BALAN,D/A PEJABAT PENDIDIKAN DAERAH DALAT,96300,DALAT,84863505,TIADA,YBE3503@moe.edu.my,Luar Bandar,SK,63,13,111.915922,2.800891,Primary,Dalat,P.213 Mukah,N.56 Dalat
202,PPD DALAT,SK,YBB3224,SEKOLAH KEBANGSAAN KG BUNGAN,D/A PEJABAT PENDIDIKAN DAERAH DALAT,96300,DALAT,TIADA,TIADA,YBB3224@moe.edu.my,Luar Bandar,SK,66,12,111.820414,2.638071,Primary,Matu,P.212 Sibu,N.53 Bawang Assan
203,PPD DALAT,SK,YBE3507,SEKOLAH KEBANGSAAN KG KLID/PLAJAU,D/A PEJABAT PENDIDIKAN DAERAH DALAT,96300,DALAT,TIADA,TIADA,YBE3507@moe.edu.my,Luar Bandar,SK,41,14,112.043574,2.67496,Primary,Dalat,P.213 Mukah,N.56 Dalat
204,PPD DALAT,SK,YBE3506,SEKOLAH KEBANGSAAN KG SENAU,D/A PEJABAT PENDIDIKAN DAERAH DALAT,96300,DALAT,84867090,TIADA,YBE3506@moe.edu.my,Luar Bandar,SK,128,18,111.870056,2.865234,Primary,Dalat,P.213 Mukah,N.56 Dalat
205,PPD DALAT,SK,YBE3502,SEKOLAH KEBANGSAAN KG TANAM,D/A PEJABAT PENDIDIKAN DAERAH DALAT,96300,DALAT,84864799,TIADA,YBE3502@moe.edu.my,Luar Bandar,SK,144,15,111.937562,2.771999,Primary,Dalat,P.213 Mukah,N.56 Dalat
206,PPD DALAT,SK,YBB3501,SEKOLAH KEBANGSAAN KPG TEH,D/A PEJABAT PENDIDIKAN DAERAH DALAT,96300,DALAT,84867310,84867310,YBB3501@moe.edu.my,Luar Bandar,SK,44,14,111.893,2.82065,Primary,Dalat,P.213 Mukah,N.56 Dalat
207,PPD DALAT,SK,YBB3229,SEKOLAH KEBANGSAAN SG ILAS,D/A PEJABAT PENDIDIKAN DAERAH DALAT,96300,DALAT,TIADA,TIADA,YBB3229@moe.edu.my,Luar Bandar,SK,41,11,111.787273,2.788122,Primary,Matu,P.207 Igan,N.44 Jemoreng
208,PPD DALAT,SK,YBB3222,SEKOLAH KEBANGSAAN SG PINANG,D/A PEJABAT PENDIDIKAN DAERAH DALAT,96300,DALAT,TIADA,TIADA,YBB3222@moe.edu.my,Luar Bandar,SK,66,10,111.862407,2.669098,Primary,Dalat,P.212 Sibu,N.53 Bawang Assan
209,PPD DALAT,SK,YBB3212,SEKOLAH KEBANGSAAN SG RASAU,D/A PEJABAT PENDIDIKAN DAERAH DALAT,96300,DALAT,TIADA,TIADA,YBB3212@moe.edu.my,Luar Bandar,SK,49,11,111.83405,2.601824,Primary,Matu,P.212 Sibu,N.53 Bawang Assan
210,PPD DALAT,SK,YBE3504,SEKOLAH KEBANGSAAN SG UD,D/A PEJABAT PENDIDIKAN DAERAH DALAT,96300,DALAT,84864384,84864384,YBE3504@moe.edu.my,Luar Bandar,SK,280,35,111.9441,2.745033333,Primary,Dalat,P.213 Mukah,N.56 Dalat
211,PPD DALAT,SK,YCB3505,SEKOLAH KEBANGSAAN ST BERNARD,D/A PEJABAT PENDIDIKAN DAERAH DALAT,96300,DALAT,84864450,TIADA,YCB3505@moe.edu.my,Luar Bandar,SBK,135,16,111.934827,2.738542,Primary,Dalat,P.213 Mukah,N.56 Dalat
212,PPD DALAT,SK,YCB3506,SEKOLAH KEBANGSAAN ST JOHN KG MEDONG,D/A PEJABAT PENDIDIKAN DAERAH DALAT,96300,DALAT,TIADA,TIADA,YCB3506@moe.edu.my,Luar Bandar,SBK,205,29,111.934106,2.683021,Primary,Dalat,P.213 Mukah,N.56 Dalat
213,PPD DALAT,SK,YCB3507,SEKOLAH KEBANGSAAN ST KEVIN SG KUT,D/A PEJABAT PENDIDIKAN DAERAH DALAT,96300,DALAT,TIADA,TIADA,YCB3507@moe.edu.my,Luar Bandar,SBK,119,17,111.884723,2.714367,Primary,Dalat,P.213 Mukah,N.56 Dalat
214,PPD DALAT,SK,YCB3502,SEKOLAH KEBANGSAAN ST LUKE NG BAOH,D/A PEJABAT PENDIDIKAN DAERAH DALAT,96300,DALAT,TIADA,TIADA,YCB3502@moe.edu.my,Luar Bandar,SBK,31,13,112.049856,2.583607,Primary,Dalat,P.213 Mukah,N.57 Tellian
215,PPD DALAT,SK,YCB3504,SEKOLAH KEBANGSAAN ST. JUDE,KAMPUNG KEKAN,96300,DALAT,TIADA,TIADA,YCB3504@moe.edu.my,Luar Bandar,SBK,64,11,111.919492,2.71561,Primary,Dalat,P.213 Mukah,N.56 Dalat
216,PPD DALAT,SK,YBE3505,SEKOLAH KEBANGSAAN SUNGAI KUT TENGAH DALAT,D/A PEJABAT PENDIDIKAN DAERAH DALAT,96300,DALAT,TIADA,TIADA,YBE3505@moe.edu.my,Luar Bandar,SK,91,12,111.8805889,2.7170917,Primary,Dalat,P.213 Mukah,N.56 Dalat
217,PPD DARO,SJKC,YCC6401,SEKOLAH JENIS KEBANGSAAN (CINA) CHUNG HUA,D/A PEJABAT PENDIDIKAN DAERAH DARO,96200,DARO,84832898,84832939,YCC6401@moe.edu.my,Luar Bandar,SBK,93,13,111.5335153,2.67783378,Primary,Matu,P.207 Igan,N.44 Jemoreng
218,PPD DARO,SK,YBA6101,SEKOLAH KEBANGSAAN ABANG BUYUK,D/A PEJABAT PENDIDIKAN DAERAH DARO,96200,DARO,84613267,84613267,YBA6101@moe.edu.my,Luar Bandar,SK,102,14,111.220675,2.20443,Primary,Tanjung Manis,P.206 Tanjong Manis,N.41 Kuala Rajang
219,PPD DARO,SK,YBA6106,SEKOLAH KEBANGSAAN ABANG GALAU,KAMPUNG RAJANG,96150,TANJUNG MANIS,84612217,84612217,YBA6106@moe.edu.my,Luar Bandar,SK,91,17,111.254205,2.153314,Primary,Tanjung Manis,P.206 Tanjong Manis,N.41 Kuala Rajang
220,PPD DARO,SK,YBA6103,SEKOLAH KEBANGSAAN ABANG GESA,D/A PEJABAT PENDIDIKAN DAERAH DARO,96200,DARO,84815258,84815258,YBA6103@moe.edu.my,Luar Bandar,SK,320,32,111.215723,2.232157,Primary,Tanjung Manis,P.206 Tanjong Manis,N.41 Kuala Rajang
221,PPD DARO,SK,YBB6313,SEKOLAH KEBANGSAAN BAKERKONG,D/A PEJABAT PENDIDIKAN DAERAH DARO,96200,DARO,TIADA,TIADA,YBB6313@moe.edu.my,Luar Bandar,SK,30,10,111.410768,2.358734,Primary,Tanjung Manis,P.206 Tanjong Manis,N.42 Semop
222,PPD DARO,SK,YBB3220,SEKOLAH KEBANGSAAN BATANG LASSA,D/A PEJABAT PENDIDIKAN DAERAH DARO,96200,DARO,TIADA,TIADA,YBB3220@moe.edu.my,Luar Bandar,SK,53,10,111.591874,2.441691,Primary,Matu,P.207 Igan,N.43 Daro
223,PPD DARO,SK,YBB6409,SEKOLAH KEBANGSAAN BAWANG TIAN,D/A PEJABAT PENDIDIKAN DAERAH DARO,96200,DARO,TIADA,TIADA,YBB6409@moe.edu.my,Luar Bandar,SK,405,41,111.520323,2.636132,Primary,Matu,P.207 Igan,N.44 Jemoreng
224,PPD DARO,SK,YBB6110,SEKOLAH KEBANGSAAN BAYANG,D/A PEJABAT PENDIDIKAN DAERAH DARO,96200,DARO,TIADA,TIADA,YBB6110@moe.edu.my,Luar Bandar,SK,50,13,111.29012,2.21267,Primary,Tanjung Manis,P.206 Tanjong Manis,N.41 Kuala Rajang
225,PPD DARO,SK,YBB6414,SEKOLAH KEBANGSAAN BRUAN MAPAL,BRUAN MAPAL,96250,MATU,TIADA,TIADA,YBB6414@moe.edu.my,Luar Bandar,SK,85,15,111.514432,2.74213,Primary,Matu,P.207 Igan,N.44 Jemoreng
226,PPD DARO,SJKC,YBC6401,SEKOLAH KEBANGSAAN CAMPORAN,D/A PEJABAT PENDIDIKAN DAERAH DARO,96200,DARO,84823299,84823299,YBC6401@moe.edu.my,Luar Bandar,SK,460,49,111.431389,2.513056,Primary,Daro,P.207 Igan,N.43 Daro
227,PPD DARO,SK,YBA6402,SEKOLAH KEBANGSAAN HIJRAH BADONG,D/A PEJABAT PENDIDIKAN DAERAH DARO,96200,DARO,84823125,84823125,YBA6402@moe.edu.my,Luar Bandar,SK,286,41,111.409321,2.526171,Primary,Daro,P.207 Igan,N.43 Daro
228,PPD DARO,SK,YBB6411,SEKOLAH KEBANGSAAN KG BETANAK,D/A PEJABAT PENDIDIKAN DAERAH DARO,96200,DARO,TIADA,TIADA,YBB6411@moe.edu.my,Luar Bandar,SK,170,17,111.299948,2.624549,Primary,Daro,P.206 Tanjong Manis,N.42 Semop
229,PPD DARO,SK,YBE6407,SEKOLAH KEBANGSAAN KG BRUIT,D/A PEJABAT PENDIDIKAN DAERAH DARO,96200,DARO,TIADA,TIADA,YBE6407@moe.edu.my,Luar Bandar,SK,161,15,111.380081,2.709695,Primary,Daro,,
230,PPD DARO,SK,YBB6408,SEKOLAH KEBANGSAAN KG KUT,D/A PEJABAT PENDIDIKAN DAERAH DARO,96200,DARO,TIADA,TIADA,YBB6408@moe.edu.my,Luar Bandar,SK,32,8,111.376547,2.542205,Primary,Daro,,
231,PPD DARO,SK,YBB6410,SEKOLAH KEBANGSAAN KG PANGTRAY,D/A PEJABAT PENDIDIKAN DAERAH DARO,96200,DARO,TIADA,TIADA,YBB6410@moe.edu.my,Luar Bandar,SK,140,17,111.462796,2.563485,Primary,Daro,P.207 Igan,N.43 Daro
232,PPD DARO,SK,YBB6413,SEKOLAH KEBANGSAAN KG PENIBONG,D/A PEJABAT PENDIDIKAN DAERAH DARO,96200,DARO,TIADA,TIADA,YBB6413@moe.edu.my,Luar Bandar,SK,77,14,111.297672,2.609103,Primary,Daro,P.206 Tanjong Manis,N.42 Semop
233,PPD DARO,SK,YBB6406,SEKOLAH KEBANGSAAN KG PENIPAH,D/A PEJABAT PENDIDIKAN DAERAH DARO,96200,DARO,TIADA,TIADA,YBB6406@moe.edu.my,Luar Bandar,SK,176,20,111.296074,2.704282,Primary,Daro,P.206 Tanjong Manis,N.42 Semop
234,PPD DARO,SK,YBB6405,SEKOLAH KEBANGSAAN KG PERGAU,D/A PEJABAT PENDIDIKAN DAERAH DARO,96200,DARO,TIADA,TIADA,YBB6405@moe.edu.my,Luar Bandar,SK,133,15,111.493077,2.695634,Primary,Matu,P.207 Igan,N.44 Jemoreng
235,PPD DARO,SK,YBE3205,SEKOLAH KEBANGSAAN KG SAWAI,D/A PEJABAT PENDIDIKAN DAERAH DARO,96200,DARO,TIADA,TIADA,YBE3205@moe.edu.my,Luar Bandar,SK,61,13,111.703379,2.498592,Primary,Matu,P.207 Igan,N.43 Daro
236,PPD DARO,SK,YBA6301,SEKOLAH KEBANGSAAN KG SERDENG,D/A PEJABAT PENDIDIKAN DAERAH DARO,96200,DARO,TIADA,TIADA,YBA6301@moe.edu.my,Luar Bandar,SK,87,14,111.447877,2.325829,Primary,Tanjung Manis,P.206 Tanjong Manis,N.42 Semop
237,PPD DARO,SK,YBE6405,SEKOLAH KEBANGSAAN KG TEBAANG,D/A PEJABAT PENDIDIKAN DAERAH DARO,96200,DARO,TIADA,TIADA,YBE6405@moe.edu.my,Luar Bandar,SK,199,18,111.517624,2.481523,Primary,Daro,P.207 Igan,N.43 Daro
238,PPD DARO,SK,YBB6407,SEKOLAH KEBANGSAAN KG TEKAJONG,D/A PEJABAT PENDIDIKAN DAERAH DARO,96200,DARO,TIADA,TIADA,YBB6407@moe.edu.my,Luar Bandar,SK,68,16,111.304743,2.736904,Primary,Daro,P.206 Tanjong Manis,N.42 Semop
239,PPD DARO,SK,YBB6311,SEKOLAH KEBANGSAAN KPG PENASU DARO,D/A PEJABAT PENDIDIKAN DAERAH DARO,96200,DARO,TIADA,TIADA,YBB6311@moe.edu.my,Luar Bandar,SK,83,14,111.564451,2.329087,Primary,Daro,P.207 Igan,N.43 Daro
240,PPD DARO,SK,YBE6402,SEKOLAH KEBANGSAAN KUALA MATU,D/A PEJABAT PENDIDIKAN DAERAH DARO,96200,DARO,84832937,84832937,YBE6402@moe.edu.my,Luar Bandar,SK,197,21,111.474473,2.71061,Primary,Matu,P.207 Igan,N.44 Jemoreng
241,PPD DARO,SK,YBB6402,SEKOLAH KEBANGSAAN MOHAMAD REDEH SAAI,D/A PEJABAT PENDIDIKAN DAERAH DARO,96200,DARO,TIADA,TIADA,YBB6402@moe.edu.my,Luar Bandar,SK,19,7,111.375527,2.498442,Primary,Daro,,
242,PPD DARO,SK,YBB6301,SEKOLAH KEBANGSAAN NANGA SEMAH,D/A PEJABAT PENDIDIKAN DAERAH DARO,96200,DARO,TIADA,TIADA,YBB6301@moe.edu.my,Luar Bandar,SK,32,13,111.516182,2.356417,Primary,Daro,P.207 Igan,N.43 Daro
243,PPD DARO,SK,YBE6406,SEKOLAH KEBANGSAAN NANGAR,D/A PEJABAT PENDIDIKAN DAERAH DARO,96200,DARO,TIADA,TIADA,YBE6406@moe.edu.my,Luar Bandar,SK,161,18,111.428671,2.630034,Primary,Daro,P.207 Igan,N.43 Daro
244,PPD DARO,SK,YBE6408,SEKOLAH KEBANGSAAN O K SELAIR,D/A PEJABAT PENDIDIKAN DAERAH DARO,96200,DARO,84832234,84832234,YBE6408@moe.edu.my,Luar Bandar,SK,95,16,111.54,2.67,Primary,Matu,P.207 Igan,N.44 Jemoreng
245,PPD DARO,SK,YBB6401,SEKOLAH KEBANGSAAN O K SERGUNIM,D/A PEJABAT PENDIDIKAN DAERAH DARO,96200,DARO,84832564,84832564,YBB6401@moe.edu.my,Luar Bandar,SK,137,17,111.557161,2.67166,Primary,Matu,P.207 Igan,N.44 Jemoreng
246,PPD DARO,SK,YBA6104,SEKOLAH KEBANGSAAN ORANG KAYA MUDA,D/A PEJABAT PENDIDIKAN DAERAH DARO,96200,DARO,TIADA,TIADA,YBA6104@moe.edu.my,Luar Bandar,SK,121,17,111.255938,2.414025,Primary,Tanjung Manis,P.206 Tanjong Manis,N.42 Semop
247,PPD DARO,SK,YBB6323,SEKOLAH KEBANGSAAN SABENA,D/A PEJABAT PENDIDIKAN DAERAH DARO,96200,DARO,TIADA,TIADA,YBB6323@moe.edu.my,Luar Bandar,SK,28,9,111.50132,2.343742,Primary,Meradong,P.207 Igan,N.43 Daro
248,PPD DARO,SK,YBA6401,SEKOLAH KEBANGSAAN SALAH KECHIL,D/A PEJABAT PENDIDIKAN DAERAH DARO,96200,DARO,TIADA,TIADA,YBA6401@moe.edu.my,Luar Bandar,SK,56,11,111.297997,2.665339,Primary,Daro,P.206 Tanjong Manis,N.42 Semop
249,PPD DARO,SK,YBB6116,SEKOLAH KEBANGSAAN SEBAKO,D/A PEJABAT PENDIDIKAN DAERAH DARO,96200,DARO,TIADA,TIADA,YBB6116@moe.edu.my,Luar Bandar,SK,60,11,111.305687,2.475488,Primary,Daro,P.206 Tanjong Manis,N.42 Semop
250,PPD DARO,SK,YBB6415,SEKOLAH KEBANGSAAN SEKAAN KECHIL,D/A PEJABAT PENDIDIKAN DAERAH DARO,96200,DARO,TIADA,TIADA,YBB6415@moe.edu.my,Luar Bandar,SK,75,12,111.528193,2.65404,Primary,Matu,P.207 Igan,N.44 Jemoreng
251,PPD DARO,SK,YBB6309,SEKOLAH KEBANGSAAN SEMOP,D/A PEJABAT PENDIDIKAN DAERAH DARO,96200,DARO,TIADA,TIADA,YBB6309@moe.edu.my,Luar Bandar,SK,188,18,111.398186,2.412256,Primary,Daro,P.206 Tanjong Manis,N.42 Semop
252,PPD DARO,SK,YBE6401,SEKOLAH KEBANGSAAN SOK,D/A PEJABAT PENDIDIKAN DAERAH DARO,96200,DARO,TIADA,TIADA,YBE6401@moe.edu.my,Luar Bandar,SK,37,12,111.511112,2.676664,Primary,Matu,P.207 Igan,N.44 Jemoreng
253,PPD DARO,SK,YBA6110,SEKOLAH KEBANGSAAN STALON,D/A PEJABAT PENDIDIKAN DAERAH DARO,96200,DARO,TIADA,TIADA,YBA6110@moe.edu.my,Luar Bandar,SK,22,10,111.260523,2.233678,Primary,Tanjung Manis,P.206 Tanjong Manis,N.41 Kuala Rajang
254,PPD DARO,SK,YBB3214,SEKOLAH KEBANGSAAN SUNGEI PASSIN,D/A PEJABAT PENDIDIKAN DAERAH DARO,96200,DARO,TIADA,TIADA,YBB3214@moe.edu.my,Luar Bandar,SK,64,12,111.720657,2.626357,Primary,Matu,P.207 Igan,N.43 Daro
255,PPD DARO,SK,YBA6112,SEKOLAH KEBANGSAAN TANJONG MANIS,D/A PEJABAT PENDIDIKAN DAERAH DARO,96200,DARO,84613326,84613326,YBA6112@moe.edu.my,Luar Bandar,SK,162,25,111.32093,2.151647,Primary,Tanjung Manis,P.206 Tanjong Manis,N.41 Kuala Rajang
256,PPD DARO,SK,YBB6322,SEKOLAH KEBANGSAAN TELOK GELAM,D/A PEJABAT PENDIDIKAN DAERAH DARO,96200,DARO,TIADA,TIADA,YBB6322@moe.edu.my,Luar Bandar,SK,19,11,111.463412,2.33798,Primary,Tanjung Manis,P.206 Tanjong Manis,N.42 Semop
257,PPD DARO,SK,YBE6404,SEKOLAH KEBANGSAAN ULU DARO,D/A PEJABAT PENDIDIKAN DAERAH DARO,96200,DARO,TIADA,TIADA,YBE6404@moe.edu.my,Luar Bandar,SK,178,19,111.440372,2.543009,Primary,Daro,P.207 Igan,N.43 Daro
258,PPD JULAU,SJKC,YCC6201,SEKOLAH JENIS KEBANGSAAN (CINA) YUK KUNG,D/A PEJABAT PENDIDIKAN DAERAH JULAU,96600,JULAU,84734442,TIADA,YCC6201@moe.edu.my,Luar Bandar,SBK,137,15,111.9145,2.022083333,Primary,Julau,P.209 Julau,N.48 Meluan
259,PPD JULAU,SK,YBB6220,SEKOLAH KEBANGSAAN LUBOK ASSAM,D/A PEJABAT PENDIDIKAN DAERAH JULAU,96600,JULAU,TIADA,TIADA,YBB6220@moe.edu.my,Luar Bandar,SK,34,12,111.954154,1.769281,Primary,Julau,P.209 Julau,N.48 Meluan
260,PPD JULAU,SK,YBB6210,SEKOLAH KEBANGSAAN NANGA BABAI,D/A PEJABAT PENDIDIKAN DAERAH JULAU,96600,JULAU,TIADA,TIADA,YBB6210@moe.edu.my,Luar Bandar,SK,133,14,111.64825,1.952516667,Primary,Pakan,P.209 Julau,N.47 Pakan
261,PPD JULAU,SK,YBB6228,SEKOLAH KEBANGSAAN NANGA BUKU,D/A PEJABAT PENDIDIKAN DAERAH JULAU,96600,JULAU,TIADA,TIADA,YBB6228@moe.edu.my,Luar Bandar,SK,37,10,111.58439,1.927726,Primary,Pakan,P.209 Julau,N.47 Pakan
262,PPD JULAU,SK,YBB6230,SEKOLAH KEBANGSAAN NANGA DAYU,D/A PEJABAT PENDIDIKAN DAERAH JULAU,96600,JULAU,TIADA,TIADA,YBB6230@moe.edu.my,Luar Bandar,SK,67,12,111.653871,1.741,Primary,Pakan,P.209 Julau,N.47 Pakan
263,PPD JULAU,SK,YBB6226,SEKOLAH KEBANGSAAN NANGA ENGKAMOP,D/A PEJABAT PENDIDIKAN DAERAH JULAU,96600,JULAU,TIADA,TIADA,YBB6226@moe.edu.my,Luar Bandar,SK,144,16,111.8208333,1.759116667,Primary,Julau,P.209 Julau,N.48 Meluan
264,PPD JULAU,SK,YBB6213,SEKOLAH KEBANGSAAN NANGA ENTABAI,D/A PEJABAT PENDIDIKAN DAERAH JULAU,96600,JULAU,TIADA,TIADA,YBB6213@moe.edu.my,Luar Bandar,SK,133,15,111.92318,1.795654,Primary,Julau,P.209 Julau,N.48 Meluan
265,PPD JULAU,SK,YBB6206,SEKOLAH KEBANGSAAN NANGA ENTAIH,D/A PEJABAT PENDIDIKAN DAERAH JULAU,96600,JULAU,TIADA,TIADA,YBB6206@moe.edu.my,Luar Bandar,SK,93,17,111.795646,1.715173,Primary,Pakan,P.209 Julau,N.48 Meluan
266,PPD JULAU,SK,YBB6225,SEKOLAH KEBANGSAAN NANGA JAMBU,D/A PEJABAT PENDIDIKAN DAERAH JULAU,96600,JULAU,TIADA,TIADA,YBB6225@moe.edu.my,Luar Bandar,SK,39,11,111.937037,1.670372,Primary,Julau,P.209 Julau,N.48 Meluan
267,PPD JULAU,SK,YBB6229,SEKOLAH KEBANGSAAN NANGA JU,D/A PEJABAT PENDIDIKAN DAERAH JULAU,96600,JULAU,TIADA,TIADA,YBB6229@moe.edu.my,Luar Bandar,SK,20,12,112.08295,1.709567,Primary,Julau,P.209 Julau,N.48 Meluan
268,PPD JULAU,SK,YBB6219,SEKOLAH KEBANGSAAN NANGA KARA,D/A PEJABAT PENDIDIKAN DAERAH JULAU,96600,JULAU,TIADA,TIADA,YBB6219@moe.edu.my,Luar Bandar,SK,59,13,111.693601,1.700372,Primary,Pakan,P.209 Julau,N.47 Pakan
269,PPD JULAU,SK,YBB6212,SEKOLAH KEBANGSAAN NANGA KEDUP,D/A PEJABAT PENDIDIKAN DAERAH JULAU,96600,JULAU,TIADA,TIADA,YBB6212@moe.edu.my,Luar Bandar,SK,58,12,111.560366,1.820283,Primary,Pakan,P.209 Julau,N.47 Pakan
270,PPD JULAU,SK,YBB6231,SEKOLAH KEBANGSAAN NANGA KELANGAS,D/A PEJABAT PENDIDIKAN DAERAH JULAU,96600,JULAU,TIADA,TIADA,YBB6231@moe.edu.my,Luar Bandar,SK,38,11,111.826599,1.891043,Primary,Julau,P.209 Julau,N.48 Meluan
271,PPD JULAU,SK,YBB6214,SEKOLAH KEBANGSAAN NANGA KOTA,D/A PEJABAT PENDIDIKAN DAERAH JULAU,96600,JULAU,TIADA,TIADA,YBB6214@moe.edu.my,Luar Bandar,SK,40,12,111.922096,1.999399,Primary,Julau,P.209 Julau,N.48 Meluan
272,PPD JULAU,SK,YBB6202,SEKOLAH KEBANGSAAN NANGA LASI,D/A PEJABAT PENDIDIKAN DAERAH JULAU,96600,JULAU,TIADA,TIADA,YBB6202@moe.edu.my,Luar Bandar,SK,125,16,111.785805,1.957409,Primary,Julau,P.209 Julau,N.48 Meluan
273,PPD JULAU,SK,YBB6215,SEKOLAH KEBANGSAAN NANGA LUAU,D/A PEJABAT PENDIDIKAN DAERAH JULAU,96600,JULAU,TIADA,TIADA,YBB6215@moe.edu.my,Luar Bandar,SK,107,16,111.909647,1.975285,Primary,Julau,P.209 Julau,N.48 Meluan
274,PPD JULAU,SK,YBB6211,SEKOLAH KEBANGSAAN NANGA MAONG,D/A PEJABAT PENDIDIKAN DAERAH JULAU,96600,JULAU,TIADA,TIADA,YBB6211@moe.edu.my,Luar Bandar,SK,32,13,112.0257,1.738834,Primary,Julau,P.209 Julau,N.48 Meluan
275,PPD JULAU,SK,YBB6203,SEKOLAH KEBANGSAAN NANGA MELUAN,D/A PEJABAT PENDIDIKAN DAERAH JULAU,96600,JULAU,TIADA,TIADA,YBB6203@moe.edu.my,Luar Bandar,SK,237,22,111.933312,1.861602,Primary,Julau,P.209 Julau,N.48 Meluan
276,PPD JULAU,SK,YBB6208,SEKOLAH KEBANGSAAN NANGA MERURUN,D/A PEJABAT PENDIDIKAN DAERAH JULAU,96600,SARIKEI,TIADA,TIADA,YBB6208@moe.edu.my,Luar Bandar,SK,57,13,111.847496,1.896213,Primary,Julau,P.209 Julau,N.48 Meluan
277,PPD JULAU,SK,YBB6204,SEKOLAH KEBANGSAAN NANGA PAKAN,D/A PEJABAT PENDIDIKAN DAERAH JULAU,96600,JULAU,TIADA,TIADA,YBB6204@moe.edu.my,Luar Bandar,SK,211,28,111.6773333,1.88965,Primary,Pakan,P.209 Julau,N.47 Pakan
278,PPD JULAU,SK,YBB6209,SEKOLAH KEBANGSAAN NANGA PEDANUM,D/A PEJABAT PENDIDIKAN DAERAH JULAU,96600,JULAU,TIADA,TIADA,YBB6209@moe.edu.my,Luar Bandar,SK,50,11,111.728404,1.91414,Primary,Pakan,P.209 Julau,N.47 Pakan
279,PPD JULAU,SK,YBB6216,SEKOLAH KEBANGSAAN NANGA SEMAWANG,D/A PEJABAT PENDIDIKAN DAERAH JULAU,96600,JULAU,TIADA,TIADA,YBB6216@moe.edu.my,Luar Bandar,SK,42,11,111.646687,1.785433,Primary,Pakan,P.209 Julau,N.47 Pakan
280,PPD JULAU,SK,YBB6217,SEKOLAH KEBANGSAAN NANGA SENGAIH,D/A PEJABAT PENDIDIKAN DAERAH JULAUÂ ,96600,JULAU,TIADA,TIADA,YBB6217@moe.edu.my,Luar Bandar,SK,65,13,111.848073,1.796399,Primary,Julau,P.209 Julau,N.48 Meluan
281,PPD JULAU,SK,YBB6205,SEKOLAH KEBANGSAAN NANGA WAK,D/A PEJABAT PENDIDIKAN DAERAH JULAU,96600,JULAU,TIADA,TIADA,YBB6205@moe.edu.my,Luar Bandar,SK,134,14,111.6202778,1.8338889,Primary,Pakan,P.209 Julau,N.47 Pakan
282,PPD JULAU,SK,YBB6221,SEKOLAH KEBANGSAAN NG ENSIRING,D/A PEJABAT PENDIDIKAN DAERAH JULAU,96600,JULAU,TIADA,TIADA,YBB6221@moe.edu.my,Luar Bandar,SK,46,12,111.98662,1.685904,Primary,Julau,P.209 Julau,N.48 Meluan
283,PPD JULAU,SK,YBB6201,SEKOLAH KEBANGSAAN NG SERAU,D/A PEJABAT PENDIDIKAN DAERAH JULAU,96600,JULAU,TIADA,TIADA,YBB6201@moe.edu.my,Luar Bandar,SK,40,12,111.813548,1.999192,Primary,Julau,P.209 Julau,N.48 Meluan
284,PPD JULAU,SK,YCB6201,SEKOLAH KEBANGSAAN ST ALPHONSUS,D/A PEJABAT PENDIDIKAN DAERAH JULAU,96600,JULAU,84734457,84734457,YCB6201@moe.edu.my,Luar Bandar,SBK,308,26,111.9138833,2.023183333,Primary,Julau,P.209 Julau,N.48 Meluan
285,PPD JULAU,SK,YBB6224,SEKOLAH KEBANGSAAN SUNGAI SUGAI,D/A PEJABAT PENDIDIKAN DAERAH JULAU,96600,JULAU,TIADA,TIADA,YBB6224@moe.edu.my,Luar Bandar,SK,149,16,111.7053333,1.853466667,Primary,Pakan,P.209 Julau,N.47 Pakan
286,PPD JULAU,SK,YBB6218,SEKOLAH KEBANGSAAN TAPANG PUNGGU,D/A PEJABAT PENDIDIKAN DAERAH JULAU,96600,JULAU,TIADA,TIADA,YBB6218@moe.edu.my,Luar Bandar,SK,36,11,111.961721,1.744164,Primary,Julau,P.209 Julau,N.48 Meluan
287,PPD JULAU,SK,YBB6223,SEKOLAH KEBANGSAAN ULU ENTABAI,D/A PEJABAT PENDIDIKAN DAERAH JULAU,96600,JULAU,TIADA,TIADA,YBB6223@moe.edu.my,Luar Bandar,SK,60,16,111.821294,1.650081,Primary,Pakan,P.209 Julau,N.48 Meluan
288,PPD JULAU,SK,YBB6222,SEKOLAH KEBANGSAAN ULU ENTAIH,D/A PEJABAT PENDIDIKAN DAERAH JULAU,96600,JULAU,TIADA,TIADA,YBB6222@moe.edu.my,Luar Bandar,SK,97,13,111.72552,1.683997,Primary,Pakan,P.209 Julau,N.48 Meluan
289,PPD JULAU,SK,YBB6207,SEKOLAH KEBANGSAAN ULU MANDING,D/A PEJABAT PENDIDIKAN DAERAH JULAU,96600,JULAU,TIADA,TIADA,YBB6207@moe.edu.my,Luar Bandar,SK,63,11,111.577846,1.879612,Primary,Pakan,P.209 Julau,N.47 Pakan
290,PPD JULAU,SK,YBA6201,SEKOLAH KEBANGSAAN ULU PEDANUM,ULU PEDANUM,96600,JULAU,TIADA,TIADA,YBA6201@moe.edu.my,Luar Bandar,SK,65,15,111.682007,1.970165,Primary,Pakan,P.209 Julau,N.47 Pakan
291,PPD JULAU,SK,YBB3232,SEKOLAH KEBANGSAAN ULU SG NAMAN,D/A PEJABAT PENDIDIKAN DAERAH JULAU,96600,JULAU,TIADA,TIADA,YBB3232@moe.edu.my,Luar Bandar,SK,85,14,111.924357,2.069611,Primary,Julau,P.211 Lanang,N.52 Dudong
292,PPD KANOWIT,SJKC,YCC3311,SEKOLAH JENIS KEBANGSAAN (CINA) CHENG HUA,D/A PEJABAT PENDIDIKAN DAERAH KANOWIT,96700,KANOWIT,84738267,84738267,YCC3311@moe.edu.my,Luar Bandar,SBK,48,12,112.0205667,2.019483333,Primary,Kanowit,P.210 Kanowit,N.50 Machan
293,PPD KANOWIT,SJKC,YCC3301,SEKOLAH JENIS KEBANGSAAN (CINA) CHIH MONG,D/A PEJABAT PENDIDIKAN DAERAH KANOWIT,96700,KANOWIT,84755014,TIADA,YCC3301@moe.edu.my,Luar Bandar,SBK,33,11,112.07935,2.134916667,Primary,Kanowit,P.210 Kanowit,N.50 Machan
294,PPD KANOWIT,SJKC,YCC3305,SEKOLAH JENIS KEBANGSAAN (CINA) LIANG HUA,"LIAN HUP ESTATE, SUNGAI DAJI",96700,KANOWIT,TIADA,TIADA,YCC3305@moe.edu.my,Luar Bandar,SBK,21,9,112.195937,2.078666,Primary,Kanowit,P.210 Kanowit,N.50 Machan
295,PPD KANOWIT,SJKC,YCC3304,SEKOLAH JENIS KEBANGSAAN (CINA) MING WOK,PEJABAT PENDIDIKAN DAERAH KANOWIT,96700,KANOWIT,TIADA,TIADA,YCC3304@moe.edu.my,Luar Bandar,SBK,39,11,112.399876,2.023404,Primary,Song,P.215 Kapit,N.62 Katibas
296,PPD KANOWIT,SJKC,YCC3307,SEKOLAH JENIS KEBANGSAAN (CINA) NAM HUA,D/A PEJABAT PENDIDIKAN DAERAH KANOWIT,96700,KANOWIT,TIADA,TIADA,YCC3307@moe.edu.my,Luar Bandar,SBK,30,10,112.324404,2.054893,Primary,Kanowit,P.210 Kanowit,N.49 Ngemah
297,PPD KANOWIT,SJKC,YCC3309,SEKOLAH JENIS KEBANGSAAN (CINA) SHING HUA,D/A PEJABAT PENDIDIKAN DAERAH KANOWIT,96700,KANOWIT,84755011,TIADA,YCC3309@moe.edu.my,Luar Bandar,SBK,12,12,112.120317,2.120821,Primary,Kanowit,P.210 Kanowit,N.50 Machan
298,PPD KANOWIT,SJKC,YCC3306,SEKOLAH JENIS KEBANGSAAN (CINA) SHING KOK,"SG. PEDAI, JALAN NIBONG TADA",96700,KANOWIT,TIADA,TIADA,YCC3306@moe.edu.my,Luar Bandar,SBK,30,9,112.1299,2.133083333,Primary,Kanowit,P.210 Kanowit,N.49 Ngemah
299,PPD KANOWIT,SJKC,YCC3302,SEKOLAH JENIS KEBANGSAAN (CINA) SING SHING,D/A PEJABAT PENDIDIKAN DAERAH KANOWIT,96700,KANOWIT,TIADA,TIADA,YCC3302@moe.edu.my,Luar Bandar,SBK,14,11,112.0777333,2.141766667,Primary,Kanowit,P.210 Kanowit,N.49 Ngemah
300,PPD KANOWIT,SJKC,YCC3303,SEKOLAH JENIS KEBANGSAAN (CINA) YEE TING,D/A PEJABAT PENDIDIKAN DAERAH KANOWIT,96700,KANOWIT,84752335,84752335,YCC3303@moe.edu.my,Luar Bandar,SBK,270,26,112.157096,2.102033,Primary,Kanowit,P.210 Kanowit,N.49 Ngemah
301,PPD KANOWIT,SJKC,YCC3308,SEKOLAH JENIS KEBANGSAAN (CINA) YOK MING,D/A PEJABAT PENDIDIKAN DAERAH KANOWIT,96700,KANOWIT,84755004,TIADA,YCC3308@moe.edu.my,Luar Bandar,SBK,74,13,112.1549,2.132733333,Primary,Kanowit,P.210 Kanowit,N.49 Ngemah
302,PPD KANOWIT,SK,YBB3315,SEKOLAH KEBANGSAAN BATU LUKING,d/a Pejabat Pendidikan Daerah Kanowit,96700,KANOWIT,TIADA,TIADA,YBB3315@moe.edu.my,Luar Bandar,SK,61,15,112.202225,2.068239,Primary,Kanowit,P.210 Kanowit,N.50 Machan
303,PPD KANOWIT,SK,YBB3309,SEKOLAH KEBANGSAAN NANGA DAP,D/A PEJABAT PENDIDIKAN DAERAH KANOWIT,96700,KANOWIT,84776308,TIADA,YBB3309@moe.edu.my,Luar Bandar,SK,69,14,112.321907,2.055135,Primary,Kanowit,P.210 Kanowit,N.49 Ngemah
304,PPD KANOWIT,SK,YBB3306,SEKOLAH KEBANGSAAN NANGA JIH,D/A PEJABAT PENDIDIKAN DAERAH KANOWIT,96700,KANOWIT,TIADA,TIADA,YBB3306@moe.edu.my,Luar Bandar,SK,61,13,112.1124667,2.143016667,Primary,Kanowit,P.210 Kanowit,N.49 Ngemah
305,PPD KANOWIT,SK,YBB3302,SEKOLAH KEBANGSAAN NANGA LIPUS,D/A PEJABAT PENDIDIKAN DAERAH KANOWIT,96700,KANOWIT,84755235,TIADA,YBB3302@moe.edu.my,Luar Bandar,SK,39,11,112.1307667,2.040833333,Primary,Kanowit,P.210 Kanowit,N.50 Machan
306,PPD KANOWIT,SK,YBB3310,SEKOLAH KEBANGSAAN NANGA MACHAN,D/A PEJABAT PENDIDIKAN DAERAH KANOWIT,96700,KANOWIT,84738195,TIADA,YBB3310@moe.edu.my,Luar Bandar,SK,214,25,112.023121,2.0171,Primary,Kanowit,P.210 Kanowit,N.50 Machan
307,PPD KANOWIT,SK,YBB3319,SEKOLAH KEBANGSAAN NANGA MENALUN,D/A PEJABAT PENDIDIKAN DAERAH KANOWIT,96700,KANOWIT,198672322,TIADA,YBB3319@moe.edu.my,Luar Bandar,SK,16,9,112.230658,1.984229,Primary,Kanowit,P.210 Kanowit,N.50 Machan
308,PPD KANOWIT,SK,YBB3324,SEKOLAH KEBANGSAAN NANGA NGEMAH,"D/A PEJABAT PENDIDIKAN DAERAH KANOWIT, JALAN ACCESS",96700,KANOWIT,TIADA,TIADA,YBB3324@moe.edu.my,Luar Bandar,SK,15,9,112.396317,2.029235,Primary,Song,P.210 Kanowit,N.49 Ngemah
309,PPD KANOWIT,SK,YBB3311,SEKOLAH KEBANGSAAN NANGA NGUNGUN,D/A PEJABAT PENDIDIKAN DAERAH KANOWIT,96700,KANOWIT,TIADA,TIADA,YBB3311@moe.edu.my,Luar Bandar,SK,236,30,112.403532,1.986223,Primary,Kanowit,P.210 Kanowit,N.49 Ngemah
310,PPD KANOWIT,SK,YBB3316,SEKOLAH KEBANGSAAN NANGA NIROK NGEMAH,D/A PEJABAT PENDIDIKAN DAERAH KANOWIT,96700,KANOWIT,TIADA,TIADA,YBB3316@moe.edu.my,Luar Bandar,SK,46,11,112.367907,1.963079,Primary,Kanowit,P.210 Kanowit,N.49 Ngemah
311,PPD KANOWIT,SK,YBB3323,SEKOLAH KEBANGSAAN NANGA PEDAI,D/A PEJABAT PENDIDIKAN DAERAH KANOWIT,96700,KANOWIT,TIADA,TIADA,YBB3323@moe.edu.my,Luar Bandar,SK,154,17,112.15965,2.13935,Primary,Kanowit,P.210 Kanowit,N.49 Ngemah
312,PPD KANOWIT,SK,YBB3304,SEKOLAH KEBANGSAAN NANGA POI,D/A PEJABAT PENDIDIKAN DAERAH KANOWIT,96700,KANOWIT,TIADA,TIADA,YBB3304@moe.edu.my,Luar Bandar,SK,51,15,112.261047,2.033117,Primary,Kanowit,P.210 Kanowit,N.50 Machan
313,PPD KANOWIT,SK,YBB3317,SEKOLAH KEBANGSAAN NANGA TADA,D/A PEJABAT PENDIDIKAN DAERAH KANOWIT,96700,KANOWIT,,,YBB3317@moe.edu.my,Luar Bandar,SK,261,30,112.363073,2.085735,Primary,Kanowit,P.210 Kanowit,N.49 Ngemah
314,PPD KANOWIT,SK,YBB3314,SEKOLAH KEBANGSAAN NG BALINGIAU,D/A PEJABAT PENDIDIKAN DAERAH KANOWIT,96700,KANOWIT,TIADA,TIADA,YBB3314@moe.edu.my,Luar Bandar,SK,77,15,113.270833,1.774167,Primary,Bukit Mabong,P.216 Hulu Rajang,N.64 Baleh
315,PPD KANOWIT,SK,YBB3325,SEKOLAH KEBANGSAAN NG JAGAU,D/A PEJABAT PENDIDIKAN DAERAH KANOWIT,96700,KANOWIT,TIADA,TIADA,YBB3325@moe.edu.my,Luar Bandar,SK,45,14,112.312803,1.881114,Primary,Kanowit,P.210 Kanowit,N.49 Ngemah
316,PPD KANOWIT,SK,YBB3308,SEKOLAH KEBANGSAAN NG JAGOI,D/A PEJABAT PENDIDIKAN DAERAH KANOWIT,96700,KANOWIT,TIADA,TIADA,YBB3308@moe.edu.my,Luar Bandar,SK,85,13,112.080006,2.031163,Primary,Kanowit,P.210 Kanowit,N.50 Machan
317,PPD KANOWIT,SK,YBB3312,SEKOLAH KEBANGSAAN RANTAU DILANG,D/A PEJABAT PENDIDIKAN DAERAH KANOWIT,96700,KANOWIT,TIADA,TIADA,YBB3312@moe.edu.my,Luar Bandar,SK,32,10,112.255898,2.066183,Primary,Kanowit,P.210 Kanowit,N.49 Ngemah
318,PPD KANOWIT,SK,YBB3303,SEKOLAH KEBANGSAAN RANTAU KEMIDING,D/A PEJABAT PENDIDIKAN DAERAH KANOWIT,96700,KANOWIT,TIADA,TIADA,YBB3303@moe.edu.my,Luar Bandar,SK,42,10,112.1487167,2.0674,Primary,Kanowit,P.210 Kanowit,N.50 Machan
319,PPD KANOWIT,SK,YBA3301,SEKOLAH KEBANGSAAN SENGAYAN,D/A PEJABAT PENDIDIKAN DAERAH KANOWIT,96700,KANOWIT,TIADA,TIADA,YBA3301@moe.edu.my,Luar Bandar,SK,30,11,112.222759,2.082228,Primary,Kanowit,P.210 Kanowit,N.49 Ngemah
320,PPD KANOWIT,SK,YCB3301,SEKOLAH KEBANGSAAN ST FRANCIS XAVIER,D/A PEJABAT PENDIDIKAN DAERAH KANOWIT,96700,KANOWIT,84752204,84752204,YCB3301@moe.edu.my,Luar Bandar,SBK,371,31,112.150084,2.09332,Primary,Kanowit,P.210 Kanowit,N.50 Machan
321,PPD KANOWIT,SK,YBB3305,SEKOLAH KEBANGSAAN SUNGAI TUAH,D/A PEJABAT PENDIDIKAN DAERAH KANOWIT,96700,KANOWIT,TIADA,TIADA,YBB3305@moe.edu.my,Luar Bandar,SK,48,13,112.1941333,2.1539,Primary,Kanowit,P.210 Kanowit,N.49 Ngemah
322,PPD KANOWIT,SK,YBB3313,SEKOLAH KEBANGSAAN ULU BAWAN,D/A PEJABAT PENDIDIKAN DAERAH KANOWIT,96700,KANOWIT,TIADA,TIADA,YBB3313@moe.edu.my,Luar Bandar,SK,114,15,112.222748,2.12386,Primary,Kanowit,P.210 Kanowit,N.49 Ngemah
323,PPD KANOWIT,SK,YBB3318,SEKOLAH KEBANGSAAN ULU MACHAN,,96700,KANOWIT,TIADA,TIADA,YBB3318@moe.edu.my,Luar Bandar,SK,29,11,112.04228,1.953922,Primary,Kanowit,P.210 Kanowit,N.50 Machan
324,PPD KANOWIT,SK,YBB3322,SEKOLAH KEBANGSAAN ULU MAJAU,d/a Pejabat Pendidikan Daerah Kanowit,96700,KANOWIT,128715431,TIADA,YBB3322@moe.edu.my,Luar Bandar,SK,85,11,112.186737,2.053344,Primary,Kanowit,P.210 Kanowit,N.50 Machan
325,PPD KANOWIT,SK,YBB3307,SEKOLAH KEBANGSAAN ULU POI,d/a Pejabat Pendidikan Daerah Kanowit,96700,KANOWIT,TIADA,TIADA,YBB3307@moe.edu.my,Luar Bandar,SK,15,9,112.226694,1.950477,Primary,Kanowit,P.210 Kanowit,N.50 Machan
326,PPD KANOWIT,SK,YBB3320,SEKOLAH KEBANGSAAN ULU RANAN,D/A PEJABAT PENDIDIKAN DAERAH KANOWIT,96700,KANOWIT,84755037,TIADA,YBB3320@moe.edu.my,Luar Bandar,SK,280,31,112.107298,2.06777,Primary,Kanowit,P.210 Kanowit,N.50 Machan
327,PPD KAPIT,SJKC,YCC7101,SEKOLAH JENIS KEBANGSAAN (CINA) HOCK LAM,"D/A PEJABAT PENDIDIKAN DAERAH KAPIT, TINGKAT 1 & 2, WISMA PERSEKUTUAN, JALAN PENGHULU NYANGGAU",96800,KAPIT,84796371,84796371,YCC7101@moe.edu.my,Luar Bandar,SBK,652,48,112.9386167,2.016833333,Primary,Kapit,P.215 Kapit,N.63 Bukit Goram
328,PPD KAPIT,SK,YBA7102,SEKOLAH KEBANGSAAN BEBANGAN,"D/A PEJABAT PENDIDIKAN DAERAH KAPIT, TINGKAT 1 & 2, WISMA PERSEKUTUAN, JALAN PENGHULU NYANGGAU",96800,KAPIT,TIADA,TIADA,YBA7102@moe.edu.my,Luar Bandar,SK,20,8,113.437443,2.171769,Primary,Bukit Mabong,P.216 Hulu Rajang,N.64 Baleh
329,PPD KAPIT,SK,YBA7110,SEKOLAH KEBANGSAAN KAPIT,"D/A PEJABAT PENDIDIKAN DAERAH KAPIT, TINGKAT 1 & 2, WISMA PERSEKUTUAN, JALAN PENGHULU NYANGGAU",96800,KAPIT,84796636,84796646,YBA7110@moe.edu.my,Luar Bandar,SK,753,53,112.9195333,2.0123,Primary,Kapit,P.215 Kapit,N.63 Bukit Goram
330,PPD KAPIT,SK,YBB7123,SEKOLAH KEBANGSAAN KG BARU,"D/A PEJABAT PENDIDIKAN DAERAH KAPIT, TINGKAT 1 & 2, WISMA PERSEKUTUAN, JALAN PENGHULU NYANGGAU",96800,KAPIT,84798396,TIADA,YBB7123@moe.edu.my,Luar Bandar,SK,407,39,112.9312,2.016766667,Primary,Kapit,P.215 Kapit,N.63 Bukit Goram
331,PPD KAPIT,SK,YCB7108,SEKOLAH KEBANGSAAN LBK MAWANG,"D/A PEJABAT PENDIDIKAN DAERAH KAPIT, TINGKAT 1 & 2, WISMA PERSEKUTUAN, JALAN PENGHULU NYANGGAU",96800,KAPIT,TIADA,TIADA,YCB7108@moe.edu.my,Luar Bandar,SBK,17,12,113.403945,2.029652,Primary,Song,P.215 Kapit,N.62 Katibas
332,PPD KAPIT,SK,YBB7119,SEKOLAH KEBANGSAAN LEPONG BALLEH,"D/A PEJABAT PENDIDIKAN DAERAH KAPIT, TINGKAT 1 & 2, WISMA PERSEKUTUAN, JALAN PENGHULU NYANGGAU",96800,KAPIT,TIADA,TIADA,YBB7119@moe.edu.my,Luar Bandar,SK,310,33,113.026523,2.012702,Primary,Kapit,P.215 Kapit,N.61 Pelagus
333,PPD KAPIT,SK,YBB7116,SEKOLAH KEBANGSAAN LEPONG GAAT,"D/A PEJABAT PENDIDIKAN DAERAH KAPIT, TINGKAT 1 & 2, WISMA PERSEKUTUAN, JALAN PENGHULU NYANGGAU",96800,KAPIT,TIADA,TIADA,YBB7116@moe.edu.my,Luar Bandar,SK,51,12,113.448,1.884724,Primary,Bukit Mabong,P.216 Hulu Rajang,N.64 Baleh
334,PPD KAPIT,SK,YBB7120,SEKOLAH KEBANGSAAN LP MENUAN,"D/A PEJABAT PENDIDIKAN DAERAH KAPIT, TINGKAT 1 & 2, WISMA PERSEKUTUAN, JALAN PENGHULU NYANGGAU",96800,KAPIT,TIADA,TIADA,YBB7120@moe.edu.my,Luar Bandar,SK,65,14,112.933021,1.99489,Primary,Kapit,P.215 Kapit,N.63 Bukit Goram
335,PPD KAPIT,SK,YBA7107,SEKOLAH KEBANGSAAN LUBOK BAYA,"D/A PEJABAT PENDIDIKAN DAERAH KAPIT, TINGKAT 1 & 2, WISMA PERSEKUTUAN, JALAN PENGHULU NYANGGAU",96800,KAPIT,TIADA,TIADA,YBA7107@moe.edu.my,Luar Bandar,SK,28,11,113.196881,2.087384,Primary,Bukit Mabong,P.216 Hulu Rajang,N.64 Baleh
336,PPD KAPIT,SK,YCB7101,SEKOLAH KEBANGSAAN METHODIST,"D/A PEJABAT PENDIDIKAN DAERAH KAPIT, TINGKAT 1 & 2, WISMA PERSEKUTUAN, JALAN PENGHULU NYANGGAU",96800,KAPIT,84796350,84796350,YCB7101@moe.edu.my,Luar Bandar,SBK,778,45,112.9446167,2.013966667,Primary,Kapit,P.215 Kapit,N.63 Bukit Goram
337,PPD KAPIT,SK,YBB7110,SEKOLAH KEBANGSAAN MUJONG TENGAH,"D/A PEJABAT PENDIDIKAN DAERAH KAPIT, TINGKAT 1 & 2, WISMA PERSEKUTUAN, JALAN PENGHULU NYANGGAU",96800,KAPIT,TIADA,TIADA,YBB7110@moe.edu.my,Luar Bandar,SK,22,10,113.353736,2.101737,Primary,Bukit Mabong,P.216 Hulu Rajang,N.64 Baleh
338,PPD KAPIT,SK,YCB7104,SEKOLAH KEBANGSAAN NANGA ENTULOH,"D/A PEJABAT PENDIDIKAN DAERAH KAPIT, TINGKAT 1 & 2, WISMA PERSEKUTUAN, JALAN PENGHULU NYANGGAU",96800,KAPIT,TIADA,TIADA,YCB7104@moe.edu.my,Luar Bandar,SBK,24,10,113.639874,1.882282,Primary,Bukit Mabong,P.216 Hulu Rajang,N.64 Baleh
339,PPD KAPIT,SK,YBB7121,SEKOLAH KEBANGSAAN NG ANTAROH,SG ANTAROH ULU SU'UT,96800,KAPIT,TIADA,TIADA,YBB7121@moe.edu.my,Luar Bandar,SK,98,12,112.99966,1.934867,Primary,Kapit,P.215 Kapit,N.61 Pelagus
340,PPD KAPIT,SK,YBB7127,SEKOLAH KEBANGSAAN NG BALANG,"D/A PEJABAT PENDIDIKAN DAERAH KAPIT, TINGKAT 1 & 2, WISMA PERSEKUTUAN, JALAN PENGHULU NYANGGAU",96800,KAPIT,TIADA,TIADA,YBB7127@moe.edu.my,Luar Bandar,SK,24,8,113.169667,1.756641,Primary,Bukit Mabong,P.216 Hulu Rajang,N.64 Baleh
341,PPD KAPIT,SK,YBA7109,SEKOLAH KEBANGSAAN NG BAWAI,"D/A PEJABAT PENDIDIKAN DAERAH KAPIT, TINGKAT 1 & 2, WISMA PERSEKUTUAN, JALAN PENGHULU NYANGGAU",96800,KAPIT,TIADA,TIADA,YBA7109@moe.edu.my,Luar Bandar,SK,154,15,113.088616,2.008788,Primary,Kapit,P.215 Kapit,N.61 Pelagus
342,PPD KAPIT,SK,YBB7107,SEKOLAH KEBANGSAAN NG BENA,"D/A PEJABAT PENDIDIKAN DAERAH KAPIT, TINGKAT 1 & 2, WISMA PERSEKUTUAN, JALAN PENGHULU NYANGGAU",96800,KAPIT,TIADA,TIADA,YBB7107@moe.edu.my,Luar Bandar,SK,52,12,113.103105,1.946989,Primary,Kapit,P.215 Kapit,N.61 Pelagus
343,PPD KAPIT,SK,YBB7117,SEKOLAH KEBANGSAAN NG ENCHEREMIN,"NG ENCHEREMIN, SG ENCHEREMIN",96800,KAPIT,TIADA,TIADA,YBB7117@moe.edu.my,Luar Bandar,SK,110,16,113.06774,2.08084,Primary,Kapit,P.215 Kapit,N.61 Pelagus
344,PPD KAPIT,SK,YBB7105,SEKOLAH KEBANGSAAN NG IBAU,"D/A PEJABAT PENDIDIKAN DAERAH KAPIT, TINGKAT 1 & 2, WISMA PERSEKUTUAN, JALAN PENGHULU NYANGGAU",96800,KAPIT,TIADA,TIADA,YBB7105@moe.edu.my,Luar Bandar,SK,84,15,112.705009,2.01085,Primary,Kapit,P.215 Kapit,N.63 Bukit Goram
345,PPD KAPIT,SK,YBB7111,SEKOLAH KEBANGSAAN NG IBUN,"D/A PEJABAT PENDIDIKAN DAERAH KAPIT, TINGKAT 1 & 2, WISMA PERSEKUTUAN, JALAN PENGHULU NYANGGAU",96800,KAPIT,TIADA,TIADA,YBB7111@moe.edu.my,Luar Bandar,SK,12,9,113.333416,2.308333,Primary,Kapit,P.216 Hulu Rajang,N.65 Belaga
346,PPD KAPIT,SK,YBB7122,SEKOLAH KEBANGSAAN NG KAIN,"D/A PEJABAT PENDIDIKAN DAERAH KAPIT, TINGKAT 1 & 2, WISMA PERSEKUTUAN, JALAN PENGHULU NYANGGAU",96800,KAPIT,TIADA,TIADA,YBB7122@moe.edu.my,Luar Bandar,SK,59,14,113.3208333,1.9475,Primary,Bukit Mabong,P.216 Hulu Rajang,N.64 Baleh
347,PPD KAPIT,SK,YBB7114,SEKOLAH KEBANGSAAN NG KEBIAW,"D/A PEJABAT PENDIDIKAN DAERAH KAPIT, TINGKAT 1 & 2, WISMA PERSEKUTUAN, JALAN PENGHULU NYANGGAU",96800,KAPIT,TIADA,TIADA,YBB7114@moe.edu.my,Luar Bandar,SK,27,10,113.138215,1.980259,Primary,Kapit,P.215 Kapit,N.61 Pelagus
348,PPD KAPIT,SK,YCB7103,SEKOLAH KEBANGSAAN NG MELUAN,"D/A PEJABAT PENDIDIKAN DAERAH KAPIT, TINGKAT 1 & 2, WISMA PERSEKUTUAN, JALAN PENGHULU NYANGGAU",96800,KAPIT,TIADA,TIADA,ycb7103@moe.edu.my,Luar Bandar,SBK,22,9,113.4858333,2.0655556,Primary,Bukit Mabong,P.216 Hulu Rajang,N.64 Baleh
349,PPD KAPIT,SK,YBB7101,SEKOLAH KEBANGSAAN NG MERIT,NANGA MERIT,96800,KAPIT,TIADA,TIADA,YBB7101@moe.edu.my,Luar Bandar,SK,125,22,113.12548,2.281423,Primary,Kapit,P.216 Hulu Rajang,N.65 Belaga
350,PPD KAPIT,SK,YBB7129,SEKOLAH KEBANGSAAN NG METAH,"D/A PEJABAT PENDIDIKAN DAERAH KAPIT, TINGKAT 1 & 2, WISMA PERSEKUTUAN, JALAN PENGHULU NYANGGAU",96800,KAPIT,TIADA,TIADA,YBB7129@moe.edu.my,Luar Bandar,SK,76,14,113.291863,2.345264,Primary,Kapit,P.216 Hulu Rajang,N.65 Belaga
351,PPD KAPIT,SK,YCB7106,SEKOLAH KEBANGSAAN NG MUJONG,"D/A PEJABAT PENDIDIKAN DAERAH KAPIT, TINGKAT 1 & 2, WISMA PERSEKUTUAN, JALAN PENGHULU NYANGGAU",96800,KAPIT,TIADA,TIADA,YCB7106@moe.edu.my,Luar Bandar,SBK,97,15,113.172719,2.023944,Primary,Bukit Mabong,P.216 Hulu Rajang,N.64 Baleh
352,PPD KAPIT,SK,YBB7108,SEKOLAH KEBANGSAAN NG OYAN,"D/A PEJABAT PENDIDIKAN DAERAH KAPIT, TINGKAT 1 & 2, WISMA PERSEKUTUAN, JALAN PENGHULU NYANGGAU",96800,KAPIT,TIADA,TIADA,YBB7108@moe.edu.my,Luar Bandar,SK,69,14,113.250289,2.055483,Primary,Bukit Mabong,P.216 Hulu Rajang,N.64 Baleh
353,PPD KAPIT,SK,YBB7102,SEKOLAH KEBANGSAAN NG PELAGUS,"D/A PEJABAT PENDIDIKAN DAERAH KAPIT, TINGKAT 1 & 2, WISMA PERSEKUTUAN, JALAN PENGHULU NYANGGAU",96800,KAPIT,TIADA,TIADA,YBB7102@moe.edu.my,Luar Bandar,SK,44,15,113.059444,2.1714256,Primary,Kapit,P.215 Kapit,N.61 Pelagus
354,PPD KAPIT,SK,YBA7101,SEKOLAH KEBANGSAAN NG PERARAN,"D/A PEJABAT PENDIDIKAN DAERAH KAPIT, TINGKAT 1 & 2, WISMA PERSEKUTUAN, JALAN PENGHULU NYANGGAU",96800,KAPIT,TIADA,TIADA,YBA7101@moe.edu.my,Luar Bandar,SK,26,12,113.122712,2.195955,Primary,Kapit,P.215 Kapit,N.61 Pelagus
355,PPD KAPIT,SK,YBB7113,SEKOLAH KEBANGSAAN NG SAMA,"D/A PEJABAT PENDIDIKAN DAERAH KAPIT, TINGKAT 1 & 2, WISMA PERSEKUTUAN, JALAN PENGHULU NYANGGAU",96800,KAPIT,TIADA,TIADA,YBB7113@moe.edu.my,Luar Bandar,SK,38,14,113.15838,2.25255,Primary,Kapit,P.215 Kapit,N.61 Pelagus
356,PPD KAPIT,SK,YBB7118,SEKOLAH KEBANGSAAN NG SEGENOK,"D/A PEJABAT PENDIDIKAN DAERAH KAPIT, TINGKAT 1 & 2, WISMA PERSEKUTUAN, JALAN PENGHULU NYANGGAU",96800,KAPIT,TIADA,TIADA,YBB7118@moe.edu.my,Luar Bandar,SK,26,12,112.715259,2.050957,Primary,Kapit,P.215 Kapit,N.63 Bukit Goram
357,PPD KAPIT,SK,YBB7112,SEKOLAH KEBANGSAAN NG SEMPILI,"D/A PEJABAT PENDIDIKAN DAERAH KAPIT, TINGKAT 1 & 2, WISMA PERSEKUTUAN, JALAN PENGHULU NYANGGAU",96800,KAPIT,TIADA,TIADA,YBB7112@moe.edu.my,Luar Bandar,SK,64,13,113.520408,1.86902,Primary,Bukit Mabong,P.216 Hulu Rajang,N.64 Baleh
358,PPD KAPIT,SK,YBB7104,SEKOLAH KEBANGSAAN NG STAPANG,"D/A PEJABAT PENDIDIKAN DAERAH KAPIT, TINGKAT 1 & 2, WISMA PERSEKUTUAN, JALAN PENGHULU NYANGGAU",96800,KAPIT,TIADA,TIADA,YBB7104@moe.edu.my,Luar Bandar,SK,26,11,113.349123,1.8009462,Primary,Bukit Mabong,P.216 Hulu Rajang,N.64 Baleh
359,PPD KAPIT,SK,YCB7102,SEKOLAH KEBANGSAAN NG TIAU,"D/A PEJABAT PENDIDIKAN DAERAH KAPIT, TINGKAT 1 & 2, WISMA PERSEKUTUAN, JALAN PENGHULU NYANGGAU",96800,KAPIT,TIADA,TIADA,YCB7102@moe.edu.my,Luar Bandar,SBK,37,12,113.445189,2.114806,Primary,Bukit Mabong,P.216 Hulu Rajang,N.64 Baleh
360,PPD KAPIT,SK,YBB7115,SEKOLAH KEBANGSAAN NG TRUSA,"D/A PEJABAT PENDIDIKAN DAERAH KAPIT, TINGKAT 1 & 2, WISMA PERSEKUTUAN, JALAN PENGHULU NYANGGAU",96800,KAPIT,TIADA,TIADA,YBB7115@moe.edu.my,Luar Bandar,SK,61,13,112.801912,2.039499,Primary,Kapit,P.215 Kapit,N.63 Bukit Goram
361,PPD KAPIT,SK,YBB7109,SEKOLAH KEBANGSAAN NG YONG,"D/A PEJABAT PENDIDIKAN DAERAH KAPIT, TINGKAT 1 & 2, WISMA PERSEKUTUAN, JALAN PENGHULU NYANGGAU",96800,KAPIT,TIADA,TIADA,YBB7109@moe.edu.my,Luar Bandar,SK,56,14,112.8153419,2.0111149,Primary,Kapit,P.215 Kapit,N.63 Bukit Goram
362,PPD KAPIT,SK,YBA7104,SEKOLAH KEBANGSAAN OYAN TENGAH,"D/A PEJABAT PENDIDIKAN DAERAH KAPIT, TINGKAT 1 & 2, WISMA PERSEKUTUAN, JALAN PENGHULU NYANGGAU",96800,KAPIT,TIADA,TIADA,YBA7104@moe.edu.my,Luar Bandar,SK,32,12,113.283906,2.107065,Primary,Bukit Mabong,P.216 Hulu Rajang,N.64 Baleh
363,PPD KAPIT,SK,YBA7105,SEKOLAH KEBANGSAAN RANTAU PANJAI,"D/A PEJABAT PENDIDIKAN DAERAH KAPIT, TINGKAT 1 & 2, WISMA PERSEKUTUAN, JALAN PENGHULU NYANGGAU",96800,KAPIT,TIADA,TIADA,YBA7105@moe.edu.my,Luar Bandar,SK,51,13,113.094447,1.922745,Primary,Kapit,P.215 Kapit,N.61 Pelagus
364,PPD KAPIT,SK,YCB7105,SEKOLAH KEBANGSAAN SG AMANG,"D/A PEJABAT PENDIDIKAN DAERAH KAPIT, TINGKAT 1 & 2, WISMA PERSEKUTUAN, JALAN PENGHULU NYANGGAU",96800,KAPIT,84798318,84798862,YCB7105@moe.edu.my,Luar Bandar,SBK,635,34,112.98085,2.0018,Primary,Kapit,P.215 Kapit,N.61 Pelagus
365,PPD KAPIT,SK,YCB7107,SEKOLAH KEBANGSAAN SG MENUAN,"D/A PEJABAT PENDIDIKAN DAERAH KAPIT, TINGKAT 1 & 2, WISMA PERSEKUTUAN, JALAN PENGHULU NYANGGAU",96800,KAPIT,TIADA,TIADA,YCB7107@moe.edu.my,Luar Bandar,SBK,37,12,112.8946,2.09367,Primary,Kapit,P.215 Kapit,N.63 Bukit Goram
366,PPD KAPIT,SK,YBA7103,SEKOLAH KEBANGSAAN SG PAKU,D/A PEJABAT PENDIDIKAN DAERAH KAPIT TINGKAT 1 WISMA PERSEKUTUAN JALAN PENGHULU NYANGGAU,96800,KAPIT,TIADA,TIADA,YBA7103@moe.edu.my,Luar Bandar,SK,41,11,113.32944,2.00722,Primary,Bukit Mabong,P.216 Hulu Rajang,N.64 Baleh
367,PPD KAPIT,SK,YBA7108,SEKOLAH KEBANGSAAN SG TUNOH,"D/A PEJABAT PENDIDIKAN DAERAH KAPIT, TINGKAT 1 & 2, WISMA PERSEKUTUAN, JALAN PENGHULU NYANGGAU",96800,KAPIT,TIADA,TIADA,YBA7108@moe.edu.my,Luar Bandar,SK,97,17,113.670816,2.051001,Primary,Bukit Mabong,P.216 Hulu Rajang,N.64 Baleh
368,PPD KAPIT,SK,YBB7124,SEKOLAH KEBANGSAAN SUNGAI KAPIT,"D/A PEJABAT PENDIDIKAN DAERAH KAPIT, TINGKAT 1 & 2, WISMA PERSEKUTUAN, JALAN PENGHULU NYANGGAU",96800,KAPIT,84798924,TIADA,YBB7124@moe.edu.my,Luar Bandar,SK,377,30,112.9270667,1.992366667,Primary,Kapit,P.215 Kapit,N.63 Bukit Goram
369,PPD KAPIT,SK,YBB7103,SEKOLAH KEBANGSAAN TEMENGGONG KOH,"D/A PEJABAT PENDIDIKAN DAERAH KAPIT, TINGKAT 1 & 2, WISMA PERSEKUTUAN, JALAN PENGHULU NYANGGAU",96800,KAPIT,TIADA,TIADA,YBB7103@moe.edu.my,Luar Bandar,SK,66,13,113.678434,1.822994,Primary,Bukit Mabong,P.216 Hulu Rajang,N.64 Baleh
370,PPD KAPIT,SK,YBB7126,SEKOLAH KEBANGSAAN ULU PELAGUS,"D/A PEJABAT PENDIDIKAN DAERAH KAPIT, TINGKAT 1 & 2, WISMA PERSEKUTUAN, JALAN PENGHULU NYANGGAU",96800,KAPIT,TIADA,TIADA,YBB7126@moe.edu.my,Luar Bandar,SK,44,11,113.020869,2.234775,Primary,Kapit,P.215 Kapit,N.61 Pelagus
371,PPD KAPIT,SK,YBB7128,SEKOLAH KEBANGSAAN ULU YONG,"D/A PEJABAT PENDIDIKAN DAERAH KAPIT, TINGKAT 1 & 2, WISMA PERSEKUTUAN, JALAN PENGHULU NYANGGAU",96800,KAPIT,TIADA,TIADA,YBB7128@moe.edu.my,Luar Bandar,SK,95,14,112.8320667,1.9463,Primary,Kapit,P.215 Kapit,N.63 Bukit Goram
372,PPD KUCHING,SJKC,YBC1202,SEKOLAH JENIS KEBANGSAAN (CINA) BINTAWA,"D/A PEJABAT PENDIDIKAN DAERAH KUCHING, JALAN DIPLOMATIK OFF JALAN BAKO PETRA JAYA",93050,KUCHING,82333187,82481784,YBC1202@moe.edu.my,Bandar,SK,344,37,110.3827167,1.570366667,Primary,Kuching,P.195 Bandar Kuching,N.10 Pending
373,PPD KUCHING,SJKC,YCC1202,SEKOLAH JENIS KEBANGSAAN (CINA) CHUNG HUA 1,"NO.1 , JALAN TABUAN",93100,KUCHING,82242681,82231568,YCC1202@moe.edu.my,Bandar,SBK,467,40,110.3477167,1.551483333,Primary,Kuching,P.195 Bandar Kuching,N.09 Padungan
374,PPD KUCHING,SJKC,YCC1203,SEKOLAH JENIS KEBANGSAAN (CINA) CHUNG HUA 2,"D/A PEJABAT PENDIDIKAN DAERAH KUCHING, JALAN DIPLOMATIK OFF JALAN BAKO PETRA JAYA",93050,KUCHING,82459286,82577934,YCC1203@moe.edu.my,Bandar,SBK,1314,56,110.3493333,1.556516667,Primary,Kuching,P.195 Bandar Kuching,N.09 Padungan
375,PPD KUCHING,SJKC,YCC1204,SEKOLAH JENIS KEBANGSAAN (CINA) CHUNG HUA 3,"D/A PEJABAT PENDIDIKAN DAERAH KUCHING, JALAN DIPLOMATIK OFF JALAN BAKO PETRA JAYA",93050,KUCHING,82241386,82413284,YCC1204@moe.edu.my,Bandar,SBK,1315,65,110.3616667,1.551933333,Primary,Kuching,P.195 Bandar Kuching,N.10 Pending
376,PPD KUCHING,SJKC,YCC1321,SEKOLAH JENIS KEBANGSAAN (CINA) CHUNG HUA BUNTAL,"D/A PEJABAT PENDIDIKAN DAERAH KUCHING, JALAN DIPLOMATIK OFF JALAN BAKO PETRA JAYA",93050,KUCHING,82846581,82846581,YCC1321@moe.edu.my,Luar Bandar,SBK,112,12,110.3697467,1.7011985,Primary,Kuching,,
377,PPD KUCHING,SJKC,YCC1301,SEKOLAH JENIS KEBANGSAAN (CINA) CHUNG HUA NO. 5,"D/A PEJABAT PENDIDIKAN DAERAH KUCHING, JALAN DIPLOMATIK OFF JALAN BAKO PETRA JAYA",93050,KUCHING,82482254,82331469,YCC1301@moe.edu.my,Bandar,SBK,941,64,110.3616,1.543733333,Primary,Kuching,P.195 Bandar Kuching,N.10 Pending
378,PPD KUCHING,SJKC,YCC1205,SEKOLAH JENIS KEBANGSAAN (CINA) CHUNG HUA NO.4 KUCHING,"D/A PEJABAT PENDIDIKAN DAERAH KUCHING, JALAN DIPLOMATIK OFF JALAN BAKO PETRA JAYA",93050,KUCHING,82242487,82242487,YCC1205@moe.edu.my,Bandar,SBK,1205,65,110.3366333,1.548666667,Primary,Kuching,P.195 Bandar Kuching,N.09 Padungan
379,PPD KUCHING,SJKC,YCC1206,SEKOLAH JENIS KEBANGSAAN (CINA) CHUNG HUA PENDING,"D/A PEJABAT PENDIDIKAN DAERAH KUCHING, JALAN DIPLOMATIK OFF JALAN BAKO PETRA JAYA",93450,KUCHING,82331963,82331963,YCC1206@moe.edu.my,Bandar,SBK,191,21,110.3807167,1.551866667,Primary,Kuching,P.195 Bandar Kuching,N.10 Pending
380,PPD KUCHING,SJKC,YCC1311,SEKOLAH JENIS KEBANGSAAN (CINA) CHUNG HUA SG BUDA,JALAN SUNGAI BAKO,93050,KUCHING,TIADA,TIADA,YCC1311@moe.edu.my,Luar Bandar,SBK,68,13,110.4609333,1.674866667,Primary,Kuching,P.193 Santubong,N.05 Demak Laut
381,PPD KUCHING,SJKC,YBC1201,SEKOLAH JENIS KEBANGSAAN (CINA) SG APONG,"D/A PEJABAT PENDIDIKAN DAERAH KUCHING, JALAN DIPLOMATIK OFF JALAN BAKO PETRA JAYA",93050,KUCHING,82333994,82333994,YBC1201@moe.edu.my,Bandar,SK,415,37,110.3827,1.5444,Primary,Kuching,P.195 Bandar Kuching,N.10 Pending
382,PPD KUCHING,SJKC,YCC1201,SEKOLAH JENIS KEBANGSAAN (CINA) ST PAUL,JALAN GREEN,93150,KUCHING,82242849,82236943,YCC1201@moe.edu.my,Bandar,SBK,502,36,110.34025,1.53645,Primary,Kuching,P.195 Bandar Kuching,N.09 Padungan
383,PPD KUCHING,SJKC,YBC1302,SEKOLAH JENIS KEBANGSAAN (CINA) STAMPIN,"D/A PEJABAT PENDIDIKAN DAERAH KUCHING, JALAN DIPLOMATIK OFF JALAN BAKO PETRA JAYA",93050,KUCHING,82459506,82459506,YBC1302@moe.edu.my,Bandar,SK,847,47,110.3530333,1.5129,Primary,Kuching,,
384,PPD KUCHING,SK,YBA1332,SEKOLAH KEBANGSAAN ASTANA,"D/A PEJABAT PENDIDIKAN DAERAH KUCHING, JALAN DIPLOMATIK OFF JALAN BAKO PETRA JAYA",93050,KUCHING,82440340,82311364,YBA1332@moe.edu.my,Bandar,SK,586,58,110.3595167,1.580616667,Primary,Kuching,P.194 Petra Jaya,N.07 Samariang
385,PPD KUCHING,SK,YBE1304,SEKOLAH KEBANGSAAN BAKO,JALAN BAKO,93050,KUCHING,82370126,TIADA,YBE1304@moe.edu.my,Luar Bandar,SK,326,30,110.4261884,1.6635056,Primary,Kuching,P.193 Santubong,N.05 Demak Laut
386,PPD KUCHING,SK,YBA1211,SEKOLAH KEBANGSAAN BANDAR SAMARIANG,"D/A PEJABAT PENDIDIKAN DAERAH KUCHING, JALAN DIPLOMATIK OFF JALAN BAKO PETRA JAYAÂ ",93050,KUCHING,82443646,82446252,YBA1211@moe.edu.my,Bandar,SK,961,68,110.3377778,1.6386111,Primary,Kuching,P.193 Santubong,N.04 Pantai Damai
387,PPD KUCHING,SK,YBB1203,SEKOLAH KEBANGSAAN BATU LINTANG,JALAN KOLEJ,93200,KUCHING,82421942,82231193,YBB1203@moe.edu.my,Bandar,SK,279,30,110.3465167,1.532716667,Primary,Kuching,P.195 Bandar Kuching,N.11 Batu Lintang
388,PPD KUCHING,SK,YBE1301,SEKOLAH KEBANGSAAN BUNTAL,"D/A PEJABAT PENDIDIKAN DAERAH KUCHING, JALAN DIPLOMATIK OFF JALAN BAKO PETRA JAYA",93050,KUCHING,82846015,82846169,YBE1301@moe.edu.my,Luar Bandar,SK,452,45,110.37072,1.700131,Primary,Kuching,,
389,PPD KUCHING,SK,YCB1206,SEKOLAH KEBANGSAAN CATHOLIC ENGLISH,"D/A PEJABAT PENDIDIKAN DAERAH KUCHING, JALAN DIPLOMATIK OFF JALAN BAKO PETRA JAYA",93050,KUCHING,82240464,82232205,YCB1206@moe.edu.my,Bandar,SBK,262,17,110.3382167,1.536833333,Primary,Kuching,P.195 Bandar Kuching,N.09 Padungan
390,PPD KUCHING,SK,YBE1203,SEKOLAH KEBANGSAAN COMBINED,"D/A PEJABAT PENDIDIKAN DAERAH KUCHING, JALAN DIPLOMATIK OFF JALAN BAKO PETRA JAYA",93050,KUCHING,82240580,82240580,YBE1203@moe.edu.my,Bandar,SK,383,43,110.3239,1.5484,Primary,Kuching,P.195 Bandar Kuching,N.11 Batu Lintang
391,PPD KUCHING,SK,YBA1312,SEKOLAH KEBANGSAAN ENCIK BUYONG,"D/A PEJABAT PENDIDIKAN DAERAH KUCHING, JALAN DIPLOMATIK OFF JALAN BAKO PETRA JAYA",93050,KUCHING,82440440,82440440,YBA1312@moe.edu.my,Bandar,SK,740,57,110.3416833,1.5708,Primary,Kuching,P.194 Petra Jaya,N.07 Samariang
392,PPD KUCHING,SK,YBA1313,SEKOLAH KEBANGSAAN GERSIK,"LOT 1429, 5020 & 8741, JALAN GERSIK, PETRA JAYA",93050,KUCHING,82440531,82312208,YBA1313@moe.edu.my,Bandar,SK,412,31,110.35085,1.561133333,Primary,Kuching,P.193 Santubong,N.04 Pantai Damai
393,PPD KUCHING,SK,YBA1321,SEKOLAH KEBANGSAAN GITA,"D/A PEJABAT PENDIDIKAN DAERAH KUCHING, JALAN DIPLOMATIK OFF JALAN BAKO PETRA JAYA",93050,KUCHING,82256824,82427105,YBA1321@moe.edu.my,Bandar,SK,654,53,110.3189,1.563816667,Primary,Kuching,P.194 Petra Jaya,N.06 Tupong
394,PPD KUCHING,SK,YBA1324,SEKOLAH KEBANGSAAN GOEBILT,"D/A PEJABAT PENDIDIKAN DAERAH KUCHING, JALAN DIPLOMATIK OFF JALAN BAKO PETRA JAYA",93050,KUCHING,82432452,82433058,YBA1324@moe.edu.my,Bandar,SK,393,34,110.4581667,1.63485,Primary,Kuching,P.193 Santubong,N.05 Demak Laut
395,PPD KUCHING,SK,YBB1207,SEKOLAH KEBANGSAAN GREEN ROAD,"D/A PEJABAT PENDIDIKAN DAERAH KUCHING, JALAN DIPLOMATIK OFF JALAN BAKO PETRA JAYAÂ ",93050,KUCHING,82241943,82241160,YBB1207@moe.edu.my,Bandar,SK,880,59,110.3346,1.54205,Primary,Kuching,P.195 Bandar Kuching,N.09 Padungan
396,PPD KUCHING,SK,YBB1206,SEKOLAH KEBANGSAAN JLN.ONG TIANG SWEE,"D/A PEJABAT PENDIDIKAN DAERAH KUCHING, JALAN DIPLOMATIK OFF JALAN BAKO PETRA JAYA",93050,KUCHING,82258335,TIADA,YBB1206@moe.edu.my,Bandar,SK,531,40,110.3447667,1.52675,Primary,Kuching,P.195 Bandar Kuching,N.11 Batu Lintang
397,PPD KUCHING,SJKC,YBH1301,SEKOLAH KEBANGSAAN KENYALANG,JLN DATO BANDAR,93300,KUCHING,82480745,82480775,YBH1301@moe.edu.my,Bandar,SK,387,40,110.366617,1.5375,Primary,Kuching,P.195 Bandar Kuching,N.10 Pending
398,PPD KUCHING,SK,YBE1324,SEKOLAH KEBANGSAAN KPG SENARI,"D/A PEJABAT PENDIDIKAN DAERAH KUCHING, JALAN DIPLOMATIK OFF JALAN BAKO PETRA JAYA",93050,KUCHING,82439877,82439877,YBE1324@moe.edu.my,Bandar,SK,158,18,110.4497833,1.621283333,Primary,Kuching,P.193 Santubong,N.05 Demak Laut
399,PPD KUCHING,SK,YBA1204,SEKOLAH KEBANGSAAN LAKSAMANA,"D/A PEJABAT PENDIDIKAN DAERAH KUCHING, JALAN DIPLOMATIK OFF JALAN BAKO PETRA JAYA",93300,KUCHING,82573051,82573026,YBA1204@moe.edu.my,Bandar,SK,271,37,110.3456333,1.51725,Primary,Kuching,P.196 Stampin,N.12 Kota Sentosa
400,PPD KUCHING,SK,YBE1202,SEKOLAH KEBANGSAAN LUMBA KUDA,"D/A PEJABAT PENDIDIKAN DAERAH KUCHING, JALAN DIPLOMATIK OFF JALAN BAKO PETRA JAYA",93050,KUCHING,82257100,82257152,YBE1202@moe.edu.my,Bandar,SK,299,43,110.3612,1.548567,Primary,Kuching,P.195 Bandar Kuching,N.10 Pending
401,PPD KUCHING,SR SABK,YCA1303,SEKOLAH KEBANGSAAN MADRASAH DATUK HJ. ABDUL KADIR HASAN,JALAN SULTAN TENGAH,93050,KUCHING,82443660,82441606,YCA1303@moe.edu.my,Bandar,SBK,1257,84,110.340739,1.617272,Primary,Kuching,P.194 Petra Jaya,N.07 Samariang
402,PPD KUCHING,SK,YBA1353,SEKOLAH KEBANGSAAN MAJ GEN DATU IBRAHIM,"KEM SEMENGGO, JLN LAPANGAN TERBANG LAMA,KUCHING",93677,KUCHING,82612410,82610040,YBA1353@moe.edu.my,Bandar,SK,686,57,110.338963,1.472376,Primary,Kuching,P.196 Stampin,N.12 Kota Sentosa
403,PPD KUCHING,SK,YBE1345,SEKOLAH KEBANGSAAN MATU BARU,"D/A PEJABAT PENDIDIKAN DAERAH KUCHING, JALAN DIPLOMATIK OFF JALAN BAKO PETRA JAYA",93050,KUCHING,82370030,82370150,YBE1345@moe.edu.my,Bandar,SK,600,57,110.3778167,1.55995,Primary,Kuching,P.195 Bandar Kuching,N.10 Pending
404,PPD KUCHING,SK,YBA1201,SEKOLAH KEBANGSAAN MERPATI JEPANG,"D/A PEJABAT PENDIDIKAN DAERAH KUCHING, JALAN DIPLOMATIK OFF JALAN BAKO PETRA JAYA",93050,KUCHING,82421885,82236518,YBA1201@moe.edu.my,Bandar,SK,393,41,110.3318167,1.563083333,Primary,Kuching,P.194 Petra Jaya,N.06 Tupong
405,PPD KUCHING,SK,YBA1317,SEKOLAH KEBANGSAAN MUARA TEBAS,"KAMPUNG MUARA TEBAS, JALAN BAKO",93050,KUCHING,82438437,82438203,YBA1317@moe.edu.my,Luar Bandar,SK,350,31,110.4825333,1.648,Primary,Kuching,P.193 Santubong,N.05 Demak Laut
406,PPD KUCHING,SK,YBA1307,SEKOLAH KEBANGSAAN MUHIBBAH,"D/A PEJABAT PENDIDIKAN DAERAH KUCHING, JALAN DIPLOMATIK OFF JALAN BAKO PETRA JAYA",93050,KUCHING,TIADA,TIADA,YBA1307@moe.edu.my,Luar Bandar,SK,139,18,110.397717,1.548304,Primary,Kuching,P.193 Santubong,N.05 Demak Laut
407,PPD KUCHING,SK,YBE1313,SEKOLAH KEBANGSAAN PAJAR SEJINGKAT,JALAN BAKOÂ Â PETRA JAYA,93050,KUCHING,82432572,82432063,YBE1313@moe.edu.my,Bandar,SK,590,53,110.4364333,1.594766667,Primary,Kuching,P.193 Santubong,N.05 Demak Laut
408,PPD KUCHING,SK,YBA1319,SEKOLAH KEBANGSAAN PASIR PANDAK,"D/A PEJABAT PENDIDIKAN DAERAH KUCHING, JALAN DIPLOMATIK OFF JALAN BAKO PETRA JAYA",93050,KUCHING,82381691,TIADA,YBA1319@moe.edu.my,Luar Bandar,SK,193,18,110.31091,1.69711,Primary,Kuching,P.193 Santubong,N.04 Pantai Damai
409,PPD KUCHING,SK KHAS,YBB1205,SEKOLAH KEBANGSAAN PENDIDIKAN KHAS KUCHING,JALAN MATANG,93050,KUCHING,82536794,82536109,YBB1205@moe.edu.my,Bandar,SK,30,22,110.3465833,1.532233333,Primary,Kuching,P.195 Bandar Kuching,N.11 Batu Lintang
410,PPD KUCHING,SK,YBA1322,SEKOLAH KEBANGSAAN PULO,"D/A PEJABAT PENDIDIKAN DAERAH KUCHING, JALAN DIPLOMATIK OFF JALAN BAKO PETRA JAYAÂ ",93050,KUCHING,82440549,82449881,YBA1322@moe.edu.my,Bandar,SK,686,53,110.3651167,1.560733333,Primary,Kuching,P.193 Santubong,N.04 Pantai Damai
411,PPD KUCHING,SK,YCA1201,SEKOLAH KEBANGSAAN RAKYAT,"D/A PEJABAT PENDIDIKAN DAERAH KUCHING, JALAN DIPLOMATIK OFF JALAN BAKO PETRA JAYA",93050,KUCHING,82244732,82415214,YCA1201@moe.edu.my,Bandar,SBK,391,31,110.3321167,1.561133333,Primary,Kuching,P.194 Petra Jaya,N.06 Tupong
412,PPD KUCHING,SK,YCA1301,SEKOLAH KEBANGSAAN RAKYAT TUPONG,"KAMPUNG TUPONG TENGAH, JALAN MERDEKA",93050,KUCHING,82250263,82420528,YCA1301@moe.edu.my,Bandar,SBK,347,31,110.3329,1.5723,Primary,Kuching,P.194 Petra Jaya,N.07 Samariang
413,PPD KUCHING,SK,YBA1351,SEKOLAH KEBANGSAAN RAMPANGI,"D/A PEJABAT PENDIDIKAN DAERAH KUCHING, JALAN DIPLOMATIK OFF JALAN BAKO PETRA JAYA",93050,KUCHING,82443022,82443004,YBA1351@moe.edu.my,Luar Bandar,SK,458,49,110.33245,1.65527,Primary,Kuching,P.193 Santubong,N.04 Pantai Damai
414,PPD KUCHING,SK,YBA1202,SEKOLAH KEBANGSAAN RANCANGAN PERUMAHAN RAKYAT 'RPR',"D/A PEJABAT PENDIDIKAN DAERAH KUCHING, JALAN DIPLOMATIK OFF JALAN BAKO PETRA JAYA",93050,KUCHING,82446293,82440961,YBA1202@moe.edu.my,Bandar,SK,910,62,110.33475,1.571533333,Primary,Kuching,P.194 Petra Jaya,N.07 Samariang
415,PPD KUCHING,SK,YBA1337,SEKOLAH KEBANGSAAN SALAK,"D/A PEJABAT PENDIDIKAN DAERAH KUCHING, JALAN DIPLOMATIK OFF JALAN BAKO PETRA JAYAÂ ",93050,KUCHING,TIADA,TIADA,YBA1337@moe.edu.my,Luar Bandar,SK,86,13,110.29501,1.66625,Primary,Kuching,P.193 Santubong,N.04 Pantai Damai
416,PPD KUCHING,SK,YBA1314,SEKOLAH KEBANGSAAN SANTUBONG,"D/A PEJABAT PENDIDIKAN DAERAH KUCHING, JALAN DIPLOMATIK OFF JALAN BAKO PETRA JAYA",93050,KUCHING,82846728,82846144,YBA1314@moe.edu.my,Luar Bandar,SK,199,25,110.31621,1.72,Primary,Kuching,P.193 Santubong,N.04 Pantai Damai
417,PPD KUCHING,SK,YBA1203,SEKOLAH KEBANGSAAN SATRIA JAYA,"D/A PEJABAT PENDIDIKAN DAERAH KUCHING, JALAN DIPLOMATIK OFF JALAN BAKO PETRA JAYA",93050,KUCHING,82570878,82570879,YBA1203@moe.edu.my,Bandar,SK,851,55,110.36575,1.509933333,Primary,Kuching,,
418,PPD KUCHING,SK,YBA1339,SEKOLAH KEBANGSAAN SEMARIANG,"JALAN SEMARIANG BATU, PETRA JAYA",93050,KUCHING,82447475,82443287,YBA1339@moe.edu.my,Bandar,SK,555,53,110.3264907,1.6022125,Primary,Kuching,P.194 Petra Jaya,N.07 Samariang
419,PPD KUCHING,SK,YBA1350,SEKOLAH KEBANGSAAN SEMERAH PADI,"D/A PEJABAT PENDIDIKAN DAERAH KUCHING, JALAN DIPLOMATIK OFF JALAN BAKO PETRA JAYA",93050,KUCHING,82440654,82440075,YBA1350@moe.edu.my,Bandar,SK,970,83,110.317288,1.582593,Primary,Kuching,P.194 Petra Jaya,N.07 Samariang
420,PPD KUCHING,SK,YBB1301,SEKOLAH KEBANGSAAN SG STUTONG,"OFF TMN SATRIA JAYA, BDC, STAMPIN",93250,KUCHING,82458613,82457296,YBB1301@moe.edu.my,Bandar,SK,269,28,110.3693833,1.510933333,Primary,Kuching,P.195 Bandar Kuching,N.11 Batu Lintang
421,PPD KUCHING,SK,YBA1209,SEKOLAH KEBANGSAAN SIOL KANAN,"D/A PEJABAT PENDIDIKAN DAERAH KUCHING, JALAN DIPLOMATIK OFF JALAN BAKO PETRA JAYA",93050,KUCHING,82447685,82312926,YBA1209@moe.edu.my,Bandar,SK,830,59,110.34097,1.5986,Primary,Kuching,P.194 Petra Jaya,N.07 Samariang
422,PPD KUCHING,SJKC,YBH1202,SEKOLAH KEBANGSAAN SONG KHENG HAI,"D/A PEJABAT PENDIDIKAN DAERAH KUCHING, JALAN DIPLOMATIK OFF JALAN BAKO PETRA JAYAÂ ",93050,KUCHING,82241941,82230467,YBH1202@moe.edu.my,Bandar,SK,330,38,110.354633,1.555233,Primary,Kuching,P.195 Bandar Kuching,N.09 Padungan
423,PPD KUCHING,SK,YCB1207,SEKOLAH KEBANGSAAN ST ANDREW,"D/A PEJABAT PENDIDIKAN DAERAH KUCHING, JALAN DIPLOMATIK OFF JALAN BAKO PETRA JAYA",93050,KUCHING,82481760,82330482,YCB1207@moe.edu.my,Bandar,SBK,371,29,110.3820167,1.547333333,Primary,Kuching,P.195 Bandar Kuching,N.10 Pending
424,PPD KUCHING,SK,YCB1203,SEKOLAH KEBANGSAAN ST JOSEPH,"D/A PEJABAT PENDIDIKAN DAERAH KUCHING, JALAN DIPLOMATIK OFF JALAN BAKO PETRA JAYA",93050,KUCHING,82244767,82253715,YCB1203@moe.edu.my,Bandar,SBK,202,20,110.3402667,1.552183333,Primary,Kuching,P.194 Petra Jaya,N.08 Satok
425,PPD KUCHING,SK,YCB1202,SEKOLAH KEBANGSAAN ST MARY,"D/A PEJABAT PENDIDIKAN DAERAH KUCHING, JALAN DIPLOMATIK OFF JALAN BAKO PETRA JAYA",93050,KUCHING,82240085,82420146,YCB1202@moe.edu.my,Bandar,SBK,545,39,110.3474333,1.555866667,Primary,Kuching,P.195 Bandar Kuching,N.09 Padungan
426,PPD KUCHING,SK,YCB1204,SEKOLAH KEBANGSAAN ST TERESA,JALAN TUN ABANG HAJI OPENG,93000,KUCHING,82245528,82415785,YCB1204@moe.edu.my,Bandar,SBK,612,38,110.343383,1.55095,Primary,Kuching,P.195 Bandar Kuching,N.09 Padungan
427,PPD KUCHING,SK,YCB1201,SEKOLAH KEBANGSAAN ST THOMAS,"D/A PEJABAT PENDIDIKAN DAERAH KUCHING, JALAN DIPLOMATIK OFF JALAN BAKO PETRA JAYA",93050,KUCHING,82243457,82243457,YCB1201@moe.edu.my,Bandar,SBK,564,43,110.3465333,1.554933333,Primary,Kuching,P.195 Bandar Kuching,N.09 Padungan
428,PPD KUCHING,SK,YBA1325,SEKOLAH KEBANGSAAN TABUAN,"D/A PEJABAT PENDIDIKAN DAERAH KUCHING, JALAN DIPLOMATIK OFF JALAN BAKO PETRA JAYA",93450,KUCHING,82365408,82362426,YBA1325@moe.edu.my,Bandar,SK,495,41,110.391783,1.535,Primary,Kuching,P.193 Santubong,N.05 Demak Laut
429,PPD KUCHING,SK,YBA1210,SEKOLAH KEBANGSAAN TABUAN HILIR,"D/A PEJABAT PENDIDIKAN DAERAH KUCHING, JALAN DIPLOMATIK OFF JALAN BAKO PETRA JAYA",93050,KUCHING,82370311,82370315,YBA1210@moe.edu.my,Bandar,SK,832,62,110.3858167,1.537033333,Primary,Kuching,P.193 Santubong,N.05 Demak Laut
430,PPD KUCHING,SK,YBA1343,SEKOLAH KEBANGSAAN TABUAN JAYA,"D/A PEJABAT PENDIDIKAN DAERAH KUCHING, JALAN DIPLOMATIK OFF JALAN BAKO PETRA JAYAÂ ",93050,KUCHING,82364152,82360810,YBA1343@moe.edu.my,Bandar,SK,361,30,110.36675,1.52525,Primary,Kuching,P.195 Bandar Kuching,N.11 Batu Lintang
431,PPD KUCHING,SK,YBA1336,SEKOLAH KEBANGSAAN TABUAN ULU,"D/A PEJABAT PENDIDIKAN DAERAH KUCHING, JALAN DIPLOMATIK OFF JALAN BAKO PETRA JAYA",93050,KUCHING,82333984,82333984,YBA1336@moe.edu.my,Bandar,SK,246,35,110.37045,1.539,Primary,Kuching,P.193 Santubong,N.05 Demak Laut
432,PPD KUCHING,SK,YBA1212,SEKOLAH KEBANGSAAN TAN SRI DATUK DR. HJ. SULAIMAN DAUD,"LOT 8683, SEKSYEN 65, JALAN MATANG",93050,KUCHING,82245512,82245513,YBA1212@moe.edu.my,Bandar,SK,659,55,110.3113335,1.564676,Primary,Kuching,P.194 Petra Jaya,N.06 Tupong
433,PPD LAWAS,SJKC,YCC5201,SEKOLAH JENIS KEBANGSAAN (CINA) CHUNG HUA TRUSAN,"D/A PEJABAT PENDIDIKAN DAERAH LAWAS, TINGKAT BAWAH, WISMA PERSEKUTUAN",98850,LAWAS,85282273,TIADA,YCC5201@moe.edu.my,Luar Bandar,SBK,73,11,115.2760667,4.78435,Primary,Lawas,P.222 Lawas,N.81 Ba`Kelalan
434,PPD LAWAS,SJKC,YCC5202,SEKOLAH JENIS KEBANGSAAN (CINA) CHUNG HWA LAWAS,"D/A PEJABAT PENDIDIKAN DAERAH LAWAS, TINGKAT BAWAH, WISMA PERSEKUTUAN",98850,LAWAS,85285127,TIADA,YCC5202@moe.edu.my,Luar Bandar,SBK,288,25,115.4051333,4.86155,Primary,Lawas,P.222 Lawas,N.82 Bukit Sari
435,PPD LAWAS,SJKC,YCC5203,SEKOLAH JENIS KEBANGSAAN (CINA) SOON HWA SUNDAR,"D/A PEJABAT PENDIDIKAN DAERAH LAWAS, TINGKAT BAWAH, WISMA PERSEKUTUAN",98800,LAWAS,TIADA,TIADA,YCC5203@moe.edu.my,Luar Bandar,SBK,41,12,115.207647,4.887986,Primary,Lawas,P.222 Lawas,N.82 Bukit Sari
436,PPD LAWAS,SR SABK,YCA5201,SEKOLAH KEBANGSAAN AGAMA (MIS) LAWAS,"D/A PEJABAT PENDIDIKAN DAERAH LAWAS, TINGKAT BAWAH, WISMA PERSEKUTUAN",98850,LAWAS,85284546,85284681,YCA5201@moe.edu.my,Luar Bandar,SBK,494,45,115.4131833,4.87215,Primary,Lawas,P.222 Lawas,N.82 Bukit Sari
437,PPD LAWAS,SK,YBA5212,SEKOLAH KEBANGSAAN ARU BARU,"D/A PEJABAT PENDIDIKAN DAERAH LAWAS, TINGKAT BAWAH, WISMA PERSEKUTUAN",98850,LAWAS,TIADA,TIADA,YBA5212@moe.edu.my,Luar Bandar,SK,63,13,115.213585,4.881487,Primary,Lawas,P.222 Lawas,N.82 Bukit Sari
438,PPD LAWAS,SK,YBA5204,SEKOLAH KEBANGSAAN AWAT-AWAT,"D/A PEJABAT PENDIDIKAN DAERAH LAWAS, TINGKAT BAWAH, WISMA PERSEKUTUAN",98850,LAWAS,85282031,TIADA,YBA5204@moe.edu.my,Luar Bandar,SK,173,18,115.23767,4.9275,Primary,Lawas,,
439,PPD LAWAS,SK,YBB5204,SEKOLAH KEBANGSAAN BA KELALAN,"D/A PEJABAT PENDIDIKAN DAERAH LAWAS, TINGKAT BAWAH, WISMA PERSEKUTUAN",98850,LAWAS,,,YBB5204@moe.edu.my,Luar Bandar,SK,65,11,115.623364,3.985933,Primary,Lawas,P.222 Lawas,N.81 Ba`Kelalan
440,PPD LAWAS,SK,YBA5208,SEKOLAH KEBANGSAAN BATU LIMA,"D/A PEJABAT PENDIDIKAN DAERAH LAWAS, TINGKAT BAWAH, WISMA PERSEKUTUAN",98850,LAWAS,85282080,TIADA,YBA5208@moe.edu.my,Luar Bandar,SK,71,14,115.35965,4.8462,Primary,Lawas,P.222 Lawas,N.81 Ba`Kelalan
441,PPD LAWAS,SK,YBE5212,SEKOLAH KEBANGSAAN BELIPAT,"D/A PEJABAT PENDIDIKAN DAERAH LAWAS, TINGKAT BAWAH, WISMA PERSEKUTUAN",98850,LAWAS,85282922,85282922,YBE5212@moe.edu.my,Luar Bandar,SK,83,17,115.3793333,4.874433333,Primary,Lawas,P.222 Lawas,N.82 Bukit Sari
442,PPD LAWAS,SK,YBA5210,SEKOLAH KEBANGSAAN KERANGAN,"D/A PEJABAT PENDIDIKAN DAERAH LAWAS, TINGKAT BAWAH, WISMA PERSEKUTUAN",98850,LAWAS,85282082,TIADA,YBA5210@moe.edu.my,Luar Bandar,SK,78,13,115.4432333,4.82105,Primary,Lawas,P.222 Lawas,N.81 Ba`Kelalan
443,PPD LAWAS,SK,YBB5208,SEKOLAH KEBANGSAAN KG LINTANG,"D/A PEJABAT PENDIDIKAN DAERAH LAWAS, TINGKAT BAWAH, WISMA PERSEKUTUAN",98850,LAWAS,TIADA,TIADA,YBB5208@moe.edu.my,Luar Bandar,SK,73,13,115.245582,4.815498,Primary,Lawas,P.222 Lawas,N.81 Ba`Kelalan
444,PPD LAWAS,SK,YBA5209,SEKOLAH KEBANGSAAN KG SEBERANG,"D/A PEJABAT PENDIDIKAN DAERAH LAWAS, TINGKAT BAWAH, WISMA PERSEKUTUAN",98850,LAWAS,85282329,TIADA,YBA5209@moe.edu.my,Luar Bandar,SK,106,14,115.4360167,4.950566667,Primary,Lawas,P.222 Lawas,N.82 Bukit Sari
445,PPD LAWAS,SK,YBA5201,SEKOLAH KEBANGSAAN KUALA LAWAS,"D/A PEJABAT PENDIDIKAN DAERAH LAWAS, TINGKAT BAWAH, WISMA PERSEKUTUAN",98850,LAWAS,85282339,85282339,YBA5201@moe.edu.my,Luar Bandar,SK,85,12,115.42295,4.953483333,Primary,Lawas,P.222 Lawas,N.82 Bukit Sari
446,PPD LAWAS,SK,YBE5210,SEKOLAH KEBANGSAAN LADANG BARU,"D/A PEJABAT PENDIDIKAN DAERAH LAWAS, TINGKAT BAWAH, WISMA PERSEKUTUAN",98850,LAWAS,85282081,TIADA,YBE5210@moe.edu.my,Luar Bandar,SK,144,16,115.4210667,4.8471,Primary,Lawas,P.222 Lawas,N.82 Bukit Sari
447,PPD LAWAS,SK,YBB5207,SEKOLAH KEBANGSAAN LONG LUPING,"D/A PEJABAT PENDIDIKAN DAERAH LAWAS, TINGKAT BAWAH, WISMA PERSEKUTUAN",98850,LAWAS,TIADA,TIADA,YBB5207@moe.edu.my,Luar Bandar,SK,82,11,115.489762,4.293775,Primary,Lawas,P.222 Lawas,N.81 Ba`Kelalan
448,PPD LAWAS,SK,YBB5210,SEKOLAH KEBANGSAAN LONG SEBANGAN,"D/A PEJABAT PENDIDIKAN DAERAH LAWAS, TINGKAT BAWAH, WISMA PERSEKUTUAN",98850,LAWAS,TIADA,TIADA,YBB5210@moe.edu.my,Luar Bandar,SK,131,14,115.405333,4.759435,Primary,Lawas,P.222 Lawas,N.81 Ba`Kelalan
449,PPD LAWAS,SK,YBB5201,SEKOLAH KEBANGSAAN LONG SEMADOH,"D/A PEJABAT PENDIDIKAN DAERAH LAWAS, TINGKAT BAWAH, WISMA PERSEKUTUAN",98850,LAWAS,TIADA,TIADA,YBB5201@moe.edu.my,Luar Bandar,SK,88,15,115.587587,4.215756,Primary,Lawas,P.222 Lawas,N.81 Ba`Kelalan
450,PPD LAWAS,SK,YBB5205,SEKOLAH KEBANGSAAN LONG SUKANG,"D/A PEJABAT PENDIDIKAN DAERAH LAWAS, TINGKAT BAWAH, WISMA PERSEKUTUAN",98850,LAWAS,TIADA,TIADA,YBB5205@moe.edu.my,Luar Bandar,SK,104,12,115.492508,4.553768,Primary,Lawas,P.222 Lawas,N.81 Ba`Kelalan
451,PPD LAWAS,SK,YBB5206,SEKOLAH KEBANGSAAN LONG TENGOA,"D/A PEJABAT PENDIDIKAN DAERAH LAWAS, TINGKAT BAWAH, WISMA PERSEKUTUAN",98850,LAWAS,TIADA,TIADA,YBB5206@moe.edu.my,Luar Bandar,SK,49,10,115.333571,4.613358,Primary,Lawas,P.222 Lawas,N.81 Ba`Kelalan
452,PPD LAWAS,SK,YBB5203,SEKOLAH KEBANGSAAN LONG TUKON,"D/A PEJABAT PENDIDIKAN DAERAH LAWAS, TINGKAT BAWAH, WISMA PERSEKUTUAN",98850,LAWAS,TIADA,TIADA,YBB5203@moe.edu.my,Luar Bandar,SK,50,11,115.28791,4.742131,Primary,Lawas,P.222 Lawas,N.81 Ba`Kelalan
453,PPD LAWAS,SK,YBB5202,SEKOLAH KEBANGSAAN LONG TUMA,"D/A PEJABAT PENDIDIKAN DAERAH LAWAS, TINGKAT BAWAH, WISMA PERSEKUTUAN",98850,LAWAS,85283413,TIADA,YBB5202@moe.edu.my,Luar Bandar,SK,243,26,115.4089,4.80445,Primary,Lawas,P.222 Lawas,N.81 Ba`Kelalan
454,PPD LAWAS,SK,YBA5211,SEKOLAH KEBANGSAAN LUAGAN,"D/A PEJABAT PENDIDIKAN DAERAH LAWAS, TINGKAT BAWAH, WISMA PERSEKUTUAN",98850,LAWAS,85264535,TIADA,YBA5211@moe.edu.my,Luar Bandar,SK,107,13,115.225265,4.872167,Primary,Lawas,P.222 Lawas,N.82 Bukit Sari
455,PPD LAWAS,SK,YBA5202,SEKOLAH KEBANGSAAN MERAPOK,"D/A PEJABAT PENDIDIKAN DAERAH LAWAS, TINGKAT BAWAH, WISMA PERSEKUTUAN",98850,LAWAS,87812339,TIADA,YBA5202@moe.edu.my,Luar Bandar,SK,114,15,115.5040167,4.956416667,Primary,Lawas,P.222 Lawas,N.82 Bukit Sari
456,PPD LAWAS,SK,YBA5203,SEKOLAH KEBANGSAAN PUNANG,"D/A PEJABAT PENDIDIKAN DAERAH LAWAS, TINGKAT BAWAH, WISMA PERSEKUTUAN",98850,LAWAS,85282268,TIADA,YBA5203@moe.edu.my,Luar Bandar,SK,146,18,115.349568,4.891699,Primary,Lawas,P.222 Lawas,N.82 Bukit Sari
457,PPD LAWAS,SK,YBA5213,SEKOLAH KEBANGSAAN PURU SIA,"D/A PEJABAT PENDIDIKAN DAERAH LAWAS, TINGKAT BAWAH, WISMA PERSEKUTUAN",98850,LAWAS,TIADA,TIADA,YBA5213@moe.edu.my,Luar Bandar,SK,100,12,115.339955,4.701819,Primary,Lawas,P.222 Lawas,N.81 Ba`Kelalan
458,PPD LAWAS,SK,YBE5203,SEKOLAH KEBANGSAAN PUSAT LAWAS,"D/A PEJABAT PENDIDIKAN DAERAH LAWAS, TINGKAT BAWAH, WISMA PERSEKUTUAN",98850,LAWAS,85285426,85283293,YBE5203@moe.edu.my,Luar Bandar,SK,442,49,115.399463,4.857473,Primary,Lawas,P.222 Lawas,N.82 Bukit Sari
459,PPD LAWAS,SK,YBB5212,SEKOLAH KEBANGSAAN SIANG-SIANG,"D/A PEJABAT PENDIDIKAN DAERAH LAWAS, TINGKAT BAWAH, WISMA PERSEKUTUAN",98850,LAWAS,TIADA,TIADA,YBB5212@moe.edu.my,Luar Bandar,SK,173,18,115.299878,4.822722,Primary,Lawas,P.222 Lawas,N.82 Bukit Sari
460,PPD LAWAS,SK,YBA5205,SEKOLAH KEBANGSAAN SUNDAR,"D/A PEJABAT PENDIDIKAN DAERAH LAWAS, TINGKAT BAWAH, WISMA PERSEKUTUAN",98850,LAWAS,85264919,TIADA,YBA5205@moe.edu.my,Luar Bandar,SK,218,22,115.212353,4.893401,Primary,Lawas,P.222 Lawas,N.82 Bukit Sari
461,PPD LAWAS,SK,YBB5209,SEKOLAH KEBANGSAAN TANG LAPADAN,"D/A PEJABAT PENDIDIKAN DAERAH LAWAS, TINGKAT BAWAH, WISMA PERSEKUTUANÂ ",98850,LAWAS,TIADA,TIADA,YBB5209@moe.edu.my,Luar Bandar,SK,57,10,115.323727,4.689347,Primary,Lawas,P.222 Lawas,N.81 Ba`Kelalan
462,PPD LAWAS,SK,YBA5206,SEKOLAH KEBANGSAAN TRUSAN,"D/A PEJABAT PENDIDIKAN DAERAH LAWAS, TINGKAT BAWAH, WISMA PERSEKUTUAN",98850,LAWAS,TIADA,TIADA,YBA5206@moe.edu.my,Luar Bandar,SK,124,16,115.2703667,4.798833333,Primary,Lawas,P.222 Lawas,N.82 Bukit Sari
463,PPD LAWAS,SK,YBA5207,SEKOLAH KEBANGSAAN ULU MERAPOK,"D/A PEJABAT PENDIDIKAN DAERAH LAWAS, TINGKAT BAWAH, WISMA PERSEKUTUAN",98850,LAWAS,TIADA,TIADA,YBA5207@moe.edu.my,Luar Bandar,SK,210,20,115.5540667,4.964416667,Primary,Lawas,P.222 Lawas,N.82 Bukit Sari
464,PPD LIMBANG,SJKC,YCC5101,SEKOLAH JENIS KEBANGSAAN (CINA) CHUNG HWA LIMBANG,"D/A PEJABAT PENDIDIKAN DAERAH LIMBANG, TINGKAT 1, WISMA PERSEKUTUAN, JALAN MUHIBBAH",98707,LIMBANG,85216988,85216988,YCC5101@moe.edu.my,Luar Bandar,SBK,297,37,115.018895,4.755517,Primary,Limbang,P.221 Limbang,N.79 Bukit Kota
465,PPD LIMBANG,SJKC,YCC5102,SEKOLAH JENIS KEBANGSAAN (CINA) YUK HIN,"D/A PEJABAT PENDIDIKAN DAERAH LIMBANG, TINGKAT 1, WISMA PERSEKUTUAN, JALAN MUHIBBAH",98707,LIMBANG,85212272,85212272,YCC5102@moe.edu.my,Luar Bandar,SBK,303,25,115.030061,4.761493,Primary,Limbang,,
466,PPD LIMBANG,SK,YBA5123,SEKOLAH KEBANGSAAN BANDAR LIMBANG,"D/A PEJABAT PENDIDIKAN DAERAH LIMBANG, TINGKAT 1, WISMA PERSEKUTUAN, JALAN MUHIBBAH",98707,LIMBANG,85213242,85213242,YBA5123@moe.edu.my,Luar Bandar,SK,193,17,115.0182,4.768066667,Primary,Limbang,P.221 Limbang,N.79 Bukit Kota
467,PPD LIMBANG,SK,YBA5110,SEKOLAH KEBANGSAAN BATU DANAU,"D/A PEJABAT PENDIDIKAN DAERAH LIMBANG, TINGKAT 1, WISMA PERSEKUTUAN, JALAN MUHIBBAH",98707,LIMBANG,TIADA,TIADA,YBA5110@moe.edu.my,Luar Bandar,SK,146,19,114.82755,4.652416667,Primary,Limbang,P.221 Limbang,N.80 Batu Danau
468,PPD LIMBANG,SK,YBA5103,SEKOLAH KEBANGSAAN BATU EMPAT,"D/A PEJABAT PENDIDIKAN DAERAH LIMBANG, TINGKAT 1, WISMA PERSEKUTUAN, JALAN MUHIBBAH",98707,LIMBANG,85214262,TIADA,YBA5103@moe.edu.my,Luar Bandar,SK,109,14,115.0146833,4.724,Primary,Limbang,P.221 Limbang,N.79 Bukit Kota
469,PPD LIMBANG,SK,YBB5114,SEKOLAH KEBANGSAAN BUKIT BATU,"D/A PEJABAT PENDIDIKAN DAERAH LIMBANG, TINGKAT 1, WISMA PERSEKUTUAN, JALAN MUHIBBAH",98707,LIMBANG,TIADA,TIADA,YBB5114@moe.edu.my,Luar Bandar,SK,126,19,114.945574,4.441655,Primary,Limbang,P.221 Limbang,N.80 Batu Danau
470,PPD LIMBANG,SK,YBA5101,SEKOLAH KEBANGSAAN BUKIT LUBA,"D/A PEJABAT PENDIDIKAN DAERAH LIMBANG, TINGKAT 1, WISMA PERSEKUTUAN, JALAN MUHIBBAH",98707,LIMBANG,TIADA,TIADA,YBA5101@moe.edu.my,Luar Bandar,SK,97,14,114.9434667,4.664533333,Primary,Limbang,P.221 Limbang,N.79 Bukit Kota
471,PPD LIMBANG,SK,YBA5109,SEKOLAH KEBANGSAAN GADONG,"D/A PEJABAT PENDIDIKAN DAERAH LIMBANG, TINGKAT 1, WISMA PERSEKUTUAN, JALAN MUHIBBAH",98707,LIMBANG,85225031,TIADA,YBA5109@moe.edu.my,Luar Bandar,SK,76,16,114.936438,4.770153,Primary,Limbang,P.221 Limbang,N.79 Bukit Kota
472,PPD LIMBANG,SK,YBA5104,SEKOLAH KEBANGSAAN KAMPUNG PAHLAWAN,"D/A PEJABAT PENDIDIKAN DAERAH LIMBANG, TINGKAT 1, WISMA PERSEKUTUAN, JALAN MUHIBBAH",98707,LIMBANG,85666985,TIADA,YBA5104@moe.edu.my,Luar Bandar,SK,106,12,115.02525,4.68765,Primary,Limbang,P.221 Limbang,N.79 Bukit Kota
473,PPD LIMBANG,SK,YBA5114,SEKOLAH KEBANGSAAN KUALA AWANG,"D/A PEJABAT PENDIDIKAN DAERAH LIMBANG, TINGKAT 1, WISMA PERSEKUTUAN, JALAN MUHIBBAH",98707,LIMBANG,TIADA,TIADA,YBA5114@moe.edu.my,Luar Bandar,SK,74,11,114.827173,4.706962,Primary,Limbang,P.221 Limbang,N.80 Batu Danau
474,PPD LIMBANG,SK,YBB5109,SEKOLAH KEBANGSAAN KUALA MEDALAM,"D/A PEJABAT PENDIDIKAN DAERAH LIMBANG, TINGKAT 1, WISMA PERSEKUTUAN, JALAN MUHIBBAH",98707,LIMBANG,TIADA,TIADA,YBB5109@moe.edu.my,Luar Bandar,SK,82,13,114.905437,4.388582,Primary,Limbang,P.221 Limbang,N.80 Batu Danau
475,PPD LIMBANG,SK,YBB5105,SEKOLAH KEBANGSAAN KUALA PENGANAN,"D/A PEJABAT PENDIDIKAN DAERAH LIMBANG, TINGKAT 1, WISMA PERSEKUTUAN, JALAN MUHIBBAH",98707,LIMBANG,TIADA,TIADA,YBB5105@moe.edu.my,Luar Bandar,SK,110,14,115.072259,4.544913,Primary,Limbang,,
476,PPD LIMBANG,SK,YBA5102,SEKOLAH KEBANGSAAN KUBONG,"D/A PEJABAT PENDIDIKAN DAERAH LIMBANG, TINGKAT 1, WISMA PERSEKUTUAN, JALAN MUHIBBAH",98707,LIMBANG,TIADA,TIADA,YBA5102@moe.edu.my,Luar Bandar,SK,52,11,115.0375833,4.63225,Primary,Limbang,,
477,PPD LIMBANG,SK,YBA5125,SEKOLAH KEBANGSAAN LIMBANG,"D/A PEJABAT PENDIDIKAN DAERAH LIMBANG, TINGKAT 1, WISMA PERSEKUTUAN, JALAN MUHIBBAH",98707,LIMBANG,85217971,85217971,YBA5125@moe.edu.my,Luar Bandar,SK,418,36,115.027376,4.781763,Primary,Limbang,P.221 Limbang,N.79 Bukit Kota
478,PPD LIMBANG,SK,YBA5111,SEKOLAH KEBANGSAAN LIMPAKI,"D/A PEJABAT PENDIDIKAN DAERAH LIMBANG, TINGKAT 1, WISMA PERSEKUTUAN, JALAN MUHIBBAH",98707,LIMBANG,85666785,TIADA,YBA5111@moe.edu.my,Luar Bandar,SK,165,18,115.0184833,4.785933333,Primary,Limbang,P.221 Limbang,N.79 Bukit Kota
479,PPD LIMBANG,SK,YBA5105,SEKOLAH KEBANGSAAN LIMPAKU PINANG,"D/A PEJABAT PENDIDIKAN DAERAH LIMBANG, TINGKAT 1, WISMA PERSEKUTUAN, JALAN MUHIBBAH",98707,LIMBANG,,,YBA5105@moe.edu.my,Luar Bandar,SK,28,9,115.019367,4.880728,Primary,Limbang,,
480,PPD LIMBANG,SK,YBB5106,SEKOLAH KEBANGSAAN LONG NAPIR,"D/A PEJABAT PENDIDIKAN DAERAH LIMBANG, TINGKAT 1, WISMA PERSEKUTUAN, JALAN MUHIBBAH",98707,LIMBANG,TIADA,TIADA,YBB5106@moe.edu.my,Luar Bandar,SK,70,14,115.141267,4.178243,Primary,Limbang,P.221 Limbang,N.80 Batu Danau
481,PPD LIMBANG,SK,YBA5121,SEKOLAH KEBANGSAAN LUBOK TEKUROK,"D/A PEJABAT PENDIDIKAN DAERAH LIMBANG, TINGKAT 1, WISMA PERSEKUTUAN, JALAN MUHIBBAH",98707,LIMBANG,TIADA,TIADA,YBA5121@moe.edu.my,Luar Bandar,SK,38,12,114.840651,4.736984,Primary,Limbang,P.221 Limbang,N.79 Bukit Kota
482,PPD LIMBANG,SK,YBB5113,SEKOLAH KEBANGSAAN MELABAN,"D/A PEJABAT PENDIDIKAN DAERAH LIMBANG, TINGKAT 1, WISMA PERSEKUTUAN, JALAN MUHIBBAH",98707,LIMBANG,TIADA,TIADA,YBB5113@moe.edu.my,Luar Bandar,SK,32,10,114.896715,4.319644,Primary,Limbang,P.221 Limbang,N.80 Batu Danau
483,PPD LIMBANG,SK,YBA5108,SEKOLAH KEBANGSAAN MELAYU PUSAT,"D/A PEJABAT PENDIDIKAN DAERAH LIMBANG, TINGKAT 1, WISMA PERSEKUTUAN, JALAN MUHIBBAH",98707,LIMBANG,85211279,85211279,YBA5108@moe.edu.my,Luar Bandar,SK,589,49,115.0082333,4.75655,Primary,Limbang,P.221 Limbang,N.79 Bukit Kota
484,PPD LIMBANG,SK,YBB5104,SEKOLAH KEBANGSAAN MENUANG,"D/A PEJABAT PENDIDIKAN DAERAH LIMBANG, TINGKAT 1, WISMA PERSEKUTUAN, JALAN MUHIBBAH",98707,LIMBANG,85210739,TIADA,YBB5104@moe.edu.my,Luar Bandar,SK,248,27,114.9209333,4.6362,Primary,Limbang,P.221 Limbang,N.80 Batu Danau
485,PPD LIMBANG,SK,YBA5117,SEKOLAH KEBANGSAAN MERAMBUT,"D/A PEJABAT PENDIDIKAN DAERAH LIMBANG, TINGKAT 1, WISMA PERSEKUTUAN, JALAN MUHIBBAH",98707,LIMBANG,TIADA,TIADA,YBA5117@moe.edu.my,Luar Bandar,SK,57,14,114.9331659,4.7142225,Primary,Limbang,P.221 Limbang,N.79 Bukit Kota
486,PPD LIMBANG,SK,YBA5122,SEKOLAH KEBANGSAAN MERITAM,"D/A PEJABAT PENDIDIKAN DAERAH LIMBANG, TINGKAT 1, WISMA PERSEKUTUAN, JALAN MUHIBBAH",98707,LIMBANG,TIADA,TIADA,YBA5122@moe.edu.my,Luar Bandar,SK,56,14,114.862715,4.738462,Primary,Limbang,P.221 Limbang,N.79 Bukit Kota
487,PPD LIMBANG,SK,YBB5103,SEKOLAH KEBANGSAAN NANGA MEDAMIT,"D/A PEJABAT PENDIDIKAN DAERAH LIMBANG, TINGKAT 1, WISMA PERSEKUTUAN, JALAN MUHIBBAH",98707,LIMBANG,85238036,TIADA,YBB5103@moe.edu.my,Luar Bandar,SK,149,21,114.916167,4.480166,Primary,Limbang,P.221 Limbang,N.80 Batu Danau
488,PPD LIMBANG,SK,YBB5107,SEKOLAH KEBANGSAAN NANGA MERIT,"D/A PEJABAT PENDIDIKAN DAERAH LIMBANG, TINGKAT 1, WISMA PERSEKUTUAN, JALAN MUHIBBAH",98707,LIMBANG,TIADA,TIADA,YBB5107@moe.edu.my,Luar Bandar,SK,43,12,114.947636,4.535312,Primary,Limbang,P.221 Limbang,N.80 Batu Danau
489,PPD LIMBANG,SK,YBA5116,SEKOLAH KEBANGSAAN PENGKALAN JAWA,"D/A PEJABAT PENDIDIKAN DAERAH LIMBANG, TINGKAT 1, WISMA PERSEKUTUAN, JALAN MUHIBBAH",98707,LIMBANG,TIADA,TIADA,YBA5116@moe.edu.my,Luar Bandar,SK,84,13,114.84295,4.627142,Primary,Limbang,P.221 Limbang,N.80 Batu Danau
490,PPD LIMBANG,SK,YCB5102,SEKOLAH KEBANGSAAN R C KUBONG,"D/A PEJABAT PENDIDIKAN DAERAH LIMBANG,TINGKAT 1 WISMA PERSEKUTUAN, JALAN MUHIBBAH",98700,LIMBANG,TIADA,TIADA,YCB5102@moe.edu.my,Luar Bandar,SBK,114,11,115.0125667,4.646633333,Primary,Limbang,P.221 Limbang,N.79 Bukit Kota
491,PPD LIMBANG,SK,YCB5101,SEKOLAH KEBANGSAAN ST EDMUND,PETI SURAT NO.189,98700,LIMBANG,85211471,85211471,YCB5101@moe.edu.my,Luar Bandar,SBK,410,33,115.0021333,4.741016667,Primary,Limbang,P.221 Limbang,N.79 Bukit Kota
492,PPD LIMBANG,SK,YBA5113,SEKOLAH KEBANGSAAN SUNGAI POYAN,"D/A PEJABAT PENDIDIKAN DAERAH LIMBANG, TINGKAT 1, WISMA PERSEKUTUAN, JALAN MUHIBBAH",98700,LIMBANG,85217507,85217507,YBA5113@moe.edu.my,Luar Bandar,SK,200,18,114.990282,4.724519,Primary,Limbang,P.221 Limbang,N.79 Bukit Kota
493,PPD LIMBANG,SK,YBA5120,SEKOLAH KEBANGSAAN TANJONG,"D/A PEJABAT PENDIDIKAN DAERAH LIMBANG, TINGKAT 1, WISMA PERSEKUTUAN, JALAN MUHIBBAH",98707,LIMBANG,85225133,TIADA,YBA5120@moe.edu.my,Luar Bandar,SK,111,14,114.884173,4.617653,Primary,Limbang,P.221 Limbang,N.80 Batu Danau
494,PPD LIMBANG,SK,YBA5107,SEKOLAH KEBANGSAAN TEDUNGAN (BAMBANGAN),"D/A PEJABAT PENDIDIKAN DAERAH LIMBANG, TINGKAT 1, WISMA PERSEKUTUAN, JALAN MUHIBBAH",98707,LIMBANG,85214742,TIADA,YBA5107@moe.edu.my,Luar Bandar,SK,139,16,114.8025667,4.732416667,Primary,Limbang,P.221 Limbang,N.79 Bukit Kota
495,PPD LIMBANG,SK,YBA5112,SEKOLAH KEBANGSAAN TELAHAK,"D/A PEJABAT PENDIDIKAN DAERAH LIMBANG, TINGKAT 1, WISMA PERSEKUTUAN, JALAN MUHIBBAH",98707,LIMBANG,TIADA,TIADA,YBA5112@moe.edu.my,Luar Bandar,SK,93,14,114.8744228,4.7759345,Primary,Limbang,P.221 Limbang,N.79 Bukit Kota
496,PPD LIMBANG,SK,YBA5118,SEKOLAH KEBANGSAAN TIGA KAMPUNG,"D/A PEJABAT PENDIDIKAN DAERAH LIMBANG, TINGKAT 1, WISMA PERSEKUTUAN, JALAN MUHIBBAH",98707,LIMBANG,85666220,TIADA,YBA5118@moe.edu.my,Luar Bandar,SK,32,11,114.9061111,4.7786111,Primary,Limbang,P.221 Limbang,N.79 Bukit Kota
497,PPD LIMBANG,SK,YBB5102,SEKOLAH KEBANGSAAN UKONG,"D/A PEJABAT PENDIDIKAN DAERAH LIMBANG, TINGKAT 1, WISMA PERSEKUTUAN, JALAN MUHIBBAH",98707,LIMBANG,TIADA,TIADA,YBB5102@moe.edu.my,Luar Bandar,SK,65,12,114.857432,4.549984,Primary,Limbang,P.221 Limbang,N.80 Batu Danau
498,PPD LIMBANG,SK,YBB5112,SEKOLAH KEBANGSAAN ULU LUBAI,"D/A PEJABAT PENDIDIKAN DAERAH LIMBANG, TINGKAT 1, WISMA PERSEKUTUAN, JALAN MUHIBBAH",98707,LIMBANG,,,YBB5112@moe.edu.my,Luar Bandar,SK,17,12,114.976844,4.546239,Primary,Limbang,P.221 Limbang,N.80 Batu Danau
499,PPD LUBOK ANTU,SJKC,YCC2301,SEKOLAH JENIS KEBANGSAAN (CINA) CHUNG HUA ENGKILILI,D/A PEJABAT PENDIDIKAN DAERAH LUBOK ANTU,95900,LUBOK ANTU,83563321,83563321,YCC2301@moe.edu.my,Luar Bandar,SBK,242,27,111.667181,1.140707,Primary,Lubok Antu,P.203 Lubok Antu,N.33 Engkilili
500,PPD LUBOK ANTU,SK,YBB2310,SEKOLAH KEBANGSAAN BASI,D/A PEJABAT PENDIDIKAN DAERAH LUBOK ANTU,95900,LUBOK ANTU,TIADA,TIADA,YBB2310@moe.edu.my,Luar Bandar,SK,48,11,111.580282,1.193364,Primary,Lubok Antu,P.203 Lubok Antu,N.33 Engkilili
501,PPD LUBOK ANTU,SK,YBA2301,SEKOLAH KEBANGSAAN BATANG AI,D/A PEJABAT PENDIDIKAN DAERAH LUBOK ANTU,95900,LUBOK ANTU,TIADA,TIADA,YBA2301@moe.edu.my,Luar Bandar,SK,315,27,111.838496,1.107776,Primary,Lubok Antu,P.203 Lubok Antu,N.34 Batang Ai
502,PPD LUBOK ANTU,SK,YBB2320,SEKOLAH KEBANGSAAN EMPLAM,D/A PEJABAT PENDIDIKAN DAERAH LUBOK ANTU,95900,LUBOK ANTU,TIADA,TIADA,YBB2320@moe.edu.my,Luar Bandar,SK,24,11,111.624092,1.179504,Primary,Lubok Antu,P.203 Lubok Antu,N.33 Engkilili
503,PPD LUBOK ANTU,SK,YBB2301,SEKOLAH KEBANGSAAN ENGKILILI NO. 1,JALAN SELINDONG,95800,ENGKILILI,83563146,83563146,YBB2301@moe.edu.my,Luar Bandar,SK,106,17,111.669225,1.134484,Primary,Lubok Antu,P.203 Lubok Antu,N.33 Engkilili
504,PPD LUBOK ANTU,SK,YBB2319,SEKOLAH KEBANGSAAN ENGKILILI NO.2,"SUNGAI KERUH, ENGKILILI",95800,ENGKILILI,TIADA,TIADA,YBB2319@moe.edu.my,Luar Bandar,SK,110,15,111.633726,1.13111,Primary,Lubok Antu,P.203 Lubok Antu,N.34 Batang Ai
505,PPD LUBOK ANTU,SK,YBB2304,SEKOLAH KEBANGSAAN IJOK,D/A PEJABAT PENDIDIKAN DAERAH LUBOK ANTU,95900,LUBOK ANTU,TIADA,TIADA,YBB2304@moe.edu.my,Luar Bandar,SK,33,12,111.53853,1.20498,Primary,Lubok Antu,P.203 Lubok Antu,N.33 Engkilili
506,PPD LUBOK ANTU,SK,YBB2132,SEKOLAH KEBANGSAAN KEM SKRANG,D/A PEJABAT PENDIDIKAN DAERAH LUBOK ANTU,95900,LUBOK ANTU,TIADA,TIADA,YBB2132@moe.edu.my,Luar Bandar,SK,122,15,111.6274333,1.281416667,Primary,Lubok Antu,P.203 Lubok Antu,N.33 Engkilili
507,PPD LUBOK ANTU,SK,YBB2302,SEKOLAH KEBANGSAAN LUBOK ANTU,OFF JALAN TEMENGGONG SIMPI,95900,LUBOK ANTU,83584175,83584176,YBB2302@moe.edu.my,Luar Bandar,SK,380,35,111.833562,1.04125,Primary,Lubok Antu,P.203 Lubok Antu,N.34 Batang Ai
508,PPD LUBOK ANTU,SK,YBB2305,SEKOLAH KEBANGSAAN MELABAN,D/A PEJABAT PENDIDIKAN DAERAH LUBOK ANTU,95900,LUBOK ANTU,TIADA,TIADA,YBB2305@moe.edu.my,Luar Bandar,SK,76,14,111.766824,1.054333,Primary,Lubok Antu,P.203 Lubok Antu,N.34 Batang Ai
509,PPD LUBOK ANTU,SK,YBB2318,SEKOLAH KEBANGSAAN MERBONG,D/A PEJABAT PENDIDIKAN DAERAH LUBOK ANTU,95900,LUBOK ANTU,TIADA,TIADA,YBB2318@moe.edu.my,Luar Bandar,SK,41,12,111.695609,1.12727,Primary,Lubok Antu,P.203 Lubok Antu,N.34 Batang Ai
510,PPD LUBOK ANTU,SK,YBB2311,SEKOLAH KEBANGSAAN NANGA AUP,P.O BOX 739,95800,ENGKILILI,TIADA,TIADA,YBB2311@moe.edu.my,Luar Bandar,SK,21,8,111.706126,1.068547,Primary,Lubok Antu,P.203 Lubok Antu,N.34 Batang Ai
511,PPD LUBOK ANTU,SK,YBB2317,SEKOLAH KEBANGSAAN NANGA KESIT,D/A PEJABAT PENDIDIKAN DAERAH LUBOK ANTU,95900,LUBOK ANTU,TIADA,TIADA,YBB2317@moe.edu.my,Luar Bandar,SK,123,15,111.783112,1.232751,Primary,Lubok Antu,P.203 Lubok Antu,N.34 Batang Ai
512,PPD LUBOK ANTU,SK,YBB2306,SEKOLAH KEBANGSAAN NANGA KUMPANG,D/A PEJABAT PENDIDIKAN DAERAH LUBOK ANTU,95800,ENGKILILI,TIADA,TIADA,YBB2306@moe.edu.my,Luar Bandar,SK,56,11,111.727931,1.10003,Primary,Lubok Antu,P.203 Lubok Antu,N.34 Batang Ai
513,PPD LUBOK ANTU,SK,YBB2123,SEKOLAH KEBANGSAAN NANGA TEBAT,D/A PEJABAT PENDIDIKAN DAERAH LUBOK ANTU,95900,LUBOK ANTU,TIADA,TIADA,YBB2123@moe.edu.my,Luar Bandar,SK,35,11,111.704049,1.364332,Primary,Lubok Antu,P.203 Lubok Antu,N.33 Engkilili
514,PPD LUBOK ANTU,SK,YBB2308,SEKOLAH KEBANGSAAN NANGA TIBU,D/A PEJABAT PENDIDIKAN DAERAH LUBOK ANTU,95900,LUBOK ANTU,TIADA,TIADA,YBB2308@moe.edu.my,Luar Bandar,SK,82,12,111.938142,1.302272,Primary,Lubok Antu,P.203 Lubok Antu,N.34 Batang Ai
515,PPD LUBOK ANTU,SK,YBA2302,SEKOLAH KEBANGSAAN NG DELOK,D/A PEJABAT PENDIDIKAN DAERAH LUBOK ANTU,95900,LUBOK ANTU,TIADA,TIADA,YBA2302@moe.edu.my,Luar Bandar,SK,38,10,112.034687,1.237808,Primary,Lubok Antu,P.203 Lubok Antu,N.34 Batang Ai
516,PPD LUBOK ANTU,SK,YBB2129,SEKOLAH KEBANGSAAN NG ENTALAU,D/A PEJABAT PENDIDIKAN DAERAH LUBOK ANTU,95900,LUBOK ANTU,TIADA,TIADA,YBB2129@moe.edu.my,Luar Bandar,SK,31,10,111.789992,1.456524,Primary,Lubok Antu,P.203 Lubok Antu,N.33 Engkilili
517,PPD LUBOK ANTU,SK,YBB2125,SEKOLAH KEBANGSAAN NG MENJUAU,D/A PPD LUBOK ANTU,95900,LUBOK ANTU,TIADA,TIADA,YBB2125@moe.edu.my,Luar Bandar,SK,35,13,111.827181,1.554103,Primary,Lubok Antu,P.203 Lubok Antu,N.33 Engkilili
518,PPD LUBOK ANTU,SK,YBB2321,SEKOLAH KEBANGSAAN NG MENYEBAT,D/A PEJABAT PENDIDIKAN DAERAH LUBOK ANTU,95900,LUBOK ANTU,TIADA,TIADA,YBB2321@moe.edu.my,Luar Bandar,SK,66,13,111.823525,1.292029,Primary,Lubok Antu,P.203 Lubok Antu,N.34 Batang Ai
519,PPD LUBOK ANTU,SK,YBB2303,SEKOLAH KEBANGSAAN RIDAN,D/A PEJABAT PENDIDIKAN DAERAH LUBOK ANTUÂ ,95900,LUBOK ANTU,TIADA,TIADA,YBB2303@moe.edu.my,Luar Bandar,SK,123,14,111.722245,1.219476,Primary,Lubok Antu,P.203 Lubok Antu,N.33 Engkilili
520,PPD LUBOK ANTU,SK,YBB2323,SEKOLAH KEBANGSAAN SAN SEMANJU,D/A PEJABAT PENDIDIKAN DAERAH LUBOK ANTU,95900,LUBOK ANTU,TIADA,TIADA,YBB2323@moe.edu.my,Luar Bandar,SK,101,14,111.709,1.235,Primary,Lubok Antu,P.203 Lubok Antu,N.33 Engkilili
521,PPD LUBOK ANTU,SK,YBB2313,SEKOLAH KEBANGSAAN SBANGKI,D/A PEJABAT PENDIDIKAN DAERAH LUBOK ANTUÂ ,95900,LUBOK ANTUÂ ,TIADA,TIADA,YBB2313@moe.edu.my,Luar Bandar,SK,90,13,111.78797,1.14498,Primary,Lubok Antu,P.203 Lubok Antu,N.34 Batang Ai
522,PPD LUBOK ANTU,SK,YBB2312,SEKOLAH KEBANGSAAN SKAROK,D/A PEJABAT PENDIDIKAN DAERAH LUBOK ANTU,95900,LUBOK ANTU,TIADA,TIADA,YBB2312@moe.edu.my,Luar Bandar,SK,77,14,111.865851,1.122065,Primary,Lubok Antu,P.203 Lubok Antu,N.34 Batang Ai
523,PPD LUBOK ANTU,SK,YBB2324,SEKOLAH KEBANGSAAN STENGIN/SEDARAT,D/A PEJABAT PENDIDIKAN DAERAH LUBOK ANTU,95900,LUBOK ANTUÂ ,TIADA,TIADA,YBB2324@moe.edu.my,Luar Bandar,SK,57,12,111.675162,1.201,Primary,Lubok Antu,P.203 Lubok Antu,N.33 Engkilili
524,PPD LUBOK ANTU,SK,YBB2120,SEKOLAH KEBANGSAAN TABUT,D/A PEJABAT PENDIDIKAN DAERAH LUBOK ANTU,95900,LUBOK ANTU,TIADA,TIADA,YBB2120@moe.edu.my,Luar Bandar,SK,13,9,111.583,1.25432,Primary,Lubok Antu,P.203 Lubok Antu,N.33 Engkilili
525,PPD LUBOK ANTU,SK,YBB2325,SEKOLAH KEBANGSAAN ULU ENGKARI,D/A PEJABAT PENDIDIKAN DAERAH LUBOK ANTU,95900,LUBOK ANTU,TIADA,TIADA,YBB2325@moe.edu.my,Luar Bandar,SK,20,11,111.978786,1.383046,Primary,Lubok Antu,P.203 Lubok Antu,N.34 Batang Ai
526,PPD LUBOK ANTU,SK,YBB2322,SEKOLAH KEBANGSAAN ULU LEMANAK,D/A PEJABAT PENDIDIKAN DAERAH LUBOK ANTU,95900,LUBOK ANTU,TIADA,TIADA,skululemanak@gmail.com,Luar Bandar,SK,48,12,111.834675,1.366991,Primary,Lubok Antu,P.203 Lubok Antu,N.34 Batang Ai
527,PPD LUNDU,SJKC,YCC1402,SEKOLAH JENIS KEBANGSAAN (CINA) CHUNG HUA LUNDU,D/A PEJABAT PENDIDIKAN DAERAH LUNDU,94500,LUNDU,82735020,82735020,YCC1402@moe.edu.my,Luar Bandar,SBK,421,29,109.8523167,1.673,Primary,Lundu,P.193 Santubong,N.03 Tanjong Datu
528,PPD LUNDU,SJKC,YCC1401,SEKOLAH JENIS KEBANGSAAN (CINA) CHUNG HUA SEMATAN,D/A PEJABAT PENDIDIKAN DAERAH LUNDU,94500,LUNDU,82711861,TIADA,YCC1401@moe.edu.my,Luar Bandar,SBK,112,16,109.7778167,1.80475,Primary,Lundu,P.193 Santubong,N.03 Tanjong Datu
529,PPD LUNDU,SJKC,YCC1404,SEKOLAH JENIS KEBANGSAAN (CINA) CHUNG HUA SERAYAN/SELARAT,D/A PEJABAT PENDIDIKAN DAERAH LUNDU,94500,LUNDU,TIADA,TIADA,YCC1404@moe.edu.my,Luar Bandar,SBK,54,12,109.77835,1.73735,Primary,Lundu,P.192 Mas Gading,N.01 Opar
530,PPD LUNDU,SK,YBB1410,SEKOLAH KEBANGSAAN BIAWAK,D/A PEJABAT PENDIDIKAN DAERAH LUNDU,94500,LUNDU,82734161,TIADA,YBB1410@moe.edu.my,Luar Bandar,SK,129,17,109.6893667,1.6314,Primary,Lundu,P.192 Mas Gading,N.01 Opar
531,PPD LUNDU,SK,YBB1422,SEKOLAH KEBANGSAAN BOKAH,D/A PEJABAT PENDIDIKAN DAERAH LUNDU,94500,LUNDU,TIADA,TIADA,YBB1422@moe.edu.my,Luar Bandar,SK,87,13,109.92335,1.489733333,Primary,Lundu,P.192 Mas Gading,N.01 Opar
532,PPD LUNDU,SK,YBE1401,SEKOLAH KEBANGSAAN BUMIPUTERA,D/A PEJABAT PENDIDIKAN DAERAH LUNDU,94500,LUNDU,82735136,82734186,YBE1401@moe.edu.my,Luar Bandar,SK,433,44,109.853433,1.674383,Primary,Lundu,P.193 Santubong,N.03 Tanjong Datu
533,PPD LUNDU,SK,YCB1401,SEKOLAH KEBANGSAAN HOLY NAME,D/A PEJABAT PENDIDIKAN DAERAH LUNDU,94500,LUNDU,TIADA,TIADA,YCB1401@moe.edu.my,Luar Bandar,SBK,153,16,109.7892,1.655516667,Primary,Lundu,P.192 Mas Gading,N.01 Opar
534,PPD LUNDU,SK,YBB1407,SEKOLAH KEBANGSAAN JANGKAR,D/A PEJABAT PENDIDIKAN DAERAH LUNDU,94500,LUNDU,TIADA,TIADA,YBB1407@moe.edu.my,Luar Bandar,SK,121,15,109.7265333,1.663083333,Primary,Lundu,P.192 Mas Gading,N.01 Opar
535,PPD LUNDU,SK,YBB1418,SEKOLAH KEBANGSAAN KENDAIE,D/A PEJABAT PENDIDIKAN DAERAH LUNDU,94500,LUNDU,TIADA,TIADA,YBB1418@moe.edu.my,Luar Bandar,SK,64,13,109.7758833,1.5559833,Primary,Lundu,P.192 Mas Gading,N.01 Opar
536,PPD LUNDU,SK,YBB1406,SEKOLAH KEBANGSAAN LEBAI MENTALI,D/A PEJABAT PENDIDIKAN DAERAH LUNDU,94500,LUNDU,82735720,TIADA,YBB1406@moe.edu.my,Luar Bandar,SK,83,12,109.8640667,1.711166667,Primary,Lundu,P.193 Santubong,N.03 Tanjong Datu
537,PPD LUNDU,SK,YBB1411,SEKOLAH KEBANGSAAN PAON/TEMAGA,D/A PEJABAT PENDIDIKAN DAERAH LUNDU,94500,LUNDU,TIADA,TIADA,YBB1411@moe.edu.my,Luar Bandar,SK,64,14,109.75345,1.76115,Primary,Lundu,P.192 Mas Gading,N.01 Opar
538,PPD LUNDU,SK,YBB1414,SEKOLAH KEBANGSAAN PASIR TENGAH,KAMPUNG PASIR TENGAH,94500,LUNDU,,,YBB1414@moe.edu.my,Luar Bandar,SK,64,13,109.722202,1.610358,Primary,Lundu,P.192 Mas Gading,N.01 Opar
539,PPD LUNDU,SK,YBB1402,SEKOLAH KEBANGSAAN PUEH,D/A PEJABAT PENDIDIKAN DAERAH LUNDU,94500,LUNDU,TIADA,TIADA,YBB1402@moe.edu.my,Luar Bandar,SK,128,16,109.7043667,1.833616667,Primary,Lundu,P.193 Santubong,N.03 Tanjong Datu
540,PPD LUNDU,SK,YBB1415,SEKOLAH KEBANGSAAN PUGU,D/A PEJABAT PENDIDIKAN DAERAH LUNDU,94500,LUNDU,TIADA,TIADA,YBB1415@moe.edu.my,Luar Bandar,SK,34,11,109.8097333,1.7967,Primary,Lundu,P.193 Santubong,N.03 Tanjong Datu
541,PPD LUNDU,SK,YBE1402,SEKOLAH KEBANGSAAN RAMBUNGAN,D/A PEJABAT PENDIDIKAN DAERAH LUNDU,94500,LUNDU,82375703,TIADA,YBE1402@moe.edu.my,Luar Bandar,SK,72,15,110.1173167,1.69125,Primary,Lundu,P.193 Santubong,N.03 Tanjong Datu
542,PPD LUNDU,SK,YBB1416,SEKOLAH KEBANGSAAN RASO,D/A PEJABAT PENDIDIKAN DAERAH LUNDU,94500,LUNDU,TIADA,TIADA,YBB1416@moe.edu.my,Luar Bandar,SK,76,13,109.9069167,1.439183333,Primary,Lundu,P.192 Mas Gading,N.01 Opar
543,PPD LUNDU,SK,YBB1409,SEKOLAH KEBANGSAAN SAMPADI,D/A PEJABAT PENDIDIKAN DAERAH LUNDU,94500,LUNDU,TIADA,TIADA,YBB1409@moe.edu.my,Luar Bandar,SK,185,24,110.013233,1.690017,Primary,Lundu,P.193 Santubong,N.03 Tanjong Datu
544,PPD LUNDU,SK,YBB1423,SEKOLAH KEBANGSAAN SEBAKO,D/A PEJABAT PENDIDIKAN DAERAH LUNDU,94500,LUNDU,TIADA,TIADA,YBB1423@moe.edu.my,Luar Bandar,SK,102,18,109.7376167,1.73655,Primary,Lundu,P.192 Mas Gading,N.01 Opar
545,PPD LUNDU,SK,YBB1417,SEKOLAH KEBANGSAAN SEBANDI,"Kampung Sebandi , Jalan Bau Lundu",94500,LUNDU,TIADA,TIADA,YBB1417@moe.edu.my,Luar Bandar,SK,52,13,109.8523,1.6046,Primary,Lundu,P.192 Mas Gading,N.01 Opar
546,PPD LUNDU,SK,YBB1413,SEKOLAH KEBANGSAAN SEBAT,D/A PEJABAT PENDIDIKAN DAERAH LUNDU,94500,LUNDU,TIADA,TIADA,YBB1413@moe.edu.my,Luar Bandar,SK,92,13,109.7384667,1.798733333,Primary,Lundu,P.192 Mas Gading,N.01 Opar
547,PPD LUNDU,SK,YBB1403,SEKOLAH KEBANGSAAN SEBIRIS,"KAMPUNG SEBIRIS, JALAN LUNDU - SEMATAN",94500,LUNDU,TIADA,TIADA,YBB1403@moe.edu.my,Luar Bandar,SK,91,13,109.7838,1.6974,Primary,Lundu,P.192 Mas Gading,N.01 Opar
548,PPD LUNDU,SK,YBB1404,SEKOLAH KEBANGSAAN SELAMPIT,D/A PEJABAT PENDIDIKAN DAERAH LUNDU,94500,LUNDU,TIADA,TIADA,YBB1404@moe.edu.my,Luar Bandar,SK,156,16,109.8470163,1.5459235,Primary,Lundu,P.192 Mas Gading,N.01 Opar
549,PPD LUNDU,SK,YBB1401,SEKOLAH KEBANGSAAN SEMATAN,D/A PEJABAT PENDIDIKAN DAERAH LUNDU,94500,LUNDU,82711860,82711860,YBB1401@moe.edu.my,Luar Bandar,SK,297,37,109.77585,1.808733333,Primary,Lundu,P.193 Santubong,N.03 Tanjong Datu
550,PPD LUNDU,SK,YBB1419,SEKOLAH KEBANGSAAN SENIBONG SEJERIN,D/A PEJABAT PENDIDIKAN DAERAH LUNDU,94500,LUNDU,TIADA,TIADA,YBB1419@moe.edu.my,Luar Bandar,SK,83,13,109.8919667,1.602416667,Primary,Lundu,P.193 Santubong,N.03 Tanjong Datu
551,PPD LUNDU,SK,YBB1420,SEKOLAH KEBANGSAAN SERAYAN/KERANJI,D/A PEJABAT PENDIDIKAN DAERAH LUNDU,94500,LUNDU,TIADA,TIADA,YBB1420@moe.edu.my,Luar Bandar,SK,110,16,109.7766667,1.716116667,Primary,Lundu,P.192 Mas Gading,N.01 Opar
552,PPD LUNDU,SK,YBB1424,SEKOLAH KEBANGSAAN SIAR CAMPURAN,D/A PEJABAT PENDIDIKAN DAERAH LUNDU,94500,LUNDU,TIADA,TIADA,YBB1424@moe.edu.my,Luar Bandar,SK,84,14,109.867883,1.752283,Primary,Lundu,P.193 Santubong,N.03 Tanjong Datu
553,PPD LUNDU,SK,YBA1403,SEKOLAH KEBANGSAAN STOH,D/A PEJABAT PENDIDIKAN DAERAH LUNDU,94500,LUNDU,TIADA,TIADA,YBA1403@moe.edu.my,Luar Bandar,SK,44,12,110.09445,1.693583333,Primary,Lundu,P.193 Santubong,N.03 Tanjong Datu
554,PPD LUNDU,SK,YBA1401,SEKOLAH KEBANGSAAN STUNGGANG MELAYU,D/A PEJABAT PENDIDIKAN DAERAH LUNDU,94500,LUNDU,82735375,82735375,YBA1401@moe.edu.my,Luar Bandar,SK,129,19,109.860017,1.654483,Primary,Lundu,P.193 Santubong,N.03 Tanjong Datu
555,PPD LUNDU,SK,YBB1425,SEKOLAH KEBANGSAAN STUNGGANG/TEMELAN,D/A PEJABAT PENDIDIKAN DAERAH LUNDU,94500,LUNDU,82375973,TIADA,YBB1425@moe.edu.my,Luar Bandar,SK,75,13,109.87565,1.649983333,Primary,Lundu,P.193 Santubong,N.03 Tanjong Datu
556,PPD LUNDU,SK,YBB1412,SEKOLAH KEBANGSAAN STUNGKOR,D/A PEJABAT PENDIDIKAN DAERAH LUNDU,94500,LUNDU,TIADA,TIADA,YBB1412@moe.edu.my,Luar Bandar,SK,248,27,109.95745,1.482033333,Primary,Lundu,P.192 Mas Gading,N.01 Opar
557,PPD LUNDU,SK,YBA1402,SEKOLAH KEBANGSAAN TELOK MELANO,D/A PEJABAT PENDIDIKAN DAERAH LUNDU,94500,LUNDU,TIADA,TIADA,YBA1402@moe.edu.my,Luar Bandar,SK,39,11,109.646234,2.0048,Primary,Lundu,,
558,PPD MARADONG,SJKC,YCC6310,SEKOLAH JENIS KEBANGSAAN (CINA) KAI CHUNG,"D/A PEJABAT PENDIDIKAN DAERAH MERADONG, JALAN BERJAYA",96500,BINTANGOR,84693037,84693037,YCC6310@moe.edu.my,Luar Bandar,SBK,260,32,111.638453,2.167266,Primary,Meradong,P.208 Sarikei,N.46 Meradong
559,PPD MARADONG,SJKC,YCC6317,SEKOLAH JENIS KEBANGSAAN (CINA) KAI SING,"D/A PEJABAT PENDIDIKAN DAERAH MERADONG, JALAN BERJAYA",96500,BINTANGOR,TIADA,TIADA,YCC6317@moe.edu.my,Luar Bandar,SBK,54,13,111.7066167,2.08405,Primary,Meradong,P.208 Sarikei,N.46 Meradong
560,PPD MARADONG,SJKC,YCC6302,SEKOLAH JENIS KEBANGSAAN (CINA) KUNG CHENG,"D/A PEJABAT PENDIDIKAN DAERAH MERADONG, JALAN BERJAYA",96500,BINTANGOR,TIADA,TIADA,YCC6302@moe.edu.my,Luar Bandar,SBK,47,12,111.735987,2.121092,Primary,Meradong,P.208 Sarikei,N.46 Meradong
561,PPD MARADONG,SJKC,YCC6313,SEKOLAH JENIS KEBANGSAAN (CINA) MIN DAIK,"D/A PEJABAT PENDIDIKAN DAERAH MERADONG, JALAN BERJAYA",96500,BINTANGOR,TIADA,TIADA,YCC6313@moe.edu.my,Luar Bandar,SBK,107,18,111.676904,2.079979,Primary,Meradong,P.208 Sarikei,N.46 Meradong
562,PPD MARADONG,SJKC,YCC6308,SEKOLAH JENIS KEBANGSAAN (CINA) MING CHIANG,"D/A PEJABAT PENDIDIKAN DAERAH MERADONG, JALAN BERJAYA",96500,BINTANGOR,84695024,TIADA,YCC6308@moe.edu.my,Luar Bandar,SBK,36,11,111.6235333,2.150166667,Primary,Meradong,P.208 Sarikei,N.46 Meradong
563,PPD MARADONG,SJKC,YCC6314,SEKOLAH JENIS KEBANGSAAN (CINA) MING CHING,"D/A PEJABAT PENDIDIKAN DAERAH MERADONG, JALAN BERJAYA",96500,BINTANGOR,TIADA,TIADA,YCC6314@moe.edu.my,Luar Bandar,SBK,19,12,111.6886,2.083733333,Primary,Meradong,P.208 Sarikei,N.46 Meradong
564,PPD MARADONG,SJKC,YCC6303,SEKOLAH JENIS KEBANGSAAN (CINA) MING LU,"D/A PEJABAT PENDIDIKAN DAERAH MERADONG, JALAN BERJAYA",96500,BINTANGOR,TIADA,TIADA,YCC6303@moe.edu.my,Luar Bandar,SBK,31,11,111.6902333,2.103633333,Primary,Meradong,P.208 Sarikei,N.46 Meradong
565,PPD MARADONG,SJKC,YCC6309,SEKOLAH JENIS KEBANGSAAN (CINA) MING SHING,"D/A PEJABAT PENDIDIKAN DAERAH MERADONG, JALAN BERJAYA",96500,BINTANGOR,TIADA,TIADA,YCC6309@moe.edu.my,Luar Bandar,SBK,21,11,111.616459,2.185352,Primary,Meradong,P.206 Tanjong Manis,N.42 Semop
566,PPD MARADONG,SJKC,YCC6311,SEKOLAH JENIS KEBANGSAAN (CINA) MING TEE,"D/A PEJABAT PENDIDIKAN DAERAH MERADONG, JALAN BERJAYA",96500,BINTANGOR,84692215,84692215,YCC6311@moe.edu.my,Luar Bandar,SBK,146,15,111.6632333,2.149966667,Primary,Meradong,P.208 Sarikei,N.46 Meradong
567,PPD MARADONG,SJKC,YCC6306,SEKOLAH JENIS KEBANGSAAN (CINA) NAN CHIEW,"D/A PEJABAT PENDIDIKAN DAERAH MERADONG, JALAN BERJAYA",96500,BINTANGOR,TIADA,TIADA,YCC6306@moe.edu.my,Luar Bandar,SBK,39,13,111.653207,2.121314,Primary,Meradong,P.208 Sarikei,N.46 Meradong
568,PPD MARADONG,SJKC,YCC6315,SEKOLAH JENIS KEBANGSAAN (CINA) NANG HUA,"D/A PEJABAT PENDIDIKAN DAERAH MERADONG, JALAN BERJAYA",96500,BINTANGOR,TIADA,TIADA,YCC6315@moe.edu.my,Luar Bandar,SBK,7,11,111.730995,2.187175,Primary,Meradong,P.208 Sarikei,N.46 Meradong
569,PPD MARADONG,SJKC,YCC6305,SEKOLAH JENIS KEBANGSAAN (CINA) TONG HUA,"D/A PEJABAT PENDIDIKAN DAERAH MERADONG, JALAN BERJAYA",96500,BINTANGOR,TIADA,TIADA,YCC6305@moe.edu.my,Luar Bandar,SBK,95,16,111.738408,2.153639,Primary,Meradong,P.208 Sarikei,N.46 Meradong
570,PPD MARADONG,SJKC,YCC6307,SEKOLAH JENIS KEBANGSAAN (CINA) TUNG KWONG,"D/A PEJABAT PENDIDIKAN DAERAH MERADONG, JALAN BERJAYA",96500,BINTANGOR,TIADA,TIADA,YCC6307@moe.edu.my,Luar Bandar,SBK,35,12,111.7047,2.1005,Primary,Meradong,P.208 Sarikei,N.46 Meradong
571,PPD MARADONG,SJKC,YCC6304,SEKOLAH JENIS KEBANGSAAN (CINA) YONG KWONG,"D/A PEJABAT PENDIDIKAN DAERAH MERADONG, JALAN BERJAYA",96500,BINTANGOR,,,YCC6304@moe.edu.my,Luar Bandar,SBK,31,12,111.711934,2.134649,Primary,Meradong,P.208 Sarikei,N.46 Meradong
572,PPD MARADONG,SK,YBE6301,SEKOLAH KEBANGSAAN ABANG AMIN,"D/A PEJABAT PENDIDIKAN DAERAH MERADONG, JALAN BERJAYA",96500,BINTANGOR,84693597,84693597,YBE6301@moe.edu.my,Luar Bandar,SK,335,32,111.631034,2.162763,Primary,Meradong,P.208 Sarikei,N.46 Meradong
573,PPD MARADONG,SK,YBB6319,SEKOLAH KEBANGSAAN BANDAR BINTANGOR,"D/A PEJABAT PENDIDIKAN DAERAH MERADONG, JALAN BERJAYA",96500,BINTANGOR,84693115,TIADA,YBB6319@moe.edu.my,Luar Bandar,SK,193,25,111.675596,2.073045,Primary,Meradong,P.208 Sarikei,N.46 Meradong
574,PPD MARADONG,SK,YBB6321,SEKOLAH KEBANGSAAN BUKIT NIBONG,"D/A PEJABAT PENDIDIKAN DAERAH MERADONG, JALAN BERJAYA",96500,BINTANGOR,,,YBB6321@moe.edu.my,Luar Bandar,SK,142,16,111.632792,2.066437,Primary,Meradong,P.208 Sarikei,N.46 Meradong
575,PPD MARADONG,SK,YBB6315,SEKOLAH KEBANGSAAN BUKIT PAPIT,"D/A PEJABAT PENDIDIKAN DAERAH MERADONG, JALAN BERJAYA",96500,BINTANGOR,TIADA,TIADA,YBB6315@moe.edu.my,Luar Bandar,SK,51,13,111.664878,2.26371,Primary,Meradong,P.207 Igan,N.43 Daro
576,PPD MARADONG,SK,YBB6320,SEKOLAH KEBANGSAAN GEMUAN,"D/A PEJABAT PENDIDIKAN DAERAH MERADONG, JALAN BERJAYA",96500,BINTANGOR,TIADA,TIADA,YBB6320@moe.edu.my,Luar Bandar,SK,63,14,111.674926,2.120092,Primary,Meradong,P.208 Sarikei,N.46 Meradong
577,PPD MARADONG,SK,YBB6310,SEKOLAH KEBANGSAAN MUPONG,"D/A PEJABAT PENDIDIKAN DAERAH MERADONG, JALAN BERJAYA",96500,BINTANGOR,TIADA,TIADA,YBB6310@moe.edu.my,Luar Bandar,SK,24,11,111.474704,2.301987,Primary,Meradong,P.206 Tanjong Manis,N.42 Semop
578,PPD MARADONG,SK,YBA6302,SEKOLAH KEBANGSAAN MUPONG ULIN,"D/A PEJABAT PENDIDIKAN DAERAH MERADONG, JALAN BERJAYA",96500,BINTANGOR,,,YBA6302@moe.edu.my,Luar Bandar,SK,6,7,111.520361,2.322034,Primary,Meradong,P.207 Igan,N.43 Daro
579,PPD MARADONG,SK,YBB6317,SEKOLAH KEBANGSAAN NANGA STRAS,"D/A PEJABAT PENDIDIKAN DAERAH MERADONG, JALAN BERJAYA",96500,BINTANGOR,TIADA,TIADA,YBB6317@moe.edu.my,Luar Bandar,SK,207,24,111.6896167,2.061516667,Primary,Meradong,P.208 Sarikei,N.46 Meradong
580,PPD MARADONG,SK,YBB6318,SEKOLAH KEBANGSAAN SG KAWI,"D/A PEJABAT PENDIDIKAN DAERAH MERADONG, JALAN BERJAYA",96500,BINTANGOR,TIADA,TIADA,YBB6318@moe.edu.my,Luar Bandar,SK,89,12,111.7086167,2.10785,Primary,Meradong,P.208 Sarikei,N.46 Meradong
581,PPD MARADONG,SK,YBB6303,SEKOLAH KEBANGSAAN SG MADOR,"D/A PEJABAT PENDIDIKAN DAERAH MERADONG, JALAN BERJAYA",96500,BINTANGOR,TIADA,TIADA,YBB6303@moe.edu.my,Luar Bandar,SK,93,16,111.768755,2.062045,Primary,Meradong,P.208 Sarikei,N.46 Meradong
582,PPD MARADONG,SK,YBB6304,SEKOLAH KEBANGSAAN SG SELIDAP,"D/A PEJABAT PENDIDIKAN DAERAH MERADONG, JALAN BERJAYA",96500,BINTANGOR,,,YBB6304@moe.edu.my,Luar Bandar,SK,53,13,111.596778,2.179974,Primary,Meradong,P.206 Tanjong Manis,N.42 Semop
583,PPD MARADONG,SK,YBA6303,SEKOLAH KEBANGSAAN SG SIAN,"D/A PEJABAT PENDIDIKAN DAERAH MERADONG, JALAN BERJAYA",96500,BINTANGOR,TIADA,TIADA,YBA6303@moe.edu.my,Luar Bandar,SK,41,13,111.634668,2.196888,Primary,Meradong,P.208 Sarikei,N.46 Meradong
584,PPD MARADONG,SK,YCB6301,SEKOLAH KEBANGSAAN ST AUGUSTINE,KM 1 JALAN KELUPU,96500,BINTANGOR,84693512,84693512,YCB6301@moe.edu.my,Luar Bandar,SBK,181,19,111.63977,2.16313,Primary,Meradong,P.208 Sarikei,N.46 Meradong
585,PPD MARADONG,SK,YBB6307,SEKOLAH KEBANGSAAN TANJUNG BUNDUNG,"D/A PEJABAT PENDIDIKAN DAERAH MERADONG, JALAN BERJAYA",96500,BINTANGOR,TIADA,TIADA,YBB6307@moe.edu.my,Luar Bandar,SK,49,14,111.634199,2.206502,Primary,Meradong,P.208 Sarikei,N.46 Meradong
586,PPD MARADONG,SK,YBB6306,SEKOLAH KEBANGSAAN TULAI,"D/A PEJABAT PENDIDIKAN DAERAH MERADONG, JALAN BERJAYA",96500,BINTANGOR,84695049,TIADA,YBB6306@moe.edu.my,Luar Bandar,SK,43,13,111.678536,2.174642,Primary,Meradong,P.208 Sarikei,N.46 Meradong
587,PPD MARADONG,SK,YBB6302,SEKOLAH KEBANGSAAN ULU BINATANG,"D/A PEJABAT PENDIDIKAN DAERAH MERADONG, JALAN BERJAYA",96500,BINTANGOR,TIADA,TIADA,YBB6302@moe.edu.my,Luar Bandar,SK,82,17,111.7221167,2.041533333,Primary,Meradong,P.208 Sarikei,N.46 Meradong
588,PPD MARADONG,SK,YBB6314,SEKOLAH KEBANGSAAN ULU MERADONG,"D/A PEJABAT PENDIDIKAN DAERAH MERADONG, JALAN BERJAYA",96500,BINTANGOR,,,YBB6314@moe.edu.my,Luar Bandar,SK,59,12,111.6422833,2.119233333,Primary,Meradong,P.208 Sarikei,N.46 Meradong
589,PPD MARADONG,SK,YBB6312,SEKOLAH KEBANGSAAN ULU STRAS,"D/A PEJABAT PENDIDIKAN DAERAH MERADONG, JALAN BERJAYA",96500,BINTANGOR,TIADA,TIADA,YBB6312@moe.edu.my,Luar Bandar,SK,45,12,111.64687,2.00956,Primary,Meradong,P.208 Sarikei,N.46 Meradong
590,PPD MIRI,SJKC,YCC4105,SEKOLAH JENIS KEBANGSAAN (CINA) CHUNG HUA BAKAM,"D/A PEJABAT PENDIDIKAN DAERAH MIRI, TINGKAT 2, WISMA PERSEKUTUAN, JALAN KIPAS",98000,MIRI,85406022,85471415,ycc4105@moe.edu.my,Luar Bandar,SBK,84,12,113.9599833,4.239583333,Primary,Miri,P.218 Sibuti,N.72 Lambir
591,PPD MIRI,SJKC,YCC4102,SEKOLAH JENIS KEBANGSAAN (CINA) CHUNG HUA KROKOP,"D/A PEJABAT PENDIDIKAN DAERAH MIRI, TINGKAT 2, WISMA PERSEKUTUAN, JALAN KIPAS",98000,MIRI,85435051,85422304,ycc4102@moe.edu.my,Bandar,SBK,1279,67,113.99815,4.4222,Primary,Miri,P.219 Miri,N.74 Pujut
592,PPD MIRI,SJKC,YCC4103,SEKOLAH JENIS KEBANGSAAN (CINA) CHUNG HUA LUTONG,"JALAN SEKOLAH, LUTONG",98000,MIRI,85655166,85665849,ycc4103@moe.edu.my,Bandar,SBK,1053,58,114.0044833,4.467816667,Primary,Miri,P.219 Miri,N.74 Pujut
593,PPD MIRI,SJKC,YCC4101,SEKOLAH JENIS KEBANGSAAN (CINA) CHUNG HUA MIRI,"D/A PEJABAT PENDIDIKAN DAERAH MIRI, TINGKAT 2, WISMA PERSEKUTUAN, JALAN KIPAS",98000,MIRI,85433515,85420857,ycc4101@moe.edu.my,Bandar,SBK,1155,66,113.9897833,4.392766667,Primary,Miri,P.219 Miri,N.75 Senadin
594,PPD MIRI,SJKC,YCC4104,SEKOLAH JENIS KEBANGSAAN (CINA) CHUNG HUA PUJUT,"D/A PEJABAT PENDIDIKAN DAERAH MIRI, TINGKAT 2, WISMA PERSEKUTUAN, JALAN KIPAS",98000,MIRI,85652884,85660884,ycc4104@moe.edu.my,Bandar,SBK,1325,57,114.0140333,4.4384,Primary,Miri,P.219 Miri,N.74 Pujut
595,PPD MIRI,SJKC,YCC4107,SEKOLAH JENIS KEBANGSAAN (CINA) CHUNG HUA TUDAN,"D/A PEJABAT PENDIDIKAN DAERAH MIRI, TINGKAT 2, WISMA PERSEKUTUAN, JALAN KIPAS",98000,MIRI,85668126,85688131,ycc4107@moe.edu.my,Bandar,SBK,1302,64,114.0454781,4.4798246,Primary,Miri,P.219 Miri,N.75 Senadin
596,PPD MIRI,SJKC,YCC4106,SEKOLAH JENIS KEBANGSAAN (CINA) CHUNG SAN MIRI,"D/A PEJABAT PENDIDIKAN DAERAH MIRI, TINGKAT 2, WISMA PERSEKUTUAN, JALAN KIPAS",98000,MIRI,85611791,85617934,ycc4106@moe.edu.my,Bandar,SBK,1547,65,114.0030167,4.342583333,Primary,Miri,P.219 Miri,N.75 Senadin
597,PPD MIRI,SJKC,YBC4303,SEKOLAH JENIS KEBANGSAAN (CINA) HUA KWONG,"D/A PEJABAT PENDIDIKAN DAERAH MIRI, TINGKAT 2, WISMA PERSEKUTUAN, JALAN KIPAS",98000,MIRI,TIADA,TIADA,ybc4303@moe.edu.my,Luar Bandar,SK,106,16,114.1030222,3.9755333,Primary,Beluru,P.220 Baram,N.76 Marudi
598,PPD MIRI,SJKC,YBC4101,SEKOLAH JENIS KEBANGSAAN (CINA) NORTH,"D/A PEJABAT PENDIDIKAN DAERAH MIRI, TINGKAT 2, WISMA PERSEKUTUAN, JALAN KIPAS",98000,MIRI,85436671,85436671,ybc4101@moe.edu.my,Bandar,SK,416,29,113.9922,4.39545,Primary,Miri,P.219 Miri,N.73 Piasau
599,PPD MIRI,SJKC,YBC4103,SEKOLAH JENIS KEBANGSAAN (CINA) TUKAU,"D/A PEJABAT PENDIDIKAN DAERAH MIRI, TINGKAT 2, WISMA PERSEKUTUAN, JALAN KIPAS",98000,MIRI,85414937,TIADA,ybc4103@moe.edu.my,Bandar,SK,156,16,113.9579667,4.302616667,Primary,Miri,P.218 Sibuti,N.72 Lambir
600,PPD MIRI,SR SABK,YCA4101,SEKOLAH KEBANGSAAN AGAMA,"D/A PEJABAT PENDIDIKAN DAERAH MIRI, TINGKAT 2, WISMA PERSEKUTUAN, JALAN KIPAS",98000,MIRI,85423930,85428827,yca4101@moe.edu.my,Bandar,SBK,648,52,114.01765,4.414133333,Primary,Miri,P.219 Miri,N.75 Senadin
601,PPD MIRI,SK,YBA4103,SEKOLAH KEBANGSAAN ANCHI,"D/A PEJABAT PENDIDIKAN DAERAH MIRI, TINGKAT 2, WISMA PERSEKUTUAN, JALAN KIPAS",98000,MIRI,85651232,85652014,yba4103@moe.edu.my,Bandar,SK,865,71,114.0073,4.4277,Primary,Miri,P.219 Miri,N.74 Pujut
602,PPD MIRI,SK,YBB4302,SEKOLAH KEBANGSAAN BELURU CENTRAL,"D/A PEJABAT PENDIDIKAN DAERAH MIRI, TINGKAT 2, WISMA PERSEKUTUAN, JALAN KIPAS",98000,MIRI,TIADA,TIADA,ybb4302@moe.edu.my,Luar Bandar,SK,391,31,114.0950507,3.9725071,Primary,Beluru,P.220 Baram,N.76 Marudi
603,PPD MIRI,SK,YBA4101,SEKOLAH KEBANGSAAN JALAN BINTANG,"D/A PEJABAT PENDIDIKAN DAERAH MIRI, TINGKAT 2, WISMA PERSEKUTUAN, JALAN KIPAS",98000,MIRI,85429506,85429506,yba4101@moe.edu.my,Bandar,SK,1074,77,113.9954,4.40105,Primary,Miri,P.219 Miri,N.73 Piasau
604,PPD MIRI,SK,YBA4105,SEKOLAH KEBANGSAAN KG. BAKAM,"D/A PEJABAT PENDIDIKAN DAERAH MIRI, TINGKAT 2, WISMA PERSEKUTUAN, JALAN KIPASÂ ",98000,MIRIÂ ,85412096,85412961,yba105@moe.edu.my,Luar Bandar,SK,227,21,113.927509,4.25081,Primary,Miri,P.218 Sibuti,N.72 Lambir
605,PPD MIRI,SK,YBB4101,SEKOLAH KEBANGSAAN KG. BERAYA,"D/A PEJABAT PENDIDIKAN DAERAH MIRI, TINGKAT 2, WISMA PERSEKUTUAN, JALAN KIPAS",98000,MIRI,TIADA,TIADA,ybb4101@moe.edu.my,Luar Bandar,SK,93,13,113.8802833,4.182633333,Primary,Miri,P.218 Sibuti,N.72 Lambir
606,PPD MIRI,SK,YBA4107,SEKOLAH KEBANGSAAN KG. LUAK,"D/A PEJABAT PENDIDIKAN DAERAH MIRI, TINGKAT 2, WISMA PERSEKUTUAN, JALAN KIPAS",98000,MIRI,85434759,85434759,yba4107@moe.edu.my,Bandar,SK,456,30,113.9758,4.346783333,Primary,Miri,P.219 Miri,N.73 Piasau
607,PPD MIRI,SK,YBA4104,SEKOLAH KEBANGSAAN KUALA BARAM,"D/A PEJABAT PENDIDIKAN DAERAH MIRI, TINGKAT 2, WISMA PERSEKUTUAN, JALAN KIPAS",98000,MIRI,85406384,TIADA,yba4104@moe.edu.my,Luar Bandar,SK,82,15,113.9871588,4.5889776,Primary,Miri,P.219 Miri,N.75 Senadin
608,PPD MIRI,SK,YBA4114,SEKOLAH KEBANGSAAN KUALA BARAM II,"D/A PEJABAT PENDIDIKAN DAERAH MIRI, TINGKAT 2, WISMA PERSEKUTUAN, JALAN KIPAS",98000,MIRI,85472944,85472673,yba4114@moe.edu.my,Luar Bandar,SK,537,44,114.007616,4.5505649,Primary,Miri,P.219 Miri,N.75 Senadin
609,PPD MIRI,SK,YBE4107,SEKOLAH KEBANGSAAN LAMBIR VILLAGE,"D/A PEJABAT PENDIDIKAN DAERAH MIRI, TINGKAT 2, WISMA PERSEKUTUAN, JALAN KIPAS",98000,MIRI,85612553,85612810,ybe4107@moe.edu.my,Bandar,SK,758,44,114.025,4.302966667,Primary,Miri,P.218 Sibuti,N.72 Lambir
610,PPD MIRI,SK,YBA4302,SEKOLAH KEBANGSAAN LEPONG AJAI,"D/A PEJABAT PENDIDIKAN DAERAH MIRI, TINGKAT 2, WISMA PERSEKUTUAN, JALAN KIPAS",98000,MIRI,TIADA,TIADA,yba4302@moe.edu.my,Luar Bandar,SK,74,11,114.027711,4.157114,Primary,Beluru,P.220 Baram,N.76 Marudi
611,PPD MIRI,SK,YBE4105,SEKOLAH KEBANGSAAN LUTONG,"D/A PEJABAT PENDIDIKAN DAERAH MIRI, TINGKAT 2, WISMA PERSEKUTUAN, JALAN KIPAS",98000,MIRI,85655033,85655968,ybe4105@moe.edu.my,Bandar,SK,1305,77,114.0044833,4.468833333,Primary,Miri,,
612,PPD MIRI,SK,YBA4113,SEKOLAH KEBANGSAAN MERBAU,"D/A PEJABAT PENDIDIKAN DAERAH MIRI, TINGKAT 2, WISMA PERSEKUTUAN, JALAN KIPAS",98000,MIRI,85652845,85652845,yba4113@moe.edu.my,Bandar,SK,1574,83,114.0442167,4.455416667,Primary,Miri,P.219 Miri,N.75 Senadin
613,PPD MIRI,SK,YBA4116,SEKOLAH KEBANGSAAN MIRI,"D/A PEJABAT PENDIDIKAN DAERAH MIRI, TINGKAT 2, WISMA PERSEKUTUAN, JALAN KIPAS",98000,MIRI,85411590,85411595,yba4116@moe.edu.my,Bandar,SK,546,47,113.99947,4.40842,Primary,Miri,P.219 Miri,N.74 Pujut
614,PPD MIRI,SK KHAS,YBA4112,SEKOLAH KEBANGSAAN PENDIDIKAN KHAS MIRI,"D/A PEJABAT PENDIDIKAN DAERAH MIRI, TINGKAT 2, WISMA PERSEKUTUAN, JALAN KIPAS",98000,MIRI,85653246,85653246,yba4112@moe.edu.my,Bandar,SK,37,32,114.0076167,4.426733333,Primary,Miri,P.219 Miri,N.74 Pujut
615,PPD MIRI,SK,YBA4106,SEKOLAH KEBANGSAAN PUJUT CORNER,"D/A PEJABAT PENDIDIKAN DAERAH MIRI, TINGKAT 2, WISMA PERSEKUTUAN, JALAN KIPAS",98000,MIRIÂ ,85652750,85652750,yba4106@moe.edu.my,Bandar,SK,941,60,114.0198833,4.421716667,Primary,Miri,P.219 Miri,N.75 Senadin
616,PPD MIRI,SK,YBA4108,SEKOLAH KEBANGSAAN PULAU MELAYU,"D/A PEJABAT PENDIDIKAN DAERAH MIRI, TINGKAT 2, WISMA PERSEKUTUAN, JALAN KIPAS",98000,MIRI,85423350,85423350,yba4108@moe.edu.my,Bandar,SK,145,19,113.9923865,4.4171323,Primary,Miri,P.219 Miri,N.74 Pujut
617,PPD MIRI,SK,YBA4102,SEKOLAH KEBANGSAAN RIAM BATU DUA,"D/A PEJABAT PENDIDIKAN DAERAH MIRI, TINGKAT 2, WISMA PERSEKUTUAN, JALAN KIPAS",98000,MIRI,85615545,85615545,yba4102@moe.edu.my,Bandar,SK,361,31,113.99005,4.3487,Primary,Miri,P.219 Miri,N.75 Senadin
618,PPD MIRI,SK,YBE4104,SEKOLAH KEBANGSAAN SAYED OTHMAN,"D/A PEJABAT PENDIDIKAN DAERAH MIRI, TINGKAT 2, WISMA PERSEKUTUAN, JALAN KIPAS",98000,MIRI,85410689,85410689,ybe4104@moe.edu.my,Bandar,SK,225,29,113.9909,4.402283333,Primary,Miri,P.219 Miri,N.73 Piasau
619,PPD MIRI,SK,YBA4115,SEKOLAH KEBANGSAAN SENADIN,"D/A PEJABAT PENDIDIKAN DAERAH MIRI, TINGKAT 2, WISMA PERSEKUTUAN, JALAN KIPAS",98000,MIRI,85660140,85654140,yba4115@moe.edu.my,Luar Bandar,SK,1283,63,114.0125,4.48665,Primary,Miri,P.219 Miri,N.75 Senadin
620,PPD MIRI,SK,YBB4358,SEKOLAH KEBANGSAAN SG. BAKAS,"D/A PEJABAT PENDIDIKAN DAERAH MIRI, TINGKAT 2, WISMA PERSEKUTUAN, JALAN KIPAS",98000,MIRI,TIADA,TIADA,ybb4358@moe.edu.my,Luar Bandar,SK,104,12,114.0855235,3.8930384,Primary,Beluru,P.220 Baram,N.76 Marudi
621,PPD MIRI,SK,YBB4350,SEKOLAH KEBANGSAAN SG. BIAR,"D/A PEJABAT PENDIDIKAN DAERAH MIRI, TINGKAT 2, WISMA PERSEKUTUAN, JALAN KIPAS",98000,MIRI,TIADA,TIADA,ybb4350@moe.edu.my,Luar Bandar,SK,32,11,114.0143167,4.02405,Primary,Beluru,P.220 Baram,N.76 Marudi
622,PPD MIRI,SK,YBB4365,SEKOLAH KEBANGSAAN SG. BURI,"D/A PEJABAT PENDIDIKAN DAERAH MIRI, TINGKAT 2, WISMA PERSEKUTUAN, JALAN KIPAS",98000,MIRIÂ ,TIADA,TIADA,ybb4365@moe.edu.my,Luar Bandar,SK,60,12,114.12915,4.1989167,Primary,Beluru,P.220 Baram,N.76 Marudi
623,PPD MIRI,SK,YBB4321,SEKOLAH KEBANGSAAN SG. ENTULANG,"D/A PEJABAT PENDIDIKAN DAERAH MIRI, TINGKAT 2, WISMA PERSEKUTUAN, JALAN KIPAS",98000,MIRI,TIADA,TIADA,ybb4321@moe.edu.my,Luar Bandar,SK,54,12,114.025537,4.119287,Primary,Beluru,P.220 Baram,N.76 Marudi
624,PPD MIRI,SK,YBB4355,SEKOLAH KEBANGSAAN SG. KELABIT,"D/A PEJABAT PENDIDIKAN DAERAH MIRI, TINGKAT 2, WISMA PERSEKUTUAN, JALAN KIPAS",98000,MIRI,TIADA,TIADA,ybb4355@moe.edu.my,Luar Bandar,SK,13,9,114.11855,3.9206333,Primary,Beluru,P.220 Baram,N.76 Marudi
625,PPD MIRI,SK,YBB4353,SEKOLAH KEBANGSAAN SG. LAONG,"D/A PEJABAT PENDIDIKAN DAERAH MIRI, TINGKAT 2, WISMA PERSEKUTUAN, JALAN KIPAS",98000,MIRI,TIADA,TIADA,ybb4353@moe.edu.my,Luar Bandar,SK,38,11,114.079835,3.808223,Primary,Beluru,P.220 Baram,N.76 Marudi
626,PPD MIRI,SK,YBB4323,SEKOLAH KEBANGSAAN SG. LIAM,"D/A PEJABAT PENDIDIKAN DAERAH MIRI, TINGKAT 2, WISMA PERSEKUTUAN, JALAN KIPAS",98000,MIRI,TIADA,TIADA,ybb4323@moe.edu.my,Luar Bandar,SK,37,11,114.058331,4.156985,Primary,Beluru,P.220 Baram,N.76 Marudi
627,PPD MIRI,SK,YBB4336,SEKOLAH KEBANGSAAN SG. SELEPIN,"D/A PEJABAT PELAJARAN DAERAH MIRI, BLOK 1, TINGKAT 2, BANGUNAN WISMA PERSEKUTUAN, JALAN KIPAS",98000,MIRI,TIADA,TIADA,ybb4336@moe.edu.my,Luar Bandar,SK,47,12,114.0540944,3.9995917,Primary,Beluru,P.220 Baram,N.76 Marudi
628,PPD MIRI,SK,YBB4345,SEKOLAH KEBANGSAAN SG. SEPUTI,"D/A PEJABAT PENDIDIKAN DAERAH MIRI, TINGKAT 2, WISMA PERSEKUTUAN, JALAN KIPAS",98000,MIRI,TIADA,TIADA,ybb4345@moe.edu.my,Luar Bandar,SK,64,13,114.116868,3.740968,Primary,Beluru,P.220 Baram,N.76 Marudi
629,PPD MIRI,SK,YBB4102,SEKOLAH KEBANGSAAN SOUTH,"D/A PEJABAT PENDIDIKAN DAERAH MIRI, TINGKAT 2, WISMA PERSEKUTUAN, JALAN KIPAS",98000,MIRI,85434952,85434952,ybb4102@moe.edu.my,Bandar,SK,424,43,113.9788667,4.379216667,Primary,Miri,P.219 Miri,N.75 Senadin
630,PPD MIRI,SK,YCB4102,SEKOLAH KEBANGSAAN ST COLUMBA,"D/A PEJABAT PENDIDIKAN DAERAH MIRI, TINGKAT 2, WISMA PERSEKUTUAN, JALAN KIPAS",98000,MIRI,85410566,85410566,ycb4102@moe.edu.my,Bandar,SBK,593,44,113.9836333,4.38405,Primary,Miri,P.219 Miri,N.75 Senadin
631,PPD MIRI,SK,YCB4101,SEKOLAH KEBANGSAAN ST JOSEPH,"D/A PEJABAT PENDIDIKAN DAERAH MIRI, TINGKAT 2, WISMA PERSEKUTUAN, JALAN KIPAS",98000,MIRI,85432414,85432414,ycb4101@moe.edu.my,Bandar,SBK,590,48,113.9896,4.39215,Primary,Miri,P.219 Miri,N.75 Senadin
632,PPD MIRI,SK,YBA4110,SEKOLAH KEBANGSAAN TEMENGGONG DATUK MUIP,"D/A PEJABAT PENDIDIKAN DAERAH MIRI, TINGKAT 2, WISMA PERSEKUTUAN, JALAN KIPAS",98000,MIRI,85617042,85611042,yba4110@moe.edu.my,Bandar,SK,1439,71,113.99805,4.31975,Primary,Miri,P.218 Sibuti,N.72 Lambir
633,PPD MIRI,SK,YBA4111,SEKOLAH KEBANGSAAN TUDAN,"D/A PEJABAT PENDIDIKAN DAERAH MIRI, TINGKAT 2, WISMA PERSEKUTUAN, JALAN KIPAS",98000,MIRI,85659510,85651510,yba4111@moe.edu.my,Bandar,SK,1353,75,114.0275,4.479416667,Primary,Miri,P.219 Miri,N.75 Senadin
634,PPD MUKAH,SJKC,YCC3403,SEKOLAH JENIS KEBANGSAAN (CINA) CHONG BOON,"D/A PEJABAT PENDIDIKAN DAERAH MUKAH, JALAN HAJI MOHAMAD FAUZI",96400,MUKAH,84872010,84872010,YCC3403@moe.edu.my,Luar Bandar,SBK,453,33,112.094714,2.898242,Primary,Mukah,P.213 Mukah,N.58 Balingian
635,PPD MUKAH,SJKC,YCC3404,SEKOLAH JENIS KEBANGSAAN (CINA) CHUNG HUA BALINGIAN,"D/A PEJABAT PENDIDIKAN DAERAH MUKAH, JALAN HAJI MOHAMAD FAUZI",96400,MUKAH,86484776,TIADA,YCC3404@moe.edu.my,Luar Bandar,SBK,102,13,112.541353,2.932765,Primary,Mukah,P.213 Mukah,N.58 Balingian
636,PPD MUKAH,SJKC,YCC3402,SEKOLAH JENIS KEBANGSAAN (CINA) EK HUA,"D/A PEJABAT PENDIDIKAN DAERAH MUKAH, JALAN HAJI MOHAMAD FAUZI",96400,MUKAH,84875419,TIADA,YCC3402@moe.edu.my,Luar Bandar,SBK,55,11,112.14565,2.879728,Primary,Mukah,P.213 Mukah,N.58 Balingian
637,PPD MUKAH,SR SABK,YCAB101,SEKOLAH KEBANGSAAN (AGAMA) MAJLIS ISLAM SARAWAK MUKAH,JALAN BESTARI,96400,MUKAH,84872189,84871859,YCAB101@moe.edu.my,Luar Bandar,SBK,248,17,112.073976,2.883361,Primary,Mukah,P.213 Mukah,N.57 Tellian
638,PPD MUKAH,SK,YBE3404,SEKOLAH KEBANGSAAN BUKIT INKERBAI,"D/A PEJABAT PENDIDIKAN DAERAH MUKAH, JALAN HAJI MOHD. FAUZI",96400,MUKAH,TIADA,TIADA,YBE3404@moe.edu.my,Luar Bandar,SK,57,14,112.291104,2.596399,Primary,Mukah,P.213 Mukah,N.57 Tellian
639,PPD MUKAH,SK,YBE3401,SEKOLAH KEBANGSAAN DATUK AWANG UDIN,JALAN PAM STESEN,96400,MUKAH,84871172,84871172,YBE3401@moe.edu.my,Luar Bandar,SK,316,32,112.097138,2.893592,Primary,Mukah,P.213 Mukah,N.58 Balingian
640,PPD MUKAH,SK,YBA3403,SEKOLAH KEBANGSAAN DUA SUNGAI,"D/A PEJABAT PENDIDIKAN DAERAH MUKAH, JALAN HAJI MOHAMAD FAUZI",96400,MUKAH,84875691,TIADA,YBA3403@moe.edu.my,Luar Bandar,SK,194,22,111.9868183,2.8847515,Primary,Mukah,P.213 Mukah,N.57 Tellian
641,PPD MUKAH,SK,YBA3401,SEKOLAH KEBANGSAAN KAMPUNG SAU,"D/A PEJABAT PENDIDIKAN DAERAH MUKAH, JALAN HAJI MOHAMAD FAUZI",96400,MUKAH,TIADA,TIADA,YBA3401@moe.edu.my,Luar Bandar,SK,81,12,112.186317,2.835404,Primary,Mukah,P.213 Mukah,N.58 Balingian
642,PPD MUKAH,SK,YBE3405,SEKOLAH KEBANGSAAN KAMPUNG TEH,"D/A PEJABAT PENDIDIKAN DAERAH MUKAH, JALAN HAJI MOHAMAD FAUZI",96400,MUKAH,84875690,TIADA,YBE3405@moe.edu.my,Luar Bandar,SK,105,18,112.158877,2.864358,Primary,Mukah,P.213 Mukah,N.58 Balingian
643,PPD MUKAH,SK,YBE3403,SEKOLAH KEBANGSAAN KG JEBUNGAN,KAMPUNG JEBUNGAN MUKAH,96400,MUKAH,TIADA,TIADA,YBE3403@moe.edu.my,Luar Bandar,SK,125,16,112.138226,2.892654,Primary,Mukah,P.213 Mukah,N.58 Balingian
644,PPD MUKAH,SK,YBA3402,SEKOLAH KEBANGSAAN KG PETANAK,"D/A PEJABAT PENDIDIKAN DAERAH MUKAH, JALAN HAJI MOHAMAD FAUZI",96400,MUKAH,84872237,84872237,YBA3402@moe.edu.my,Luar Bandar,SK,240,27,112.071689,2.886877,Primary,Mukah,P.213 Mukah,N.57 Tellian
645,PPD MUKAH,SK,YBE3409,SEKOLAH KEBANGSAAN KG SEBERANG,"D/A PEJABAT PENDIDIKAN DAERAH MUKAH, JALAN HAJI MOHAMAD FAUZI",96400,MUKAH,84872403,84872403,YBE3409@moe.edu.my,Luar Bandar,SK,303,31,112.109476,2.909783,Primary,Mukah,P.213 Mukah,N.58 Balingian
646,PPD MUKAH,SK,YBE3402,SEKOLAH KEBANGSAAN KG TELLIAN,"D/A PEJABAT PENDIDIKAN DAERAH MUKAH, JALAN HAJI MOHAMAD FAUZI",96400,MUKAH,84872007,84872007,YBE3402@moe.edu.my,Luar Bandar,SK,199,20,112.101249,2.877128,Primary,Mukah,P.213 Mukah,N.58 Balingian
647,PPD MUKAH,SK,YBB3411,SEKOLAH KEBANGSAAN KUALA BALINGIAN,"D/A PEJABAT PENDIDIKAN DAERAH MUKAH, JALAN HAJI MOHAMAD FAUZI",96400,MUKAH,TIADA,TIADA,YBB3411@moe.edu.my,Luar Bandar,SK,112,15,112.586856,3.015002,Primary,Mukah,P.213 Mukah,N.58 Balingian
648,PPD MUKAH,SK,YBB3401,SEKOLAH KEBANGSAAN KUALA KENYANA,"D/A PEJABAT PENDIDIKAN DAERAH MUKAH, JALAN HAJI MOHAMAD FAUZI",96400,MUKAH,TIADA,TIADA,YBB3401@moe.edu.my,Luar Bandar,SK,41,13,112.202881,2.791032,Primary,Mukah,P.213 Mukah,N.58 Balingian
649,PPD MUKAH,SK,YBB3403,SEKOLAH KEBANGSAAN LUBOK BEMBAN,"D/A PEJABAT PENDIDIKAN DAERAH MUKAH, JALAN HAJI MOHAMAD FAUZI",96400,MUKAH,TIADA,TIADA,YBB3403@moe.edu.my,Luar Bandar,SK,75,13,112.262695,2.638353,Primary,Mukah,P.213 Mukah,N.57 Tellian
650,PPD MUKAH,SK,YBA3400,SEKOLAH KEBANGSAAN MUKAH,"D/A PEJABAT PENDIDIKAN DAERAH MUKAH, JALAN HAJI MOHAMAD FAUZI",96400,MUKAH,84871161,84873512,YBA3400@moe.edu.my,Luar Bandar,SK,309,42,112.079412,2.886556,Primary,Mukah,P.213 Mukah,N.57 Tellian
651,PPD MUKAH,SK,YBB3402,SEKOLAH KEBANGSAAN NANGA SIKAT,"D/A PEJABAT PENDIDIKAN DAERAH MUKAH, JALAN HAJI MOHAMAD FAUZI",96400,MUKAH,TIADA,TIADA,YBB3402@moe.edu.my,Luar Bandar,SK,15,10,112.223468,2.687305,Primary,Mukah,P.213 Mukah,N.57 Tellian
652,PPD MUKAH,SK,YBE3411,SEKOLAH KEBANGSAAN PARISH,"D/A PEJABAT PENDIDIKAN DAERAH MUKAH, JALAN HAJI MOHAMAD FAUZI",96400,MUKAH,86484801,TIADA,YBE3411@moe.edu.my,Luar Bandar,SK,174,25,112.543082,2.928186,Primary,Mukah,P.213 Mukah,N.58 Balingian
653,PPD MUKAH,SK,YBA3409,SEKOLAH KEBANGSAAN PENAKUP ULU,"D/A PEJABAT PENDIDIKAN DAERAH MUKAH, JALAN HAJI MOHAMAD FAUZI",96400,MUKAH,84875044,TIADA,YBA3409@moe.edu.my,Luar Bandar,SK,69,14,112.148087,2.879654,Primary,Mukah,P.213 Mukah,N.58 Balingian
654,PPD MUKAH,SK,YBB3414,SEKOLAH KEBANGSAAN PENGKALAN LOBANG,"D/A PEJABAT PENDIDIKAN DAERAH MUKAH, JALAN HAJI MOHAMAD FAUZI",96400,MUKAH,TIADA,TIADA,YBB3414@moe.edu.my,Luar Bandar,SK,50,13,112.394056,2.772056,Primary,Mukah,P.214 Selangau,N.60 Kakus
655,PPD MUKAH,SK,YBB3404,SEKOLAH KEBANGSAAN SG BADENGAN,"D/A PEJABAT PENDIDIKAN DAERAH MUKAH, JALAN HAJI MOHAMAD FAUZI",96400,MUKAH,TIADA,TIADA,YBB3404@moe.edu.my,Luar Bandar,SK,147,14,112.346687,2.975748,Primary,Mukah,P.213 Mukah,N.58 Balingian
656,PPD MUKAH,SK,YBA3410,SEKOLAH KEBANGSAAN SG BAYAN,"D/A PEJABAT PENDIDIKAN DAERAH MUKAH, JALAN HAJI MOHAMAD FAUZI",96400,MUKAH,TIADA,TIADA,YBA3410@moe.edu.my,Luar Bandar,SK,107,14,112.3838,2.8642,Primary,Mukah,P.213 Mukah,N.58 Balingian
657,PPD MUKAH,SK,YBA3404,SEKOLAH KEBANGSAAN SG LIUK,"D/A PEJABAT PENDIDIKAN DAERAH MUKAH, JALAN HAJI MOHAMAD FAUZI",96400,MUKAH,TIADA,TIADA,YBA3404@moe.edu.my,Luar Bandar,SK,106,13,112.5133527,3.0079111,Primary,Mukah,P.213 Mukah,N.58 Balingian
658,PPD MUKAH,SK,YBE3410,SEKOLAH KEBANGSAAN SG PENIPAH,"D/A PEJABAT PENDIDIKAN DAERAH MUKAH, JALAN HAJI MOHAMAD FAUZI",96400,MUKAH,TIADA,TIADA,YBE3410@moe.edu.my,Luar Bandar,SK,203,24,112.224078,2.943786,Primary,Mukah,P.213 Mukah,N.58 Balingian
659,PPD MUKAH,SK,YBA3407,SEKOLAH KEBANGSAAN SLDB LADANG 3,"D/A PEJABAT PENDIDIKAN DAERAH MUKAH, JALAN HAJI MOHAMAD FAUZI",96400,MUKAH,TIADA,TIADA,YBA3407@moe.edu.my,Luar Bandar,SK,234,19,112.361906,2.702217,Primary,Mukah,P.214 Selangau,N.60 Kakus
660,PPD MUKAH,SK,YBE3415,SEKOLAH KEBANGSAAN SLDB NO. 1,"D/A PEJABAT PENDIDIKAN DAERAH MUKAH, JALAN HAJI MOHAMAD FAUZI",96400,MUKAH,84894143,TIADA,YBE3415@moe.edu.my,Luar Bandar,SK,153,17,112.322,2.624455,Primary,Mukah,P.213 Mukah,N.57 Tellian
661,PPD MUKAH,SK,YCB3401,SEKOLAH KEBANGSAAN ST. PATRICK,"D/A PEJABAT PENDIDIKAN DAERAH MUKAH, JALAN HAJI MOHAMAD FAUZI",96400,MUKAH,84871936,84872937,YCB3401@moe.edu.my,Luar Bandar,SBK,394,29,112.086812,2.901408,Primary,Mukah,P.213 Mukah,N.57 Tellian
662,PPD MUKAH,SK,YBA3406,SEKOLAH KEBANGSAAN SUNGAI DUAN,"D/A PEJABAT PENDIDIKAN DAERAH MUKAH, JALAN HAJI MOHAMAD FAUZI",96400,MUKAH,TIADA,TIADA,YBA3406@moe.edu.my,Luar Bandar,SK,98,14,112.42695,2.705861,Primary,Mukah,P.214 Selangau,N.60 Kakus
663,PPD PADAWAN,SJKC,YBC1304,SEKOLAH JENIS KEBANGSAAN (CINA) BERATOK,"BATU21, JALAN KUCHING/SERIAN",94200,KUCHING,82863040,82863040,YBC1304@moe.edu.my,Luar Bandar,SK,224,19,110.40773,1.311859,Primary,Kuching,P.198 Puncak Borneo,N.20 Tarat
664,PPD PADAWAN,SJKC,YCC1327,SEKOLAH JENIS KEBANGSAAN (CINA) CHUNG HUA BATU 10,"D/A PEJABAT PENDIDIKAN DAERAH PADAWAN, LORONG 17, OFF JALAN KAPOR, SUNGAI MAONG HILIR",93250,KUCHING,82611108,82626239,YCC1327@moe.edu.my,Bandar,SBK,1429,69,110.325425,1.424636,Primary,Kuching,P.196 Stampin,N.13 Batu Kitang
665,PPD PADAWAN,SJKC,YCC1307,SEKOLAH JENIS KEBANGSAAN (CINA) CHUNG HUA BATU 11,"D/A PEJABAT PENDIDIKAN DAERAH PADAWAN, LORONG 17, OFF JALAN KAPOR, SUNGAI MAONG HILIR",93050,KUCHING,82377162,82370180,YCC1307@moe.edu.my,Bandar,SBK,70,12,110.223547,1.614027,Primary,Kuching,P.193 Santubong,N.04 Pantai Damai
666,PPD PADAWAN,SJKC,YCC1310,SEKOLAH JENIS KEBANGSAAN (CINA) CHUNG HUA BATU 15,"D/A PEJABAT PENDIDIKAN DAERAH PADAWAN, LORONG 17, OFF JALAN KAPOR, SUNGAI MAONG HILIR",93150,KUCHING,82610937,82610937,YCC1310@moe.edu.my,Bandar,SBK,186,16,110.320169,1.359656,Primary,Kuching,P.198 Puncak Borneo,N.19 Mambong
667,PPD PADAWAN,SJKC,YCC1322,SEKOLAH JENIS KEBANGSAAN (CINA) CHUNG HUA BATU 4 1/2,"JLN DATUK AMAR KALONG NINGKAN, BATU 4 1/2",93250,KUCHING,82572632,82462445,YCC1322@moe.edu.my,Bandar,SBK,1044,49,110.3326,1.501883333,Primary,Kuching,P.196 Stampin,N.12 Kota Sentosa
668,PPD PADAWAN,SJKC,YCC1331,SEKOLAH JENIS KEBANGSAAN (CINA) CHUNG HUA BATU 7,"D/A PEJABAT PENDIDIKAN DAERAH PADAWAN, LORONG 17, OFF JALAN KAPOR, SUNGAI MAONG HILIR",93150,KUCHING,82370094,82641102,YCC1331@moe.edu.my,Bandar,SBK,624,42,110.2558,1.576333333,Primary,Kuching,P.194 Petra Jaya,N.06 Tupong
669,PPD PADAWAN,SJKC,YCC1303,SEKOLAH JENIS KEBANGSAAN (CINA) CHUNG HUA BATU 8 1/2,"D/A PEJABAT PENDIDIKAN DAERAH PADAWAN, LORONG 17, OFF JALAN KAPOR, SUNGAI MAONG HILIR",93150,KUCHING,82628975,82629259,YCC1303@moe.edu.my,Bandar,SBK,152,11,110.311783,1.462367,Primary,Kuching,P.196 Stampin,N.13 Batu Kitang
670,PPD PADAWAN,SJKC,YCC1314,SEKOLAH JENIS KEBANGSAAN (CINA) CHUNG HUA BT KAWA,"D/A PEJABAT PENDIDIKAN DAERAH PADAWAN, LORONG 17, OFF JALAN KAPOR, SUNGAI MAONG HILIR",93250,KUCHING,82681292,82681292,YCC1314@moe.edu.my,Bandar,SBK,172,15,110.270767,1.511683,Primary,Kuching,P.196 Stampin,N.14 Batu Kawah
671,PPD PADAWAN,SJKC,YCC1312,SEKOLAH JENIS KEBANGSAAN (CINA) CHUNG HUA BT KITANG,"D/A PEJABAT PENDIDIKAN DAERAH PADAWAN, LORONG 17, OFF JALAN KAPOR, SUNGAI MAONG HILIR",93150,KUCHING,82374239,82370196,YCC1312@moe.edu.my,Bandar,SBK,71,13,110.281917,1.449383,Primary,Kuching,P.196 Stampin,N.13 Batu Kitang
672,PPD PADAWAN,SJKC,YCC1317,SEKOLAH JENIS KEBANGSAAN (CINA) CHUNG HUA KIM CHOO SENG,"D/A PEJABAT PENDIDIKAN DAERAH PADAWAN, LORONG 17, OFF JALAN KAPOR, SUNGAI MAONG HILIR",93150,KUCHING,82370695,82378059,YCC1317@moe.edu.my,Bandar,SBK,137,12,110.32,1.53,Primary,Kuching,P.196 Stampin,N.14 Batu Kawah
673,PPD PADAWAN,SJKC,YCC1207,SEKOLAH JENIS KEBANGSAAN (CINA) CHUNG HUA NO.6,"D/A PEJABAT PENDIDIKAN DAERAH PADAWAN, LORONG 17, OFF JALAN KAPOR, SUNGAI MAONG HILIR",93150,KUCHING,82256866,82256860,YCC1207@moe.edu.my,Bandar,SBK,1124,64,110.318267,1.53395,Primary,Kuching,P.195 Bandar Kuching,N.11 Batu Lintang
674,PPD PADAWAN,SJKC,YCC1324,SEKOLAH JENIS KEBANGSAAN (CINA) CHUNG HUA PANGKALAN BARU,"D/A PEJABAT PENDIDIKAN DAERAH PADAWAN, LORONG 17, OFF JALAN KAPOR, SUNGAI MAONG HILIR",93150,KUCHING,82683630,82683630,YCC1324@moe.edu.my,Bandar,SBK,137,15,110.286983,1.477,Primary,Kuching,P.196 Stampin,N.13 Batu Kitang
675,PPD PADAWAN,SJKC,YCC1318,SEKOLAH JENIS KEBANGSAAN (CINA) CHUNG HUA RANTAU PANJANG,"D/A PEJABAT PENDIDIKAN DAERAH PADAWAN, LORONG 17, OFF JALAN KAPOR, SUNGAI MAONG HILIR",93150,KUCHING,82372094,TIADA,YCC1318@moe.edu.my,Luar Bandar,SBK,52,11,110.268,1.5013,Primary,Kuching,P.196 Stampin,N.14 Batu Kawah
676,PPD PADAWAN,SJKC,YCC1308,SEKOLAH JENIS KEBANGSAAN (CINA) CHUNG HUA SEJIJAK,"D/A PEJABAT PENDIDIKAN DAERAH PADAWAN, LORONG 17, OFF JALAN KAPOR, SUNGAI MAONG HILIR",93150,KUCHING,82370397,82370401,YCC1308@moe.edu.my,Bandar,SBK,91,12,110.279233,1.54575,Primary,Kuching,P.194 Petra Jaya,N.06 Tupong
677,PPD PADAWAN,SJKC,YCC1313,SEKOLAH JENIS KEBANGSAAN (CINA) CHUNG HUA SG MOYAN,"LORONG PEI YUAN , JALAN BATU KAWA MATANG",93250,KUCHING,82685870,82685870,YCC1313@moe.edu.my,Luar Bandar,SBK,222,17,110.249883,1.506283,Primary,Kuching,P.196 Stampin,N.14 Batu Kawah
678,PPD PADAWAN,SJKC,YCC1330,SEKOLAH JENIS KEBANGSAAN (CINA) CHUNG HUA SG TAPANG BT KAWA,"D/A PEJABAT PENDIDIKAN DAERAH PADAWAN, LORONG 17, OFF JALAN KAPOR, SUNGAI MAONG HILIR",93250,KUCHING,168833192,TIADA,YCC1330@moe.edu.my,Luar Bandar,SBK,35,10,110.3703648,1.4802987,Primary,Kuching,P.196 Stampin,N.12 Kota Sentosa
679,PPD PADAWAN,SJKC,YCC1302,SEKOLAH JENIS KEBANGSAAN (CINA) CHUNG HUA SG TENGAH,"D/A PEJABAT PENDIDIKAN DAERAH PADAWAN, LORONG 17, OFF JALAN KAPOR, SUNGAI MAONG HILIR",93150,KUCHING,82641206,82642517,YCC1302@moe.edu.my,Bandar,SBK,414,28,110.257217,1.5536,Primary,Kuching,P.194 Petra Jaya,N.06 Tupong
680,PPD PADAWAN,SJKC,YCC1315,SEKOLAH JENIS KEBANGSAAN (CINA) CHUNG HUA SG. LUBAK,"D/A PEJABAT PENDIDIKAN DAERAH PADAWAN, LORONG 17, OFF JALAN KAPOR, SUNGAI MAONG HILIR",93150,KUCHING,82572720,82457492,YCC1315@moe.edu.my,Bandar,SBK,362,27,110.3197,1.4898,Primary,Kuching,P.196 Stampin,N.13 Batu Kitang
681,PPD PADAWAN,SJKC,YCC1305,SEKOLAH JENIS KEBANGSAAN (CINA) CHUNG HUA SG.TAPANG,"MJC BATU KAWAH NEW TOWNSHIP, JALAN BATU KAWA",93250,KUCHING,82381680,TIADA,YCC1305@moe.edu.my,Bandar,SBK,640,37,110.304722,1.516863,Primary,Kuching,P.196 Stampin,N.14 Batu Kawah
682,PPD PADAWAN,SJKC,YCC1334,SEKOLAH JENIS KEBANGSAAN (CINA) CHUNG HUA SIBURAN,"D/A PEJABAT PENDIDIKAN DAERAH PADAWAN, LORONG 17, OFF JALAN KAPOR, SUNGAI MAONG HILIR",93150,KUCHING,82863357,82863357,YCC1334@moe.edu.my,Bandar,SBK,879,46,110.398114,1.366928,Primary,Kuching,P.198 Puncak Borneo,N.19 Mambong
683,PPD PADAWAN,SJKC,YCC1319,SEKOLAH JENIS KEBANGSAAN (CINA) CHUNG HUA STAMPIN,"D/A PEJABAT PENDIDIKAN DAERAH PADAWAN, LORONG 17, OFF JALAN KAPOR, SUNGAI MAONG HILIR",93150,KUCHING,82614988,82614988,YCC1319@moe.edu.my,Bandar,SBK,163,15,110.3533333,1.477166667,Primary,Kuching,P.196 Stampin,N.12 Kota Sentosa
684,PPD PADAWAN,SJKC,YCC1316,SEKOLAH JENIS KEBANGSAAN (CINA) CHUNG HUA STAPOK,"D/A PEJABAT PENDIDIKAN DAERAH PADAWAN, LORONG 17, OFF JALAN KAPOR, SUNGAI MAONG HILIR",93250,KUCHING,82681145,82681145,YCC1316@moe.edu.my,Bandar,SBK,308,25,110.2894,1.50995,Primary,Kuching,P.196 Stampin,N.14 Batu Kawah
685,PPD PADAWAN,SJKC,YCC1329,SEKOLAH JENIS KEBANGSAAN (CINA) CHUNG HUA SYN-SAN-TU,"D/A PEJABAT PENDIDIKAN DAERAH PADAWAN, LORONG 17, OFF JALAN KAPOR, SUNGAI MAONG HILIR",93150,KUCHING,TIADA,82375727,YCC1329@moe.edu.my,Luar Bandar,SBK,156,14,110.2382,1.526983,Primary,Kuching,P.196 Stampin,N.14 Batu Kawah
686,PPD PADAWAN,SJKC,YCC1306,SEKOLAH JENIS KEBANGSAAN (CINA) SAM HAP HIN,"D/A PEJABAT PENDIDIKAN DAERAH PADAWAN, LORONG 17, OFF JALAN KAPOR, SUNGAI MAONG HILIR",93150,KUCHING,82612341,82619206,YCC1306@moe.edu.my,Bandar,SBK,1105,60,110.3303,1.471667,Primary,Kuching,P.196 Stampin,N.12 Kota Sentosa
687,PPD PADAWAN,SJKC,YBC1303,SEKOLAH JENIS KEBANGSAAN (CINA) SG TENGAH,"D/A PEJABAT PENDIDIKAN DAERAH PADAWAN, LORONG 17, OFF JALAN KAPOR, SUNGAI MAONG HILIR",93150,KUCHING,82640185,82640108,YBC1303@moe.edu.my,Luar Bandar,SK,127,15,110.337056,1.490754,Primary,Kuching,P.196 Stampin,N.12 Kota Sentosa
688,PPD PADAWAN,SJKC,YBC1305,SEKOLAH JENIS KEBANGSAAN (CINA) TAPAH,"D/A PEJABAT PENDIDIKAN DAERAH PADAWAN, LORONG 17, OFF JALAN KAPOR, SUNGAI MAONG HILIR",93150,KUCHING,82867415,82867415,YBC1305@moe.edu.my,Luar Bandar,SK,344,29,110.412415,1.296596,Primary,Kuching,P.198 Puncak Borneo,N.20 Tarat
689,PPD PADAWAN,SK,YBA1304,SEKOLAH KEBANGSAAN BATU KITANG,"D/A PEJABAT PENDIDIKAN DAERAH PADAWAN, LORONG 17, OFF JALAN KAPOR, SUNGAI MAONG HILIR",93150,KUCHING,TIADA,TIADA,YBA1304@moe.edu.my,Bandar,SK,186,24,110.283167,1.447433,Primary,Kuching,P.196 Stampin,N.13 Batu Kitang
690,PPD PADAWAN,SK,YBB1305,SEKOLAH KEBANGSAAN BENGOH,"D/A PEJABAT PENDIDIKAN DAERAH PADAWAN, LORONG 17, OFF JALAN KAPOR, SUNGAI MAONG HILIR",93150,KUCHING,TIADA,TIADA,YBB1305@moe.edu.my,Luar Bandar,SK,88,14,110.257646,1.249145,Primary,Kuching,P.198 Puncak Borneo,N.19 Mambong
691,PPD PADAWAN,SK,YBA1302,SEKOLAH KEBANGSAAN BERADEK,"D/A PEJABAT PENDIDIKAN DAERAH PADAWAN, LORONG 17, OFF JALAN KAPOR, SUNGAI MAONG HILIR",93150,KUCHING,TIADA,TIADA,YBA1302@moe.edu.my,Luar Bandar,SK,190,19,110.498059,1.60981,Primary,Kuching,P.193 Santubong,N.05 Demak Laut
692,PPD PADAWAN,SK,YBE1341,SEKOLAH KEBANGSAAN BINYU,"D/A PEJABAT PENDIDIKAN DAERAH PADAWAN, LORONG 17, OFF JALAN KAPOR, SUNGAI MAONG HILIR",93150,KUCHING,TIADA,TIADA,YBE1341@moe.edu.my,Luar Bandar,SK,70,12,110.423396,1.502961,Primary,Kuching,P.197 Kota Samarahan,N.17 Stakan
693,PPD PADAWAN,SK,YCB1301,SEKOLAH KEBANGSAAN EMPEROH JAMBU,"D/A PEJABAT PENDIDIKAN DAERAH PADAWAN, LORONG 17, OFF JALAN KAPOR, SUNGAI MAONG HILIR",93150,KUCHING,,,YCB1301@moe.edu.my,Luar Bandar,SBK,51,12,110.319463,1.264288,Primary,Kuching,P.198 Puncak Borneo,N.19 Mambong
694,PPD PADAWAN,SK,YCB1335,SEKOLAH KEBANGSAAN GARLAND,"D/A PEJABAT PENDIDIKAN DAERAH PADAWAN, LORONG 17, OFF JALAN KAPOR, SUNGAI MAONG HILIR",93150,KUCHING,82685244,82688657,YCB1335@moe.edu.my,Bandar,SBK,420,31,110.3202167,1.5149,Primary,Kuching,P.196 Stampin,N.13 Batu Kitang
695,PPD PADAWAN,SK,YCB1319,SEKOLAH KEBANGSAAN GEORGE,"D/A PEJABAT PENDIDIKAN DAERAH PADAWAN, LORONG 17, OFF JALAN KAPOR, SUNGAI MAONG HILIR",93150,KUCHING,TIADA,TIADA,YCB1319@moe.edu.my,Luar Bandar,SBK,336,30,110.312262,1.3534908,Primary,Kuching,P.198 Puncak Borneo,N.19 Mambong
696,PPD PADAWAN,SK,YBA1208,SEKOLAH KEBANGSAAN JALAN ARANG,"LOT 4542, BLOK 225, JALAN KHONG PING",93250,KUCHING,82451930,82451930,YBA1208@moe.edu.my,Bandar,SK,679,61,110.3135,1.495833,Primary,Kuching,P.196 Stampin,N.13 Batu Kitang
697,PPD PADAWAN,SK,YBE1342,SEKOLAH KEBANGSAAN JALAN HAJI BAKI,"D/A PEJABAT PENDIDIKAN DAERAH PADAWAN, LORONG 17, OFF JALAN KAPOR, SUNGAI MAONG HILIR",93150,KUCHING,82612450,82612450,YBE1342@moe.edu.my,Bandar,SK,325,30,110.322717,1.47425,Primary,Kuching,P.196 Stampin,N.12 Kota Sentosa
698,PPD PADAWAN,SK,YBB1318,SEKOLAH KEBANGSAAN KAMBUG,"D/A PEJABAT PENDIDIKAN DAERAH PADAWAN, LORONG 17, OFF JALAN KAPOR, SUNGAI MAONG HILIR",93150,KUCHING,TIADA,TIADA,YBB1318@moe.edu.my,Luar Bandar,SK,133,17,110.231441,1.184116,Primary,Kuching,P.198 Puncak Borneo,N.19 Mambong
699,PPD PADAWAN,SK,YCB1311,SEKOLAH KEBANGSAAN KG GAYU,"D/A PEJABAT PENDIDIKAN DAERAH PADAWAN, LORONG 17, OFF JALAN KAPOR, SUNGAI MAONG HILIR",93150,KUCHING,TIADA,TIADA,YCB1311@moe.edu.my,Luar Bandar,SBK,130,16,110.346668,1.217243,Primary,Kuching,P.198 Puncak Borneo,N.20 Tarat
700,PPD PADAWAN,SK,YBE1308,SEKOLAH KEBANGSAAN LANDEH,"KAMPUNG LANDEH, JALAN LANDEH, KOTA PADAWAN",93250,KUCHING,82656108,82656109,YBE1308@moe.edu.my,Luar Bandar,SK,343,28,110.32449,1.421747,Primary,Kuching,P.196 Stampin,N.13 Batu Kitang
701,PPD PADAWAN,SK,YBA1311,SEKOLAH KEBANGSAAN MATANG,"D/A PEJABAT PENDIDIKAN DAERAH PADAWAN, LORONG 17, OFF JALAN KAPOR, SUNGAI MAONG HILIR",93150,KUCHING,TIADA,TIADA,YBA1311@moe.edu.my,Bandar,SK,654,45,110.237133,1.582233,Primary,Kuching,P.194 Petra Jaya,N.06 Tupong
702,PPD PADAWAN,SK,YBA1206,SEKOLAH KEBANGSAAN MATANG JAYA,"KM 6, JALAN MATANG",93050,KUCHING,82648035,82647630,YBA1206@moe.edu.my,Bandar,SK,1119,70,110.2977833,1.57845,Primary,Kuching,P.194 Petra Jaya,N.06 Tupong
703,PPD PADAWAN,SK,YBB1319,SEKOLAH KEBANGSAAN PANGKALAN AMPAT,"D/A PEJABAT PENDIDIKAN DAERAH PADAWAN, LORONG 17, OFF JALAN KAPOR, SUNGAI MAONG HILIR",93150,KUCHING,TIADA,TIADA,YBB1319@moe.edu.my,Luar Bandar,SK,81,14,110.255388,1.190622,Primary,Kuching,P.198 Puncak Borneo,N.19 Mambong
704,PPD PADAWAN,SK,YCB1306,SEKOLAH KEBANGSAAN PANGKALAN KUUD,"D/A PEJABAT PENDIDIKAN DAERAH PADAWAN, LORONG 17, OFF JALAN KAPOR, SUNGAI MAONG HILIRÂ ",93150,KUCHING,TIADA,TIADA,YCB1306@moe.edu.my,Luar Bandar,SBK,73,13,110.383233,1.223466,Primary,Kuching,P.198 Puncak Borneo,N.20 Tarat
705,PPD PADAWAN,SK,YBB1317,SEKOLAH KEBANGSAAN PATUNG,"D/A PEJABAT PENDIDIKAN DAERAH PADAWAN, LORONG 17, OFF JALAN KAPOR, SUNGAI MAONG HILIR",93150,KUCHING,TIADA,TIADA,YBB1317@moe.edu.my,Luar Bandar,SK,127,17,110.390522,1.31795,Primary,Kuching,P.198 Puncak Borneo,N.20 Tarat
706,PPD PADAWAN,SK,YBA1308,SEKOLAH KEBANGSAAN PAYA MEBI,"D/A PEJABAT PENDIDIKAN DAERAH PADAWAN, LORONG 17, OFF JALAN KAPOR, SUNGAI MAONG HILIR",93150,KUCHING,TIADA,TIADA,YBA1308@moe.edu.my,Luar Bandar,SK,242,22,110.29408,1.411338,Primary,Kuching,P.196 Stampin,N.13 Batu Kitang
707,PPD PADAWAN,SK,YBB1314,SEKOLAH KEBANGSAAN PELAMAN SIDUNUK,"D/A PEJABAT PENDIDIKAN DAERAH PADAWAN, LORONG 17, OFF JALAN KAPOR, SUNGAI MAONG HILIR",93150,KUCHING,TIADA,TIADA,YBB1314@moe.edu.my,Luar Bandar,SK,38,14,110.345249,1.135948,Primary,Tebedu,P.198 Puncak Borneo,N.20 Tarat
708,PPD PADAWAN,SK,YBB1304,SEKOLAH KEBANGSAAN PELAMAN SIGANDAR,"KM 58, JALAN PUNCAK BORNEO, PADAWAN",93150,KUCHING,TIADA,TIADA,YBB1304@moe.edu.my,Luar Bandar,SK,87,18,110.306643,1.23365,Primary,Kuching,P.198 Puncak Borneo,N.19 Mambong
709,PPD PADAWAN,SK,YCB1309,SEKOLAH KEBANGSAAN PESANG BEGU,"D/A PEJABAT PENDIDIKAN DAERAH PADAWAN, LORONG 17, OFF JALAN KAPOR, SUNGAI MAONG HILIR",93150,KUCHING,TIADA,TIADA,YCB1309@moe.edu.my,Luar Bandar,SBK,97,13,110.352505,1.198259,Primary,Kuching,P.198 Puncak Borneo,N.20 Tarat
710,PPD PADAWAN,SK,YBA1352,SEKOLAH KEBANGSAAN PETRA JAYA,"D/A PEJABAT PENDIDIKAN DAERAH PADAWAN, LORONG 17, OFF JALAN KAPOR, SUNGAI MAONG HILIR",93150,KUCHING,82645418,82645428,YBA1352@moe.edu.my,Bandar,SK,736,60,110.3062333,1.5787,Primary,Kuching,P.194 Petra Jaya,N.06 Tupong
711,PPD PADAWAN,SK,YBB1306,SEKOLAH KEBANGSAAN PURUH KARU,"D/A PEJABAT PENDIDIKAN DAERAH PADAWAN, LORONG 17, OFF JALAN KAPOR, SUNGAI MAONG HILIRÂ ",93150,KUCHING,TIADA,TIADA,YBB1306@moe.edu.my,Luar Bandar,SK,115,12,110.28052,1.284756,Primary,Kuching,P.198 Puncak Borneo,N.19 Mambong
712,PPD PADAWAN,SK,YBA1346,SEKOLAH KEBANGSAAN RANTAU PANJANG,"D/A PEJABAT PENDIDIKAN DAERAH PADAWAN, LORONG 17, OFF JALAN KAPOR, SUNGAI MAONG HILIR",93150,KUCHING,82380885,TIADA,YBA1346@moe.edu.my,Luar Bandar,SK,190,18,110.270967,1.501083,Primary,Kuching,P.196 Stampin,N.14 Batu Kawah
713,PPD PADAWAN,SK,YBA1207,SEKOLAH KEBANGSAAN RPR BATU KAWA,"D/A PEJABAT PENDIDIKAN DAERAH PADAWAN, LORONG 17, OFF JALAN KAPOR, SUNGAI MAONG HILIR",93150,KUCHING,82687161,82687161,YBA1207@moe.edu.my,Bandar,SK,387,35,110.3191167,1.5232,Primary,Kuching,P.196 Stampin,N.14 Batu Kawah
714,PPD PADAWAN,SK,YCB1305,SEKOLAH KEBANGSAAN SACRED HEART,"D/A PEJABAT PENDIDIKAN DAERAH PADAWAN, LORONG 17, OFF JALAN KAPOR, SUNGAI MAONG HILIR",93150,KUCHING,TIADA,TIADA,YCB1305@moe.edu.my,Luar Bandar,SBK,198,17,110.297917,1.475167,Primary,Kuching,P.196 Stampin,N.13 Batu Kitang
715,PPD PADAWAN,SK,YBB1322,SEKOLAH KEBANGSAAN SEJIJAK,D/A PEJABAT PENDIDIKAN DAERAH PADAWANÂ Â LORONG 17Â Â OFF JALAN KAPORÂ Â SUNGAI MAONG HILIR,93150,KUCHING,82370410,TIADA,YBB1322@moe.edu.my,Bandar,SK,200,19,110.28545,1.543083333,Primary,Kuching,P.194 Petra Jaya,N.06 Tupong
716,PPD PADAWAN,SK,YBA1326,SEKOLAH KEBANGSAAN SEMENGGOK,KM 20 JALAN KUCHING SERIAN,93250,KUCHING,82614178,82626801,YBA1326@moe.edu.my,Bandar,SK,847,72,110.344005,1.393807,Primary,Kuching,P.197 Kota Samarahan,N.17 Stakan
717,PPD PADAWAN,SK,YBA1341,SEKOLAH KEBANGSAAN SG AUR,"D/A PEJABAT PENDIDIKAN DAERAH PADAWAN, LORONG 17, OFF JALAN KAPOR, SUNGAI MAONG HILIR",93150,KUCHING,TIADA,TIADA,YBA1341@moe.edu.my,Luar Bandar,SK,6,7,110.2491833,1.675883333,Primary,Kuching,P.193 Santubong,N.04 Pantai Damai
718,PPD PADAWAN,SK,YBA1205,SEKOLAH KEBANGSAAN SG. MAONG HILIR KUCHING,"D/A PEJABAT PENDIDIKAN DAERAH PADAWAN, LORONG 17, OFF JALAN KAPOR, SUNGAI MAONG HILIR",93150,KUCHING,82414689,82414689,YBA1205@moe.edu.my,Bandar,SK,149,19,110.316758,1.536463,Primary,Kuching,P.195 Bandar Kuching,N.11 Batu Lintang
719,PPD PADAWAN,SK,YBB1315,SEKOLAH KEBANGSAAN SIBU LAUT,"D/A PEJABAT PENDIDIKAN DAERAH PADAWAN, LORONG 17, OFF JALAN KAPOR, SUNGAI MAONG HILIR",93150,KUCHING,TIADA,TIADA,YBB1315@moe.edu.my,Luar Bandar,SK,30,11,110.219083,1.698983,Primary,Kuching,P.193 Santubong,N.04 Pantai Damai
720,PPD PADAWAN,SK,YBB1310,SEKOLAH KEBANGSAAN SIBURAN BATU,"D/A PEJABAT PENDIDIKAN DAERAH PADAWAN, LORONG 17, OFF JALAN KAPOR, SUNGAI MAONG HILIR",93510,KUCHING,82864742,82864476,YBB1310@moe.edu.my,Luar Bandar,SK,651,45,110.320169,1.359656,Primary,Kuching,P.198 Puncak Borneo,N.19 Mambong
721,PPD PADAWAN,SK,YCB1308,SEKOLAH KEBANGSAAN SIRA/KRIAN,"D/A PEJABAT PENDIDIKAN DAERAH PADAWAN, LORONG 17, OFF JALAN KAPOR, SUNGAI MAONG HILIR",93150,KUCHING,TIADA,TIADA,YCB1308@moe.edu.my,Luar Bandar,SBK,91,15,110.39348,1.196897,Primary,Kuching,P.198 Puncak Borneo,N.20 Tarat
722,PPD PADAWAN,SK,YBB1316,SEKOLAH KEBANGSAAN SITANG PETAG,"D/A PEJABAT PENDIDIKAN DAERAH PADAWAN, LORONG 17, OFF JALAN KAPOR, SUNGAI MAONG HILIR",93150,KUCHING,TIADA,TIADA,YBB1316@moe.edu.my,Luar Bandar,SK,124,18,110.34,1.32,Primary,Kuching,P.198 Puncak Borneo,N.20 Tarat
723,PPD PADAWAN,SK,YCB1312,SEKOLAH KEBANGSAAN ST ALBAN,"D/A PEJABAT PENDIDIKAN DAERAH PADAWAN, LORONG 17, OFF JALAN KAPOR, SUNGAI MAONG HILIR",93150,KUCHING,82617917,82617917,YCB1312@moe.edu.my,Luar Bandar,SBK,128,13,110.3703833,1.48095,Primary,Kuching,P.196 Stampin,N.12 Kota Sentosa
724,PPD PADAWAN,SK,YCB1322,SEKOLAH KEBANGSAAN ST ALBAN DURAS,"D/A PEJABAT PENDIDIKAN DAERAH PADAWAN, LORONG 17, OFF JALAN KAPOR, SUNGAI MAONG HILIR",93150,KUCHING,82895207,TIADA,YCB1322@moe.edu.my,Luar Bandar,SBK,75,11,110.384563,1.358516,Primary,Kuching,P.198 Puncak Borneo,N.19 Mambong
725,PPD PADAWAN,SK,YCB1318,SEKOLAH KEBANGSAAN ST AUGUSTINE,"D/A PEJABAT PENDIDIKAN DAERAH PADAWAN, LORONG 17, OFF JALAN KAPOR, SUNGAI MAONG HILIR",93150,KUCHING,TIADA,TIADA,YCB1318@moe.edu.my,Luar Bandar,SBK,285,21,110.346726,1.352062,Primary,Kuching,P.198 Puncak Borneo,N.19 Mambong
726,PPD PADAWAN,SK,YCB1331,SEKOLAH KEBANGSAAN ST BERNARD,"D/A PEJABAT PENDIDIKAN DAERAH PADAWAN, LORONG 17, OFF JALAN KAPOR, SUNGAI MAONG HILIR",93150,KUCHING,TIADA,TIADA,YCB1331@moe.edu.my,Luar Bandar,SBK,120,16,110.281,1.098202,Primary,Kuching,P.198 Puncak Borneo,N.19 Mambong
727,PPD PADAWAN,SK,YCB1330,SEKOLAH KEBANGSAAN ST DAVID,"D/A PEJABAT PENDIDIKAN DAERAH PADAWAN, LORONG 17, OFF JALAN KAPOR, SUNGAI MAONG HILIR",93510,KUCHING,82613045,82613045,YCB1330@moe.edu.my,Bandar,SBK,255,20,110.296483,1.455567,Primary,Kuching,P.196 Stampin,N.13 Batu Kitang
728,PPD PADAWAN,SK,YCB1328,SEKOLAH KEBANGSAAN ST DUNSTAN,"D/A PEJABAT PENDIDIKAN DAERAH PADAWAN, LORONG 17, OFF JALAN KAPOR, SUNGAI MAONG HILIR",93150,KUCHING,TIADA,TIADA,YCB1328@moe.edu.my,Luar Bandar,SBK,69,11,110.4138816,1.2646609,Primary,Kuching,P.198 Puncak Borneo,N.20 Tarat
729,PPD PADAWAN,SK,YCB1332,SEKOLAH KEBANGSAAN ST EDWARD BELIMBING,"D/A PEJABAT PENDIDIKAN DAERAH PADAWAN, LORONG 17, OFF JALAN KAPOR, SUNGAI MAONG HILIR",93150,KUCHING,TIADA,TIADA,YCB1332@moe.edu.my,Luar Bandar,SBK,60,14,110.304444,1.180323,Primary,Tebedu,P.198 Puncak Borneo,N.20 Tarat
730,PPD PADAWAN,SK,YCB1303,SEKOLAH KEBANGSAAN ST ELIZABETH,"D/A PEJABAT PENDIDIKAN DAERAH PADAWAN, LORONG 17, OFF JALAN KAPOR, SUNGAI MAONG HILIR",93150,KUCHING,82863239,82863239,YCB1303@moe.edu.my,Luar Bandar,SBK,375,27,110.396475,1.341731,Primary,Kuching,P.198 Puncak Borneo,N.19 Mambong
731,PPD PADAWAN,SK,YCB1302,SEKOLAH KEBANGSAAN ST FRANCIS XAVIER SERATAU,"KPG SERATAU, KM 24, JLN. KUCHING/SERIAN",93250,KUCHING,82370304,TIADA,YCB1302@moe.edu.my,Luar Bandar,SBK,265,20,110.375161,1.380822,Primary,Kuching,P.198 Puncak Borneo,N.19 Mambong
732,PPD PADAWAN,SK,YCB1333,SEKOLAH KEBANGSAAN ST GILE,"D/A PEJABAT PENDIDIKAN DAERAH PADAWAN, LORONG 17, OFF JALAN KAPOR, SUNGAI MAONG HILIR",93150,KUCHING,TIADA,TIADA,YCB1333@moe.edu.my,Luar Bandar,SBK,83,13,110.267302,1.355843,Primary,Kuching,P.198 Puncak Borneo,N.19 Mambong
733,PPD PADAWAN,SK,YCB1329,SEKOLAH KEBANGSAAN ST GREGORY,"D/A PEJABAT PENDIDIKAN DAERAH PADAWAN, LORONG 17, OFF JALAN KAPOR, SUNGAI MAONG HILIR",93150,KUCHING,TIADA,TIADA,YCB1329@moe.edu.my,Luar Bandar,SBK,66,12,110.267807,1.315411,Primary,Kuching,P.198 Puncak Borneo,N.19 Mambong
734,PPD PADAWAN,SK,YCB1321,SEKOLAH KEBANGSAAN ST JAMES QUOP,"D/A PEJABAT PENDIDIKAN DAERAH PADAWAN, LORONG 17, OFF JALAN KAPOR, SUNGAI MAONG HILIR",93150,KUCHING,82616315,82616315,YCB1321@moe.edu.my,Luar Bandar,SBK,178,16,110.364752,1.407197,Primary,Kuching,P.197 Kota Samarahan,N.17 Stakan
735,PPD PADAWAN,SK,YCB1327,SEKOLAH KEBANGSAAN ST JAMES RAYANG,"D/A PEJABAT PENDIDIKAN DAERAH PADAWAN, LORONG 17, OFF JALAN KAPOR, SUNGAI MAONG HILIR",93150,KUCHING,TIADA,TIADA,YCB1327@moe.edu.my,Luar Bandar,SBK,46,13,110.333687,1.113605,Primary,Tebedu,P.198 Puncak Borneo,N.20 Tarat
736,PPD PADAWAN,SK,YCB1320,SEKOLAH KEBANGSAAN ST MATTHEW,"D/A PEJABAT PENDIDIKAN DAERAH PADAWAN, LORONG 17, OFF JALAN KAPOR, SUNGAI MAONG HILIR",93150,KUCHING,TIADA,TIADA,YCB1320@moe.edu.my,Luar Bandar,SBK,110,13,110.404559,1.290052,Primary,Kuching,P.198 Puncak Borneo,N.20 Tarat
737,PPD PADAWAN,SK,YCB1324,SEKOLAH KEBANGSAAN ST PATRICK,"D/A PEJABAT PENDIDIKAN DAERAH PADAWAN, LORONG 17, OFF JALAN KAPOR, SUNGAI MAONG HILIR",93150,KUCHING,TIADA,TIADA,YCB1324@moe.edu.my,Luar Bandar,SBK,101,13,110.273149,1.29489,Primary,Kuching,P.198 Puncak Borneo,N.19 Mambong
738,PPD PADAWAN,SK,YCB1325,SEKOLAH KEBANGSAAN ST PAUL,"D/A PEJABAT PENDIDIKAN DAERAH PADAWAN, LORONG 17, OFF JALAN KAPOR, SUNGAI MAONG HILIR",93150,KUCHING,TIADA,TIADA,YCB1325@moe.edu.my,Luar Bandar,SBK,117,15,110.2911929,1.3157707,Primary,Kuching,P.198 Puncak Borneo,N.19 Mambong
739,PPD PADAWAN,SK,YCB1304,SEKOLAH KEBANGSAAN ST PETER,"D/A PEJABAT PENDIDIKAN DAERAH PADAWAN, LORONG 17, OFF JALAN KAPOR, SUNGAI MAONG HILIR",93150,KUCHING,TIADA,TIADA,YCB1304@moe.edu.my,Luar Bandar,SBK,265,27,110.3625418,1.2739093,Primary,Kuching,P.198 Puncak Borneo,N.20 Tarat
740,PPD PADAWAN,SK,YCB1317,SEKOLAH KEBANGSAAN ST PHILIP,"D/A PEJABAT PENDIDIKAN DAERAH PADAWAN, LORONG 17, OFF JALAN KAPOR, SUNGAI MAONG HILIR",93150,KUCHING,TIADA,TIADA,YCB1317@moe.edu.my,Luar Bandar,SBK,26,10,110.258386,1.162758,Primary,Kuching,P.198 Puncak Borneo,N.19 Mambong
741,PPD PADAWAN,SK,YCB1334,SEKOLAH KEBANGSAAN ST SWITHUN,"D/A PEJABAT PENDIDIKAN DAERAH PADAWAN, LORONG 17, OFF JALAN KAPOR, SUNGAI MAONG HILIR",93150,KUCHING,TIADA,TIADA,YCB1334@moe.edu.my,Luar Bandar,SBK,88,11,110.431434,1.24588,Primary,Kuching,P.198 Puncak Borneo,N.20 Tarat
742,PPD PADAWAN,SK,YBE1321,SEKOLAH KEBANGSAAN STAPOK,"D/A PEJABAT PENDIDIKAN DAERAH PADAWAN, LORONG 17, OFF JALAN KAPOR, SUNGAI MAONG HILIR",93150,KUCHING,82681233,82682589,YBE1321@moe.edu.my,Bandar,SK,658,48,110.289483,1.51285,Primary,Kuching,P.196 Stampin,N.14 Batu Kawah
743,PPD PADAWAN,SK,YCB1307,SEKOLAH KEBANGSAAN SUBANG,"D/A PEJABAT PENDIDIKAN DAERAH PADAWAN, LORONG 17, OFF JALAN KAPOR, SUNGAI MAONG HILIR",93150,KUCHING,168518775,TIADA,YCB1307@moe.edu.my,Luar Bandar,SBK,67,12,110.379944,1.177501,Primary,Kuching,P.198 Puncak Borneo,N.20 Tarat
744,PPD PADAWAN,SK,YBB1320,SEKOLAH KEBANGSAAN TABA SAIT,"OFF JLN. BORNEO HEIGHTS, ULU SUNGAI BENGOH",93250,KUCHING,TIADA,TIADA,YBB1320@moe.edu.my,Luar Bandar,SK,67,12,110.252218,1.3188888,Primary,Kuching,P.198 Puncak Borneo,N.19 Mambong
745,PPD PADAWAN,SK,YBA1347,SEKOLAH KEBANGSAAN TAN SRI DATUK HAJI MOHAMED,"TAMAN MALIHAH, JALAN BELATOK, MATANG",93050,KUCHING,82641069,82641069,YBA1347@moe.edu.my,Bandar,SK,935,63,110.248367,1.5534,Primary,Kuching,P.196 Stampin,N.14 Batu Kawah
746,PPD PADAWAN,SK,YBA1348,SEKOLAH KEBANGSAAN TELAGA AIR,"D/A PEJABAT PENDIDIKAN DAERAH PADAWAN, LORONG 17, OFF JALAN KAPOR, SUNGAI MAONG HILIRÂ ",93150,KUCHING,82380832,TIADA,YBA1348@moe.edu.my,Luar Bandar,SK,247,27,110.20875,1.672516667,Primary,Kuching,P.193 Santubong,N.04 Pantai Damai
747,PPD PADAWAN,SK,YBA1333,SEKOLAH KEBANGSAAN TEMENGGONG,"D/A PEJABAT PENDIDIKAN DAERAH PADAWAN, LORONG 17, OFF JALAN KAPOR, SUNGAI MAONG HILIR",93150,KUCHING,82380190,TIADA,YBA1333@moe.edu.my,Luar Bandar,SK,425,36,110.207617,1.6325,Primary,Kuching,P.193 Santubong,N.04 Pantai Damai
748,PPD PADAWAN,SK,YBA1334,SEKOLAH KEBANGSAAN TG BAKO,"D/A PEJABAT PENDIDIKAN DAERAH PADAWAN, LORONG 17, OFF JALAN KAPOR, SUNGAI MAONG HILIR",93150,KUCHING,TIADA,TIADA,YBA1334@moe.edu.my,Luar Bandar,SK,156,17,110.429032,1.575883,Primary,Kuching,P.193 Santubong,N.05 Demak Laut
749,PPD SAMARAHAN,SJKC,YCC8103,SEKOLAH JENIS KEBANGSAAN (CINA) CHUNG HUA ASAJAYA,"D/A PEJABAT PENDIDIKAN DAERAH SAMARAHAN, JALAN DATO MOHD MUSA",94300,KOTA SAMARAHAN,82828351,82828351,YCC8103@moe.edu.my,Luar Bandar,SBK,85,13,110.615563,1.543111,Primary,Asajaya,P.197 Kota Samarahan,N.15 Asajaya
750,PPD SAMARAHAN,SJKC,YCC1323,SEKOLAH JENIS KEBANGSAAN (CINA) CHUNG HUA BELIONG,"D/A PEJABAT PENDIDIKAN DAERAH SAMARAHAN, JALAN DATO MOHD MUSA",94300,KOTA SAMARAHAN,82377409,TIADA,YCC1323@moe.edu.my,Luar Bandar,SBK,27,11,110.48925,1.576971,Primary,Asajaya,P.193 Santubong,N.05 Demak Laut
751,PPD SAMARAHAN,SJKC,YCC8304,SEKOLAH JENIS KEBANGSAAN (CINA) CHUNG HUA JEMUKAN,"D/A PEJABAT PENDIDIKAN DAERAH SAMARAHAN, JALAN DATO MOHD MUSA",94300,KOTA SAMARAHAN,82826604,TIADA,YCC8304@moe.edu.my,Luar Bandar,SBK,51,13,110.685424,1.533357,Primary,Asajaya,P.200 Batang Sadong,N.24 Sadong Jaya
752,PPD SAMARAHAN,SJKC,YCC8104,SEKOLAH JENIS KEBANGSAAN (CINA) CHUNG HUA SAMBIR,"LOT 167, BLOCK 18, MTLD, JLNÂ Â ASAJAYA/SADONG JAYA",94600,ASAJAYA,82826210,TIADA,YCC8104@moe.edu.my,Luar Bandar,SBK,78,13,110.551085,1.574087,Primary,Asajaya,P.197 Kota Samarahan,N.15 Asajaya
753,PPD SAMARAHAN,SJKC,YCC8302,SEKOLAH JENIS KEBANGSAAN (CINA) CHUNG HUA SEMERA,"D/A PEJABAT PENDIDIKAN DAERAH SAMARAHAN, JALAN DATO MOHD MUSA",94300,KOTA SAMARAHAN,82826680,TIADA,YCC8302@moe.edu.my,Luar Bandar,SBK,47,13,110.674059,1.534061,Primary,Asajaya,P.200 Batang Sadong,N.24 Sadong Jaya
754,PPD SAMARAHAN,SJKC,YCC8101,SEKOLAH JENIS KEBANGSAAN (CINA) CHUNG HUA SG JERNANG,"D/A PEJABAT PENDIDIKAN DAERAH SAMARAHAN, JALAN DATO MOHD MUSA",94300,KOTA SAMARAHAN,82503463,82503414,YCC8101@moe.edu.my,Luar Bandar,SBK,541,27,110.41546,1.481474,Primary,Samarahan,P.197 Kota Samarahan,N.17 Stakan
755,PPD SAMARAHAN,SJKC,YCC8102,SEKOLAH JENIS KEBANGSAAN (CINA) CHUNG HUA TAMBIRAT,"D/A PEJABAT PENDIDIKAN DAERAH SAMARAHAN, JALAN DATO MOHD MUSA",94300,KOTA SAMARAHAN,82376411,TIADA,YCC8102@moe.edu.my,Luar Bandar,SBK,60,13,110.510733,1.544563,Primary,Asajaya,P.197 Kota Samarahan,N.15 Asajaya
756,PPD SAMARAHAN,SR SABK,YCA8101,SEKOLAH KEBANGSAAN (A) IBNU KHALDUN,"D/A PEJABAT PENDIDIKAN DAERAH SAMARAHAN, JALAN DATO MOHD MUSA",94300,KOTA SAMARAHAN,82895537,82895905,YCA8101@moe.edu.my,Luar Bandar,SBK,525,43,110.479937,1.479937,Primary,Samarahan,P.197 Kota Samarahan,N.16 Muara Tuang
757,PPD SAMARAHAN,SK,YBE8108,SEKOLAH KEBANGSAAN ASAJAYA LAUT,"D/A PEJABAT PENDIDIKAN DAERAH SAMARAHAN, JALAN DATO MOHD MUSA",94300,KOTA SAMARAHAN,82824014,82824015,YBE8108@moe.edu.my,Luar Bandar,SK,237,24,110.616279,1.565094,Primary,Asajaya,P.197 Kota Samarahan,N.15 Asajaya
758,PPD SAMARAHAN,SK,YBE8109,SEKOLAH KEBANGSAAN ASAJAYA ULU,"D/A PEJABAT PENDIDIKAN DAERAH SAMARAHAN, JALAN DATO MOHD MUSA",94300,KOTA SAMARAHAN,82828109,82828109,YBE8109@moe.edu.my,Luar Bandar,SK,217,27,110.610985,1.543939,Primary,Asajaya,P.197 Kota Samarahan,N.15 Asajaya
759,PPD SAMARAHAN,SK,YBE1327,SEKOLAH KEBANGSAAN BELIONG,"D/A PEJABAT PENDIDIKAN DAERAH SAMARAHAN, JALAN DATO MOHD. MUSA",94300,KOTA SAMARAHAN,82376414,TIADA,YBE1327@moe.edu.my,Luar Bandar,SK,63,13,110.4961332,1.571299,Primary,Asajaya,P.197 Kota Samarahan,N.15 Asajaya
760,PPD SAMARAHAN,SK,YBA8120,SEKOLAH KEBANGSAAN DATO MOHD MUSA,"D/A PEJABAT PENDIDIKAN DAERAH SAMARAHAN, JALAN DATO MOHD MUSA",94300,KOTA SAMARAHAN,82673903,82671691,YBA8120@moe.edu.my,Luar Bandar,SK,1048,74,110.474838,1.455155,Primary,Samarahan,P.197 Kota Samarahan,N.16 Muara Tuang
761,PPD SAMARAHAN,SK,YBA8107,SEKOLAH KEBANGSAAN DATO TRAOH MUARA TUANG,"D/A PEJABAT PENDIDIKAN DAERAH SAMARAHAN, JALAN DATO MOHD MUSA",94300,KOTA SAMARAHAN,82671140,82671140,YBA8107@moe.edu.my,Luar Bandar,SK,798,48,110.4985639,1.4586472,Primary,Samarahan,P.197 Kota Samarahan,N.16 Muara Tuang
762,PPD SAMARAHAN,SK,YBA8109,SEKOLAH KEBANGSAAN ENDAP,"D/A PEJABAT PENDIDIKAN DAERAH SAMARAHAN, JALAN DATO MOHD. MUSA",94300,KOTA SAMARAHAN,82895887,82895407,YBA8109@moe.edu.my,Luar Bandar,SK,233,24,110.442762,1.379788,Primary,Kuching,P.197 Kota Samarahan,N.16 Muara Tuang
763,PPD SAMARAHAN,SK,YBE8303,SEKOLAH KEBANGSAAN HAJI BUJANG RANGAWAN PUTIN,"D/A PEJABAT PENDIDIKAN DAERAH SAMARAHAN, JALAN DATO MOHD MUSA",94300,KOTA SAMARAHAN,82896502,TIADA,YBE8303@moe.edu.my,Luar Bandar,SK,228,30,110.73,1.48,Primary,Asajaya,P.200 Batang Sadong,N.25 Simunjan
764,PPD SAMARAHAN,SK,YBA8311,SEKOLAH KEBANGSAAN HAJI KELALI SEMERA,"D/A PEJABAT PENDIDIKAN DAERAH SAMARAHAN, JALAN DATO MOHD MUSA",94300,KOTA SAMARAHAN,82826420,TIADA,YBA8311@moe.edu.my,Luar Bandar,SK,419,47,110.669602,1.549093,Primary,Asajaya,P.200 Batang Sadong,N.24 Sadong Jaya
765,PPD SAMARAHAN,SK,YBA8304,SEKOLAH KEBANGSAAN IBOI/PELANDUK,"D/A PEJABAT PENDIDIKAN DAERAH SAMARAHAN, JALAN DATO MOHD MUSA",94300,KOTA SAMARAHAN,83468011,83468012,YBA8304@moe.edu.my,Luar Bandar,SK,233,21,110.7377672,1.5215134,Primary,Asajaya,P.200 Batang Sadong,N.24 Sadong Jaya
766,PPD SAMARAHAN,SK,YBE8305,SEKOLAH KEBANGSAAN JA'IE,"D/A PEJABAT PENDIDIKAN DAERAH SAMARAHAN, JALAN DATO MOHD MUSA",94300,KOTA SAMARAHAN,TIADA,TIADA,YBE8305@moe.edu.my,Luar Bandar,SK,159,19,110.729254,1.541961,Primary,Asajaya,P.200 Batang Sadong,N.24 Sadong Jaya
767,PPD SAMARAHAN,SK,YBB8105,SEKOLAH KEBANGSAAN JALAN MUARA TUANG,JALAN DATO MOHD MUSA,94300,KOTA SAMARAHAN,82616863,82616863,YBB8105@moe.edu.my,Luar Bandar,SK,1541,79,110.384751,1.445869,Primary,Samarahan,P.197 Kota Samarahan,N.17 Stakan
768,PPD SAMARAHAN,SK,YBA8302,SEKOLAH KEBANGSAAN JEMUKAN,"D/A PEJABAT PENDIDIKAN DAERAH SAMARAHAN, JALAN DATO MOHD MUSA",94300,KOTA SAMARAHAN,82827525,82827525,YBA8302@moe.edu.my,Luar Bandar,SK,174,20,110.691809,1.547018,Primary,Asajaya,P.200 Batang Sadong,N.24 Sadong Jaya
769,PPD SAMARAHAN,SK,YCB8110,SEKOLAH KEBANGSAAN KAMPUNG REMBUS,"D/A PEJABAT PENDIDIKAN DAERAH SAMARAHAN, JALAN DATO MOHD MUSA",94300,KOTA SAMARAHAN,82375425,TIADA,YCB8110@moe.edu.my,Luar Bandar,SK,118,16,110.486468,1.488568,Primary,Samarahan,P.197 Kota Samarahan,N.16 Muara Tuang
770,PPD SAMARAHAN,SK,YBA8108,SEKOLAH KEBANGSAAN KG BARU,"D/A PEJABAT PENDIDIKAN DAERAH SAMARAHAN, JALAN DATO MOHD MUSA",94300,KOTA SAMARAHAN,82375795,TIADA,YBA8108@moe.edu.my,Luar Bandar,SK,467,37,110.50508,1.49156,Primary,Samarahan,P.197 Kota Samarahan,N.15 Asajaya
771,PPD SAMARAHAN,SK,YBA8115,SEKOLAH KEBANGSAAN KG EMPILA,"D/A PEJABAT PENDIDIKAN DAERAH SAMARAHAN, JALAN DATO MOHD MUSA",94300,KOTA SAMARAHAN,82896422,TIADA,YBA8115@moe.edu.my,Luar Bandar,SK,284,29,110.504115,1.428793,Primary,Samarahan,P.197 Kota Samarahan,N.16 Muara Tuang
772,PPD SAMARAHAN,SK,YBA8112,SEKOLAH KEBANGSAAN KG MELAYU,"D/A PEJABAT PENDIDIKAN KOTA SAMARAHAN, JALAN DATO MOHD MUSA",94300,KOTA SAMARAHAN,82895970,TIADA,YBA8112@moe.edu.my,Luar Bandar,SK,199,21,110.526334,1.407251,Primary,Samarahan,P.197 Kota Samarahan,N.16 Muara Tuang
773,PPD SAMARAHAN,SK,YBA8117,SEKOLAH KEBANGSAAN KG TANJUNG TUANG,KPG TANJUNG TUANG,94300,KOTA SAMARAHAN,82896410,TIADA,YBA8117@moe.edu.my,Luar Bandar,SK,134,15,110.507706,1.447118,Primary,Samarahan,P.197 Kota Samarahan,N.16 Muara Tuang
774,PPD SAMARAHAN,SK,YBA8102,SEKOLAH KEBANGSAAN MANG,"D/A PEJABAT PENDIDIKAN DAERAH SAMARAHAN, JALAN DATO MOHD MUSA",94300,KOTA SAMARAHAN,82895017,82895325,YBA8102@moe.edu.my,Luar Bandar,SK,150,19,110.532783,1.362977,Primary,Samarahan,P.197 Kota Samarahan,N.16 Muara Tuang
775,PPD SAMARAHAN,SK,YBA8104,SEKOLAH KEBANGSAAN MATA PARANG,"D/A PEJABAT PENDIDIKAN DAERAH SAMARAHAN, JALAN DATO MOHD MUSA",94300,KOTA SAMARAHAN,TIADA,TIADA,YBA8104@moe.edu.my,Luar Bandar,SK,338,38,110.52454,1.446928,Primary,Samarahan,P.197 Kota Samarahan,N.16 Muara Tuang
776,PPD SAMARAHAN,SK,YBA8101,SEKOLAH KEBANGSAAN MERANEK,"D/A PEJABAT PENDIDIKAN DAERAH SAMARAHAN, JALAN DATO MOHD MUSA",94300,KOTA SAMARAHAN,82895021,TIADA,YBA8101@moe.edu.my,Luar Bandar,SK,231,21,110.459845,1.438907,Primary,Samarahan,P.197 Kota Samarahan,N.16 Muara Tuang
777,PPD SAMARAHAN,SK,YBA8118,SEKOLAH KEBANGSAAN MOYAN LAUT,"D/A PEJABAT PENDIDIKAN DAERAH SAMARAHAN, JALAN DATO MOHD MUSA",94300,KOTA SAMARAHAN,82824022,82827786,YBA8118@moe.edu.my,Luar Bandar,SK,323,32,110.580035,1.563063,Primary,Asajaya,P.197 Kota Samarahan,N.15 Asajaya
778,PPD SAMARAHAN,SK,YBA8116,SEKOLAH KEBANGSAAN NIUP,"D/A PEJABAT PENDIDIKAN DAERAH SAMARAHAN, JALAN DATO MOHD MUSA",94300,KOTA SAMARAHAN,82896159,TIADA,YBA8116@moe.edu.my,Luar Bandar,SK,195,23,110.517832,1.42932,Primary,Samarahan,P.197 Kota Samarahan,N.16 Muara Tuang
779,PPD SAMARAHAN,SK,YBE8313,SEKOLAH KEBANGSAAN PENDAM,"D/A PEJABAT PENDIDIKAN DAERAH SAMARAHAN, JALAN DATO MOHD. MUSA",94600,KOTA SAMARAHAN,82821407,82821407,YBE8313@moe.edu.my,Luar Bandar,SK,233,30,110.739988,1.510875,Primary,Asajaya,P.200 Batang Sadong,N.24 Sadong Jaya
780,PPD SAMARAHAN,SK KHAS,YBB1204,SEKOLAH KEBANGSAAN PENDIDIKAN KHAS KOTA SAMARAHAN,"D/A PEJABAT PENDIDIKAN DAERAH SAMARAHAN, JALAN DATO MOHD MUSA",94300,KOTA SAMARAHAN,82673672,82672016,YBB1204@moe.edu.my,Luar Bandar,SK,42,25,110.46818,1.44788,Primary,Samarahan,P.197 Kota Samarahan,N.16 Muara Tuang
781,PPD SAMARAHAN,SK,YBA8106,SEKOLAH KEBANGSAAN PINANG,KAMPUNG PINANG,94300,KOTA SAMARAHAN,82895095,TIADA,YBA8106@moe.edu.my,Luar Bandar,SK,178,19,110.44839,1.422,Primary,Samarahan,P.197 Kota Samarahan,N.16 Muara Tuang
782,PPD SAMARAHAN,SK,YBB8101,SEKOLAH KEBANGSAAN PLAIE D C,"D/A PEJABAT PENDIDIKAN DAERAH SAMARAHAN, JALAN DATO MOHD MUSA",94300,KOTA SAMARAHAN,82376955,TIADA,YBB8101@moe.edu.my,Luar Bandar,SK,90,13,110.455994,1.478562,Primary,Samarahan,P.197 Kota Samarahan,N.16 Muara Tuang
783,PPD SAMARAHAN,SK,YBE8107,SEKOLAH KEBANGSAAN REBAK,"D/A PEJABAT PENDIDIKAN DAERAH SAMARAHAN, JALAN DATO MOHD MUSA",94300,KOTA SAMARAHAN,82824019,82824023,YBE8107@moe.edu.my,Luar Bandar,SK,95,13,110.592378,1.578714,Primary,Asajaya,P.197 Kota Samarahan,N.15 Asajaya
784,PPD SAMARAHAN,SK,YBA8110,SEKOLAH KEBANGSAAN SAMBIR,"D/A PEJABAT PENDIDIKAN DAERAH SAMARAHAN, JALAN DATO MOHD MUSA",94300,KOTA SAMARAHAN,TIADA,TIADA,YBA8110@moe.edu.my,Luar Bandar,SK,133,18,110.551039,1.573927,Primary,Asajaya,P.197 Kota Samarahan,N.15 Asajaya
785,PPD SAMARAHAN,SK,YBB8102,SEKOLAH KEBANGSAAN SAMPUN,"D/A PEJABAT PENDIDIKAN DAERAH SAMARAHAN, JALAN DATO MOHD MUSA",94300,KOTA SAMARAHAN,82826282,TIADA,YBB8102@moe.edu.my,Luar Bandar,SK,76,12,110.631156,1.543286,Primary,Asajaya,P.197 Kota Samarahan,N.15 Asajaya
786,PPD SAMARAHAN,SK,YBB8103,SEKOLAH KEBANGSAAN SAMPUN TEBUN,KPG. SAMPUN TEBUN,94600,ASAJAYA,0,TIADA,YBB8103@moe.edu.my,Luar Bandar,SK,46,12,110.644539,1.562424,Primary,Asajaya,P.197 Kota Samarahan,N.15 Asajaya
787,PPD SAMARAHAN,SK,YBA8113,SEKOLAH KEBANGSAAN SEBANDI MATANG,"D/A PEJABAT PENDIDIKAN DAERAH SAMARAHAN, JALAN DATO MOHD MUSA",94300,KOTA SAMARAHAN,82826124,82826425,YBA8113@moe.edu.my,Luar Bandar,SK,90,14,110.559164,1.574173,Primary,Asajaya,P.197 Kota Samarahan,N.15 Asajaya
788,PPD SAMARAHAN,SK,YBA8119,SEKOLAH KEBANGSAAN SEBANDI ULU,"D/A PEJABAT PENDIDIKAN DAERAH SAMARAHAN, JALAN DATO MOHD MUSA",94300,KOTA SAMARAHAN,TIADA,TIADA,YBA8119@moe.edu.my,Luar Bandar,SK,159,17,110.560961,1.563719,Primary,Asajaya,P.197 Kota Samarahan,N.15 Asajaya
789,PPD SAMARAHAN,SK,YBA8103,SEKOLAH KEBANGSAAN SERPAN,"D/A PEJABAT PENDIDIKAN DAERAH SAMARAHAN, JALAN DATO MOHD MUSA",94300,KOTA SAMARAHAN,82827795,82827795,YBA8103@moe.edu.my,Luar Bandar,SK,138,18,110.604075,1.563405,Primary,Asajaya,P.197 Kota Samarahan,N.15 Asajaya
790,PPD SAMARAHAN,SK,YCB8111,SEKOLAH KEBANGSAAN ST JOHN SEBAYOR,"D/A PEJABAT PENDIDIKAN DAERAH SAMARAHAN, JALAN DATO MOHD MUSA",94300,KOTA SAMARAHAN,82673935,TIADA,YCB8111@moe.edu.my,Luar Bandar,SBK,143,13,110.437445,1.483751,Primary,Samarahan,P.197 Kota Samarahan,N.16 Muara Tuang
791,PPD SAMARAHAN,SK,YCB8113,SEKOLAH KEBANGSAAN ST MARTIN,"D/A PEJABAT PENDIDIKAN DAERAH SAMARAHAN, JALAN DATO MOHD MUSA",94300,KOTA SAMARAHAN,82505242,82505343,YCB8113@moe.edu.my,Luar Bandar,SK,896,42,111.193545,1.103635,Primary,Sri Aman,P.202 Sri Aman,N.31 Bukit Begunan
792,PPD SAMARAHAN,SK,YCB8112,SEKOLAH KEBANGSAAN ST MICHAEL,"D/A PEJABAT PENDIDIKAN DAERAH SAMARAHAN, JALAN DATO MOHD MUSA",94300,KOTA SAMARAHAN,82661193,82661193,YCB8112@moe.edu.my,Luar Bandar,SBK,231,18,110.43951,1.43828,Primary,Samarahan,P.197 Kota Samarahan,N.16 Muara Tuang
793,PPD SAMARAHAN,SK,YBB8311,SEKOLAH KEBANGSAAN SUNGAI BULU/SENANGEH,"PPD SAMARAHAN,JLN DATO MOHD.MUSA",94300,KOTA SAMARAHAN,82896124,82896125,YBB8311@moe.edu.my,Luar Bandar,SK,68,14,110.6866433,1.4537555,Primary,Asajaya,P.200 Batang Sadong,N.25 Simunjan
794,PPD SAMARAHAN,SK,YBA8114,SEKOLAH KEBANGSAAN TAMBAY,"D/A PEJABAT PENDIDIKAN DAERAH SAMARAHAN, JALAN DATO MOHD MUSA",94300,KOTA SAMARAHAN,82375590,82375318,YBA8114@moe.edu.my,Luar Bandar,SK,127,14,110.50245,1.501816,Primary,Samarahan,P.197 Kota Samarahan,N.15 Asajaya
795,PPD SAMARAHAN,SK,YBA8105,SEKOLAH KEBANGSAAN TAMBIRAT,"D/A PEJABAT PENDIDIKAN DAERAH SAMARAHAN, JALAN DATO MOHD MUSA",94300,KOTA SAMARAHAN,82436205,82436205,YBA8105@moe.edu.my,Luar Bandar,SK,440,41,110.516383,1.544535,Primary,Asajaya,P.197 Kota Samarahan,N.15 Asajaya
796,PPD SAMARAHAN,SK,YBA8111,SEKOLAH KEBANGSAAN TANJONG APONG,"D/A PEJABAT PENDIDIKAN DAERAH SAMARAHAN, JALAN DATO MOHD MUSA",94300,KOTA SAMARAHAN,82370080,82370124,YBA8111@moe.edu.my,Luar Bandar,SK,160,19,110.478966,1.53685,Primary,Asajaya,P.197 Kota Samarahan,N.15 Asajaya
797,PPD SAMARAHAN,SK,YBB8316,SEKOLAH KEBANGSAAN TERASI,"D/A PEJABAT PENDIDIKAN DAERAH SAMARAHAN, JALAN DATO MOHD MUSA",94300,KOTA SAMARAHAN,82895626,TIADA,YBB8316@moe.edu.my,Luar Bandar,SK,68,14,110.715564,1.471551,Primary,Asajaya,P.200 Batang Sadong,N.25 Simunjan
798,PPD SAMARAHAN,SK,YBA1349,SEKOLAH KEBANGSAAN WIRA JAYA,"D/A PEJABAT PENDIDIKAN DAERAH SAMARAHAN, JALAN DATO MOHD MUSA",94300,KOTA SAMARAHAN,82619419,82619419,YBA1349@moe.edu.my,Bandar,SK,1152,62,110.32685,1.4469,Primary,Samarahan,P.197 Kota Samarahan,N.17 Stakan
799,PPD SARATOK,SJKC,YCC2203,SEKOLAH JENIS KEBANGSAAN (CINA) CHUNG HUA KABONG,"D/A PEJABAT PENDIDIKAN DAERAH SARATOK, TINGKAT 1, WISMA PERSEKUTUAN, JALAN SARATOK",95407,SARATOK,83411839,83411839,ycc2203@moe.edu.my,Luar Bandar,SBK,67,13,111.120248,1.800405,Primary,Kabong,P.205 Saratok,N.40 Kabong
800,PPD SARATOK,SJKC,YCC2201,SEKOLAH JENIS KEBANGSAAN (CINA) CHUNG HUA ROBAN,"D/A PEJABAT PENDIDIKAN DAERAH SARATOK, TINGKAT 1, WISMA PERSEKUTUAN, JALAN SARATOK",95407,SARATOK,83427240,83427480,ycc2201@moe.edu.my,Luar Bandar,SBK,183,20,111.3058333,1.8852778,Primary,Kabong,P.205 Saratok,N.40 Kabong
801,PPD SARATOK,SJKC,YCC2202,SEKOLAH JENIS KEBANGSAAN (CINA) MIN SYN SARATOK,"D/A PEJABAT PENDIDIKAN DAERAH SARATOK, TINGKAT 1, WISMA PERSEKUTUAN, JALAN SARATOK",95407,SARATOK,83436186,83438176,ycc2202@moe.edu.my,Luar Bandar,SBK,280,25,111.3355556,1.739189,Primary,Saratok,P.205 Saratok,N.38 Kalaka
802,PPD SARATOK,SK,YBA2209,SEKOLAH KEBANGSAAN ABANG ABDUL RAHMAN,"D/A PEJABAT PENDIDIKAN DAERAH SARATOK, TINGKAT 1, WISMA PERSEKUTUAN, JALAN SARATOK",95407,SARATOK,83436190,83436190,yba2209@moe.edu.my,Luar Bandar,SK,678,54,111.338691,1.741007,Primary,Saratok,P.205 Saratok,N.38 Kalaka
803,PPD SARATOK,SK,YBA2208,SEKOLAH KEBANGSAAN ABANG LEMAN,"D/A PEJABAT PENDIDIKAN DAERAH SARATOK, TINGKAT 1, WISMA PERSEKUTUAN, JALAN SARATOK",95407,SARATOK,83411294,83411294,yba2208@moe.edu.my,Luar Bandar,SK,697,55,111.116916,1.798933,Primary,Kabong,P.205 Saratok,N.40 Kabong
804,PPD SARATOK,SK,YBA2206,SEKOLAH KEBANGSAAN ABG. MOH SESSANG,"KAMPUNG SESSANG, KABONG",95400,KABONG,TIADA,TIADA,yba2206@moe.edu.my,Luar Bandar,SK,138,21,111.1902778,1.8875,Primary,Kabong,P.205 Saratok,N.40 Kabong
805,PPD SARATOK,SK,YBB2209,SEKOLAH KEBANGSAAN BABANG,"D/A PEJABAT PENDIDIKAN DAERAH SARATOK, TINGKAT 1, WISMA PERSEKUTUAN, JALAN SARATOK",95407,SARATOK,TIADA,TIADA,ybb2209@moe.edu.my,Luar Bandar,SK,28,11,111.491677,1.732936,Primary,Saratok,P.205 Saratok,N.39 Krian
806,PPD SARATOK,SK,YBA2415,SEKOLAH KEBANGSAAN BATANG MARO,"D/A PEJABAT PENDIDIKAN DAERAH SARATOK, TINGKAT 1, WISMA PERSEKUTUAN, JALAN SARATOK",95407,SARATOK,TIADA,TIADA,yba2415@moe.edu.my,Luar Bandar,SK,68,14,111.09814,1.75788,Primary,Kabong,P.201 Batang Lupar,N.29 Beting Maro
807,PPD SARATOK,SK,YBB2219,SEKOLAH KEBANGSAAN BERAYANG,"D/A PEJABAT PENDIDIKAN DAERAH SARATOK, TINGKAT 1, WISMA PERSEKUTUAN, JALAN SARATOK",95407,SARATOK,TIADA,TIADA,ybb2219@moe.edu.my,Luar Bandar,SK,59,15,111.402714,1.912883,Primary,Kabong,P.205 Saratok,N.39 Krian
808,PPD SARATOK,SK,YBB2205,SEKOLAH KEBANGSAAN ENGKABANG,"D/A PEJABAT PENDIDIKAN DAERAH SARATOK, TINGKAT 1, WISMA PERSEKUTUAN, JALAN SARATOK",95407,SARATOK,TIADA,TIADA,ybb2205@moe.edu.my,Luar Bandar,SK,60,12,111.210333,1.983971,Primary,Kabong,P.205 Saratok,N.40 Kabong
809,PPD SARATOK,SK,YBB2207,SEKOLAH KEBANGSAAN ENGKUDU,"D/A PEJABAT PENDIDIKAN DAERAH SARATOK, TINGKAT 1, WISMA PERSEKUTUAN, JALAN SARATOK",95407,SARATOK,TIADA,TIADA,ybb2207@moe.edu.my,Luar Bandar,SK,50,12,111.304873,1.786475,Primary,Saratok,P.205 Saratok,N.39 Krian
810,PPD SARATOK,SK,YBA2210,SEKOLAH KEBANGSAAN HAJI BOLLAH,"D/A PEJABAT PENDIDIKAN DAERAH SARATOK, TINGKAT 1, WISMA PERSEKUTUAN, JALAN SARATOK",95407,SARATOK,TIADA,TIADA,yba2210@moe.edu.my,Luar Bandar,SK,59,14,111.2075535,1.7297727,Primary,Saratok,P.205 Saratok,N.38 Kalaka
811,PPD SARATOK,SK,YBA2204,SEKOLAH KEBANGSAAN HJ JUNID,"D/A PEJABAT PENDIDIKAN DAERAH SARATOK, TINGKAT 1, WISMA PERSEKUTUAN, JALAN SARATOK",95407,SARATOK,TIADA,TIADA,yba2204@moe.edu.my,Luar Bandar,SK,155,18,111.19551,2.036521,Primary,Kabong,P.206 Tanjong Manis,N.41 Kuala Rajang
812,PPD SARATOK,SK,YBB2212,SEKOLAH KEBANGSAAN KABO HILIR,"D/A PEJABAT PENDIDIKAN DAERAH SARATOK, TINGKAT 1, WISMA PERSEKUTUAN, JALAN SARATOK",95407,SARATOK,TIADA,TIADA,ybb2212@moe.edu.my,Luar Bandar,SK,33,12,111.486876,1.796035,Primary,Saratok,P.205 Saratok,N.39 Krian
813,PPD SARATOK,SK,YBB2238,SEKOLAH KEBANGSAAN KALAKA CENTRAL,"D/A PEJABAT PENDIDIKAN DAERAH SARATOK, TINGKAT 1, WISMA PERSEKUTUAN, JALAN SARATOK",95407,SARATOK,TIADA,TIADA,ybb2238@moe.edu.my,Luar Bandar,SK,93,18,111.331705,1.796623,Primary,Saratok,P.205 Saratok,N.39 Krian
814,PPD SARATOK,SK,YBA2202,SEKOLAH KEBANGSAAN KG EMPLAM,"D/A PEJABAT PENDIDIKAN DAERAH SARATOK, TINGKAT 1, WISMA PERSEKUTUAN, JALAN SARATOK",95407,SARATOK,TIADA,TIADA,yba2202@moe.edu.my,Luar Bandar,SK,59,11,111.2036937,1.8792156,Primary,Kabong,P.205 Saratok,N.40 Kabong
815,PPD SARATOK,SK,YBA2211,SEKOLAH KEBANGSAAN KG KUPANG,"D/A PEJABAT PENDIDIKAN DAERAH SARATOK, TINGKAT 1, WISMA PERSEKUTUAN, JALAN SARATOK",95407,SARATOK,TIADA,TIADA,yba2211@moe.edu.my,Luar Bandar,SK,139,16,111.28832,1.74464,Primary,Saratok,P.205 Saratok,N.38 Kalaka
816,PPD SARATOK,SK,YBA2205,SEKOLAH KEBANGSAAN KG PALOH,"KG PALOH, KABONG",94650,KABONG,TIADA,TIADA,yba2205@moe.edu.my,Luar Bandar,SK,29,10,111.106697,1.780188,Primary,Kabong,P.205 Saratok,N.38 Kalaka
817,PPD SARATOK,SK,YBB2237,SEKOLAH KEBANGSAAN KLUA,"D/A PEJABAT PENDIDIKAN DAERAH SARATOK, TINGKAT 1, WISMA PERSEKUTUAN, JALAN SARATOK",95407,SARATOK,TIADA,TIADA,ybb237@moe.edu.my,Luar Bandar,SK,40,12,111.4005556,1.7097222,Primary,Saratok,P.205 Saratok,N.39 Krian
818,PPD SARATOK,SK,YBA2207,SEKOLAH KEBANGSAAN KPG ALIT,"D/A PEJABAT PENDIDIKAN DAERAH SARATOK, TINGKAT 1, WISMA PERSEKUTUAN, JALAN SARATOK",95407,SARATOK,TIADA,TIADA,yba2207@moe.edu.my,Luar Bandar,SK,98,14,111.153839,1.924064,Primary,Saratok,P.205 Saratok,N.40 Kabong
819,PPD SARATOK,SK,YBB2223,SEKOLAH KEBANGSAAN LEMPA,"D/A PEJABAT PENDIDIKAN DAERAH SARATOK, TINGKAT 1, WISMA PERSEKUTUAN, JALAN SARATOK",95407,SARATOK,TIADA,TIADA,ybb2223@moe.edu.my,Luar Bandar,SK,35,13,111.481091,1.867537,Primary,Saratok,P.205 Saratok,N.39 Krian
820,PPD SARATOK,SK,YBB2203,SEKOLAH KEBANGSAAN LICHOK,"KPG LICHOK, ROBANÂ ",95300,ROBAN,TIADA,TIADA,ybb2203@moe.edu.my,Luar Bandar,SK,45,14,111.362722,1.895697,Primary,Kabong,P.205 Saratok,N.39 Krian
821,PPD SARATOK,SK,YBB2204,SEKOLAH KEBANGSAAN LUBOK KEPAYANG,,95400,SARATOK,TIADA,TIADA,ybb2204@moe.edu.my,Luar Bandar,SK,50,12,111.384189,1.80465,Primary,Saratok,P.205 Saratok,N.39 Krian
822,PPD SARATOK,SK,YBB2231,SEKOLAH KEBANGSAAN LUBOK NIBONG,"D/A PEJABAT PENDIDIKAN DAERAH SARATOK, TINGKAT 1, WISMA PERSEKUTUAN, JALAN SARATOK",95407,SARATOK,TIADA,TIADA,ybb2231@moe.edu.my,Luar Bandar,SK,39,12,111.172811,1.736866,Primary,Kabong,P.205 Saratok,N.38 Kalaka
823,PPD SARATOK,SK,YBB2218,SEKOLAH KEBANGSAAN MENDAS,"D/A PEJABAT PENDIDIKAN DAERAH SARATOK, TINGKAT 1, WISMA PERSEKUTUAN, JALAN SARATOK",95407,SARATOK,TIADA,TIADA,ybb2218@moe.edu.my,Luar Bandar,SK,59,13,111.423589,1.656037,Primary,Saratok,P.205 Saratok,N.39 Krian
824,PPD SARATOK,SK,YBB2220,SEKOLAH KEBANGSAAN MUDONG,"D/A PEJABAT PENDIDIKAN DAERAH SARATOK, TINGKAT 1, WISMA PERSEKUTUAN, JALAN SARATOK",95407,SARATOK,TIADA,TIADA,ybb2220@moe.edu.my,Luar Bandar,SK,61,13,111.367858,1.94151,Primary,Kabong,P.205 Saratok,N.39 Krian
825,PPD SARATOK,SK,YBB2228,SEKOLAH KEBANGSAAN NG ABU,"D/A PEJABAT PENDIDIKAN DAERAH SARATOK, TINGKAT 1, WISMA PERSEKUTUAN, JALAN SARATOK",95407,SARATOK,TIADA,TIADA,ybb2228@moe.edu.my,Luar Bandar,SK,41,12,111.385032,1.70665,Primary,Saratok,P.205 Saratok,N.39 Krian
826,PPD SARATOK,SK,YBB2221,SEKOLAH KEBANGSAAN NG ASSAM,"D/A PEJABAT PENDIDIKAN DAERAH SARATOK, TINGKAT 1, WISMA PERSEKUTUAN, JALAN SARATOK",95407,SARATOK,TIADA,TIADA,ybb2221@moe.edu.my,Luar Bandar,SK,54,12,111.44046,1.68911,Primary,Saratok,P.205 Saratok,N.39 Krian
827,PPD SARATOK,SK,YBB2214,SEKOLAH KEBANGSAAN NG ATOI,"D/A PEJABAT PENDIDIKAN DAERAH SARATOK, TINGKAT 1, WISMA PERSEKUTUAN, JALAN SARATOK",95407,SARATOK,TIADA,TIADA,ybb2214@moe.edu.my,Luar Bandar,SK,65,16,111.413139,1.841733,Primary,Saratok,P.205 Saratok,N.39 Krian
828,PPD SARATOK,SK,YBB2211,SEKOLAH KEBANGSAAN NG BUDU,"D/A PEJABAT PENDIDIKAN DAERAH SARATOK, TINGKAT 1, WISMA PERSEKUTUAN, JALAN SARATOK",95407,SARATOK,TIADA,TIADA,YBB2211@moe.edu.my,Luar Bandar,SK,72,13,111.508804,1.761029,Primary,Saratok,P.205 Saratok,N.39 Krian
829,PPD SARATOK,SK,YBB2208,SEKOLAH KEBANGSAAN NG DRAU,KRIAN,95407,SARATOK,TIADA,TIADA,ybb2208@moe.edu.my,Luar Bandar,SK,29,11,111.455696,1.74227,Primary,Saratok,P.205 Saratok,N.39 Krian
830,PPD SARATOK,SK,YBB2202,SEKOLAH KEBANGSAAN NG GRENJANG,"D/A PEJABAT PENDIDIKAN DAERAH SARATOK, TINGKAT 1, WISMA PERSEKUTUAN, JALAN SARATOK",95407,SARATOK,TIADA,TIADA,ybb2202@moe.edu.my,Luar Bandar,SK,48,12,111.565552,1.704621,Primary,Saratok,P.205 Saratok,N.39 Krian
831,PPD SARATOK,SK,YBB2230,SEKOLAH KEBANGSAAN NG MALONG,"KM1, JALAN SIMPANG MALONGÂ ",95400,SARATOK,TIADA,TIADA,ybb2230@moe.edu.my,Luar Bandar,SK,37,11,111.356016,1.773365,Primary,Saratok,P.205 Saratok,N.39 Krian
832,PPD SARATOK,SK,YBB2213,SEKOLAH KEBANGSAAN ORANG KAYA TEMENGGONG TANDUK,"D/A PEJABAT PENDIDIKAN DAERAH SARATOK, TINGKAT 1, WISMA PERSEKUTUAN, JALAN SARATOK",95407,SARATOK,TIADA,TIADA,ybb2213@moe.edu.my,Luar Bandar,SK,83,11,111.414992,1.71354,Primary,Saratok,P.205 Saratok,N.39 Krian
833,PPD SARATOK,SK,YBA2203,SEKOLAH KEBANGSAAN PERPAT,"D/A PEJABAT PENDIDIKAN DAERAH SARATOK, TINGKAT 1, WISMA PERSEKUTUAN, JALAN SARATOK",95407,SARATOK,TIADA,TIADA,yba2203@moe.edu.my,Luar Bandar,SK,129,16,111.1587194,1.7514222,Primary,Kabong,P.205 Saratok,N.38 Kalaka
834,PPD SARATOK,SK,YBB2229,SEKOLAH KEBANGSAAN PRAJA,,95400,SARATOK,TIADA,TIADA,ybb2229@moe.edu.my,Luar Bandar,SK,15,10,111.44033,1.784564,Primary,Saratok,P.205 Saratok,N.39 Krian
835,PPD SARATOK,SK,YBB2222,SEKOLAH KEBANGSAAN SG ENTEBU,,95407,SARATOK,TIADA,TIADA,ybb2222@moe.edu.my,Luar Bandar,SK,40,13,111.3627222,1.6961111,Primary,Saratok,P.205 Saratok,N.38 Kalaka
836,PPD SARATOK,SK,YBB2235,SEKOLAH KEBANGSAAN SG NYIAR,"D/A PEJABAT PENDIDIKAN DAERAH SARATOK, TINGKAT 1, WISMA PERSEKUTUAN, JALAN SARATOK",95407,SARATOK,TIADA,TIADA,ybb2235@moe.edu.my,Luar Bandar,SK,62,13,111.259303,1.885789,Primary,Kabong,P.205 Saratok,N.38 Kalaka
837,PPD SARATOK,SK,YBA2212,SEKOLAH KEBANGSAAN SG PASIR,"D/A PEJABAT PENDIDIKAN DAERAH SARATOK, TINGKAT 1, WISMA PERSEKUTUAN, JALAN SARATOK",95407,SARATOK,TIADA,TIADA,yba2212@moe.edu.my,Luar Bandar,SK,97,14,111.2118718,1.932495,Primary,Kabong,P.205 Saratok,N.40 Kabong
838,PPD SARATOK,SK,YCB2203,SEKOLAH KEBANGSAAN ST MICHAEL PLASSU,"D/A PEJABAT PENDIDIKAN DAERAH SARATOK, TINGKAT 1, WISMA PERSEKUTUAN, JALAN SARATOK",95407,SARATOK,TIADA,TIADA,ycb2203@moe.edu.my,Luar Bandar,SBK,48,12,111.2354484,1.9597761,Primary,Kabong,P.205 Saratok,N.40 Kabong
839,PPD SARATOK,SK,YCB2202,SEKOLAH KEBANGSAAN ST PAUL ROBAN,"D/A PEJABAT PENDIDIKAN DAERAH SARATOK, TINGKAT 1, WISMA PERSEKUTUAN, JALAN SARATOK",95407,SARATOK,83427255,83427255,ycb2202@moe.edu.my,Luar Bandar,SBK,163,17,111.296972,1.888924,Primary,Kabong,P.205 Saratok,N.40 Kabong
840,PPD SARATOK,SK,YCB2201,SEKOLAH KEBANGSAAN ST PETER SARATOK,"D/A PEJABAT PENDIDIKAN DAERAH SARATOK, TINGKAT 1, WISMA PERSEKUTUAN, JALAN SARATOK",95407,SARATOK,83436189,83436189,ycb2201@moe.edu.my,Luar Bandar,SBK,268,33,111.335641,1.744878,Primary,Saratok,P.205 Saratok,N.38 Kalaka
841,PPD SARATOK,SK,YBB2201,SEKOLAH KEBANGSAAN SUNGAI KLAMPAI,"D/A PEJABAT PENDIDIKAN DAERAH SARATOK, TINGKAT 1, WISMA PERSEKUTUAN, JALAN SARATOK",95407,SARATOK,TIADA,TIADA,ybb2201@moe.edu.my,Luar Bandar,SK,44,12,111.342133,1.827487,Primary,Saratok,P.205 Saratok,N.39 Krian
842,PPD SARATOK,SK,YBB2206,SEKOLAH KEBANGSAAN SUNGEI ANTU,"D/A PEJABAT PENDIDIKAN DAERAH SARATOK, TINGKAT 1, WISMA PERSEKUTUAN, JALAN SARATOK",95407,SARATOK,TIADA,TIADA,ybb2206@moe.edu.my,Luar Bandar,SK,39,12,111.375668,1.723492,Primary,Saratok,P.205 Saratok,N.38 Kalaka
843,PPD SARATOK,SK,YBB2224,SEKOLAH KEBANGSAAN SUPOK,"D/A PEJABAT PENDIDIKAN DAERAH SARATOK, TINGKAT 1, WISMA PERSEKUTUAN, JALAN SARATOK",95407,SARATOK,TIADA,TIADA,ybb2224@moe.edu.my,Luar Bandar,SK,43,13,111.32736,1.90212,Primary,Kabong,P.205 Saratok,N.39 Krian
844,PPD SARATOK,SK,YBB2225,SEKOLAH KEBANGSAAN TEMUDOK AWIK,"D/A PEJABAT PENDIDIKAN DAERAH SARATOK, TINGKAT 1, WISMA PERSEKUTUAN, JALAN SARATOK",95400,SARATOK,TIADA,TIADA,ybb2225@moe.edu.my,Luar Bandar,SK,42,11,111.366261,1.74708,Primary,Saratok,P.205 Saratok,N.39 Krian
845,PPD SARATOK,SK,YBA2201,SEKOLAH KEBANGSAAN TO' EMAN,"D/A PEJABAT PENDIDIKAN DAERAH SARATOK, TINGKAT 1, WISMA PERSEKUTUAN, JALAN SARATOK",95407,SARATOK,TIADA,TIADA,yba2201@moe.edu.my,Luar Bandar,SK,113,18,111.189929,1.941655,Primary,Kabong,P.205 Saratok,N.40 Kabong
846,PPD SARATOK,SK,YBB2234,SEKOLAH KEBANGSAAN ULU AWIK,"D/A PEJABAT PENDIDIKAN DAERAH SARATOK, TINGKAT 1, WISMA PERSEKUTUAN, JALAN SARATOK",95407,SARATOK,TIADA,TIADA,ybb2234@moe.edu.my,Luar Bandar,SK,14,7,111.43851,1.870401,Primary,Saratok,P.205 Saratok,N.39 Krian
847,PPD SARATOK,SK,YBB2216,SEKOLAH KEBANGSAAN ULU BUDU,"D/A PEJABAT PENDIDIKAN DAERAH SARATOK, TINGKAT 1, WISMA PERSEKUTUAN, JALAN SARATOK",95407,SARATOK,TIADA,TIADA,ybb2216@moe.edu.my,Luar Bandar,SK,35,12,111.573226,1.761136,Primary,Saratok,P.205 Saratok,N.39 Krian
848,PPD SARATOK,SK,YBB2217,SEKOLAH KEBANGSAAN ULU KABO,,95407,SARATOK,TIADA,TIADA,ybb2217@moe.edu.my,Luar Bandar,SK,70,12,111.483679,1.883644,Primary,Saratok,P.209 Julau,N.47 Pakan
849,PPD SARATOK,SK,YBB2239,SEKOLAH KEBANGSAAN ULU ROBAN,"D/A PEJABAT PENDIDIKAN DAERAH SARATOK, TINGKAT 1, WISMA PERSEKUTUAN, JALAN SARATOK",95407,SARATOK,TIADA,TIADA,ybb2239@moe.edu.my,Luar Bandar,SK,45,13,111.304877,1.955707,Primary,Kabong,P.205 Saratok,N.40 Kabong
850,PPD SARATOK,SK,YBA2213,SEKOLAH KEBANGSAAN ULU SEBETAN,"D/A PEJABAT PENDIDIKAN DAERAH SARATOK, TINGKAT 1, WISMA PERSEKUTUAN, JALAN SARATOK",95407,SARATOK,TIADA,TIADA,yba2213@moe.edu.my,Luar Bandar,SK,38,11,111.357206,1.853642,Primary,Saratok,P.205 Saratok,N.39 Krian
851,PPD SARATOK,SK,YBB2232,SEKOLAH KEBANGSAAN WONG BESI,"D/A PEJABAT PENDIDIKAN DAERAH SARATOK, TINGKAT 1, WISMA PERSEKUTUAN, JALAN SARATOK",95407,SARATOK,TIADA,TIADA,ybb2232@moe.edu.my,Luar Bandar,SK,42,11,111.473417,1.775376,Primary,Saratok,P.205 Saratok,N.39 Krian
852,PPD SARIKEI,SJKC,YCC6102,SEKOLAH JENIS KEBANGSAAN (CINA) BULAT,"D/A PEJABAT PENDIDIKAN DAERAH SARIKEI, TINGKAT 1, WISMA PERSEKUTUAN, JALAN BANGUNAN KERAJAAN",96100,SARIKEI,84658922,84658922,YCC6102@moe.edu.my,Luar Bandar,SBK,67,17,111.536944,2.05032,Primary,Sarikei,P.208 Sarikei,N.45 Repok
853,PPD SARIKEI,SJKC,YBC6101,SEKOLAH JENIS KEBANGSAAN (CINA) CHUNG HIEN,"D/A PEJABAT PENDIDIKAN DAERAH SARIKEI, TINGKAT 1, WISMA PERSEKUTUAN, JALAN BANGUNAN KERAJAAN",96100,SARIKEI,TIADA,TIADA,YBC6101@moe.edu.my,Luar Bandar,SK,66,13,111.50655,2.00225,Primary,Sarikei,P.209 Julau,N.47 Pakan
854,PPD SARIKEI,SJKC,YBC6108,SEKOLAH JENIS KEBANGSAAN (CINA) HUA KEE,"D/A PEJABAT PENDIDIKAN DAERAH SARIKEI, TINGKAT 1, WISMA PERSEKUTUAN, JALAN BANGUNAN KERAJAAN",96100,SARIKEI,TIADA,TIADA,YBC6108@moe.edu.my,Luar Bandar,SK,29,11,111.5871833,2.0140333,Primary,Sarikei,P.208 Sarikei,N.46 Meradong
855,PPD SARIKEI,SJKC,YBC6109,SEKOLAH JENIS KEBANGSAAN (CINA) HUA NAM,"D/A PEJABAT PENDIDIKAN DAERAH SARIKEI, TINGKAT 1, WISMA PERSEKUTUAN, JALAN BANGUNAN KERAJAAN",96100,SARIKEI,TIADA,TIADA,YBC6109@moe.edu.my,Luar Bandar,SK,45,11,111.612207,2.084843,Primary,Meradong,P.208 Sarikei,N.46 Meradong
856,PPD SARIKEI,SJKC,YBC6107,SEKOLAH JENIS KEBANGSAAN (CINA) KIEW MANG,"D/A PEJABAT PENDIDIKAN DAERAH SARIKEI, TINGKAT 1, WISMA PERSEKUTUAN, JALAN BANGUNAN KERAJAAN",96100,SARIKEI,TIADA,TIADA,YBC6107@moe.edu.my,Luar Bandar,SK,47,13,111.486179,2.029785,Primary,Sarikei,P.209 Julau,N.47 Pakan
857,PPD SARIKEI,SJKC,YCC6103,SEKOLAH JENIS KEBANGSAAN (CINA) KWANG CHIEN,"D/A PEJABAT PENDIDIKAN DAERAH SARIKEI, TINGKAT 1, WISMA PERSEKUTUAN, JALAN BANGUNAN KERAJAAN",96100,SARIKEI,84651322,84651322,YCC6103@moe.edu.my,Luar Bandar,SBK,401,33,111.5232333,2.13065,Primary,Sarikei,P.208 Sarikei,N.46 Meradong
858,PPD SARIKEI,SJKC,YBC6104,SEKOLAH JENIS KEBANGSAAN (CINA) MINAR,"D/A PEJABAT PENDIDIKAN DAERAH SARIKEI, TINGKAT 1, WISMA PERSEKUTUAN, JALAN BANGUNAN KERAJAAN",96100,SARIKEI,TIADA,TIADA,YBC6104@moe.edu.my,Luar Bandar,SK,33,11,111.5625167,2.06265,Primary,Sarikei,P.208 Sarikei,N.45 Repok
859,PPD SARIKEI,SJKC,YCC6115,SEKOLAH JENIS KEBANGSAAN (CINA) MING TAK,"D/A PEJABAT PENDIDIKAN DAERAH SARIKEI, TINGKAT 1, WISMA PERSEKUTUAN, JALAN BANGUNAN KERAJAAN",96100,SARIKEI,TIADA,TIADA,YCC6115@moe.edu.my,Luar Bandar,SBK,8,9,111.6055167,2.042583333,Primary,Sarikei,P.208 Sarikei,N.46 Meradong
860,PPD SARIKEI,SJKC,YBC6105,SEKOLAH JENIS KEBANGSAAN (CINA) NAM KIEW,"D/A PEJABAT PENDIDIKAN DAERAH SARIKEI, TINGKAT 1, WISMA PERSEKUTUAN, JALAN BANGUNAN KERAJAAN",96100,SARIKEI,TIADA,TIADA,YBC6105@moe.edu.my,Luar Bandar,SK,39,12,111.6052833,2.03515,Primary,Sarikei,P.208 Sarikei,N.46 Meradong
861,PPD SARIKEI,SJKC,YCC6114,SEKOLAH JENIS KEBANGSAAN (CINA) SAN MING,"D/A PEJABAT PENDIDIKAN DAERAH SARIKEI, TINGKAT 1, WISMA PERSEKUTUAN, JALAN BANGUNAN KERAJAAN",96100,SARIKEI,TIADA,TIADA,YCC6114@moe.edu.my,Luar Bandar,SBK,52,12,111.418646,2.055788,Primary,Sarikei,P.206 Tanjong Manis,N.41 Kuala Rajang
862,PPD SARIKEI,SJKC,YCC6111,SEKOLAH JENIS KEBANGSAAN (CINA) SING MING SARIKEI,"D/A PEJABAT PENDIDIKAN DAERAH SARIKEI, TINGKAT 1, WISMA PERSEKUTUAN, JALAN BANGUNAN KERAJAAN",96100,SARIKEI,TIADA,TIADA,YCC6111@moe.edu.my,Luar Bandar,SBK,37,12,111.563791,2.008684,Primary,Sarikei,P.209 Julau,N.47 Pakan
863,PPD SARIKEI,SJKC,YCC6108,SEKOLAH JENIS KEBANGSAAN (CINA) SIUNG HUA,"D/A PEJABAT PENDIDIKAN DAERAH SARIKEI, TINGKAT 1, WISMA PERSEKUTUAN, JALAN BANGUNAN KERAJAAN",96100,SARIKEI,TIADA,TIADA,YCC6108@moe.edu.my,Luar Bandar,SBK,99,13,111.5377167,2.070566667,Primary,Sarikei,P.208 Sarikei,N.45 Repok
864,PPD SARIKEI,SJKC,YCC6117,SEKOLAH JENIS KEBANGSAAN (CINA) ST MARTIN,"D/A PEJABAT PENDIDIKAN DAERAH SARIKEI, TINGKAT 1, WISMA PERSEKUTUAN, JALAN BANGUNAN KERAJAAN",96100,SARIKEI,84671271,84671271,YCC6117@moe.edu.my,Luar Bandar,SBK,81,17,111.4934667,2.04115,Primary,Sarikei,P.208 Sarikei,N.45 Repok
865,PPD SARIKEI,SJKC,YCC6113,SEKOLAH JENIS KEBANGSAAN (CINA) SU DOK,"D/A PEJABAT PENDIDIKAN DAERAH SARIKEI, TINGKAT 1, WISMA PERSEKUTUAN, JALAN BANGUNAN KERAJAAN",96100,SARIKEI,TIADA,TIADA,YCC6113@moe.edu.my,Luar Bandar,SBK,33,10,111.5751167,2.034016667,Primary,Sarikei,P.208 Sarikei,N.45 Repok
866,PPD SARIKEI,SJKC,YCC6104,SEKOLAH JENIS KEBANGSAAN (CINA) SU HING,"D/A PEJABAT PENDIDIKAN DAERAH SARIKEI, TINGKAT 1, WISMA PERSEKUTUAN, JALAN BANGUNAN KERAJAAN",96100,SARIKEI,TIADA,TIADA,YCC6104@moe.edu.my,Luar Bandar,SBK,40,12,111.506889,2.080307,Primary,Sarikei,P.208 Sarikei,N.45 Repok
867,PPD SARIKEI,SJKC,YCC6105,SEKOLAH JENIS KEBANGSAAN (CINA) SU KWONG,"D/A PEJABAT PENDIDIKAN DAERAH SARIKEI, TINGKAT 1, WISMA PERSEKUTUAN, JALAN BANGUNAN KERAJAAN",96100,SARIKEI,84651340,84651340,YCC6105@moe.edu.my,Luar Bandar,SBK,130,16,111.52493,2.085903,Primary,Sarikei,P.208 Sarikei,N.45 Repok
868,PPD SARIKEI,SJKC,YCC6112,SEKOLAH JENIS KEBANGSAAN (CINA) SU LEE,"D/A PEJABAT PENDIDIKAN DAERAH SARIKEI, TINGKAT 1, WISMA PERSEKUTUAN, JALAN BANGUNAN KERAJAAN",96100,SARIKEI,84655914,84655914,YCC6112@moe.edu.my,Luar Bandar,SBK,102,16,111.5062167,2.121283333,Primary,Sarikei,P.206 Tanjong Manis,N.41 Kuala Rajang
869,PPD SARIKEI,SJKC,YBC6106,SEKOLAH JENIS KEBANGSAAN (CINA) SU LOK,"D/A PEJABAT PENDIDIKAN DAERAH SARIKEI, TINGKAT 1, WISMA PERSEKUTUAN, JALAN BANGUNAN KERAJAAN",96100,SARIKEI,84653154,84653154,YBC6106@moe.edu.my,Luar Bandar,SK,66,13,111.5037,2.098716667,Primary,Sarikei,P.208 Sarikei,N.45 Repok
870,PPD SARIKEI,SJKC,YCC6106,SEKOLAH JENIS KEBANGSAAN (CINA) SU MING,"D/A PEJABAT PENDIDIKAN DAERAH SARIKEI, TINGKAT 1, WISMA PERSEKUTUAN, JALAN BANGUNAN KERAJAAN",96100,SARIKEI,,TIADA,YCC6106@moe.edu.my,Luar Bandar,SBK,74,11,111.547067,2.13374,Primary,Sarikei,P.208 Sarikei,N.46 Meradong
871,PPD SARIKEI,SJKC,YCC6107,SEKOLAH JENIS KEBANGSAAN (CINA) SU TAK,"D/A PEJABAT PENDIDIKAN DAERAH SARIKEI, TINGKAT 1, WISMA PERSEKUTUAN, JALAN BANGUNAN KERAJAAN",96100,SARIKEI,TIADA,TIADA,YCC6107@moe.edu.my,Luar Bandar,SBK,34,11,111.56739,2.145344,Primary,Sarikei,P.208 Sarikei,N.46 Meradong
872,PPD SARIKEI,SJKC,YBC6103,SEKOLAH JENIS KEBANGSAAN (CINA) SZE LU,"D/A PEJABAT PENDIDIKAN DAERAH SARIKEI, TINGKAT 1, WISMA PERSEKUTUAN, JALAN BANGUNAN KERAJAAN",96100,SARIKEI,84671735,TIADA,YBC6103@moe.edu.my,Luar Bandar,SK,48,13,111.509173,2.057997,Primary,Sarikei,P.208 Sarikei,N.45 Repok
873,PPD SARIKEI,SJKC,YBC6102,SEKOLAH JENIS KEBANGSAAN (CINA) TIONG HO,"D/A PEJABAT PENDIDIKAN DAERAH SARIKEI, TINGKAT 1, WISMA PERSEKUTUAN, JALAN BANGUNAN KERAJAAN",96100,SARIKEI,84671632,84671632,YBC6102@moe.edu.my,Luar Bandar,SK,75,12,111.5113528,2.0353222,Primary,Sarikei,P.209 Julau,N.47 Pakan
874,PPD SARIKEI,SJKC,YCC6110,SEKOLAH JENIS KEBANGSAAN (CINA) WAH MAN,"D/A PEJABAT PENDIDIKAN DAERAH SARIKEI, TINGKAT 1, WISMA PERSEKUTUAN, JALAN BANGUNAN KERAJAAN",96100,SARIKEI,84657579,84657579,YCC6110@moe.edu.my,Luar Bandar,SBK,289,26,111.530314,2.106256,Primary,Sarikei,P.208 Sarikei,N.45 Repok
875,PPD SARIKEI,SK,YBA6105,SEKOLAH KEBANGSAAN ABANG HAJI MATAHIR,JALAN MASJID BARU,96100,SARIKEI,84651652,84651652,YBA6105@moe.edu.my,Luar Bandar,SK,415,53,111.5184667,2.127916667,Primary,Sarikei,P.208 Sarikei,N.45 Repok
876,PPD SARIKEI,SK,YBB6102,SEKOLAH KEBANGSAAN ADIN,"D/A PEJABAT PENDIDIKAN DAERAH SARIKEI, TINGKAT 1, WISMA PERSEKUTUAN, JALAN BANGUNAN KERAJAAN",96100,SARIKEI,,TIADA,YBB6102@moe.edu.my,Luar Bandar,SK,102,16,111.4110833,2.053783333,Primary,Sarikei,P.206 Tanjong Manis,N.41 Kuala Rajang
877,PPD SARIKEI,SR SABK,YCA6101,SEKOLAH KEBANGSAAN AGAMA SARIKEI,"D/A PEJABAT PENDIDIKAN DAERAH SARIKEI, TINGKAT 1, WISMA PERSEKUTUAN, JALAN BANGUNAN KERAJAAN",96100,SARIKEI,84655920,84655920,YCA6101@moe.edu.my,Luar Bandar,SBK,394,39,111.50875,2.129233333,Primary,Sarikei,P.206 Tanjong Manis,N.41 Kuala Rajang
878,PPD SARIKEI,SK,YBB6107,SEKOLAH KEBANGSAAN ASSUN,"D/A PEJABAT PENDIDIKAN DAERAH SARIKEI, TINGKAT 1, WISMA PERSEKUTUAN, JALAN BANGUNAN KERAJAAN",96100,SARIKEI,TIADA,TIADA,YBB6107@moe.edu.my,Luar Bandar,SK,38,13,111.4976333,1.922283333,Primary,Sarikei,P.209 Julau,N.47 Pakan
879,PPD SARIKEI,SK,YBB6103,SEKOLAH KEBANGSAAN BALONG,"D/A PEJABAT PENDIDIKAN DAERAH SARIKEI, TINGKAT 1, WISMA PERSEKUTUAN, JALAN BANGUNAN KERAJAAN",96100,SARIKEI,TIADA,TIADA,YBB6103@moe.edu.my,Luar Bandar,SK,27,9,111.5097,1.96475,Primary,Sarikei,P.209 Julau,N.47 Pakan
880,PPD SARIKEI,SK,YBA6109,SEKOLAH KEBANGSAAN BUKIT KINYAU,"D/A PEJABAT PENDIDIKAN DAERAH SARIKEI, TINGKAT 1, WISMA PERSEKUTUAN, JALAN BANGUNAN KERAJAAN",96109,SARIKEI,TIADA,TIADA,YBA6109@moe.edu.my,Luar Bandar,SK,49,18,111.375495,2.134453,Primary,Sarikei,P.206 Tanjong Manis,N.41 Kuala Rajang
881,PPD SARIKEI,SK,YBB6111,SEKOLAH KEBANGSAAN JAWA,"D/A PEJABAT PENDIDIKAN DAERAH SARIKEI, TINGKAT 1, WISMA PERSEKUTUAN, JALAN BANGUNAN KERAJAAN",96100,SARIKEI,TIADA,TIADA,YBB6111@moe.edu.my,Luar Bandar,SK,56,13,111.3685167,2.002483333,Primary,Sarikei,P.206 Tanjong Manis,N.41 Kuala Rajang
882,PPD SARIKEI,SK,YBA6107,SEKOLAH KEBANGSAAN MANDOR ARIS,"D/A PEJABAT PENDIDIKAN DAERAH SARIKEI, TINGKAT 1, WISMA PERSEKUTUAN, JALAN BANGUNAN KERAJAAN",96100,SARIKEI,84661359,TIADA,YBA6107@moe.edu.my,Luar Bandar,SK,89,18,111.3167,2.01955,Primary,Sarikei,P.206 Tanjong Manis,N.41 Kuala Rajang
883,PPD SARIKEI,SJKC,YCH6101,SEKOLAH KEBANGSAAN METHODIST ANGLO-CHINESE,"D/A PEJABAT PENDIDIKAN DAERAH SARIKEI, TINGKAT 1, WISMA PERSEKUTUAN, JALAN BANGUNAN KERAJAAN",96100,SARIKEI,84651371,84651371,YCH6101@moe.edu.my,Luar Bandar,SBK,539,41,111.521217,2.129617,Primary,Sarikei,P.208 Sarikei,N.45 Repok
884,PPD SARIKEI,SK,YBB6118,SEKOLAH KEBANGSAAN MUARA PAYANG,"D/A PEJABAT PENDIDIKAN DAERAH SARIKEI, TINGKAT 1, WISMA PERSEKUTUAN, JALAN BANGUNAN KERAJAAN",96100,SARIKEI,TIADA,TIADA,YBB6118@moe.edu.my,Luar Bandar,SK,44,14,111.524441,2.195055,Primary,Sarikei,P.206 Tanjong Manis,N.41 Kuala Rajang
885,PPD SARIKEI,SK,YBB6104,SEKOLAH KEBANGSAAN PENGHULU ANDIN,"D/A PEJABAT PENDIDIKAN DAERAH SARIKEI, TINGKAT 1, WISMA PERSEKUTUAN, JALAN BANGUNAN KERAJAAN",96100,SARIKEI,TIADA,TIADA,YBB6104@moe.edu.my,Luar Bandar,SK,102,13,111.5648,2.010516667,Primary,Sarikei,P.209 Julau,N.47 Pakan
886,PPD SARIKEI,SK,YBB6108,SEKOLAH KEBANGSAAN RENTAP,"D/A PEJABAT PENDIDIKAN DAERAH SARIKEI, TINGKAT 1, WISMA PERSEKUTUAN, JALAN BANGUNAN KERAJAAN",96100,SARIKEI,TIADA,TIADA,YBB6108@moe.edu.my,Luar Bandar,SK,57,12,111.619224,2.015085,Primary,Sarikei,P.208 Sarikei,N.46 Meradong
887,PPD SARIKEI,SK,YBA6111,SEKOLAH KEBANGSAAN SARIKEI,"D/A PEJABAT PENDIDIKAN DAERAH SARIKEI, TINGKAT 1, WISMA PERSEKUTUAN, JALAN BANGUNAN KERAJAAN",96100,SARIKEI,84657162,84657162,YBA6111@moe.edu.my,Luar Bandar,SK,448,42,111.4996167,2.1324,Primary,Sarikei,P.206 Tanjong Manis,N.41 Kuala Rajang
888,PPD SARIKEI,SK,YBB6115,SEKOLAH KEBANGSAAN SELANGAN,"D/A PEJABAT PENDIDIKAN DAERAH SARIKEI, TINGKAT 1, WISMA PERSEKUTUAN, JALAN BANGUNAN KERAJAAN",96100,SARIKEI,TIADA,TIADA,YBB6115@moe.edu.my,Luar Bandar,SK,101,12,111.5587167,2.089366667,Primary,Sarikei,P.208 Sarikei,N.45 Repok
889,PPD SARIKEI,SK,YBB6112,SEKOLAH KEBANGSAAN SG PAOH,"D/A PEJABAT PENDIDIKAN DAERAH SARIKEI, TINGKAT 1, WISMA PERSEKUTUAN, JALAN BANGUNAN KERAJAAN",96100,SARIKEI,84671875,TIADA,YBB6112@moe.edu.my,Luar Bandar,SK,141,17,111.4624667,2.010083333,Primary,Sarikei,P.209 Julau,N.47 Pakan
890,PPD SARIKEI,SK,YBB6113,SEKOLAH KEBANGSAAN SG PETAI,"D/A PEJABAT PENDIDIKAN DAERAH SARIKEI, TINGKAT 1, WISMA PERSEKUTUAN, JALAN BANGUNAN KERAJAAN",96100,SARIKEI,TIADA,TIADA,YBB6113@moe.edu.my,Luar Bandar,SK,59,12,111.59808,2.090977,Primary,Sarikei,P.208 Sarikei,N.46 Meradong
891,PPD SARIKEI,SK,YBA6102,SEKOLAH KEBANGSAAN SG SENTEBU,"D/A PEJABAT PENDIDIKAN DAERAH SARIKEI, TINGKAT 1, WISMA PERSEKUTUAN, JALAN BANGUNAN KERAJAAN",96100,SARIKEI,TIADA,TIADA,YBA6102@moe.edu.my,Luar Bandar,SK,52,14,111.4944,2.11615,Primary,Sarikei,P.208 Sarikei,N.45 Repok
892,PPD SARIKEI,SK,YCB6101,SEKOLAH KEBANGSAAN ST ANNE,"D/A PEJABAT PENDIDIKAN DAERAH SARIKEI, TINGKAT 1, WISMA PERSEKUTUAN, JALAN BANGUNAN KERAJAAN",96100,SARIKEI,84651135,84651135,YCB6101@moe.edu.my,Luar Bandar,SBK,830,51,111.52105,2.125966667,Primary,Sarikei,P.208 Sarikei,N.45 Repok
893,PPD SARIKEI,SK,YBB6106,SEKOLAH KEBANGSAAN ST. ANDREW,"D/A PEJABAT PENDIDIKAN DAERAH SARIKEI, TINGKAT 1, WISMA PERSEKUTUAN, JALAN BANGUNAN KERAJAAN",96100,SARIKEI,TIADA,TIADA,YBB6106@moe.edu.my,Luar Bandar,SK,87,14,111.4397667,2.089066667,Primary,Sarikei,P.206 Tanjong Manis,N.41 Kuala Rajang
894,PPD SARIKEI,SK,YBB6114,SEKOLAH KEBANGSAAN TANAH PUTIH,"D/A PEJABAT PENDIDIKAN DAERAH SARIKEI, TINGKAT 1, WISMA PERSEKUTUAN, JALAN BANGUNAN KERAJAAN",96100,SARIKEI,TIADA,TIADA,YBB6114@moe.edu.my,Luar Bandar,SK,48,13,111.553014,2.15871,Primary,Sarikei,P.208 Sarikei,N.46 Meradong
895,PPD SARIKEI,SK,YBB6101,SEKOLAH KEBANGSAAN UDIN,"D/A PEJABAT PENDIDIKAN DAERAH SARIKEI, TINGKAT 1, WISMA PERSEKUTUAN, JALAN BANGUNAN KERAJAAN",96100,SARIKEI,TIADA,TIADA,YBB6101@moe.edu.my,Luar Bandar,SK,87,13,111.5064333,1.99495,Primary,Sarikei,P.209 Julau,N.47 Pakan
896,PPD SELANGAU,SJKC,YCC3405,SEKOLAH JENIS KEBANGSAAN (CINA) TONG AH,"KM 83, JALAN SIBU-BINTULU, SELANGAU",96000,SIBU,84891180,84891180,YCC3405@moe.edu.my,Luar Bandar,SBK,113,17,112.3255833,2.528916667,Primary,Selangau,P.214 Selangau,N.59 Tamin
897,PPD SELANGAU,SK,YBA3501,SEKOLAH KEBANGSAAN BATU 36,"D/A PEJABAT PENDIDIKAN DAERAH SELANGAU, LOT 363, BLOK 15, NEW TOWNSHIP, SELANGAU",96000,SIBU,84894104,84894104,YBA3501@moe.edu.my,Luar Bandar,SK,264,25,112.2128,2.418866667,Primary,Selangau,P.214 Selangau,N.59 Tamin
898,PPD SELANGAU,SK,YBA3206,SEKOLAH KEBANGSAAN BUKIT ARIP,"D/A PEJABAT PENDIDIKAN DAERAH SELANGAU, LOT 363, BLOK 15, NEW TOWNSHIP, SELANGAU",96000,SIBU,TIADA,TIADA,YBA3206@moe.edu.my,Luar Bandar,SK,81,14,112.66935,2.73765,Primary,Selangau,P.214 Selangau,N.60 Kakus
899,PPD SELANGAU,SK,YBA3408,SEKOLAH KEBANGSAAN DIJIH,"D/A PEJABAT PENDIDIKAN DAERAH SELANGAU, LOT 363, BLOK 15, NEW TOWNSHIP, SELANGAU",96000,SIBU,TIADA,TIADA,YBA3408@moe.edu.my,Luar Bandar,SK,236,20,112.2664167,2.525066667,Primary,Selangau,P.213 Mukah,N.57 Tellian
900,PPD SELANGAU,SK,YBE3413,SEKOLAH KEBANGSAAN IBAN UNION,"D/A PEJABAT PENDIDIKAN DAERAH SELANGAU, LOT 363, BLOK 15, NEW TOWNSHIP, SELANGAU",96000,SIBU,TIADA,TIADA,YBE3413@moe.edu.my,Luar Bandar,SK,24,9,112.609985,2.758155,Primary,Selangau,P.214 Selangau,N.60 Kakus
901,PPD SELANGAU,SK,YBE3412,SEKOLAH KEBANGSAAN KUALA LEMAI,"D/A PEJABAT PENDIDIKAN DAERAH SELANGAU, LOT 363, BLOK 15, NEW TOWNSHIP, SELANGAU",96000,SIBU,TIADA,TIADA,YBE3412@moe.edu.my,Luar Bandar,SK,14,9,112.505279,2.687033,Primary,Selangau,P.214 Selangau,N.59 Tamin
902,PPD SELANGAU,SK,YBB3412,SEKOLAH KEBANGSAAN KUALA PELUGAU,"D/A PEJABAT PENDIDIKAN DAERAH SELANGAU, LOT 363, BLOK 15, NEW TOWNSHIP, SELANGAU",96000,SIBU,TIADA,TIADA,YBB3412@moe.edu.my,Luar Bandar,SK,83,16,112.5473167,2.6159,Primary,Selangau,P.214 Selangau,N.59 Tamin
903,PPD SELANGAU,SK,YBB3405,SEKOLAH KEBANGSAAN NANGA KUA,"D/A PEJABAT PENDIDIKAN DAERAH SELANGAU, LOT 363, BLOK 15, NEW TOWNSHIP, SELANGAU",96000,SIBU,TIADA,TIADA,YBB3405@moe.edu.my,Luar Bandar,SK,96,14,112.3182333,2.439783333,Primary,Selangau,P.214 Selangau,N.59 Tamin
904,PPD SELANGAU,SK,YBE3408,SEKOLAH KEBANGSAAN NANGA SELANGAU,"D/A PEJABAT PENDIDIKAN DAERAH SELANGAU, LOT 363, BLOK 15, NEW TOWNSHIP, SELANGAU",96000,SIBU,84894581,TIADA,YBE3408@moe.edu.my,Luar Bandar,SK,276,25,112.3255667,2.507816667,Primary,Selangau,P.214 Selangau,N.59 Tamin
905,PPD SELANGAU,SK,YBB3502,SEKOLAH KEBANGSAAN NANGA TAJAM,"D/A PEJABAT PENDIDIKAN DAERAH SELANGAU, LOT 363, BLOK 15, NEW TOWNSHIP, SELANGAU",96000,SIBU,TIADA,TIADA,YBB3502@moe.edu.my,Luar Bandar,SK,78,14,112.10285,2.437916667,Primary,Selangau,P.214 Selangau,N.59 Tamin
906,PPD SELANGAU,SK,YBB3506,SEKOLAH KEBANGSAAN PENGHULU IMBAN,"D/A PEJABAT PENDIDIKAN DAERAH SELANGAU, LOT 363, BLOK 15, NEW TOWNSHIP, SELANGAU",96000,SIBU,194866165,TIADA,YBB3506@moe.edu.my,Luar Bandar,SK,251,26,112.12755,2.354316667,Primary,Selangau,P.214 Selangau,N.59 Tamin
907,PPD SELANGAU,SK,YBB3415,SEKOLAH KEBANGSAAN SG ANAK,"D/A PEJABAT PENDIDIKAN DAERAH SELANGAU, LOT 363, BLOK 15, NEW TOWNSHIP, SELANGAU",96000,SIBU,TIADA,TIADA,YBB3415@moe.edu.my,Luar Bandar,SK,71,11,112.6619167,2.812966667,Primary,Selangau,P.214 Selangau,N.60 Kakus
908,PPD SELANGAU,SK,YBB3406,SEKOLAH KEBANGSAAN SG ARAU,"D/A PEJABAT PENDIDIKAN DAERAH SELANGAU, LOT 363, BLOK 15, NEW TOWNSHIP, SELANGAU",96000,SIBU,TIADA,TIADA,YBB3406@moe.edu.my,Luar Bandar,SK,14,9,112.569898,2.306844,Primary,Selangau,P.214 Selangau,N.59 Tamin
909,PPD SELANGAU,SK,YBB3408,SEKOLAH KEBANGSAAN SG BAWANG,"D/A PEJABAT PENDIDIKAN DAERAH SELANGAU, LOT 363, BLOK 15, NEW TOWNSHIP, SELANGAU",96000,SIBU,TIADA,TIADA,YBB3408@moe.edu.my,Luar Bandar,SK,60,12,112.5904,2.6975,Primary,Selangau,P.214 Selangau,N.60 Kakus
910,PPD SELANGAU,SK,YBB3409,SEKOLAH KEBANGSAAN SG BULOH,SELANGAU,96000,SIBU,TIADA,TIADA,YBB3409@moe.edu.my,Luar Bandar,SK,123,11,112.4256167,2.581866667,Primary,Selangau,P.214 Selangau,N.59 Tamin
911,PPD SELANGAU,SK,YBA3405,SEKOLAH KEBANGSAAN SG KEMENA,"D/A PEJABAT PENDIDIKAN DAERAH SELANGAU, LOT 363, BLOK 15, NEW TOWNSHIP, SELANGAU",96000,SIBU,TIADA,TIADA,YBA3405@moe.edu.my,Luar Bandar,SK,77,10,112.6185333,2.655183333,Primary,Selangau,P.214 Selangau,N.59 Tamin
912,PPD SELANGAU,SK,YBB3416,SEKOLAH KEBANGSAAN SG SEPIRING/SG TEPUS,"D/A PEJABAT PENDIDIKAN DAERAH SELANGAU, LOT 363, BLOK 15, NEW TOWNSHIP, SELANGAU",96000,SIBU,TIADA,TIADA,YBB3416@moe.edu.my,Luar Bandar,SK,228,24,112.5047333,2.558883333,Primary,Selangau,P.214 Selangau,N.59 Tamin
913,PPD SELANGAU,SK,YBB3410,SEKOLAH KEBANGSAAN SG TAU,"D/A PEJABAT PENDIDIKAN DAERAH SELANGAU, LOT 363, BLOK 15, NEW TOWNSHIP, SELANGAU",96000,SIBU,TIADA,TIADA,YBB3410@moe.edu.my,Luar Bandar,SK,21,8,112.5920833,2.721966667,Primary,Selangau,P.214 Selangau,N.60 Kakus
914,PPD SELANGAU,SK,YCB3503,SEKOLAH KEBANGSAAN ST MARK,"D/A PEJABAT PENDIDIKAN DAERAH SELANGAU, LOT 363, BLOK 15, NEW TOWNSHIP, SELANGAU",96000,SIBU,TIADA,TIADA,YCB3503@moe.edu.my,Luar Bandar,SBK,47,14,112.073561,2.50998,Primary,Selangau,P.214 Selangau,N.59 Tamin
915,PPD SELANGAU,SK,YCB3501,SEKOLAH KEBANGSAAN ST MATTHEW SEKUAU,"D/A PEJABAT PENDIDIKAN DAERAH SELANGAU, LOT 363, BLOK 15, NEW TOWNSHIP, SELANGAU",96000,SIBU,TIADA,TIADA,YCB3501@moe.edu.my,Luar Bandar,SBK,72,13,112.169691,2.342643,Primary,Selangau,P.214 Selangau,N.59 Tamin
916,PPD SELANGAU,SK,YBB3505,SEKOLAH KEBANGSAAN SUNGAI PAKOH,"D/A PEJABAT PENDIDIKAN DAERAH SELANGAU, LOT 363, BLOK 15, NEW TOWNSHIP, SELANGAU",96000,SIBU,TIADA,TIADA,YBB3505@moe.edu.my,Luar Bandar,SK,33,13,112.20529,2.288467,Primary,Selangau,P.214 Selangau,N.59 Tamin
917,PPD SELANGAU,SK,YBE3414,SEKOLAH KEBANGSAAN ULU SG ARIP,"D/A PEJABAT PENDIDIKAN DAERAH SELANGAU, LOT 363, BLOK 15, NEW TOWNSHIP, SELANGAU",96000,SIBU,TIADA,TIADA,YBE3414@moe.edu.my,Luar Bandar,SK,65,13,112.7069167,2.715,Primary,Selangau,P.214 Selangau,N.60 Kakus
918,PPD SERIAN,SJKC,YCC8202,SEKOLAH JENIS KEBANGSAAN (CINA) CHUNG HUA BATU 29,"D/A PEJABAT PENDIDIKAN DAERAH SERIAN, BATU 1, JALAN SERIAN/SRI AMAN",94700,SERIAN,82878897,82878897,YCC8202@moe.edu.my,Luar Bandar,SBK,81,15,110.475951,1.256428,Primary,Serian,P.197 Kota Samarahan,N.16 Muara Tuang
919,PPD SERIAN,SJKC,YCC8205,SEKOLAH JENIS KEBANGSAAN (CINA) CHUNG HUA BATU 32,"D/A PEJABAT PENDIDIKAN DAERAH SERIAN, BATU 1, JALAN SERIAN/SRI AMAN",94700,SERIAN,82878573,82878573,YCC8205@moe.edu.my,Luar Bandar,SBK,149,17,110.514168,1.224078,Primary,Serian,P.198 Puncak Borneo,N.20 Tarat
920,PPD SERIAN,SJKC,YCC8204,SEKOLAH JENIS KEBANGSAAN (CINA) CHUNG HUA BATU 35,"D/A PEJABAT PENDIDIKAN DAERAH SERIAN, BATU 1, JALAN SERIAN/SRI AMAN",94700,SERIAN,82874785,82874785,YCC8204@moe.edu.my,Luar Bandar,SBK,177,16,110.53937,1.201885,Primary,Serian,P.198 Puncak Borneo,N.20 Tarat
921,PPD SERIAN,SJKC,YCC8201,SEKOLAH JENIS KEBANGSAAN (CINA) CHUNG HUA SERIAN,"D/A PEJABAT PENDIDIKAN DAERAH SERIAN, BATU 1, JALAN SERIAN/SRI AMAN",94700,SERIAN,82874322,82876657,YCC8201@moe.edu.my,Luar Bandar,SBK,512,36,110.57,1.17,Primary,Serian,P.199 Serian,N.23 Bukit Semuja
922,PPD SERIAN,SJKC,YBC8202,SEKOLAH JENIS KEBANGSAAN (CINA) PANGKALAN BEDUP,"BATU 7, JALAN SERIAN/SRI AMAN",94700,SERIAN,TIADA,TIADA,YBC8202@moe.edu.my,Luar Bandar,SK,68,13,110.633883,1.087064,Primary,Serian,P.199 Serian,N.23 Bukit Semuja
923,PPD SERIAN,SJKC,YBC8201,SEKOLAH JENIS KEBANGSAAN (CINA) SG MENYAN,"D/A PEJABAT PENDIDIKAN DAERAH SERIAN, BATU 1, JALAN SERIAN/SRI AMAN",94700,SERIAN,82895113,TIADA,YBC8201@moe.edu.my,Luar Bandar,SK,284,26,110.71,1.04,Primary,Serian,P.199 Serian,N.22 Kedup
924,PPD SERIAN,SK,YCB8217,SEKOLAH KEBANGSAAN ALL SAINTS PLAMAN NYABET,"D/A PEJABAT PENDIDIKAN DAERAH SERIAN, BATU 1, JALAN SERIAN/SRI AMAN",94700,SERIAN,TIADA,TIADA,YCB8217@moe.edu.my,Luar Bandar,SBK,35,10,110.440203,1.208578,Primary,Serian,P.199 Serian,N.21 Tebedu
925,PPD SERIAN,SK,YBB8211,SEKOLAH KEBANGSAAN BALAI RINGIN,"D/A PEJABAT PENDIDIKAN DAERAH SERIAN, BATU 1, JALAN SERIAN/SRI AMAN",94700,SERIAN,82877505,82877505,YBB8211@moe.edu.my,Luar Bandar,SK,296,34,110.748852,1.048526,Primary,Serian,P.202 Sri Aman,N.30 Balai Ringin
926,PPD SERIAN,SK,YBB8228,SEKOLAH KEBANGSAAN BEDUP,"D/A PEJABAT PENDIDIKAN DAERAH SERIAN, BATU 1, JALAN SERIAN/SRI AMAN",94700,SERIAN,TIADA,TIADA,YBB8228@moe.edu.my,Luar Bandar,SK,144,18,110.602429,1.087075,Primary,Serian,P.199 Serian,N.23 Bukit Semuja
927,PPD SERIAN,SK,YBB8232,SEKOLAH KEBANGSAAN DAHA,"D/A PEJABAT PENDIDIKAN DAERAH SERIAN, BATU 1, JALAN SERIAN/SRI AMAN",94700,SERIAN,TIADA,TIADA,YBB8232@moe.edu.my,Luar Bandar,SK,85,15,110.470485,0.938659,Primary,Tebedu,P.199 Serian,N.21 Tebedu
928,PPD SERIAN,SK,YBB8231,SEKOLAH KEBANGSAAN ENGKAROH,"KPG. ENGKEROH, JALAN SERIAN/MONGKOS",94700,SERIAN,TIADA,TIADA,YBB8231@moe.edu.my,Luar Bandar,SK,80,12,110.535679,1.011838,Primary,Serian,P.199 Serian,N.22 Kedup
929,PPD SERIAN,SK,YBB8241,SEKOLAH KEBANGSAAN ENTAYAN,"D/A PEJABAT PENDIDIKAN DAERAH SERIAN, BATU 1, JALAN SERIAN/SRI AMAN",94700,SERIAN,TIADA,TIADA,YBB8241@moe.edu.my,Luar Bandar,SK,73,12,110.687622,1.07219,Primary,Serian,P.199 Serian,N.22 Kedup
930,PPD SERIAN,SK,YBB8254,SEKOLAH KEBANGSAAN ENTUBUH,"D/A PEJABAT PENDIDIKAN DAERAH SERIAN, BATU 1, JALAN SERIAN/SRI AMAN",94700,SERIAN,TIADA,TIADA,YBB8254@moe.edu.my,Luar Bandar,SK,70,12,110.356884,1.0031,Primary,Tebedu,P.199 Serian,N.21 Tebedu
931,PPD SERIAN,SK,YBB8233,SEKOLAH KEBANGSAAN GAHAT MAWANG,"D/A PEJABAT PENDIDIKAN DAERAH SERIAN, BATU 1, JALAN SERIAN/SRI AMAN",94700,SERIAN,TIADA,TIADA,YBB8233@moe.edu.my,Luar Bandar,SK,49,10,110.464032,0.98827,Primary,Tebedu,P.199 Serian,N.21 Tebedu
932,PPD SERIAN,SK,YBB8237,SEKOLAH KEBANGSAAN GEMANG,"D/A PEJABAT PENDIDIKAN DAERAH SERIAN, BATU 1, JALAN SERIAN/SRI AMAN",94700,SERIAN,82896260,TIADA,YBB8237@moe.edu.my,Luar Bandar,SK,83,16,110.477313,1.295547,Primary,Serian,P.197 Kota Samarahan,N.16 Muara Tuang
933,PPD SERIAN,SK,YBB8219,SEKOLAH KEBANGSAAN KORAN,"D/A PEJABAT PENDIDIKAN DAERAH SERIAN, BATU 1, JALAN SERIAN/SRI AMAN",94700,SERIAN,TIADA,TIADA,YBB8219@moe.edu.my,Luar Bandar,SK,319,29,110.548017,1.101151,Primary,Serian,P.199 Serian,N.23 Bukit Semuja
934,PPD SERIAN,SK,YBB8243,SEKOLAH KEBANGSAAN KRAIT,"KAMPUNG KRAIT, JALAN BATANG KEDUP",94700,SERIAN,82895824,TIADA,YBB8243@moe.edu.my,Luar Bandar,SK,75,10,110.658626,1.00465,Primary,Serian,P.199 Serian,N.22 Kedup
935,PPD SERIAN,SK,YBB8240,SEKOLAH KEBANGSAAN KRANGAN,"D/A PEJABAT PENDIDIKAN DAERAH SERIAN, BATU 1, JALAN SERIAN/SRI AMAN",94700,SERIAN,,,YBB8240@moe.edu.my,Luar Bandar,SK,63,12,110.730764,1.002141,Primary,Serian,P.199 Serian,N.22 Kedup
936,PPD SERIAN,SK,YBB8206,SEKOLAH KEBANGSAAN KRUSEN,"D/A PEJABAT PENDIDIKAN DAERAH SERIAN, BATU 1, JALAN SERIAN/SRI AMAN",94700,SERIAN,TIADA,TIADA,YBB8206@moe.edu.my,Luar Bandar,SK,71,12,110.500832,1.070161,Primary,Serian,P.199 Serian,N.21 Tebedu
937,PPD SERIAN,SK,YBB8249,SEKOLAH KEBANGSAAN KUJANG MAWANG,"D/A PEJABAT PENDIDIKAN DAERAH SERIAN, BATU 1, JALAN SERIAN/SRI AMAN",94700,SERIAN,TIADA,TIADA,YBB8249@moe.edu.my,Luar Bandar,SK,73,13,110.437239,0.983932,Primary,Tebedu,P.199 Serian,N.21 Tebedu
938,PPD SERIAN,SK,YBB8246,SEKOLAH KEBANGSAAN KUJANG SAIN,"D/A PEJABAT PENDIDIKAN DAERAH SERIAN, BATU 1, JALAN SERIAN/SRI AMAN",94700,SERIAN,TIADA,TIADA,YBB8246@moe.edu.my,Luar Bandar,SK,36,10,110.444514,0.945497,Primary,Tebedu,P.199 Serian,N.21 Tebedu
939,PPD SERIAN,SK,YBB8207,SEKOLAH KEBANGSAAN LEBUR / REMUN,"D/A PEJABAT PENDIDIKAN DAERAH SERIAN, BATU 1, JALAN SERIAN/SRI AMAN",94700,SERIAN,82895157,TIADA,YBB8207@moe.edu.my,Luar Bandar,SK,159,18,110.652762,1.1569,Primary,Serian,P.199 Serian,N.23 Bukit Semuja
940,PPD SERIAN,SK,YBB8222,SEKOLAH KEBANGSAAN LOBANG BATU,"D/A PEJABAT PENDIDIKAN DAERAH SERIAN, BATU 1, JALAN SERIAN/SRI AMAN",94700,SERIAN,82895541,TIADA,YBB8222@moe.edu.my,Luar Bandar,SK,172,20,110.531285,0.975872,Primary,Tebedu,P.199 Serian,N.21 Tebedu
941,PPD SERIAN,SK,YBB8252,SEKOLAH KEBANGSAAN LUBOK ANTU REBAN,"D/A PEJABAT PENDIDIKAN DAERAH SERIAN, BATU 1, JALAN SERIAN/SRI AMAN",94700,SERIAN,TIADA,TIADA,YBB8252@moe.edu.my,Luar Bandar,SK,50,14,110.533981,1.345913,Primary,Serian,P.197 Kota Samarahan,N.16 Muara Tuang
942,PPD SERIAN,SK,YBB8218,SEKOLAH KEBANGSAAN MAPU,"D/A PEJABAT PENDIDIKAN DAERAH SERIAN, BATU 1, JALAN SERIAN/SRI AMAN",94700,SERIAN,TIADA,TIADA,YBB8218@moe.edu.my,Luar Bandar,SK,114,15,110.491601,0.927597,Primary,Tebedu,P.199 Serian,N.22 Kedup
943,PPD SERIAN,SK,YBB8239,SEKOLAH KEBANGSAAN MAWANG TAUP,"D/A PEJABAT PENDIDIKAN DAERAH SERIAN, BATU 1, JALAN SERIAN/SRI AMAN",94700,SERIAN,TIADA,TIADA,YBB8239@moe.edu.my,Luar Bandar,SK,46,11,110.455989,1.031013,Primary,Tebedu,P.199 Serian,N.21 Tebedu
944,PPD SERIAN,SK,YBB8215,SEKOLAH KEBANGSAAN MELANSAI,"D/A PEJABAT PENDIDIKAN DAERAH SERIAN, BATU 1, JALAN SERIAN/SRI AMAN",94700,SERIAN,TIADA,TIADA,YBB8215@moe.edu.my,Luar Bandar,SK,183,18,110.614257,1.127871,Primary,Serian,P.199 Serian,N.23 Bukit Semuja
945,PPD SERIAN,SK,YBB8256,SEKOLAH KEBANGSAAN MENTU TAPU,"D/A PEJABAT PENDIDIKAN DAERAH SERIAN, BATU 1, JALAN SERIAN/SRI AMAN",94700,SERIAN,TIADA,TIADA,YBB8256@moe.edu.my,Luar Bandar,SK,99,16,110.581014,0.937036,Primary,Tebedu,P.199 Serian,N.22 Kedup
946,PPD SERIAN,SK,YBB8244,SEKOLAH KEBANGSAAN MERAKAI,"D/A PEJABAT PENDIDIKAN DAERAH SERIAN, BATU 1, JALAN SERIAN/SRI AMAN",94700,SERIAN,TIADA,TIADA,YBB8244@moe.edu.my,Luar Bandar,SK,29,9,110.733541,1.164385,Primary,Serian,P.199 Serian,N.23 Bukit Semuja
947,PPD SERIAN,SK,YBB8242,SEKOLAH KEBANGSAAN MERBAU,"D/A PEJABAT PENDIDIKAN DAERAH SERIAN, BATU 1, JALAN SERIAN/SRI AMAN",94700,SERIAN,TIADA,TIADA,YBB8242@moe.edu.my,Luar Bandar,SK,94,11,110.726353,1.053509,Primary,Serian,P.199 Serian,N.22 Kedup
948,PPD SERIAN,SK,YBA8202,SEKOLAH KEBANGSAAN MUBOK BERAWAN (MUBUK BIRAWAN),"D/A PEJABAT PENDIDIKAN DAERAH SERIAN, BATU 1, JALAN SERIAN/SRI AMAN",94700,SERIAN,82895526,TIADA,YBA8202@moe.edu.my,Luar Bandar,SK,55,12,110.600669,0.99957,Primary,Serian,P.199 Serian,N.22 Kedup
949,PPD SERIAN,SK,YBB8251,SEKOLAH KEBANGSAAN PANGKALAN SORAH,"KAMPUNG SORAH MELAYU, JALAN SERIAN-TEBEDU",94700,SERIAN,82896242,TIADA,YBB8251@moe.edu.my,Luar Bandar,SK,52,13,110.543981,1.127296,Primary,Serian,P.199 Serian,N.23 Bukit Semuja
950,PPD SERIAN,SK,YBB8220,SEKOLAH KEBANGSAAN PARUN SUAN,"D/A PEJABAT PENDIDIKAN DAERAH SERIAN, BATU 1, JALAN SERIAN/SRI AMAN",94700,SERIAN,,,YBB8220@moe.edu.my,Luar Bandar,SK,129,16,110.472556,1.161271,Primary,Serian,P.199 Serian,N.21 Tebedu
951,PPD SERIAN,SK,YBB8227,SEKOLAH KEBANGSAAN PATI,"D/A PEJABAT PENDIDIKAN DAERAH SERIAN, BATU 1, JALAN SERIAN/SRI AMAN",94700,SERIAN,82895391,TIADA,YBB8227@moe.edu.my,Luar Bandar,SK,135,18,110.549448,1.30343,Primary,Serian,P.197 Kota Samarahan,N.16 Muara Tuang
952,PPD SERIAN,SK,YBB8224,SEKOLAH KEBANGSAAN PAYAU,"D/A PEJABAT PENDIDIKAN DAERAH SERIAN, BATU 1, JALAN SERIAN/SRI AMAN",94700,SERIAN,TIADA,TIADA,YBB8224@moe.edu.my,Luar Bandar,SK,126,13,110.501622,1.017899,Primary,Tebedu,P.199 Serian,N.21 Tebedu
953,PPD SERIAN,SK,YBB8257,SEKOLAH KEBANGSAAN PLAMAN BAKI / MENAUL,"D/A PEJABAT PENDIDIKAN DAERAH SERIAN, BATU 1, JALAN SERIAN/SRI AMAN",94700,SERIAN,82896213,TIADA,YBB8257@moe.edu.my,Luar Bandar,SK,174,22,110.52362,1.260617,Primary,Serian,P.197 Kota Samarahan,N.16 Muara Tuang
954,PPD SERIAN,SK,YBB8255,SEKOLAH KEBANGSAAN PRIDAN,"D/A PEJABAT PENDIDIKAN DAERAH SERIAN, BATU 1, JALAN SERIAN/SRI AMAN",94700,SERIAN,TIADA,TIADA,YBB8255@moe.edu.my,Luar Bandar,SK,96,12,110.588522,1.034349,Primary,Serian,P.199 Serian,N.22 Kedup
955,PPD SERIAN,SK,YBB8210,SEKOLAH KEBANGSAAN RAYANG,"D/A PEJABAT PENDIDIKAN DAERAH SERIAN, BATU 1, JALAN SERIAN/SRI AMAN",94700,SERIAN,82872788,TIADA,YBB8210@moe.edu.my,Luar Bandar,SK,141,17,110.549455,1.201585,Primary,Serian,P.198 Puncak Borneo,N.20 Tarat
956,PPD SERIAN,SK,YBB8216,SEKOLAH KEBANGSAAN RETEH,"D/A PEJABAT PENDIDIKAN DAERAH SERIAN, BATU 1, JALAN SERIAN/SRI AMAN",94700,SERIAN,TIADA,TIADA,YBB8216@moe.edu.my,Luar Bandar,SK,57,12,110.455706,1.059195,Primary,Tebedu,P.199 Serian,N.21 Tebedu
957,PPD SERIAN,SK,YBB8238,SEKOLAH KEBANGSAAN RIIH DASO,"D/A PEJABAT PENDIDIKAN DAERAH SERIAN, BATU 1, JALAN SERIAN/SRI AMAN",94700,SERIAN,TIADA,TIADA,YBB8238@moe.edu.my,Luar Bandar,SK,176,18,110.515734,1.141398,Primary,Serian,P.199 Serian,N.23 Bukit Semuja
958,PPD SERIAN,SK,YBB8223,SEKOLAH KEBANGSAAN RITUH,"D/A PEJABAT PENDIDIKAN DAERAH SERIAN, BATU 1, JALAN SERIAN/SRI AMAN",94700,SERIAN,TIADA,TIADA,YBB8223@moe.edu.my,Luar Bandar,SK,79,13,110.441356,1.281056,Primary,Serian,P.198 Puncak Borneo,N.20 Tarat
959,PPD SERIAN,SK,YBB8201,SEKOLAH KEBANGSAAN SAMARAHAN ESTATE,"D/A PEJABAT PENDIDIKAN DAERAH SERIAN, BATU 1, JALAN SERIAN/SRI AMAN",94700,SERIAN,82896215,TIADA,YBB8201@moe.edu.my,Luar Bandar,SK,92,12,110.553634,1.339084,Primary,Serian,P.200 Batang Sadong,N.26 Gedong
960,PPD SERIAN,SK,YBB8229,SEKOLAH KEBANGSAAN SANGAI,"D/A PEJABAT PENDIDIKAN DAERAH SERIAN, BATU 1, JALAN SERIAN/SRI AMAN",94700,SERIAN,TIADA,TIADA,YBB8229@moe.edu.my,Luar Bandar,SK,73,11,110.561954,1.060174,Primary,Serian,P.199 Serian,N.22 Kedup
961,PPD SERIAN,SK,YBB8234,SEKOLAH KEBANGSAAN SEBANBAN,"D/A PEJABAT PENDIDIKAN DAERAH SERIAN, BATU 1, JALAN SERIAN/SRI AMAN",94700,SERIAN,TIADA,TIADA,YBB8234@moe.edu.my,Luar Bandar,SK,43,12,110.639932,1.24568,Primary,Serian,P.198 Puncak Borneo,N.20 Tarat
962,PPD SERIAN,SK,YBB8236,SEKOLAH KEBANGSAAN SEJIJAG,"D/A PEJABAT PENDIDIKAN DAERAH SERIAN, BATU 1, JALAN SERIAN/SRI AMAN",94700,SERIAN,TIADA,TIADA,YBB8236@moe.edu.my,Luar Bandar,SK,42,11,110.348761,1.067007,Primary,Tebedu,P.199 Serian,N.21 Tebedu
963,PPD SERIAN,SK,YBB8245,SEKOLAH KEBANGSAAN SEMADA,"D/A PEJABAT PENDIDIKAN DAERAH SERIAN, BATU 1, JALAN SERIAN/SRI AMAN",94700,SERIAN,TIADA,TIADA,YBB8245@moe.edu.my,Luar Bandar,SK,48,13,110.792669,1.095434,Primary,Serian,P.202 Sri Aman,N.30 Balai Ringin
964,PPD SERIAN,SK,YBB8214,SEKOLAH KEBANGSAAN SEMUKOI,"D/A PEJABAT PENDIDIKAN DAERAH SERIAN, BATU 1, JALAN SERIAN/SRI AMAN",94700,SERIAN,TIADA,TIADA,YBB8214@moe.edu.my,Luar Bandar,SK,62,13,110.674467,1.050595,Primary,Serian,P.199 Serian,N.22 Kedup
965,PPD SERIAN,SK,YBE8201,SEKOLAH KEBANGSAAN SERIAN,"D/A PEJABAT PENDIDIKAN DAERAH SERIAN, BATU 1, JALAN SERIAN/SRI AMAN",94700,SERIAN,82872510,82872510,YBE8201@moe.edu.my,Luar Bandar,SK,496,47,110.5792833,1.15175,Primary,Serian,P.199 Serian,N.23 Bukit Semuja
966,PPD SERIAN,SK,YBB8230,SEKOLAH KEBANGSAAN SG KENYAH,"D/A PEJABAT PENDIDIKAN DAERAH SERIAN, BATU 1, JALAN SERIAN/SRI AMAN",94700,SERIAN,82868296,TIADA,YBB8230@moe.edu.my,Luar Bandar,SK,157,19,110.421932,1.27704,Primary,Kuching,P.198 Puncak Borneo,N.20 Tarat
967,PPD SERIAN,SK,YBB8225,SEKOLAH KEBANGSAAN SG RIMU,"D/A PEJABAT PENDIDIKAN DAERAH SERIAN, BATU 1, JALAN SERIAN/SRI AMAN",94700,SERIAN,82896575,TIADA,YBB8225@moe.edu.my,Luar Bandar,SK,40,12,110.654082,0.985427,Primary,Serian,P.199 Serian,N.22 Kedup
968,PPD SERIAN,SK,YBB8217,SEKOLAH KEBANGSAAN SG SAMERAN,"D/A PEJABAT PENDIDIKAN DAERAH SERIAN, BATU 1, JALAN SERIAN/SRI AMAN",94700,SERIAN,TIADA,TIADA,YBB8217@moe.edu.my,Luar Bandar,SK,131,17,110.401472,1.112178,Primary,Tebedu,P.199 Serian,N.21 Tebedu
969,PPD SERIAN,SK,YCB8210,SEKOLAH KEBANGSAAN ST ALBAN AMPUNGAN,"D/A PEJABAT PENDIDIKAN DAERAH SERIAN, BATU 1, JALAN SERIAN/SRI AMAN",94700,SERIAN,TIADA,TIADA,YCB8210@moe.edu.my,Luar Bandar,SBK,114,16,110.600138,1.166702,Primary,Serian,P.199 Serian,N.23 Bukit Semuja
970,PPD SERIAN,SK,YCB8216,SEKOLAH KEBANGSAAN ST AMBROSE PANCHOR,"D/A PEJABAT PENDIDIKAN DAERAH SERIAN, BATU 1, JALAN SERIAN/SRI AMAN",94700,SERIAN,82895458,TIADA,YCB8216@moe.edu.my,Luar Bandar,SBK,65,12,110.45967,1.254256,Primary,Serian,P.198 Puncak Borneo,N.20 Tarat
971,PPD SERIAN,SK,YCB8206,SEKOLAH KEBANGSAAN ST ANTHONY KAWAN,"D/A PEJABAT PENDIDIKAN DAERAH SERIAN, BATU 1, JALAN SERIAN/SRI AMAN",94700,SERIAN,,,YCB8206@moe.edu.my,Luar Bandar,SBK,94,15,110.558918,0.971074,Primary,Tebedu,P.199 Serian,N.22 Kedup
972,PPD SERIAN,SK,YCB8213,SEKOLAH KEBANGSAAN ST BARNABAS BARU,"D/A PEJABAT PENDIDIKAN DAERAH SERIAN, BATU 1, JALAN SERIAN/SRI AMAN",94700,SERIAN,82895034,0,YCB8213@moe.edu.my,Luar Bandar,SBK,88,13,110.499431,1.221198,Primary,Serian,P.198 Puncak Borneo,N.20 Tarat
973,PPD SERIAN,SK,YCB8205,SEKOLAH KEBANGSAAN ST DOMINIC PICHIN,"D/A PEJABAT PENDIDIKAN DAERAH SERIAN, BATU 1, JALAN SERIAN/SRI AMAN",94700,SERIAN,82895736,TIADA,YCB8205@moe.edu.my,Luar Bandar,SBK,129,16,110.488174,1.10957,Primary,Serian,P.199 Serian,N.23 Bukit Semuja
974,PPD SERIAN,SK,YCB8209,SEKOLAH KEBANGSAAN ST HENRY SLABI,"D/A PEJABAT PENDIDIKAN DAERAH SERIAN, BATU 1, JALAN SERIAN/SRI AMAN",94700,SERIAN,TIADA,TIADA,YCB8209@moe.edu.my,Luar Bandar,SBK,112,13,110.552963,1.136093,Primary,Serian,P.199 Serian,N.23 Bukit Semuja
975,PPD SERIAN,SK,YCB8203,SEKOLAH KEBANGSAAN ST JOHN MANTUNG,"D/A PEJABAT PENDIDIKAN DAERAH SERIAN, BATU 1, JALAN SERIAN/SRI AMAN",94700,SERIAN,TIADA,TIADA,YCB8203@moe.edu.my,Luar Bandar,SBK,44,11,110.604472,0.986735,Primary,Serian,P.199 Serian,N.22 Kedup
976,PPD SERIAN,SK,YCB8214,SEKOLAH KEBANGSAAN ST JOHN TAEE,"D/A PEJABAT PENDIDIKAN DAERAH SERIAN, BATU 1, JALAN SERIAN/SRI AMAN",94700,SERIAN,TIADA,TIADA,YCB8214@moe.edu.my,Luar Bandar,SBK,162,16,110.4649,1.209096,Primary,Serian,P.199 Serian,N.21 Tebedu
977,PPD SERIAN,SK,YCB8207,SEKOLAH KEBANGSAAN ST JUDE BUNAN,"D/A PEJABAT PENDIDIKAN DAERAH SERIAN, BATU 1, JALAN SERIAN/SRI AMAN",94700,SERIAN,TIADA,TIADA,YCB8207@moe.edu.my,Luar Bandar,SBK,237,17,110.540001,0.915128,Primary,Tebedu,P.199 Serian,N.22 Kedup
978,PPD SERIAN,SK,YCB8215,SEKOLAH KEBANGSAAN ST MATHEW LANCHANG,"D/A PEJABAT PENDIDIKAN DAERAH SERIAN, BATU 1, JALAN SERIAN/SRI AMAN",94700,SERIAN,TIADA,TIADA,YCB8215@moe.edu.my,Luar Bandar,SBK,68,13,110.491008,1.1156379,Primary,Serian,P.199 Serian,N.21 Tebedu
979,PPD SERIAN,SK,YCB8204,SEKOLAH KEBANGSAAN ST MICHAEL MONGKOS,"D/A PEJABAT PENDIDIKAN DAERAH SERIAN, BATU 1, JALAN SERIAN/SRI AMAN",94700,SERIAN,TIADA,TIADA,YCB8204@moe.edu.my,Luar Bandar,SBK,134,15,110.570848,0.925258,Primary,Tebedu,P.199 Serian,N.22 Kedup
980,PPD SERIAN,SK,YCB8211,SEKOLAH KEBANGSAAN ST NORBERT PAUN GAHAT,"D/A PEJABAT PENDIDIKAN DAERAH SERIAN, BATU 1, JALAN SERIAN/SRI AMAN",94700,SERIAN,82895631,TIADA,YCB8211@moe.edu.my,Luar Bandar,SBK,42,12,110.652355,0.948461,Primary,Serian,P.199 Serian,N.22 Kedup
981,PPD SERIAN,SK,YCB8208,SEKOLAH KEBANGSAAN ST PATRICK TANGGA,"D/A PEJABAT PENDIDIKAN DAERAH SERIAN, BATU 1, JALAN SERIAN/SRI AMAN",94700,SERIAN,82895072,TIADA,YCB8208@moe.edu.my,Luar Bandar,SBK,249,18,110.547,1.162,Primary,Serian,P.198 Puncak Borneo,N.20 Tarat
982,PPD SERIAN,SK,YCB8202,SEKOLAH KEBANGSAAN ST PHILIP BUGU,"D/A PEJABAT PENDIDIKAN DAERAH SERIAN, BATU 1, JALAN SERIAN/SRI AMAN",94700,SERIAN,TIADA,TIADA,YCB8202@moe.edu.my,Luar Bandar,SBK,73,12,110.552899,1.029291,Primary,Serian,P.199 Serian,N.22 Kedup
983,PPD SERIAN,SK,YCB8212,SEKOLAH KEBANGSAAN ST RAYMOND MUJAT,"D/A PEJABAT PENDIDIKAN DAERAH SERIAN, BATU 1, JALAN SERIAN/SRI AMAN",94700,SERIAN,TIADA,TIADA,YCB8212@moe.edu.my,Luar Bandar,SBK,189,15,110.577761,0.889139,Primary,Tebedu,P.199 Serian,N.22 Kedup
984,PPD SERIAN,SK,YCB8201,SEKOLAH KEBANGSAAN ST TERESA SERIAN,"D/A PEJABAT PENDIDIKAN DAERAH SERIAN, BATU 1, JALAN SERIAN/SRI AMAN",94700,SERIAN,82874069,TIADA,YCB8201@moe.edu.my,Luar Bandar,SBK,291,26,110.568581,1.163111,Primary,Serian,P.199 Serian,N.23 Bukit Semuja
985,PPD SERIAN,SK,YBB8253,SEKOLAH KEBANGSAAN SUMPAS,"D/A PEJABAT PENDIDIKAN DAERAH SERIAN, BATU 1, JALAN SERIAN/SRI AMAN",94700,SERIAN,TIADA,TIADA,YBB8253@moe.edu.my,Luar Bandar,SK,22,9,110.647259,1.03253,Primary,Serian,P.199 Serian,N.22 Kedup
986,PPD SERIAN,SK,YBB8247,SEKOLAH KEBANGSAAN SUNGAN,"D/A PEJABAT PENDIDIKAN DAERAH SERIAN, BATU 1, JALAN SERIAN/SRI AMAN",94700,SERIAN,TIADA,TIADA,YBB8247@moe.edu.my,Luar Bandar,SK,41,12,110.373845,1.08093,Primary,Tebedu,P.199 Serian,N.21 Tebedu
987,PPD SERIAN,SK,YBB8205,SEKOLAH KEBANGSAAN TANAH MERAH,"D/A PEJABAT PENDIDIKAN DAERAH SERIAN, BATU 1, JALAN SERIAN/SRI AMAN",94700,SERIAN,82896126,TIADA,YBB8205@moe.edu.my,Luar Bandar,SK,129,18,110.493521,1.314286,Primary,Serian,P.197 Kota Samarahan,N.16 Muara Tuang
988,PPD SERIAN,SK,YBB8226,SEKOLAH KEBANGSAAN TANAH PUTEH,"D/A PEJABAT PENDIDIKAN DAERAH SERIAN, BATU 1, JALAN SERIAN/SRI AMAN",94700,SERIAN,TIADA,TIADA,YBB8226@moe.edu.my,Luar Bandar,SK,76,15,110.628382,1.22186,Primary,Serian,P.198 Puncak Borneo,N.20 Tarat
989,PPD SERIAN,SK,YBB8209,SEKOLAH KEBANGSAAN TARAT,"D/A PEJABAT PENDIDIKAN DAERAH SERIAN, BATU 1, JALAN SERIAN/SRI AMAN",94700,SERIAN,82895818,TIADA,YBB8209@moe.edu.my,Luar Bandar,SK,150,17,110.51853,1.202537,Primary,Serian,P.198 Puncak Borneo,N.20 Tarat
990,PPD SERIAN,SK,YBB8202,SEKOLAH KEBANGSAAN TEBAKANG,"D/A PEJABAT PENDIDIKAN DAERAH SERIAN, BATU 1, JALAN SERIAN/SRI AMAN",94700,SERIAN,82895579,TIADA,YBB8202@moe.edu.my,Luar Bandar,SK,194,22,110.504297,1.103264,Primary,Serian,P.199 Serian,N.23 Bukit Semuja
991,PPD SERIAN,SK,YBB8203,SEKOLAH KEBANGSAAN TEBEDU,"D/A PEJABAT PENDIDIKAN DAERAH SERIAN, BATU 1, JALAN SERIAN/SRI AMAN",94700,SERIAN,82797240,TIADA,YBB8203@moe.edu.my,Luar Bandar,SK,176,22,110.361686,1.025033,Primary,Tebedu,P.199 Serian,N.21 Tebedu
992,PPD SERIAN,SK,YBB8204,SEKOLAH KEBANGSAAN TEMA,"D/A PEJABAT PENDIDIKAN DAERAH SERIAN, BATU 1, JALAN SERIAN/SRI AMAN",94700,SERIAN,TIADA,TIADA,YBB8204@moe.edu.my,Luar Bandar,SK,74,12,110.411718,1.067708,Primary,Tebedu,P.199 Serian,N.21 Tebedu
993,PPD SERIAN,SK,YBB8221,SEKOLAH KEBANGSAAN TEMONG,"D/A PEJABAT PENDIDIKAN DAERAH SERIAN, BATU 1, JALAN SERIAN/SRI AMAN",94700,SERIAN,TIADA,TIADA,YBB8221@moe.edu.my,Luar Bandar,SK,197,19,110.333696,1.031086,Primary,Tebedu,P.199 Serian,N.21 Tebedu
994,PPD SERIAN,SK,YBA8201,SEKOLAH KEBANGSAAN TEPOI,"D/A PEJABAT PENDIDIKAN DAERAH SERIAN, BATU 1, JALAN SERIAN/SRI AMAN",94700,SERIAN,TIADA,TIADA,YBA8201@moe.edu.my,Luar Bandar,SK,45,11,110.295171,1.063467,Primary,Tebedu,P.199 Serian,N.21 Tebedu
995,PPD SERIAN,SK,YBB8213,SEKOLAH KEBANGSAAN TESU,"D/A PEJABAT PENDIDIKAN DAERAH SERIAN, BATU 1, JALAN SERIAN/SRI AMAN",94700,SERIAN,TIADA,TIADA,YBB8213@moe.edu.my,Luar Bandar,SK,58,12,110.428315,0.998678,Primary,Tebedu,P.199 Serian,N.21 Tebedu
996,PPD SERIAN,SK,YBB8212,SEKOLAH KEBANGSAAN TIAN MURUD,"D/A PEJABAT PENDIDIKAN DAERAH SERIAN, BATU 1, JALAN SERIAN/SRI AMAN",94700,SERIAN,82895980,TIADA,YBB8212@moe.edu.my,Luar Bandar,SK,51,12,110.494663,1.268588,Primary,Serian,P.197 Kota Samarahan,N.16 Muara Tuang
997,PPD SERIAN,SK,YBA8203,SEKOLAH KEBANGSAAN TRIANG,JALAN MENTUNG OFF JALAN TONG NIBONG,94700,SERIAN,82876100,TIADA,BELUM ADA,Luar Bandar,SK,68,14,110.682647,0.93687,Primary,Serian,P.199 Serian,N.22 Kedup
998,PPD SIBU,SJKC,YCC3231,SEKOLAH JENIS KEBANGSAAN (CINA) BOI ING,"D/A PEJABAT PENDIDIKAN DAERAHÂ Â SIBU, TINGKAT 6, WISMA PERSEKUTUAN, BLOK 3, LOT 462, BROOKE DRIVE",96000,SIBU,TIADA,TIADA,YCC3231@moe.edu.my,Luar Bandar,SBK,16,10,111.706675,2.292348,Primary,Sibu,P.212 Sibu,N.53 Bawang Assan
999,PPD SIBU,SJKC,YCC3230,SEKOLAH JENIS KEBANGSAAN (CINA) CHAO SU,"D/A PEJABAT PENDIDIKAN DAERAH SIBU, TINGKAT 6, WISMA PERSEKUTUAN, BLOK 3, LOT 462, BROOKE DRIVE",96000,SIBU,TIADA,TIADA,YCC3230@moe.edu.my,Luar Bandar,SBK,29,13,111.72944,2.274033,Primary,Sibu,P.212 Sibu,N.53 Bawang Assan
1000,PPD SIBU,SJKC,YCC3236,SEKOLAH JENIS KEBANGSAAN (CINA) CHUNG CHENG,"D/A PEJABAT PENDIDIKAN DAERAHÂ Â SIBU, TINGKAT 6, WISMA PERSEKUTUAN, BLOK 3, LOT 462, BROOKE DRIVE",96000,SIBU,84350015,TIADA,YCC3236@moe.edu.my,Luar Bandar,SBK,133,20,111.776338,2.2427274,Primary,Sibu,P.212 Sibu,N.53 Bawang Assan
1001,PPD SIBU,SJKC,YCC3105,SEKOLAH JENIS KEBANGSAAN (CINA) CHUNG HUA,"D/A PEJABAT PENDIDIKAN DAERAH SIBU, TINGKAT 6, WISMA PERSEKUTUAN, BLOK 3, LOT 462, BROOKE DRIVE",96000,SIBU,84330225,84349182,YCC3105@moe.edu.my,Bandar,SBK,522,48,111.8268,2.289733333,Primary,Sibu,P.211 Lanang,N.51 Bukit Assek
1002,PPD SIBU,SJKC,YCC3111,SEKOLAH JENIS KEBANGSAAN (CINA) CHUNG SING,"D/A PEJABAT PENDIDIKAN DAERAH SIBU, TINGKAT 6, WISMA PERSEKUTUAN, BLOK 3, LOT 462, BROOKE DRIVE",96000,SIBU,84322148,84322148,YCC3111@moe.edu.my,Bandar,SBK,857,54,111.8435333,2.285,Primary,Sibu,P.211 Lanang,N.51 Bukit Assek
1003,PPD SIBU,SJKC,YCC3209,SEKOLAH JENIS KEBANGSAAN (CINA) CHUNG UNG,"D/A PEJABAT PENDIDIKAN DAERAH SIBU, TINGKAT 6, WISMA PERSEKUTUAN, BLOK 3, LOT 462, BROOKE DRIVE",96000,SIBU,TIADA,TIADA,YCC3209@moe.edu.my,Luar Bandar,SBK,27,13,111.918983,2.193519,Primary,Sibu,P.211 Lanang,N.52 Dudong
1004,PPD SIBU,SJKC,YCC3205,SEKOLAH JENIS KEBANGSAAN (CINA) DO NANG,"D/A PEJABAT PENDIDIKAN DAERAH SIBU, TINGKAT 6, WISMA PERSEKUTUAN, BLOK 3, LOT 462, BROOKE DRIVE",96000,SIBU,84350657,TIADA,YCC3205@moe.edu.my,Bandar,SBK,59,13,111.865454,2.332687,Primary,Sibu,P.212 Sibu,N.55 Nangka
1005,PPD SIBU,SJKC,YCC3106,SEKOLAH JENIS KEBANGSAAN (CINA) DUNG SANG,"D/A PEJABAT PENDIDIKAN DAERAH SIBU, TINGKAT 6, WISMA PERSEKUTUAN, BLOK 3, LOT 462, BROOKE DRIVE",96000,SIBU,84338255,84338255,YCC3106@moe.edu.my,Bandar,SBK,511,36,111.8518667,2.306616667,Primary,Sibu,P.212 Sibu,N.54 Pelawan
1006,PPD SIBU,SJKC,YCC3110,SEKOLAH JENIS KEBANGSAAN (CINA) EK THEI,"D/A PEJABAT PENDIDIKAN DAERAH SIBU, TINGKAT 6, WISMA PERSEKUTUAN, BLOK 3, LOT 462, BROOKE DRIVE",96000,SIBU,84311757,84311757,YCC3110@moe.edu.my,Bandar,SBK,318,27,111.8440833,2.280333333,Primary,Sibu,P.211 Lanang,N.51 Bukit Assek
1007,PPD SIBU,SJKC,YCC3104,SEKOLAH JENIS KEBANGSAAN (CINA) GUONG ANN,"D/A PEJABAT PENDIDIKAN DAERAH SIBU, TINGKAT 6, WISMA PERSEKUTUAN, BLOK 3, LOT 462, BROOKE DRIVE",96000,SIBU,84321886,84321886,YCC3104@moe.edu.my,Bandar,SBK,403,26,111.8376333,2.320966667,Primary,Sibu,P.212 Sibu,N.54 Pelawan
1008,PPD SIBU,SJKC,YCC3206,SEKOLAH JENIS KEBANGSAAN (CINA) GUONG MING,"D/A PEJABAT PENDIDIKAN DAERAH SIBU, TINGKAT 6, WISMA PERSEKUTUAN, BLOK 3, LOT 462, BROOKE DRIVE",96000,SIBU,84340079,84340079,YCC3206@moe.edu.my,Bandar,SBK,93,16,111.808298,2.323594,Primary,Sibu,P.212 Sibu,N.55 Nangka
1009,PPD SIBU,SJKC,YCC3212,SEKOLAH JENIS KEBANGSAAN (CINA) HANG KWONG,"D/A PEJABAT PENDIDIKAN DAERAHÂ Â SIBU, TINGKAT 6, WISMA PERSEKUTUAN, BLOK 3, LOT 462, BROOKE DRIVE",96000,SIBU,168788937,TIADA,YCC3212@moe.edu.my,Luar Bandar,SBK,16,9,111.889006,2.208899,Primary,Sibu,P.211 Lanang,N.51 Bukit Assek
1010,PPD SIBU,SJKC,YCC3233,SEKOLAH JENIS KEBANGSAAN (CINA) HING UNG,"D/A PEJABAT PENDIDIKAN DAERAHÂ Â SIBU, TINGKAT 6, WISMA PERSEKUTUAN, BLOK 3, LOT 462, BROOKE DRIVE",96000,SIBU,TIADA,TIADA,YCC3233@moe.edu.my,Luar Bandar,SBK,34,11,111.853094,2.293899,Primary,Sibu,P.211 Lanang,N.51 Bukit Assek
1011,PPD SIBU,SJKC,YCC3223,SEKOLAH JENIS KEBANGSAAN (CINA) ING GUONG,"D/A PEJABAT PENDIDIKAN DAERAHÂ Â SIBU, TINGKAT 6, WISMA PERSEKUTUAN, BLOK 3, LOT 462, BROOKE DRIVE",96000,SIBU,84228990,TIADA,YCC3223@moe.edu.my,Bandar,SBK,72,15,111.798115,2.291571,Primary,Sibu,P.212 Sibu,N.53 Bawang Assan
1012,PPD SIBU,SJKC,YCC3237,SEKOLAH JENIS KEBANGSAAN (CINA) KAI DEE,"D/A PEJABAT PENDIDIKAN DAERAHÂ Â SIBU, TINGKAT 6, WISMA PERSEKUTUAN, BLOK 3, LOT 462, BROOKE DRIVE",96000,SIBU,TIADA,TIADA,YCC3237@moe.edu.my,Luar Bandar,SBK,26,11,111.694302,2.298326,Primary,Sibu,P.212 Sibu,N.53 Bawang Assan
1013,PPD SIBU,SJKC,YCC3214,SEKOLAH JENIS KEBANGSAAN (CINA) KAI NANG,"D/A PEJABAT PENDIDIKAN DAERAHÂ Â SIBU, TINGKAT 6, WISMA PERSEKUTUAN, BLOK 3, LOT 462, BROOKE DRIVE",96000,SIBU,84351532,TIADA,YCC3214@moe.edu.my,Luar Bandar,SBK,30,13,111.7514169,2.2473025,Primary,Sibu,P.212 Sibu,N.53 Bawang Assan
1014,PPD SIBU,SJKC,YCC3208,SEKOLAH JENIS KEBANGSAAN (CINA) KENG NANG,"D/A PEJABAT PENDIDIKAN DAERAH SIBU, TINGKAT 6, WISMA PERSEKUTUAN, BLOK 3, LOT 462, BROOKE DRIVE",96000,SIBU,TIADA,TIADA,YCC3208@moe.edu.my,Bandar,SBK,38,13,111.7588654,2.2537348,Primary,Sibu,P.212 Sibu,N.53 Bawang Assan
1015,PPD SIBU,SJKC,YCC3234,SEKOLAH JENIS KEBANGSAAN (CINA) KIANG HIN,"D/A PEJABAT PENDIDIKAN DAERAHÂ Â SIBU, TINGKAT 6, WISMA PERSEKUTUAN, BLOK 3, LOT 462, BROOKE DRIVE",96000,SIBU,84329181,84329181,YCC3234@moe.edu.my,Bandar,SBK,229,22,111.8725167,2.354583333,Primary,Sibu,P.212 Sibu,N.55 Nangka
1016,PPD SIBU,SJKC,YCC3112,SEKOLAH JENIS KEBANGSAAN (CINA) KIEW NANG,"D/A PEJABAT PENDIDIKAN DAERAH SIBU, TINGKAT 6, WISMA PERSEKUTUAN, BLOK 3, LOT 462, BROOKE DRIVE",96000,SIBU,84212586,84212586,YCC3112@moe.edu.my,Bandar,SBK,377,26,111.8641636,2.2536598,Primary,Sibu,P.211 Lanang,N.52 Dudong
1017,PPD SIBU,SJKC,YCC3222,SEKOLAH JENIS KEBANGSAAN (CINA) KWONG HUA,"D/A PEJABAT PENDIDIKAN DAERAHÂ Â SIBU, TINGKAT 6, WISMA PERSEKUTUAN, BLOK 3, LOT 462, BROOKE DRIVE",96000,SIBU,84350425,TIADA,YCC3222@moe.edu.my,Bandar,SBK,69,15,111.79901,2.248337,Primary,Sibu,P.212 Sibu,N.53 Bawang Assan
1018,PPD SIBU,SJKC,YCC3228,SEKOLAH JENIS KEBANGSAAN (CINA) KWONG KOK,"D/A PEJABAT PENDIDIKAN DAERAH SIBU, TINGKAT 6, WISMA PERSEKUTUAN, BLOK 3, LOT 462, BROOKE DRIVE",96000,SIBU,168707479,TIADA,YCC3228@moe.edu.my,Luar Bandar,SBK,41,12,111.912553,2.213789,Primary,Sibu,P.211 Lanang,N.52 Dudong
1019,PPD SIBU,SJKC,YCH3101,SEKOLAH JENIS KEBANGSAAN (CINA) METHODIST,"D/A PEJABAT PENDIDIKAN DAERAH SIBU, TINGKAT 6, WISMA PERSEKUTUAN, BLOK 3, LOT 462, BROOKE DRIVE",96000,SIBU,84330753,84330618,YCH3101@moe.edu.my,Bandar,SBK,1252,66,111.825733,2.289367,Primary,Sibu,P.211 Lanang,N.51 Bukit Assek
1020,PPD SIBU,SJKC,YCC3211,SEKOLAH JENIS KEBANGSAAN (CINA) NANG KIANG,"D/A PEJABAT PENDIDIKAN DAERAH SIBU, TINGKAT 6, WISMA PERSEKUTUAN, BLOK 3, LOT 462, BROOKE DRIVE",96000,SIBU,TIADA,TIADA,YCC3211@moe.edu.my,Bandar,SBK,32,10,111.830351,2.240802,Primary,Sibu,P.211 Lanang,N.52 Dudong
1021,PPD SIBU,SJKC,YCC3220,SEKOLAH JENIS KEBANGSAAN (CINA) NANG SANG,"D/A PEJABAT PENDIDIKAN DAERAH SIBU, TINGKAT 6, WISMA PERSEKUTUAN, BLOK 3, LOT 462, BROOKE DRIVE",96000,SIBU,84329035,84329035,YCC3220@moe.edu.my,Bandar,SBK,536,36,111.8652778,2.3325,Primary,Sibu,P.212 Sibu,N.55 Nangka
1022,PPD SIBU,SJKC,YCC3235,SEKOLAH JENIS KEBANGSAAN (CINA) NENG SHING,"D/A PEJABAT PENDIDIKAN DAERAH SIBU, TINGKAT 6, WISMA PERSEKUTUAN, BLOK 3, LOT 462, BROOKE DRIVE",96000,SIBU,TIADA,TIADA,YCC3235@moe.edu.my,Luar Bandar,SBK,45,11,111.998776,2.156212,Primary,Sibu,P.211 Lanang,N.52 Dudong
1023,PPD SIBU,SJKC,YCC3101,SEKOLAH JENIS KEBANGSAAN (CINA) SACRED HEART CHINESE,"D/A PEJABAT PENDIDIKAN DAERAH SIBU, TINGKAT 6, WISMA PERSEKUTUAN, BLOK 3, LOT 462, BROOKE DRIVE",96000,SIBU,84322416,84329913,YCC3101@moe.edu.my,Bandar,SBK,502,41,111.834183,2.286517,Primary,Sibu,P.211 Lanang,N.52 Dudong
1024,PPD SIBU,SJKC,YCC3221,SEKOLAH JENIS KEBANGSAAN (CINA) SAM LAM,"D/A PEJABAT PENDIDIKAN DAERAHÂ Â SIBU, TINGKAT 6, WISMA PERSEKUTUAN, BLOK 3, LOT 462, BROOKE DRIVE",96000,SIBU,TIADA,TIADA,YCC3221@moe.edu.my,Luar Bandar,SBK,17,10,111.94618,2.168836,Primary,Sibu,P.211 Lanang,N.52 Dudong
1025,PPD SIBU,SJKC,YBC3201,SEKOLAH JENIS KEBANGSAAN (CINA) SANG MING,"D/A PEJABAT PENDIDIKAN DAERAH SIBU, TINGKAT 6, WISMA PERSEKUTUAN, BLOK 3, LOT 462, BROOKE DRIVE",96000,SIBU,84352013,84352013,YBC3201@moe.edu.my,Luar Bandar,SK,111,18,112,2.2860028,Primary,Sibu,P.211 Lanang,N.52 Dudong
1026,PPD SIBU,SJKC,YCC3225,SEKOLAH JENIS KEBANGSAAN (CINA) SING MING,"D/A PEJABAT PENDIDIKAN DAERAHÂ Â SIBU, TINGKAT 6, WISMA PERSEKUTUAN, BLOK 3, LOT 462, BROOKE DRIVE",96000,SIBU,TIADA,TIADA,YCC3225@moe.edu.my,Bandar,SBK,48,13,111.826715,2.263801,Primary,Sibu,P.211 Lanang,N.52 Dudong
1027,PPD SIBU,SJKC,YCC3215,SEKOLAH JENIS KEBANGSAAN (CINA) SU LAI,"D/A PEJABAT PENDIDIKAN DAERAH SIBU, TINGKAT 6, WISMA PERSEKUTUAN, BLOK 3, LOT 462, BROOKE DRIVE",96000,SIBU,84349300,84349300,YCC3215@moe.edu.my,Bandar,SBK,936,51,111.84745,2.319933333,Primary,Sibu,P.212 Sibu,N.55 Nangka
1028,PPD SIBU,SJKC,YCC3219,SEKOLAH JENIS KEBANGSAAN (CINA) SUNG SANG,"D/A PEJABAT PENDIDIKAN DAERAH SIBU, TINGKAT 6, WISMA PERSEKUTUAN, BLOK 3, LOT 462, BROOKE DRIVE",96000,SIBU,84213251,84213251,YCC3219@moe.edu.my,Bandar,SBK,117,13,111.883585,2.245325,Primary,Sibu,P.211 Lanang,N.51 Bukit Assek
1029,PPD SIBU,SJKC,YCC3232,SEKOLAH JENIS KEBANGSAAN (CINA) TAI TUNG 2,"D/A PEJABAT PENDIDIKAN DAERAH SIBU, TINGKAT 6, WISMA PERSEKUTUAN, BLOK 3, LOT 462, BROOKE DRIVE",96000,SIBUÂ ,TIADA,TIADA,YCC3232@moe.edu.my,Bandar,SBK,48,13,111.756095,2.275235,Primary,Sibu,P.212 Sibu,N.53 Bawang Assan
1030,PPD SIBU,SJKC,YBC3101,SEKOLAH JENIS KEBANGSAAN (CINA) TAMAN RAJANG,"D/A PEJABAT PENDIDIKAN DAERAH SIBU, TINGKAT 6, WISMA PERSEKUTUAN, BLOK 3, LOT 462, BROOKE DRIVE",96000,SIBU,84333320,84333340,YBC3101@moe.edu.my,Bandar,SK,808,49,111.83715,2.30885,Primary,Sibu,P.212 Sibu,N.54 Pelawan
1031,PPD SIBU,SJKC,YCC3107,SEKOLAH JENIS KEBANGSAAN (CINA) THAI KWANG,"D/A PEJABAT PENDIDIKAN DAERAH SIBU, TINGKAT 6, WISMA PERSEKUTUAN, BLOK 3, LOT 462, BROOKE DRIVE",96000,SIBU,84211455,84211455,YCC3107@moe.edu.my,Bandar,SBK,967,70,111.8485167,2.241583333,Primary,Sibu,P.211 Lanang,N.52 Dudong
1032,PPD SIBU,SJKC,YCC3201,SEKOLAH JENIS KEBANGSAAN (CINA) THIAN CHIN,"D/A PEJABAT PENDIDIKAN DAERAH SIBU, TINGKAT 6, WISMA PERSEKUTUAN, BLOK 3, LOT 462, BROOKE DRIVE",96000,SIBU,84212474,84212487,YCC3201@moe.edu.my,Bandar,SBK,795,46,111.891981,2.306232,Primary,Sibu,P.212 Sibu,N.55 Nangka
1033,PPD SIBU,SJKC,YCC3113,SEKOLAH JENIS KEBANGSAAN (CINA) THIAN HUA,"D/A PEJABAT PENDIDIKAN DAERAH SIBU, TINGKAT 6, WISMA PERSEKUTUAN, BLOK 3, LOT 462, BROOKE DRIVE",96000,SIBU,84235728,84235728,YCC3113@moe.edu.my,Luar Bandar,SBK,742,44,111.97,2.24,Primary,Sibu,P.211 Lanang,N.52 Dudong
1034,PPD SIBU,SJKC,YCC3217,SEKOLAH JENIS KEBANGSAAN (CINA) TING SING,"D/A PEJABAT PENDIDIKAN DAERAH SIBU, TINGKAT 6, WISMA PERSEKUTUAN, BLOK 3, LOT 462, BROOKE DRIVE",96000,SIBU,84319597,84319597,YCC3217@moe.edu.my,Bandar,SBK,55,12,111.797011,2.322115,Primary,Sibu,P.212 Sibu,N.53 Bawang Assan
1035,PPD SIBU,SJKC,YCC3109,SEKOLAH JENIS KEBANGSAAN (CINA) TIONG HIN,"D/A PEJABAT PENDIDIKAN DAERAH SIBU, TINGKAT 6, WISMA PERSEKUTUAN, BLOK 3, LOT 462, BROOKE DRIVE",96000,SIBU,84335090,84335090,YCC3109@moe.edu.my,Bandar,SBK,397,42,111.84305,2.332383333,Primary,Sibu,P.212 Sibu,N.54 Pelawan
1036,PPD SIBU,SJKC,YCC3103,SEKOLAH JENIS KEBANGSAAN (CINA) TUNG HUA,"D/A PEJABAT PENDIDIKAN DAERAH SIBU, TINGKAT 6, WISMA PERSEKUTUAN, BLOK 3, LOT 462, BROOKE DRIVE",96000,SIBU,84333749,84333749,YCC3103@moe.edu.my,Bandar,SBK,825,55,111.831283,2.309067,Primary,Sibu,P.212 Sibu,N.54 Pelawan
1037,PPD SIBU,SJKC,YCC3210,SEKOLAH JENIS KEBANGSAAN (CINA) TUNG KIEW,"D/A PEJABAT PENDIDIKAN DAERAHÂ Â SIBU, TINGKAT 6, WISMA PERSEKUTUAN, BLOK 3, LOT 462, BROOKE DRIVE",96000,SIBU,TIADA,TIADA,YCC3210@moe.edu.my,Luar Bandar,SBK,35,11,111.994522,2.14696,Primary,Sibu,P.211 Lanang,N.52 Dudong
1038,PPD SIBU,SJKC,YCC3108,SEKOLAH JENIS KEBANGSAAN (CINA) UK DAIK,"D/A PEJABAT PENDIDIKAN DAERAH SIBU, TINGKAT 6, WISMA PERSEKUTUAN, BLOK 3, LOT 462, BROOKE DRIVE",96000,SIBU,84321333,84321333,YCC3108@moe.edu.my,Bandar,SBK,331,35,111.8351,2.287066667,Primary,Sibu,P.211 Lanang,N.52 Dudong
1039,PPD SIBU,SJKC,YCC3226,SEKOLAH JENIS KEBANGSAAN (CINA) UNG NANG,"D/A PEJABAT PENDIDIKAN DAERAHÂ Â SIBU, TINGKAT 6, WISMA PERSEKUTUAN, BLOK 3, LOT 462, BROOKE DRIVE",96000,SIBU,TIADA,TIADA,YCC3226@moe.edu.my,Bandar,SBK,44,13,111.7363889,2.2794444,Primary,Sibu,P.212 Sibu,N.53 Bawang Assan
1040,PPD SIBU,SJKC,YCC3203,SEKOLAH JENIS KEBANGSAAN (CINA) YONG CHENG,"D/A PEJABAT PENDIDIKAN DAERAH SIBU, TINGKAT 6, WISMA PERSEKUTUAN, BLOK 3, LOT 462, BROOKE DRIVE",96000,SIBU,198770082,TIADA,YCC3203@moe.edu.my,Luar Bandar,SBK,16,11,111.756889,2.171779,Primary,Meradong,P.212 Sibu,N.53 Bawang Assan
1041,PPD SIBU,SJKC,YCC3213,SEKOLAH JENIS KEBANGSAAN (CINA) YONG SHING,"D/A PEJABAT PENDIDIKAN DAERAH SIBU, TINGKAT 6, WISMA PERSEKUTUAN, BLOK 3, LOT 462, BROOKE DRIVE",96000,SIBU,128489981,TIADA,YCC3213@moe.edu.my,Luar Bandar,SBK,13,9,111.959237,2.157767,Primary,Sibu,P.211 Lanang,N.52 Dudong
1042,PPD SIBU,SJKC,YCC3238,SEKOLAH JENIS KEBANGSAAN (CINA) YUK CHAI,"D/A PEJABAT PENDIDIKAN DAERAH SIBU, TINGKAT 6, WISMA PERSEKUTUAN, BLOK 3, LOT 462, BROOKE DRIVE",96000,SIBU,TIADA,TIADA,YCC3238@moe.edu.my,Luar Bandar,SBK,20,12,112.040704,2.148037,Primary,Sibu,P.211 Lanang,N.52 Dudong
1043,PPD SIBU,SK,YBE3101,SEKOLAH KEBANGSAAN ABANG ALI,JLN KPG. BAHARU,96000,SIBU,84332170,84332170,YBE3101@moe.edu.my,Bandar,SK,690,53,111.8195167,2.298266667,Primary,Sibu,P.211 Lanang,N.51 Bukit Assek
1044,PPD SIBU,SR SABK,YCA3101,SEKOLAH KEBANGSAAN AGAMA SIBU,JALAN TEKU OFF JALAN DISA,96000,SIBU,84324232,84312232,YCA3101@moe.edu.my,Bandar,SBK,570,53,111.835917,2.336983,Primary,Sibu,P.212 Sibu,N.54 Pelawan
1045,PPD SIBU,SK,YBB3225,SEKOLAH KEBANGSAAN ASSAN NUNGGANG,"D/A PEJABAT PENDIDIKAN DAERAH SIBU, TINGKAT 6, WISMA PERSEKUTUAN, BLOK 3, LOT 462, BROOKE DRIVE",96000,SIBU,TIADA,TIADA,YBB3225@moe.edu.my,Luar Bandar,SK,28,11,111.843877,2.065284,Primary,Sibu,P.211 Lanang,N.52 Dudong
1046,PPD SIBU,SK,YBA3201,SEKOLAH KEBANGSAAN BATU 10 JALAN OYA,"D/A PEJABAT PENDIDIKAN DAERAH SIBU, TINGKAT 6, WISMA PERSEKUTUAN, BLOK 3, LOT 462, BROOKE DRIVE",96000,SIBU,84238409,TIADA,YBA3201@moe.edu.my,Bandar,SK,751,52,111.950036,2.29719,Primary,Sibu,P.212 Sibu,N.55 Nangka
1047,PPD SIBU,SK,YBE3203,SEKOLAH KEBANGSAAN BATU 15,"D/A PEJABAT PENDIDIKAN DAERAH SIBU, TINGKAT 6, WISMA PERSEKUTUAN, BLOK 3, LOT 462, BROOKE DRIVE",96000,SIBU,84214332,84214332,YBE3203@moe.edu.my,Bandar,SK,333,33,111.990017,2.285376,Primary,Sibu,P.211 Lanang,N.52 Dudong
1048,PPD SIBU,SK,YBB3205,SEKOLAH KEBANGSAAN BATU WONG,"D/A PEJABAT PENDIDIKAN DAERAH SIBU, TINGKAT 6, WISMA PERSEKUTUAN, BLOK 3, LOT 462, BROOKE DRIVE",96000,SIBU,TIADA,TIADA,YBB3205@moe.edu.my,Luar Bandar,SK,133,17,111.80235,2.066084,Primary,Sibu,P.211 Lanang,N.52 Dudong
1049,PPD SIBU,SK,YBB3208,SEKOLAH KEBANGSAAN BAWANG ASSAN,"D/A PEJABAT PENDIDIKAN DAERAH SIBU, TINGKAT 6, WISMA PERSEKUTUAN, BLOK 3, LOT 462, BROOKE DRIVE",96000,SIBU,TIADA,TIADA,YBB3208@moe.edu.my,Luar Bandar,SK,177,16,111.685756,2.303365,Primary,Sibu,P.212 Sibu,N.53 Bawang Assan
1050,PPD SIBU,SK,YCB3105,SEKOLAH KEBANGSAAN HUA HIN ENGLISH,"D/A PEJABAT PENDIDIKAN DAERAH SIBU, TINGKAT 6, WISMA PERSEKUTUAN, BLOK 3, LOT 462, BROOKE DRIVE",96000,SIBU,84333763,84333763,YCB3105@moe.edu.my,Bandar,SBK,308,24,111.8382333,2.32675,Primary,Sibu,P.212 Sibu,N.54 Pelawan
1051,PPD SIBU,SK,YBA3103,SEKOLAH KEBANGSAAN JALAN DESHON,OFF JALAN APOLLO,96000,SIBU,84311372,84311372,YBA3103@moe.edu.my,Bandar,SK,210,34,111.8490333,2.322766667,Primary,Sibu,P.212 Sibu,N.55 Nangka
1052,PPD SIBU,SK,YBA3101,SEKOLAH KEBANGSAAN KG BAHAGIA JAYA,"D/A PEJABAT PENDIDIKAN DAERAH SIBU, TINGKAT 6, WISMA PERSEKUTUAN, BLOK 3, LOT 462, BROOKE DRIVE",96000,SIBU,84330395,84330395,YBA3101@moe.edu.my,Bandar,SK,564,39,111.8575833,2.352183333,Primary,Sibu,P.212 Sibu,N.55 Nangka
1053,PPD SIBU,SK,YBB3227,SEKOLAH KEBANGSAAN KPG BANYOK,"D/A PEJABAT PENDIDIKAN DAERAH SIBU, TINGKAT 6, WISMA PERSEKUTUAN, BLOK 3, LOT 462, BROOKE DRIVE",96000,SIBU,TIADA,TIADA,YBB3227@moe.edu.my,Luar Bandar,SK,53,14,111.812247,2.264292,Primary,Sibu,P.211 Lanang,N.52 Dudong
1054,PPD SIBU,SK,YBB3231,SEKOLAH KEBANGSAAN LUBOK PELAIE,"D/A PEJABAT PENDIDIKAN DAERAH SIBU, TINGKAT 6, WISMA PERSEKUTUAN, BLOK 3, LOT 462, BROOKE DRIVE",96000,SIBU,TIADA,TIADA,YBB3231@moe.edu.my,Luar Bandar,SK,19,10,111.934955,2.408124,Primary,Sibu,P.212 Sibu,N.53 Bawang Assan
1055,PPD SIBU,SK,YBB3217,SEKOLAH KEBANGSAAN NANGA ASSAN,"D/A PEJABAT PENDIDIKAN DAERAH SIBU, TINGKAT 6, WISMA PERSEKUTUAN, BLOK 3, LOT 462, BROOKE DRIVE",96000,SIBU,TIADA,TIADA,YBB3217@moe.edu.my,Luar Bandar,SK,92,13,111.839431,2.223417,Primary,Sibu,P.211 Lanang,N.52 Dudong
1056,PPD SIBU,SK,YBB3219,SEKOLAH KEBANGSAAN NANGA BON,"D/A PEJABAT PENDIDIKAN DAERAH SIBU, TINGKAT 6, WISMA PERSEKUTUAN, BLOK 3, LOT 462, BROOKE DRIVE",96000,SIBU,TIADA,TIADA,YBB3219@moe.edu.my,Luar Bandar,SK,51,12,111.975719,2.342363,Primary,Sibu,P.212 Sibu,N.53 Bawang Assan
1057,PPD SIBU,SK,YBB3221,SEKOLAH KEBANGSAAN NANGA PAK,"D/A PEJABAT PENDIDIKAN DAERAH SIBU, TINGKAT 6, WISMA PERSEKUTUAN, BLOK 3, LOT 462, BROOKE DRIVE",96000,SIBU,,,YBB3221@moe.edu.my,Luar Bandar,SK,31,11,112.0626167,2.1387333,Primary,Sibu,P.211 Lanang,N.52 Dudong
1058,PPD SIBU,SK,YBB3216,SEKOLAH KEBANGSAAN NANGA TUTUS,"D/A PEJABAT PENDIDIKAN DAERAH SIBU, TINGKAT 6, WISMA PERSEKUTUAN, BLOK 3, LOT 462, BROOKE DRIVE",96000,SIBU,TIADA,TIADA,YBB3216@moe.edu.my,Luar Bandar,SK,69,9,111.852269,2.512269,Primary,Sibu,P.212 Sibu,N.53 Bawang Assan
1059,PPD SIBU,SK,YBB3228,SEKOLAH KEBANGSAAN NG SALIM,"D/A PEJABAT PENDIDIKAN DAERAH SIBU, TINGKAT 6, WISMA PERSEKUTUAN, BLOK 3, LOT 462, BROOKE DRIVE",96000,SIBU,TIADA,TIADA,YBB3228@moe.edu.my,Bandar,SK,84,13,111.891554,2.236775,Primary,Sibu,P.211 Lanang,N.51 Bukit Assek
1060,PPD SIBU,SK KHAS,YBA3102,SEKOLAH KEBANGSAAN PENDIDIKAN KHAS SIBU,"D/A PEJABAT PENDIDIKAN DAERAH SIBU, TINGKAT 6, WISMA PERSEKUTUAN, BLOK 3, LOT 462, BROOKE DRIVE",96000,SIBU,84337244,84337244,YBA3102@moe.edu.my,Bandar,SK,13,22,111.8249,2.314283333,Primary,Sibu,P.212 Sibu,N.54 Pelawan
1061,PPD SIBU,SJKC,YBH3102,SEKOLAH KEBANGSAAN PERBANDARAN SIBU NO. 4,"D/A PEJABAT PENDIDIKAN DAERAH SIBU, TINGKAT 6, WISMA PERSEKUTUAN, BLOK 3, LOT 462, BROOKE DRIVE",96000,SIBU,84322606,84322606,YBH3102@moe.edu.my,Bandar,SK,870,77,111.839833,2.299883,Primary,Sibu,P.212 Sibu,N.54 Pelawan
1062,PPD SIBU,SK,YBB3226,SEKOLAH KEBANGSAAN RANTAU PANJANG,"D/A PEJABAT PENDIDIKAN DAERAH SIBU, TINGKAT 6, WISMA PERSEKUTUAN, BLOK 3, LOT 462, BROOKE DRIVE",96000,SIBU,TIADA,TIADA,YBB3226@moe.edu.my,Luar Bandar,SK,311,28,111.8291,2.418233333,Primary,Sibu,P.212 Sibu,N.53 Bawang Assan
1063,PPD SIBU,SK,YCB3102,SEKOLAH KEBANGSAAN SACRED HEART,"D/A PEJABAT PENDIDIKAN DAERAH SIBU, TINGKAT 6, WISMA PERSEKUTUAN, BLOK 3, LOT 462, BROOKE DRIVE",96000,SIBU,84321493,84321493,YCB3102@moe.edu.my,Bandar,SBK,244,24,111.8424167,2.296316667,Primary,Sibu,P.211 Lanang,N.51 Bukit Assek
1064,PPD SIBU,SK,YBA3104,SEKOLAH KEBANGSAAN SEDC,"D/A PEJABAT PENDIDIKAN DAERAH SIBU, TINGKAT 6, WISMA PERSEKUTUAN, BLOK 3, LOT 462, BROOKE DRIVE",96000,SIBU,84210390,84216590,YBA3104@moe.edu.my,Bandar,SK,559,45,111.8527167,2.252233333,Primary,Sibu,P.211 Lanang,N.52 Dudong
1065,PPD SIBU,SK,YBA3105,SEKOLAH KEBANGSAAN SENTOSA SIBU,LOT 513 BLOK 9 JALAN SENTOSA OFF JALAN SALIMÂ ,96000,SIBU,84210844,84210844,YBA3105@moe.edu.my,Bandar,SK,890,68,111.8652667,2.270433333,Primary,Sibu,P.211 Lanang,N.51 Bukit Assek
1066,PPD SIBU,SK,YBB3201,SEKOLAH KEBANGSAAN SG AUP,"D/A PEJABAT PENDIDIKAN DAERAH SIBU, TINGKAT 6, WISMA PERSEKUTUAN, BLOK 3, LOT 462, BROOKE DRIVE",96000,SIBU,84329040,TIADA,YBB3201@moe.edu.my,Bandar,SK,178,12,111.8265333,2.350783333,Primary,Sibu,P.212 Sibu,N.55 Nangka
1067,PPD SIBU,SK,YBB3203,SEKOLAH KEBANGSAAN SG DURIN,"D/A PEJABAT PENDIDIKAN DAERAH SIBU, TINGKAT 6, WISMA PERSEKUTUAN, BLOK 3, LOT 462, BROOKE DRIVE",96000,SIBU,84736379,84736379,YBB3203@moe.edu.my,Luar Bandar,SK,193,20,111.972828,2.124381,Primary,Sibu,P.211 Lanang,N.52 Dudong
1068,PPD SIBU,SK,YBB3211,SEKOLAH KEBANGSAAN SG LENGAN,"D/A PEJABAT PENDIDIKAN DAERAH SIBU, TINGKAT 6, WISMA PERSEKUTUAN, BLOK 3, LOT 462, BROOKE DRIVE",96000,SIBU,TIADA,TIADA,YBB3211@moe.edu.my,Luar Bandar,SK,74,12,111.638777,2.315655,Primary,Sibu,P.207 Igan,N.43 Daro
1069,PPD SIBU,SK,YBE3201,SEKOLAH KEBANGSAAN SG MENYAN,"D/A PEJABAT PENDIDIKAN DAERAH SIBU, TINGKAT 6, WISMA PERSEKUTUAN, BLOK 3, LOT 462, BROOKE DRIVE",96000,SIBU,TIADA,TIADA,YBE3201@moe.edu.my,Luar Bandar,SK,72,13,112.049873,2.165203,Primary,Sibu,P.211 Lanang,N.52 Dudong
1070,PPD SIBU,SK,YBB3204,SEKOLAH KEBANGSAAN SG NAMAN,"D/A PEJABAT PENDIDIKAN DAERAH SIBU, TINGKAT 6, WISMA PERSEKUTUAN, BLOK 3, LOT 462, BROOKE DRIVE",96000,SIBU,TIADA,TIADA,YBB3204@moe.edu.my,Luar Bandar,SK,41,13,111.900833,2.099444,Primary,Sibu,P.211 Lanang,N.52 Dudong
1071,PPD SIBU,SK,YBB3230,SEKOLAH KEBANGSAAN SG NIBONG,"D/A PEJABAT PENDIDIKAN DAERAH SIBU, TINGKAT 6, WISMA PERSEKUTUAN, BLOK 3, LOT 462, BROOKE DRIVE",96000,SIBU,TIADA,TIADA,YBB3230@moe.edu.my,Luar Bandar,SK,28,12,112.027029,2.160725,Primary,Sibu,P.211 Lanang,N.52 Dudong
1072,PPD SIBU,SK,YBB3202,SEKOLAH KEBANGSAAN SG PASSAI,"D/A PEJABAT PENDIDIKAN DAERAH SIBU, TINGKAT 6, WISMA PERSEKUTUAN, BLOK 3, LOT 462, BROOKE DRIVE",96000,SIBU,TIADA,TIADA,YBB3202@moe.edu.my,Luar Bandar,SK,85,17,111.95645,2.38565,Primary,Sibu,P.212 Sibu,N.53 Bawang Assan
1073,PPD SIBU,SK,YBB3206,SEKOLAH KEBANGSAAN SG SALIM,"D/A PEJABAT PENDIDIKAN DAERAH SIBU, TINGKAT 6, WISMA PERSEKUTUAN, BLOK 3, LOT 462, BROOKE DRIVE",96000,SIBU,TIADA,TIADA,YBB3206@moe.edu.my,Luar Bandar,SK,103,14,111.923951,2.218313,Primary,Sibu,P.211 Lanang,N.52 Dudong
1074,PPD SIBU,SK,YBB3233,SEKOLAH KEBANGSAAN SG SEBINTEK,"D/A PEJABAT PENDIDIKAN DAERAH SIBU, TINGKAT 6, WISMA PERSEKUTUAN, BLOK 3, LOT 462, BROOKE DRIVE",96000,SIBU,TIADA,TIADA,YBB3233@moe.edu.my,Luar Bandar,SK,60,14,112.085,2.334,Primary,Sibu,P.214 Selangau,N.59 Tamin
1075,PPD SIBU,SK,YBB3210,SEKOLAH KEBANGSAAN SG SIONG,"D/A PEJABAT PENDIDIKAN DAERAH SIBU, TINGKAT 6, WISMA PERSEKUTUAN, BLOK 3, LOT 462, BROOKE DRIVE",96000,SIBU,TIADA,TIADA,YBB3210@moe.edu.my,Luar Bandar,SK,80,11,112.018462,2.42049,Primary,Sibu,P.214 Selangau,N.59 Tamin
1076,PPD SIBU,SK,YBB3223,SEKOLAH KEBANGSAAN SG. SIONG TENGAH,"D/A PEJABAT PENDIDIKAN DAERAH SIBU, TINGKAT 6, WISMA PERSEKUTUAN, BLOK 3, LOT 462, BROOKE DRIVE",96000,SIBU,TIADA,TIADA,YBB3223@moe.edu.my,Luar Bandar,SK,68,13,111.990591,2.44148,Primary,Sibu,P.214 Selangau,N.59 Tamin
1077,PPD SIBU,SJKC,YBH3101,SEKOLAH KEBANGSAAN SIBU BANDARAN NO 2,"D/A PEJABAT PENDIDIKAN DAERAH SIBU, TINGKAT 6, WISMA PERSEKUTUAN, BLOK 3, LOT 462, BROOKE DRIVE",96000,SIBU,84311952,84311952,YBH3101@moe.edu.my,Bandar,SK,375,42,111.84395,2.27495,Primary,Sibu,P.211 Lanang,N.52 Dudong
1078,PPD SIBU,SK,YBE3102,SEKOLAH KEBANGSAAN SIBU BANDARAN NO 3,"D/A PEJABAT PENDIDIKAN DAERAH SIBU, TINGKAT 6, WISMA PERSEKUTUAN, BLOK 3, LOT 462, BROOKE DRIVE",96000,SIBU,84332512,84344890,YBE3102@moe.edu.my,Bandar,SK,542,62,111.8245667,2.3135,Primary,Sibu,P.212 Sibu,N.54 Pelawan
1079,PPD SIBU,SK,YBA3205,SEKOLAH KEBANGSAAN SIBU JAYA,"D/A PEJABAT PENDIDIKAN DAERAH SIBU, TINGKAT 6, WISMA PERSEKUTUAN, BLOK 3, LOT 462, BROOKE DRIVE",96000,SIBU,TIADA,TIADA,YBA3205@moe.edu.my,Bandar,SK,1788,101,111.965961,2.23901,Primary,Sibu,P.211 Lanang,N.52 Dudong
1080,PPD SIBU,SK,YBA3204,SEKOLAH KEBANGSAAN SINGAT,"D/A PEJABAT PENDIDIKAN DAERAH SIBU, TINGKAT 6, WISMA PERSEKUTUAN, BLOK 3, LOT 462, BROOKE DRIVE",96000,SIBU,TIADA,TIADA,YBA3204@moe.edu.my,Luar Bandar,SK,20,10,111.60735,2.344594,Primary,Sibu,P.207 Igan,N.43 Daro
1081,PPD SIBU,SK,YCB3101,SEKOLAH KEBANGSAAN ST RITA,JALAN BUKIT ASSEK,96000,SIBU,84321494,84321494,YCB3101@moe.edu.my,Bandar,SBK,333,28,111.8325667,2.287316667,Primary,Sibu,P.211 Lanang,N.51 Bukit Assek
1082,PPD SIBU,SK,YCB3103,SEKOLAH KEBANGSAAN ST. MARY,"D/A PEJABAT PENDIDIKAN DAERAH SIBU, TINGKAT 6, WISMA PERSEKUTUAN, BLOK 3, LOT 462, BROOKE DRIVE",96000,SIBU,84337611,84337611,YCB3103@moe.edu.my,Bandar,SBK,328,25,111.82085,2.300367,Primary,Sibu,P.211 Lanang,N.51 Bukit Assek
1083,PPD SIBU,SK,YBB3213,SEKOLAH KEBANGSAAN TANJUNG BEKAKAP,"D/A PEJABAT PENDIDIKAN DAERAH SIBU, TINGKAT 6, WISMA PERSEKUTUAN, BLOK 3, LOT 462, BROOKE DRIVE",96000,SIBU,TIADA,TIADA,YBB3213@moe.edu.my,Luar Bandar,SK,91,12,111.6680861,2.3312047,Primary,Sibu,P.212 Sibu,N.53 Bawang Assan
1084,PPD SIBU,SK,YBB3235,SEKOLAH KEBANGSAAN TANJUNG LATAP,"D/A PEJABAT PENDIDIKAN DAERAH SIBU, TINGKAT 6, WISMA PERSEKUTUAN, BLOK 3, LOT 462, BROOKE DRIVE",96000,SIBU,TIADA,TIADA,YBB3235@moe.edu.my,Luar Bandar,SK,51,13,111.877068,2.227003,Primary,Sibu,P.211 Lanang,N.51 Bukit Assek
1085,PPD SIBU,SK,YBB3207,SEKOLAH KEBANGSAAN TANJUNG PENASU,"D/A PEJABAT PENDIDIKAN DAERAH SIBU, TINGKAT 6, WISMA PERSEKUTUAN, BLOK 3, LOT 462, BROOKE DRIVE",96000,SIBU,TIADA,TIADA,YBB3207@moe.edu.my,Luar Bandar,SK,73,13,111.78505,2.376633333,Primary,Sibu,P.212 Sibu,N.53 Bawang Assan
1086,PPD SIBU,SK,YBB3239,SEKOLAH KEBANGSAAN ULU DURIN KIBA,"D/A PEJABAT PENDIDIKAN DAERAH SIBU, TINGKAT 6, WISMA PERSEKUTUAN, BLOK 3, LOT 462, BROOKE DRIVE",96000,SIBU,1112634590,TIADA,YBB3239@moe.edu.my,Luar Bandar,SK,52,12,112.003882,2.105103,Primary,Sibu,P.211 Lanang,N.52 Dudong
1087,PPD SIBU,SK,YBB3240,SEKOLAH KEBANGSAAN ULU SG MERAH,"D/A PEJABAT PELAJARAN DAERAH SIBU, TINGKAT 6, WISMA PERSEKUTUAN",96000,SIBU,84310245,84310245,YBB3240@moe.edu.my,Bandar,SK,660,40,111.9219,2.297016667,Primary,Sibu,P.212 Sibu,N.55 Nangka
1088,PPD SIBU,SK,YBB3215,SEKOLAH KEBANGSAAN ULU SG SENGAN,"D/A PEJABAT PENDIDIKAN DAERAH SIBU, TINGKAT 6, WISMA PERSEKUTUAN, BLOK 3, LOT 462, BROOKE DRIVE",96000,SIBU,TIADA,TIADA,YBB3215@moe.edu.my,Luar Bandar,SK,85,13,112.036608,2.200405,Primary,Sibu,P.211 Lanang,N.52 Dudong
1089,PPD SIBU,SK,YBB3209,SEKOLAH KEBANGSAAN ULU SUNGAI SALIM,"ULU SUNGAI SALIM, JALAN DURIN",96000,SIBU,TIADA,TIADA,YBB3209@moe.edu.my,Luar Bandar,SK,93,12,111.98335,2.218566,Primary,Sibu,P.211 Lanang,N.52 Dudong
1090,PPD SIBU,SK,YBB3218,SEKOLAH KEBANGSAAN ULU SUNGAI SIONG,"D/A PEJABAT PENDIDIKAN DAERAH SIBU, TINGKAT 6, WISMA PERSEKUTUAN, BLOK 3, LOT 462, BROOKE DRIVE",96000,SIBU,TIADA,TIADA,YBB3218@moe.edu.my,Luar Bandar,SK,36,11,112.103848,2.366966,Primary,Sibu,P.214 Selangau,N.59 Tamin
1091,PPD SIMUNJAN,SJKC,YCC8303,SEKOLAH JENIS KEBANGSAAN (CINA) CHUNG HUA SEBANGAN,D/A PEJABAT PENDIDIKAN DAERAH SIMUNJAN,94800,SIMUNJAN,83468211,83468211,YCC8303@moe.edu.my,Luar Bandar,SBK,41,11,110.771998,1.556622,Primary,Simunjan,P.201 Batang Lupar,N.27 Sebuyau
1092,PPD SIMUNJAN,SJKC,YCC8306,SEKOLAH JENIS KEBANGSAAN (CINA) CHUNG HUA SEBUYAU,D/A PEJABAT PENDIDIKAN DAERAH SIMUNJAN,94850,SIMUNJAN,83467110,83467110,YCC8306@moe.edu.my,Luar Bandar,SBK,67,12,110.9343667,1.52045,Primary,Simunjan,,
1093,PPD SIMUNJAN,SJKC,YCC8301,SEKOLAH JENIS KEBANGSAAN (CINA) CHUNG HUA SIMUNJAN,D/A PEJABAT PENDIDIKAN DAERAH SIMUNJAN,94800,SIMUNJAN,82803697,82803697,YCC8301@moe.edu.my,Luar Bandar,SBK,152,17,110.7519333,1.39585,Primary,Simunjan,P.200 Batang Sadong,N.25 Simunjan
1094,PPD SIMUNJAN,SK,YBA8305,SEKOLAH KEBANGSAAN ABANG KADIR GEDONG,D/A PEJABAT PENDIDIKAN DAERAH SIMUNJAN,94800,SIMUNJAN,82781307,TIADA,YBA8305@moe.edu.my,Luar Bandar,SK,587,58,110.678008,1.240285,Primary,Simunjan,P.200 Batang Sadong,N.26 Gedong
1095,PPD SIMUNJAN,SK,YBE8307,SEKOLAH KEBANGSAAN ABANG MAN,D/A PEJABAT PENDIDIKAN DAERAH SIMUNJAN,94800,SIMUNJAN,82803698,82803058,YBE8307@moe.edu.my,Luar Bandar,SK,383,45,110.76514,1.386741,Primary,Simunjan,P.200 Batang Sadong,N.25 Simunjan
1096,PPD SIMUNJAN,SK,YBB8330,SEKOLAH KEBANGSAAN BAJONG,D/A PEJABAT PENDIDIKAN DAERAH SIMUNJAN,94800,SIMUNJAN,TIADA,TIADA,YBB8330@moe.edu.my,Luar Bandar,SK,21,12,110.8042167,1.566516667,Primary,Simunjan,P.201 Batang Lupar,N.27 Sebuyau
1097,PPD SIMUNJAN,SK,YBB8334,SEKOLAH KEBANGSAAN BULAN JERAGAM,KAMPUNG BULAN/JERAGAM,94850,SEBUYAU,TIADA,TIADA,YBB8334@moe.edu.my,Luar Bandar,SK,44,12,110.9034,1.5025833,Primary,Simunjan,P.201 Batang Lupar,N.27 Sebuyau
1098,PPD SIMUNJAN,SK,YBA8316,SEKOLAH KEBANGSAAN GAWANG EMPILI,D/A PEJABAT PENDIDIKAN DAERAH SIMUNJAN,94800,SIMUNJAN,82896599,TIADA,YBA8316@moe.edu.my,Luar Bandar,SK,46,14,110.920372,1.1437038,Primary,Simunjan,P.202 Sri Aman,N.30 Balai Ringin
1099,PPD SIMUNJAN,SK,YBB8325,SEKOLAH KEBANGSAAN GUNONG NGELI,D/A PEJABAT PENDIDIKAN DAERAH SIMUNJAN,94800,SIMUNJAN,TIADA,TIADA,YBB8325@moe.edu.my,Luar Bandar,SK,66,13,110.7974667,1.362083333,Primary,Simunjan,P.200 Batang Sadong,N.25 Simunjan
1100,PPD SIMUNJAN,SK,YBA8308,SEKOLAH KEBANGSAAN HJ BUJANG SEBANGAN,"KAMPUNG MENIK, SEBANGAN",94800,SIMUNJAN,83468233,83468233,YBA8308@moe.edu.my,Luar Bandar,SK,181,20,110.77325,1.558333333,Primary,Simunjan,P.201 Batang Lupar,N.27 Sebuyau
1101,PPD SIMUNJAN,SK,YBA8319,SEKOLAH KEBANGSAAN KEDUMPAI,D/A PEJABAT PENDIDIKAN DAERAH SIMUNJAN,94800,SIMUNJAN,TIADA,TIADA,YBA8319@moe.edu.my,Luar Bandar,SK,62,13,110.9694667,1.298516667,Primary,Simunjan,P.202 Sri Aman,N.30 Balai Ringin
1102,PPD SIMUNJAN,SK,YBB8313,SEKOLAH KEBANGSAAN KENIONG,D/A PEJABAT PENDIDIKAN DAERAH SIMUNJAN,94800,SIMUNJAN,TIADA,TIADA,YBB8313@moe.edu.my,Luar Bandar,SK,39,11,110.880308,1.268888,Primary,Simunjan,P.200 Batang Sadong,N.26 Gedong
1103,PPD SIMUNJAN,SK,YBB8312,SEKOLAH KEBANGSAAN KEPAYANG,D/A PEJABAT PENDIDIKAN DAERAH SIMUNJAN,94800,SIMUNJAN,TIADA,TIADA,YBB8312@moe.edu.my,Luar Bandar,SK,59,11,110.944968,1.279932,Primary,Simunjan,P.202 Sri Aman,N.30 Balai Ringin
1104,PPD SIMUNJAN,SK,YBA8307,SEKOLAH KEBANGSAAN KG GUMPEY,KAMPUNG GUMPEY,94800,SIMUNJAN,TIADA,TIADA,YBA8307@moe.edu.my,Luar Bandar,SK,70,14,110.6548,1.27965,Primary,Simunjan,P.200 Batang Sadong,N.26 Gedong
1105,PPD SIMUNJAN,SK,YBA8321,SEKOLAH KEBANGSAAN KLAIT,D/A PEJABAT PENDIDIKAN DAERAHÂ Â SIMUNJAN,94800,SIMUNJAN,TIADA,TIADA,YBA8321@moe.edu.my,Luar Bandar,SK,34,12,110.874217,1.507434,Primary,Simunjan,P.201 Batang Lupar,N.27 Sebuyau
1106,PPD SIMUNJAN,SK,YBB8329,SEKOLAH KEBANGSAAN LEPONG EMPLAS,D/A PEJABAT PENDIDIKAN DAERAH SIMUNJAN,94800,SIMUNJAN,TIADA,TIADA,YBB8329@moe.edu.my,Luar Bandar,SK,24,9,110.822844,1.339967,Primary,Simunjan,P.200 Batang Sadong,N.25 Simunjan
1107,PPD SIMUNJAN,SK,YBA8301,SEKOLAH KEBANGSAAN LUBOK BUNTIN,D/A PEJABAT PENDIDIKAN DAERAH SIMUNJAN,94800,SIMUNJAN,TIADA,TIADA,YBA8301@moe.edu.my,Luar Bandar,SK,79,14,110.6603833,1.3746,Primary,Simunjan,P.200 Batang Sadong,N.26 Gedong
1108,PPD SIMUNJAN,SK,YBE8310,SEKOLAH KEBANGSAAN LUBOK PUNGGOR,D/A PEJABAT PENDIDIKAN DAERAH SIMUNJAN,94800,SIMUNJAN,82896788,TIADA,YBE8310@moe.edu.my,Luar Bandar,SK,90,14,110.70175,1.3399,Primary,Simunjan,P.200 Batang Sadong,N.26 Gedong
1109,PPD SIMUNJAN,SK,YBB8335,SEKOLAH KEBANGSAAN LUNYING,KPG LUNYING,94850,SEBUYAU,TIADA,TIADA,YBB8335@moe.edu.my,Luar Bandar,SK,41,11,110.859792,1.488411,Primary,Simunjan,P.201 Batang Lupar,N.27 Sebuyau
1110,PPD SIMUNJAN,SK,YBB8331,SEKOLAH KEBANGSAAN MENTU,D/A PEJABAT PENDIDIKAN DAERAHÂ Â SIMUNJAN,94800,SIMUNJAN,TIADA,TIADA,YBB8331@moe.edu.my,Luar Bandar,SK,35,11,111.029299,1.266798,Primary,Simunjan,P.202 Sri Aman,N.30 Balai Ringin
1111,PPD SIMUNJAN,SK,YBB8332,SEKOLAH KEBANGSAAN MUDING,D/A PEJABAT PENDIDIKAN DAERAH SIMUNJAN,94800,SIMUNJAN,TIADA,TIADA,YBB8332@moe.edu.my,Luar Bandar,SK,47,12,111.028013,1.233941,Primary,Simunjan,P.202 Sri Aman,N.30 Balai Ringin
1112,PPD SIMUNJAN,SK,YBB8314,SEKOLAH KEBANGSAAN MUNGGU LALLANG,D/A PEJABAT PENDIDIKAN DAERAH SIMUNJAN,94800,SIMUNJAN,,,YBB8314@moe.edu.my,Luar Bandar,SK,83,14,110.9086,1.2383,Primary,Simunjan,P.200 Batang Sadong,N.26 Gedong
1113,PPD SIMUNJAN,SK,YBB8307,SEKOLAH KEBANGSAAN NYELITAK,D/A PEJABAT PENDIDIKAN DAERAH SIMUNJAN,94800,SIMUNJAN,TIADA,TIADA,YBB8307@moe.edu.my,Luar Bandar,SK,35,10,110.931067,1.116765,Primary,Simunjan,P.202 Sri Aman,N.30 Balai Ringin
1114,PPD SIMUNJAN,SK,YBB8310,SEKOLAH KEBANGSAAN PADANG PEDALAI,D/A PEJABAT PENDIDIKAN DAERAH SIMUNJAN,94800,SIMUNJAN,82766002,TIADA,YBB8310@moe.edu.my,Luar Bandar,SK,135,16,110.8890833,1.173383333,Primary,Simunjan,P.202 Sri Aman,N.30 Balai Ringin
1115,PPD SIMUNJAN,SK,YBA8317,SEKOLAH KEBANGSAAN RABA,D/A PEJABAT PENDIDIKAN DAERAH SIMUNJAN,94800,SIMUNJAN,TIADA,TIADA,YBA8317@moe.edu.my,Luar Bandar,SK,51,13,110.9557333,1.498283333,Primary,Simunjan,P.201 Batang Lupar,N.27 Sebuyau
1116,PPD SIMUNJAN,SK,YBB8301,SEKOLAH KEBANGSAAN RAJAU ENSIKA,D/A PEJABAT PENDIDIKAN DAERAH SIMUNJAN,94800,SIMUNJAN,TIADA,TIADA,YBB8301@moe.edu.my,Luar Bandar,SK,16,10,110.8292896,1.5098338,Primary,Simunjan,P.201 Batang Lupar,N.27 Sebuyau
1117,PPD SIMUNJAN,SK,YBE8312,SEKOLAH KEBANGSAAN SAGENG,D/A PEJABAT PENDIDIKAN DAERAH SIMUNJAN,94800,SIMUNJAN,82805009,TIADA,YBE8312@moe.edu.my,Luar Bandar,SK,231,28,110.7528667,1.379016667,Primary,Simunjan,P.200 Batang Sadong,N.25 Simunjan
1118,PPD SIMUNJAN,SK,YBB8326,SEKOLAH KEBANGSAAN SEBANGKOI/MAWANG,D/A PEJABAT PENDIDIKAN DAERAH SIMUNJAN,94800,SIMUNJAN,TIADA,TIADA,YBB8326@moe.edu.my,Luar Bandar,SK,61,14,110.8704833,1.120433333,Primary,Simunjan,P.202 Sri Aman,N.30 Balai Ringin
1119,PPD SIMUNJAN,SK,YBB8302,SEKOLAH KEBANGSAAN SEBUYAU/ENSENGGEI,D/A PEJABAT PENDIDIKAN DAERAH SIMUNJAN,94800,SIMUNJAN,TIADA,TIADA,YBB8302@moe.edu.my,Luar Bandar,SK,79,14,110.639475,1.417529,Primary,Simunjan,P.200 Batang Sadong,N.25 Simunjan
1120,PPD SIMUNJAN,SK,YBA8314,SEKOLAH KEBANGSAAN SEGALI,D/A PEJABAT PENDIDIKAN DAERAH SIMUNJAN,94800,SIMUNJAN,TIADA,TIADA,YBA8314@moe.edu.my,Luar Bandar,SK,71,13,110.768044,1.508654,Primary,Simunjan,P.201 Batang Lupar,N.27 Sebuyau
1121,PPD SIMUNJAN,SK,YBB8317,SEKOLAH KEBANGSAAN SEKENDU,D/A PEJABAT PENDIDIKAN DAERAH SIMUNJAN,94800,SIMUNJAN,TIADA,TIADA,YBB8317@moe.edu.my,Luar Bandar,SK,49,13,110.7681245,1.3646031,Primary,Simunjan,P.200 Batang Sadong,N.25 Simunjan
1122,PPD SIMUNJAN,SK,YBB8309,SEKOLAH KEBANGSAAN SEMALATONG,D/A PEJABAT PENDIDIKAN DAERAH SIMUNJAN,94800,SIMUNJAN,TIADA,TIADA,YBB8309@moe.edu.my,Luar Bandar,SK,109,13,110.9177667,1.209733333,Primary,Simunjan,P.200 Batang Sadong,N.26 Gedong
1123,PPD SIMUNJAN,SK,YBA8315,SEKOLAH KEBANGSAAN SERUYUK,D/A PEJABAT PENDIDIKAN DAERAH SIMUNJAN,94800,SIMUNJAN,TIADA,TIADA,YBA8315@moe.edu.my,Luar Bandar,SK,78,14,110.7184167,1.4504,Primary,Simunjan,P.201 Batang Lupar,N.27 Sebuyau
1124,PPD SIMUNJAN,SK,YBA8309,SEKOLAH KEBANGSAAN SG APIN,D/A PEJABAT PENDIDIKAN DAERAH SIMUNJAN,94800,SIMUNJAN,82895755,TIADA,YBA8309@moe.edu.my,Luar Bandar,SK,99,14,110.6653333,1.407816667,Primary,Simunjan,P.200 Batang Sadong,N.25 Simunjan
1125,PPD SIMUNJAN,SK,YBA8306,SEKOLAH KEBANGSAAN SG LADONG,D/A PEJABAT PENDIDIKAN DAERAH SIMUNJAN,94800,SIMUNJAN,82895786,TIADA,YBA8306@moe.edu.my,Luar Bandar,SK,172,20,110.7530833,1.470966667,Primary,Simunjan,P.201 Batang Lupar,N.27 Sebuyau
1126,PPD SIMUNJAN,SK,YBB8315,SEKOLAH KEBANGSAAN SG LINGKAU,D/A PEJABAT PENDIDIKAN DAERAH SIMUNJAN,94800,SIMUNJAN,TIADA,TIADA,YBB8315@moe.edu.my,Luar Bandar,SK,35,12,110.7898,1.33585,Primary,Simunjan,P.200 Batang Sadong,N.25 Simunjan
1127,PPD SIMUNJAN,SK,YBB8319,SEKOLAH KEBANGSAAN SKITONG/MERANTI,D/A PEJABAT PENDIDIKAN DAERAH SIMUNJANÂ ,94800,SIMUNJAN,TIADA,,YBB8319@moe.edu.my,Luar Bandar,SK,30,10,110.810898,1.533392,Primary,Simunjan,P.201 Batang Lupar,N.27 Sebuyau
1128,PPD SIMUNJAN,SK,YBA8313,SEKOLAH KEBANGSAAN ST ANDREW,D/A PEJABAT PENDIDIKAN DAERAH SIMUNJAN,94800,SIMUNJAN,TIADA,TIADA,YBA8313@moe.edu.my,Luar Bandar,SK,29,8,110.874815,1.449711,Primary,Simunjan,P.201 Batang Lupar,N.27 Sebuyau
1129,PPD SIMUNJAN,SK,YBB8304,SEKOLAH KEBANGSAAN SUNGAI ARUS LUMUT,D/A PEJABAT PENDIDIKAN DAERAH SIMUNJAN,94800,SIMUNJAN,,,YBB8304@moe.edu.my,Luar Bandar,SK,19,12,110.7963681,1.5589006,Primary,Simunjan,P.201 Batang Lupar,N.27 Sebuyau
1130,PPD SIMUNJAN,SK,YBB8320,SEKOLAH KEBANGSAAN SUNGAI BA,D/A PEJABAT PENDIDIKAN DAERAH SIMUNJAN,94800,SIMUNJAN,TIADA,TIADA,YBB8320@moe.edu.my,Luar Bandar,SK,37,10,110.7203333,1.3837,Primary,Simunjan,P.200 Batang Sadong,N.26 Gedong
1131,PPD SIMUNJAN,SK,YBB8308,SEKOLAH KEBANGSAAN SUNGAI PINANG,D/A PEJABAT PENDIDIKAN DAERAH SIMUNJANÂ ,94800,SIMUNJAN,TIADA,TIADA,YBB8308@moe.edu.my,Luar Bandar,SK,36,10,110.8772667,1.077983333,Primary,Simunjan,P.202 Sri Aman,N.30 Balai Ringin
1132,PPD SIMUNJAN,SK,YBA8310,SEKOLAH KEBANGSAAN TANJUNG PISANG SELANGKING,D/A PEJABAT PENDIDIKAN DAERAH SIMUNJAN,94800,SIMUNJAN,TIADA,TIADA,YBA8310@moe.edu.my,Luar Bandar,SK,60,13,110.65995,1.417783333,Primary,Simunjan,P.200 Batang Sadong,N.25 Simunjan
1133,PPD SIMUNJAN,SK,YBA8320,SEKOLAH KEBANGSAAN TEBELU,D/A PEJABAT PENDIDIKAN DAERAH SIMUNJAN,94800,SIMUNJAN,,,YBA8320@moe.edu.my,Luar Bandar,SK,154,17,110.8584833,1.541666667,Primary,Simunjan,P.201 Batang Lupar,N.27 Sebuyau
1134,PPD SIMUNJAN,SK,YBB8328,SEKOLAH KEBANGSAAN TEGELAM,D/A PEJABAT PENDIDIKAN DAERAH SIMUNJAN,94800,SIMUNJAN,TIADA,TIADA,YBB8328@moe.edu.my,Luar Bandar,SK,20,10,110.686761,1.349098,Primary,Simunjan,P.200 Batang Sadong,N.26 Gedong
1135,PPD SIMUNJAN,SK,YBB8327,SEKOLAH KEBANGSAAN TELAGUS/JEROK,D/A PEJABAT PENDIDIKAN DAERAH SIMUNJAN,94800,SIMUNJAN,TIADA,TIADA,YBB8327@moe.edu.my,Luar Bandar,SK,206,19,110.856,1.0494,Primary,Simunjan,P.202 Sri Aman,N.30 Balai Ringin
1136,PPD SIMUNJAN,SK,YBB8305,SEKOLAH KEBANGSAAN TEMIANG,D/A PEJABAT PENDIDIKAN DAERAH SIMUNJAN,94800,SIMUNJAN,TIADA,TIADA,YBB8305@moe.edu.my,Luar Bandar,SK,59,15,110.8405333,1.33495,Primary,Simunjan,P.200 Batang Sadong,N.25 Simunjan
1137,PPD SIMUNJAN,SK,YBA8318,SEKOLAH KEBANGSAAN TUANKU BAGUS,D/A PEJABAT PENDIDIKAN DAERAH SIMUNJAN,94800,SIMUNJAN,83467149,TIADA,YBA8318@moe.edu.my,Luar Bandar,SK,476,45,110.93725,1.519083333,Primary,Simunjan,,
1138,PPD SIMUNJAN,SK,YBB8333,SEKOLAH KEBANGSAAN TUBA,D/A PEJABAT PENDIDIKAN DAERAH SIMUNJAN,94800,SIMUNJAN,TIADA,TIADA,YBB8333@moe.edu.my,Luar Bandar,SK,51,12,111.089319,1.292066,Primary,Simunjan,P.202 Sri Aman,N.30 Balai Ringin
1139,PPD SIMUNJAN,SK,YBB8303,SEKOLAH KEBANGSAAN TUNGKAH DAYAK,D/A PEJABAT PENDIDIKAN DAERAH SIMUNJAN,94800,SIMUNJAN,TIADA,TIADA,YBB8303@moe.edu.my,Luar Bandar,SK,32,12,110.77674,1.539317,Primary,Simunjan,P.201 Batang Lupar,N.27 Sebuyau
1140,PPD SIMUNJAN,SK,YBA8303,SEKOLAH KEBANGSAAN TUNGKAH MELAYU,D/A PEJABAT PENDIDIKAN DAERAH SIMUNJAN,94800,SIMUNJAN,TIADA,TIADA,YBA8303@moe.edu.my,Luar Bandar,SK,119,17,110.7867167,1.53835,Primary,Simunjan,P.201 Batang Lupar,N.27 Sebuyau
1141,PPD SONG,SJKC,YCC7301,SEKOLAH JENIS KEBANGSAAN (CINA) HIN HUA,D/A PEJABAT PENDIDIKAN DAERAH SONG,96850,SONG,84777089,TIADA,YCC7301@moe.edu.my,Luar Bandar,SBK,185,19,112.5471667,2.006466667,Primary,Song,P.215 Kapit,N.62 Katibas
1142,PPD SONG,SK,YCB7301,SEKOLAH KEBANGSAAN CARDINAL VAUGHAN,D/A PEJABAT PENDIDIKAN DAERAH SONG,96850,SONG,84777475,84777475,YCB7301@moe.edu.my,Luar Bandar,SBK,602,46,112.5575333,2.005333333,Primary,Song,P.215 Kapit,N.62 Katibas
1143,PPD SONG,SK,YBB7310,SEKOLAH KEBANGSAAN LUBOK BEDIL,D/A PEJABAT PENDIDIKAN DAERAH SONG,96850,SONG,TIADA,TIADA,YBB7310@moe.edu.my,Luar Bandar,SK,41,11,112.628547,1.853711,Primary,Song,P.215 Kapit,N.62 Katibas
1144,PPD SONG,SK,YBB7308,SEKOLAH KEBANGSAAN LUBOK IPOH,D/A PEJABAT PENDIDIKAN DAERAH SONG,96850,SONG,TIADA,TIADA,YBB7308@moe.edu.my,Luar Bandar,SK,40,11,112.378786,1.70507,Primary,Song,P.215 Kapit,N.62 Katibas
1145,PPD SONG,SK,YBB7307,SEKOLAH KEBANGSAAN NANGA NYIMOH,D/A PEJABAT PENDIDIKAN DAERAH SONG,96850,SONG,TIADA,TIADA,YBB7307@moe.edu.my,Luar Bandar,SK,69,17,112.5423667,1.957866667,Primary,Song,P.215 Kapit,N.62 Katibas
1146,PPD SONG,SK,YBB7304,SEKOLAH KEBANGSAAN NG BANGKIT,D/A PEJABAT PENDIDIKAN DAERAH SONG,96850,SONG,,,YBB7304@moe.edu.my,Luar Bandar,SK,35,14,112.637973,1.771204,Primary,Song,P.215 Kapit,N.62 Katibas
1147,PPD SONG,SK,YBB7302,SEKOLAH KEBANGSAAN NG BEGUANG,D/A PEJABAT PENDIDIKAN DAERAH SONG,96850,SONG,TIADA,TIADA,YBB7302@moe.edu.my,Luar Bandar,SK,44,14,112.428085,2.034993,Primary,Song,P.215 Kapit,N.62 Katibas
1148,PPD SONG,SK,YBB7305,SEKOLAH KEBANGSAAN NG DALAI,D/A PEJABAT PENDIDIKAN DAERAH SONG,96850,SONG,TIADA,TIADA,YBB7305@moe.edu.my,Luar Bandar,SK,43,14,112.487101,2.080955,Primary,Song,P.215 Kapit,N.62 Katibas
1149,PPD SONG,SK,YBB7312,SEKOLAH KEBANGSAAN NG EMBUAU,D/A PEJABAT PENDIDIKAN DAERAH SONG,96850,SONG,,,YBB7312@moe.edu.my,Luar Bandar,SK,131,14,112.607111,2.007866,Primary,Song,P.215 Kapit,N.62 Katibas
1150,PPD SONG,SK,YBB7301,SEKOLAH KEBANGSAAN NG ENGKUAH,D/A PEJABAT PENDIDIKAN DAERAH SONG,96850,SONG,,,YBB7301@moe.edu.my,Luar Bandar,SK,66,14,112.552282,1.710218,Primary,Song,P.215 Kapit,N.62 Katibas
1151,PPD SONG,SK,YBB7309,SEKOLAH KEBANGSAAN NG JANAN,D/A PEJABAT PENDIDIKAN DAERAH SONG,96850,SONG,TIADA,TIADA,YBB7309@moe.edu.my,Luar Bandar,SK,32,14,112.720481,1.903176,Primary,Song,P.215 Kapit,N.62 Katibas
1152,PPD SONG,SK,YBB7311,SEKOLAH KEBANGSAAN NG MUSAH,D/A PEJABAT PENDIDIKAN DAERAH SONG,96850,SONG,TIADA,TIADA,YBB7311@moe.edu.my,Luar Bandar,SK,30,8,112.5426667,1.9575,Primary,Song,P.215 Kapit,N.62 Katibas
1153,PPD SONG,SK,YBB7303,SEKOLAH KEBANGSAAN NG NANSANG,D/A PEJABAT PENDIDIKAN DAERAH SONG,96850,SONG,TIADA,TIADA,YBB7303@moe.edu.my,Luar Bandar,SK,39,14,112.621107,1.905412,Primary,Song,P.215 Kapit,N.62 Katibas
1154,PPD SONG,SK,YBB7314,SEKOLAH KEBANGSAAN NG SELIBUT,D/A PEJABAT PENDIDIKAN DAERAH SONG,96850,SONG,TIADA,TIADA,YBB7314@moe.edu.my,Luar Bandar,SK,45,11,112.5610667,2.030666667,Primary,Song,P.215 Kapit,N.62 Katibas
1155,PPD SONG,SK,YBB7313,SEKOLAH KEBANGSAAN NG TEMALAT,D/A PEJABAT PENDIDIKAN DAERAH SONG,96850,SONG,TIADA,TIADA,YBB7313@moe.edu.my,Luar Bandar,SK,98,14,112.496229,2.023322,Primary,Song,P.215 Kapit,N.62 Katibas
1156,PPD SONG,SK,YBB7306,SEKOLAH KEBANGSAAN TAN SRI DATUK TEMENGGONG JUGAH,D/A PEJABAT PENDIDIKAN DAERAH SONG,96850,SONG,TIADA,TIADA,YBB7306@moe.edu.my,Luar Bandar,SK,9,8,112.688876,1.691488,Primary,Song,P.215 Kapit,N.62 Katibas
1157,PPD SONG,SK,YBB7315,SEKOLAH KEBANGSAAN ULU MELIPIS,D/A PEJABAT PENDIDIKAN DAERAH SONG,96850,SONG,TIADA,TIADA,YBB7315@moe.edu.my,Luar Bandar,SK,45,12,112.65489,2.027187,Primary,Song,P.215 Kapit,N.63 Bukit Goram
1158,PPD SRI AMAN,SJKC,YCC2104,SEKOLAH JENIS KEBANGSAAN (CINA) CHUNG HUA BANGKONG,"D/A PEJABAT PENDIDIKAN DAERAH SRI AMAN, TINGKAT 2, WISMA PERSEKUTUAN, JALAN ABANG AING",95007,SRI AMAN,TIADA,TIADA,YCC2104@moe.edu.my,Luar Bandar,SBK,64,16,111.192681,1.119279,Primary,Sri Aman,P.202 Sri Aman,N.31 Bukit Begunan
1159,PPD SRI AMAN,SJKC,YCC2107,SEKOLAH JENIS KEBANGSAAN (CINA) CHUNG HUA LINGGA,KAMPUNG LINGGA,94900,LINGGA,1118142315,TIADA,YCC2107@moe.edu.my,Luar Bandar,SBK,85,14,111.169989,1.353609,Primary,Sri Aman,P.202 Sri Aman,N.31 Bukit Begunan
1160,PPD SRI AMAN,SJKC,YCC2106,SEKOLAH JENIS KEBANGSAAN (CINA) CHUNG HUA PANTU,"D/A PEJABAT PENDIDIKAN DAERAH SRI AMAN, TINGKAT 2, WISMA PERSEKUTUAN, JALAN ABANG AING",95007,SRI AMAN,1118141871,1118142645,YCC2106@moe.edu.my,Luar Bandar,SBK,96,16,111.117568,1.141676,Primary,Sri Aman,P.202 Sri Aman,N.30 Balai Ringin
1161,PPD SRI AMAN,SJKC,YCC2103,SEKOLAH JENIS KEBANGSAAN (CINA) CHUNG HUA SIMANGGANG,"D/A PEJABAT PENDIDIKAN DAERAH SRI AMAN, TINGKAT 2, WISMA PERSEKUTUAN, JALAN ABANG AING",95007,SRI AMAN,83322207,83325613,YCC2103@moe.edu.my,Luar Bandar,SBK,939,59,111.4655167,1.230916667,Primary,Sri Aman,P.202 Sri Aman,N.32 Simanggang
1162,PPD SRI AMAN,SJKC,YCC2105,SEKOLAH JENIS KEBANGSAAN (CINA) CHUNG HUA UNDOP,"D/A PEJABAT PENDIDIKAN DAERAH SRI AMAN, TINGKAT 2, WISMA PERSEKUTUAN, JALAN ABANG AING",95007,SRI AMAN,TIADA,TIADA,YCC2105@moe.edu.my,Luar Bandar,SBK,45,13,111.552869,1.025166,Primary,Sri Aman,P.202 Sri Aman,N.32 Simanggang
1163,PPD SRI AMAN,SK,YBA2109,SEKOLAH KEBANGSAAN ABANG AING,"D/A PEJABAT PENDIDIKAN DAERAH SRI AMAN, TINGKAT 2, WISMA PERSEKUTUAN, JALAN ABANG AING",95007,SRI AMAN,83322282,83321327,YBA2109@moe.edu.my,Luar Bandar,SK,584,57,111.4596333,1.238416667,Primary,Sri Aman,P.201 Batang Lupar,N.28 Lingga
1164,PPD SRI AMAN,SK,YBB2105,SEKOLAH KEBANGSAAN ABOK,"D/A PEJABAT PENDIDIKAN DAERAH SRI AMAN, TINGKAT 2, WISMA PERSEKUTUAN, JALAN ABANG AING",95007,SRI AMAN,TIADA,TIADA,YBB2105@moe.edu.my,Luar Bandar,SK,77,13,111.016877,1.075562,Primary,Sri Aman,P.202 Sri Aman,N.30 Balai Ringin
1165,PPD SRI AMAN,SR SABK,YCA2101,SEKOLAH KEBANGSAAN AGAMA SRI AMAN,"D/A PEJABAT PENDIDIKAN DAERAH SRI AMAN, TINGKAT 2, WISMA PERSEKUTUAN, JALAN ABANG AING",95007,SRI AMAN,83327852,83327852,YCA2101@moe.edu.my,Luar Bandar,SBK,327,30,111.48195,1.21035,Primary,Sri Aman,P.202 Sri Aman,N.32 Simanggang
1166,PPD SRI AMAN,SK,YBA2117,SEKOLAH KEBANGSAAN APING,"D/A PEJABAT PENDIDIKAN DAERAH SRI AMAN, TINGKAT 2, WISMA PERSEKUTUAN, JALAN ABANG AING",95007,SRI AMAN,TIADA,TIADA,YBA2117@moe.edu.my,Luar Bandar,SK,73,13,111.042852,1.082851,Primary,Sri Aman,P.202 Sri Aman,N.30 Balai Ringin
1167,PPD SRI AMAN,SK,YBA2111,SEKOLAH KEBANGSAAN BAKONG,"D/A PEJABAT PENDIDIKAN DAERAH SRI AMAN, TINGKAT 2, WISMA PERSEKUTUAN, JALAN ABANG AING",95007,SRI AMAN,TIADA,TIADA,YBA2111@moe.edu.my,Luar Bandar,SK,125,19,111.303352,1.330332,Primary,Sri Aman,P.202 Sri Aman,N.31 Bukit Begunan
1168,PPD SRI AMAN,SK,YBB2102,SEKOLAH KEBANGSAAN BATU LINTANG,"D/A PEJABAT PENDIDIKAN DAERAH SRI AMAN, TINGKAT 2, WISMA PERSEKUTUAN, JALAN ABANG AING",95007,SRI AMAN,TIADA,TIADA,YBB2102@moe.edu.my,Luar Bandar,SK,70,17,111.5552667,1.019033333,Primary,Sri Aman,P.202 Sri Aman,N.32 Simanggang
1169,PPD SRI AMAN,SK,YBA2116,SEKOLAH KEBANGSAAN ENGKRANJI,"D/A PEJABAT PENDIDIKAN DAERAH SRI AMAN, TINGKAT 2, WISMA PERSEKUTUAN, JALAN ABANG AING",95007,SRI AMAN,TIADA,TIADA,YBA2116@moe.edu.my,Luar Bandar,SK,18,10,111.184695,1.252437,Primary,Sri Aman,P.202 Sri Aman,N.31 Bukit Begunan
1170,PPD SRI AMAN,SK,YBB2101,SEKOLAH KEBANGSAAN GRAN/STUMBIN,"D/A PEJABAT PENDIDIKAN DAERAH SRI AMAN, TINGKAT 2, WISMA PERSEKUTUAN, JALAN ABANG AING",95007,SRI AMAN,83429003,83429004,YBB2101@moe.edu.my,Luar Bandar,SK,164,20,111.385004,1.296913,Primary,Sri Aman,P.201 Batang Lupar,N.28 Lingga
1171,PPD SRI AMAN,SK,YBB2109,SEKOLAH KEBANGSAAN JAONG,"D/A PEJABAT PENDIDIKAN DAERAH SRI AMAN, TINGKAT 2, WISMA PERSEKUTUAN, JALAN ABANG AING",95007,SRI AMAN,TIADA,TIADA,YBB2109@moe.edu.my,Luar Bandar,SK,45,14,110.992916,1.13603,Primary,Sri Aman,P.202 Sri Aman,N.30 Balai Ringin
1172,PPD SRI AMAN,SK,YBA2114,SEKOLAH KEBANGSAAN KEM PAKIT,"D/A PEJABAT PENDIDIKAN DAERAH SRI AMAN, TINGKAT 2, WISMA PERSEKUTUAN, JALAN ABANG AING",95007,SRI AMAN,83322484,83323706,YBA2114@moe.edu.my,Luar Bandar,SK,110,20,111.47695,1.148516667,Primary,Sri Aman,P.202 Sri Aman,N.31 Bukit Begunan
1173,PPD SRI AMAN,SK,YBB2113,SEKOLAH KEBANGSAAN KERANGGAS,"D/A PEJABAT PENDIDIKAN DAERAH SRI AMAN, TINGKAT 2, WISMA PERSEKUTUAN, JALAN ABANG AING",95007,SRI AMAN,TIADA,TIADA,YBB2113@moe.edu.my,Luar Bandar,SK,27,8,111.120701,1.210648,Primary,Sri Aman,P.202 Sri Aman,N.30 Balai Ringin
1174,PPD SRI AMAN,SK,YBA2106,SEKOLAH KEBANGSAAN LELA PAHLAWAN,"D/A PEJABAT PENDIDIKAN DAERAH SRI AMAN, TINGKAT 2, WISMA PERSEKUTUAN, JALAN ABANG AING",95007,SRI AMAN,1118442406,TIADA,YBA2106@moe.edu.my,Luar Bandar,SK,105,21,111.171247,1.353976,Primary,Sri Aman,P.201 Batang Lupar,N.28 Lingga
1175,PPD SRI AMAN,SK,YBB2104,SEKOLAH KEBANGSAAN MELUGU,"D/A PEJABAT PENDIDIKAN DAERAH SRI AMAN, TINGKAT 2, WISMA PERSEKUTUAN, JALAN ABANG AING",95007,SRI AMAN,TIADA,TIADA,YBB2104@moe.edu.my,Luar Bandar,SK,278,27,111.4208833,1.118983333,Primary,Sri Aman,P.202 Sri Aman,N.31 Bukit Begunan
1176,PPD SRI AMAN,SK,YBA2103,SEKOLAH KEBANGSAAN MUNGGU BRINGIN,"D/A PEJABAT PENDIDIKAN DAERAH SRI AMAN, TINGKAT 2, WISMA PERSEKUTUAN, JALAN ABANG AING",95007,SRI AMAN,TIADA,TIADA,YBA2103@moe.edu.my,Luar Bandar,SK,94,13,111.231198,1.119729,Primary,Sri Aman,P.202 Sri Aman,N.31 Bukit Begunan
1177,PPD SRI AMAN,SK,YBB2117,SEKOLAH KEBANGSAAN NG KLASSEN,"D/A PEJABAT PENDIDIKAN DAERAH SRI AMAN, TINGKAT 2, WISMA PERSEKUTUAN, JALAN ABANG AING",95007,SRI AMAN,83308121,TIADA,YBB2117@moe.edu.my,Luar Bandar,SK,90,14,111.5487167,1.11425,Primary,Sri Aman,P.202 Sri Aman,N.32 Simanggang
1178,PPD SRI AMAN,SK,YBB2124,SEKOLAH KEBANGSAAN NG SKRANG,"D/A PEJABAT PENDIDIKAN DAERAH SRI AMAN, TINGKAT 2, WISMA PERSEKUTUAN, JALAN ABANG AING",95007,SRI AMAN,TIADA,TIADA,YBB2124@moe.edu.my,Luar Bandar,SK,37,12,111.500233,1.24656,Primary,Lubok Antu,P.203 Lubok Antu,N.33 Engkilili
1179,PPD SRI AMAN,SK,YBB2131,SEKOLAH KEBANGSAAN PAKU,"D/A PEJABAT PENDIDIKAN DAERAH SRI AMAN, TINGKAT 2, WISMA PERSEKUTUAN, JALAN ABANG AING",95007,SRI AMAN,TIADA,TIADA,YBB2131@moe.edu.my,Luar Bandar,SK,74,13,111.594729,1.044704,Primary,Sri Aman,P.202 Sri Aman,N.32 Simanggang
1180,PPD SRI AMAN,SK,YBB2103,SEKOLAH KEBANGSAAN PANTU,"D/A PEJABAT PENDIDIKAN DAERAH SRI AMAN, TINGKAT 2, WISMA PERSEKUTUAN, JALAN ABANG AING",95007,SRI AMAN,1118141775,TIADA,YBB2103@moe.edu.my,Luar Bandar,SK,170,22,111.115358,1.135208,Primary,Sri Aman,P.202 Sri Aman,N.30 Balai Ringin
1181,PPD SRI AMAN,SK,YBA2105,SEKOLAH KEBANGSAAN PULAU SEDUKU,"D/A PEJABAT PENDIDIKAN DAERAH SRI AMAN, TINGKAT 2, WISMA PERSEKUTUAN, JALAN ABANG AING",95007,SRI AMAN,TIADA,TIADA,YBA2105@moe.edu.my,Luar Bandar,SK,28,10,111.286596,1.363875,Primary,Sri Aman,P.201 Batang Lupar,N.28 Lingga
1182,PPD SRI AMAN,SK,YBB2112,SEKOLAH KEBANGSAAN SELANJAN,"D/A PEJABAT PENDIDIKAN DAERAH SRI AMAN, TINGKAT 2, WISMA PERSEKUTUAN, JALAN ABANG AING",95007,SRI AMAN,111.3,TIADA,YBB2112@moe.edu.my,Luar Bandar,SK,49,13,111.279092,1.187435,Primary,Sri Aman,P.202 Sri Aman,N.31 Bukit Begunan
1183,PPD SRI AMAN,SK,YBB2108,SEKOLAH KEBANGSAAN SELEPONG,"D/A PEJABAT PENDIDIKAN DAERAH SRI AMAN, TINGKAT 2, WISMA PERSEKUTUAN, JALAN ABANG AING",95007,SRI AMAN,83328084,TIADA,YBB2108@moe.edu.my,Luar Bandar,SK,120,18,111.357116,1.069281,Primary,Sri Aman,P.202 Sri Aman,N.31 Bukit Begunan
1184,PPD SRI AMAN,SK,YBB2139,SEKOLAH KEBANGSAAN SEMBAYANG,"D/A PEJABAT PENDIDIKAN DAERAH SRI AMAN, TINGKAT 2, WISMA PERSEKUTUAN, JALAN ABANG AING",95000,SRI AMAN,TIADA,TIADA,YBB2139@moe.edu.my,Luar Bandar,SK,8,7,111.401989,1.343985,Primary,Sri Aman,P.201 Batang Lupar,N.28 Lingga
1185,PPD SRI AMAN,SK,YBA2118,SEKOLAH KEBANGSAAN SRI AMAN,"D/A PEJABAT PENDIDIKAN DAERAH SRI AMAN, TINGKAT 2, WISMA PERSEKUTUAN, JALAN ABANG AING",95007,SRI AMAN,83326445,TIADA,YBA2118@moe.edu.my,Luar Bandar,SK,295,34,111.45785,1.2227,Primary,Sri Aman,P.202 Sri Aman,N.32 Simanggang
1186,PPD SRI AMAN,SK,YCB2105,SEKOLAH KEBANGSAAN ST DUNSTAN,"D/A PEJABAT PENDIDIKAN DAERAH SRI AMAN, TINGKAT 2, WISMA PERSEKUTUAN, JALAN ABANG AING",95007,SRI AMAN,TIADA,TIADA,YCB2105@moe.edu.my,Luar Bandar,SBK,32,10,110.41397,1.264132,Primary,Kuching,P.198 Puncak Borneo,N.20 Tarat
1187,PPD SRI AMAN,SK,YCB2102,SEKOLAH KEBANGSAAN ST LAWRENCE,"D/A PEJABAT PENDIDIKAN DAERAH SRI AMAN, TINGKAT 2, WISMA PERSEKUTUAN, JALAN ABANG AING",95007,SRI AMAN,83323395,TIADA,YCB2102@moe.edu.my,Luar Bandar,SBK,224,22,111.47495,1.195383333,Primary,Sri Aman,P.202 Sri Aman,N.32 Simanggang
1188,PPD SRI AMAN,SK,YCB2106,SEKOLAH KEBANGSAAN ST LEO GAYAU,"D/A PEJABAT PENDIDIKAN DAERAH SRI AMAN, TINGKAT 2, WISMA PERSEKUTUAN, JALAN ABANG AING",95007,SRI AMAN,TIADA,TIADA,YCB2106@moe.edu.my,Luar Bandar,SBK,39,13,111.029721,1.150142,Primary,Sri Aman,P.202 Sri Aman,N.30 Balai Ringin
1189,PPD SRI AMAN,SK,YCE2101,SEKOLAH KEBANGSAAN ST LUKE,"D/A PEJABAT PENDIDIKAN DAERAH SRI AMAN, TINGKAT 2, WISMA PERSEKUTUAN, JALAN ABANG AING",95007,SRI AMAN,83322288,83321343,YCE2101@moe.edu.my,Luar Bandar,SBK,408,32,111.46835,1.227933333,Primary,Sri Aman,P.202 Sri Aman,N.32 Simanggang
1190,PPD SRI AMAN,SK,YCB2101,SEKOLAH KEBANGSAAN ST MARTIN,"D/A PEJABAT PENDIDIKAN DAERAH SRI AMAN, TINGKAT 2, WISMA PERSEKUTUAN, JALAN ABANG AING",95007,SRI AMAN,TIADA,TIADA,YCB2101@moe.edu.my,Luar Bandar,SBK,52,12,111.193437,1.103942,Primary,Sri Aman,P.202 Sri Aman,N.31 Bukit Begunan
1191,PPD SRI AMAN,SK,YCB2103,SEKOLAH KEBANGSAAN ST PAUL,"D/A PEJABAT PENDIDIKAN DAERAH SRI AMAN, TINGKAT 2, WISMA PERSEKUTUAN, JALAN ABANG AING",95007,SRI AMAN,TIADA,TIADA,YCB2103@moe.edu.my,Luar Bandar,SBK,26,11,111.205194,1.283278,Primary,Sri Aman,P.202 Sri Aman,N.31 Bukit Begunan
1192,PPD SRI AMAN,SK,YBB2136,SEKOLAH KEBANGSAAN TEMUDOK KEM,"D/A PEJABAT PENDIDIKAN DAERAH SRI AMAN, TINGKAT 2, WISMA PERSEKUTUAN, JALAN ABANG AING",95007,SRI AMAN,83322289,83322289,YBB2136@moe.edu.my,Luar Bandar,SK,79,13,111.467135,1.167217,Primary,Sri Aman,P.202 Sri Aman,N.32 Simanggang
1193,PPD SRI AMAN,SK,YBB2111,SEKOLAH KEBANGSAAN TANJUNG BIJAT,"D/A PEJABAT PENDIDIKAN DAERAH SRI AMAN, TINGKAT 2, WISMA PERSEKUTUAN, JALAN ABANG AING",95007,SRI AMAN,83429001,83429002,YBB2111@moe.edu.my,Luar Bandar,SK,133,19,111.383563,1.34975,Primary,Sri Aman,P.202 Sri Aman,N.31 Bukit Begunan
1194,PPD SUBIS,SJKC,YCC4402,SEKOLAH JENIS KEBANGSAAN (CINA) CHEE MUNG,D/A PEJABAT PENDIDIKAN DAERAH SUBIS,98150,BEKENU,85737476,85737476,YCC4402@moe.edu.my,Luar Bandar,SBK,311,26,113.757399,3.803848,Primary,Subis,P.218 Sibuti,N.71 Bekenu
1195,PPD SUBIS,SJKC,YCC4403,SEKOLAH JENIS KEBANGSAAN (CINA) CHIN NAM,D/A PEJABAT PENDIDIKAN DAERAH SUBIS,98150,BEKENU,85737364,85737364,YCC4403@moe.edu.my,Luar Bandar,SBK,86,13,113.718469,3.865884,Primary,Subis,P.218 Sibuti,N.71 Bekenu
1196,PPD SUBIS,SJKC,YCC4404,SEKOLAH JENIS KEBANGSAAN (CINA) CHUNG HUA SG LUMUT,D/A PEJABAT PENDIDIKAN DAERAH SUBIS,98150,BEKENU,85710199,85710199,YCC4404@moe.edu.my,Luar Bandar,SBK,36,12,113.812911,4.03903,Primary,Subis,P.218 Sibuti,N.71 Bekenu
1197,PPD SUBIS,SJKC,YCC4401,SEKOLAH JENIS KEBANGSAAN (CINA) CHUNG HUA SIBUTI,D/A PEJABAT PENDIDIKAN DAERAH SUBIS,98150,BEKENU,85719030,TIADA,YCC4401@moe.edu.my,Luar Bandar,SBK,109,15,113.845318,4.05867,Primary,Subis,P.218 Sibuti,N.71 Bekenu
1198,PPD SUBIS,SK,YBB4412,SEKOLAH KEBANGSAAN BATU NIAH,SEKOLAH KEBANGSAAN BATU NIAH,98200,BATU NIAH,85737005,85737005,YBB4412@moe.edu.my,Luar Bandar,SK,394,34,113.756836,3.805322,Primary,Subis,P.218 Sibuti,N.71 Bekenu
1199,PPD SUBIS,SK,YBB4408,SEKOLAH KEBANGSAAN BATU TELLINGAI,D/A PEJABAT PENDIDIKAN DAERAH SUBIS,98150,BEKENU,TIADA,TIADA,YBB4408@moe.edu.my,Luar Bandar,SK,471,37,113.639588,3.563772,Primary,Subis,P.217 Bintulu,N.69 Kemena
1200,PPD SUBIS,SK,YBA4407,SEKOLAH KEBANGSAAN BEKENU,PEJABAT PENDIDIKANÂ Â DAERAH SUBIS,98150,BEKENU,85719655,TIADA,YBA4407@moe.edu.my,Luar Bandar,SK,298,34,113.848565,4.060485,Primary,Subis,P.218 Sibuti,N.71 Bekenu
1201,PPD SUBIS,SK,YBA4405,SEKOLAH KEBANGSAAN BELIAU AHAD,D/A PEJABAT PENDIDIKAN DAERAH SUBIS,98150,BEKENU,TIADA,TIADA,YBA4405@moe.edu.my,Luar Bandar,SK,86,14,113.850655,4.01259,Primary,Subis,P.218 Sibuti,N.71 Bekenu
1202,PPD SUBIS,SK,YBB4401,SEKOLAH KEBANGSAAN BELIAU ISA,D/A PEJABAT PENDIDIKAN DAERAH SUBIS,98150,BEKENU,TIADA,TIADA,YBB4401@moe.edu.my,Luar Bandar,SK,106,13,113.75928,3.966753,Primary,Subis,P.218 Sibuti,N.71 Bekenu
1203,PPD SUBIS,SK,YBB4423,SEKOLAH KEBANGSAAN KELAPA SAWIT NO. 1,D/A PEJABAT PENDIDIKAN DAERAH SUBIS,98150,BEKENU,85719027,85719501,YBB4423@moe.edu.my,Luar Bandar,SK,174,19,113.981878,4.124717,Primary,Beluru,P.220 Baram,N.76 Marudi
1204,PPD SUBIS,SK,YBB4426,SEKOLAH KEBANGSAAN KELAPA SAWIT NO. 2,D/A PEJABAT PENDIDIKAN DAERAH SUBIS,98150,BEKENU,TIADA,TIADA,YBB4426@moe.edu.my,Luar Bandar,SK,170,16,113.993087,4.045902,Primary,Beluru,P.218 Sibuti,N.72 Lambir
1205,PPD SUBIS,SK,YBB4427,SEKOLAH KEBANGSAAN KELAPA SAWIT NO. 3,D/A PEJABAT PENDIDIKAN DAERAH SUBIS,98150,BEKENU,TIADA,TIADA,YBB4427@moe.edu.my,Luar Bandar,SK,50,11,113.893022,3.915593,Primary,Subis,P.218 Sibuti,N.71 Bekenu
1206,PPD SUBIS,SK,YBA4402,SEKOLAH KEBANGSAAN KELAPA SAWIT NO. 4,D/A PEJABAT PENDIDIKAN DAERAH SUBIS,98150,BEKENU,TIADA,TIADA,YBA4402@moe.edu.my,Luar Bandar,SK,257,29,113.885635,3.869424,Primary,Subis,P.218 Sibuti,N.71 Bekenu
1207,PPD SUBIS,SK,YBB4429,SEKOLAH KEBANGSAAN KELAPA SAWIT NO. 5,Sekolah Kebangsaan Kelapa Sawit No. 5,98150,BEKENU,TIADA,TIADA,YBB4429@moe.edu.my,Luar Bandar,SK,127,17,113.877535,3.805795,Primary,Subis,P.218 Sibuti,N.71 Bekenu
1208,PPD SUBIS,SK,YBA4417,SEKOLAH KEBANGSAAN KELURU TENGAH,D/A PEJABAT PENDIDIKAN DAERAH SUBIS,98150,BEKENU,TIADA,TIADA,YBA4417@moe.edu.my,Luar Bandar,SK,124,14,113.920745,4.115064,Primary,Subis,P.218 Sibuti,N.72 Lambir
1209,PPD SUBIS,SK,YBA4406,SEKOLAH KEBANGSAAN KITA,D/A PEJABAT PENDIDIKAN DAERAH SUBIS,98150,BEKENU,,TIADA,YBA4406@moe.edu.my,Luar Bandar,SK,226,19,113.721001,3.864426,Primary,Subis,P.218 Sibuti,N.71 Bekenu
1210,PPD SUBIS,SK,YBA4403,SEKOLAH KEBANGSAAN KPG. ANGUS,D/A PEJABAT PENDIDIKAN DAERAH SUBIS,98150,BEKENU,TIADA,TIADA,YBA4403@moe.edu.my,Luar Bandar,SK,36,11,113.820827,4.085882,Primary,Miri,P.218 Sibuti,N.71 Bekenu
1211,PPD SUBIS,SK,YBB4418,SEKOLAH KEBANGSAAN KPG. BULAU,D/A PEJABAT PENDIDIKAN DAERAH SUBIS,98150,BEKENU,TIADA,TIADA,YBB4418@moe.edu.my,Luar Bandar,SK,31,9,113.897704,4.00899,Primary,Subis,P.218 Sibuti,N.72 Lambir
1212,PPD SUBIS,SK,YBB4406,SEKOLAH KEBANGSAAN KPG. BUNGAI,D/A PEJABAT PENDIDIKAN DAERAHÂ Â SUBIS,98150,BEKENU,TIADA,TIADA,YBB4406@moe.edu.my,Luar Bandar,SK,86,12,113.791902,4.069888,Primary,Subis,P.218 Sibuti,N.71 Bekenu
1213,PPD SUBIS,SK,YBB4403,SEKOLAH KEBANGSAAN KPG. IRAN,D/A PEJABAT PENDIDIKAN DAERAHÂ Â SUBIS,98150,BEKENU,TIADA,TIADA,YBB4403@moe.edu.my,Luar Bandar,SK,154,16,113.633437,3.79223,Primary,Subis,P.217 Bintulu,N.70 Samalaju
1214,PPD SUBIS,SK,YBB4416,SEKOLAH KEBANGSAAN KPG. KUALA SIBUTI,D/A PEJABAT PENDIDIKAN DAERAH SUBIS,98150,BEKENU,TIADA,TIADA,YBB4416@moe.edu.my,Luar Bandar,SK,43,12,113.724257,3.988438,Primary,Subis,P.218 Sibuti,N.71 Bekenu
1215,PPD SUBIS,SK,YBA4404,SEKOLAH KEBANGSAAN KPG. MASJID,D/A PEJABAT PENDIDIKAN DAERAHÂ Â SUBIS,98150,BEKENU,TIADA,TIADA,YBA4404@moe.edu.my,Luar Bandar,SK,22,8,113.81132,4.04463,Primary,Subis,P.218 Sibuti,N.71 Bekenu
1216,PPD SUBIS,SK,YBA4411,SEKOLAH KEBANGSAAN KPG. SELANYAU,PEJABAT PENDIDIKANÂ Â DAERAH SUBIS,98150,BEKENU,TIADA,TIADA,YBA4411@moe.edu.my,Luar Bandar,SK,101,13,113.856361,4.102186,Primary,Subis,P.218 Sibuti,N.71 Bekenu
1217,PPD SUBIS,SK,YBB4421,SEKOLAH KEBANGSAAN KPG. SUBAK,D/A PEJABAT PENDIDIKAN DAERAH SUBIS,98150,BEKENU,TIADA,TIADA,YBB4421@moe.edu.my,Luar Bandar,SK,70,14,113.897397,4.10475,Primary,Subis,P.218 Sibuti,N.72 Lambir
1218,PPD SUBIS,SK,YBB4411,SEKOLAH KEBANGSAAN KPG. TARIKAN,D/A PEJABAT PENDIDIKAN DAERAH SUBIS,98150,BEKENU,TIADA,TIADA,YBB4411@moe.edu.my,Luar Bandar,SK,54,11,113.6949,3.944333,Primary,Subis,P.218 Sibuti,N.71 Bekenu
1219,PPD SUBIS,SK,YBB4422,SEKOLAH KEBANGSAAN KPG. TEGAGENG,D/A PEJABAT PENDIDIKAN DAERAH SUBIS,98150,BEKENU,TIADA,TIADA,YBB4422@moe.edu.my,Luar Bandar,SK,86,14,113.622448,3.71182,Primary,Subis,P.217 Bintulu,N.70 Samalaju
1220,PPD SUBIS,SK,YBA4412,SEKOLAH KEBANGSAAN RANCANGAN SEPUPOK,D/A PEJABAT PENDIDIKAN DAERAH SUBIS,98150,BEKENU,TIADA,TIADA,YBA4412@moe.edu.my,Luar Bandar,SK,93,13,113.703618,3.816083,Primary,Subis,P.218 Sibuti,N.71 Bekenu
1221,PPD SUBIS,SK,YBB4404,SEKOLAH KEBANGSAAN RUMAH BARAT,D/A PEJABAT PENDIDIKAN DAERAH SUBIS,98150,BEKENU,TIADA,TIADA,YBB4404@moe.edu.my,Luar Bandar,SK,19,6,113.9466197,3.977558,Primary,Subis,P.218 Sibuti,N.71 Bekenu
1222,PPD SUBIS,SK,YBB4430,SEKOLAH KEBANGSAAN RUMAH ESSAU,D/A PEJABAT PENDIDIKAN DAERAH SUBIS,98150,BEKENU,TIADA,TIADA,YBB4430@moe.edu.my,Luar Bandar,SK,42,7,113.861078,3.989722,Primary,Subis,P.218 Sibuti,N.71 Bekenu
1223,PPD SUBIS,SK,YBB4407,SEKOLAH KEBANGSAAN RUMAH GOYANG,D/A PEJABAT PENDIDIKAN DAERAH SUBIS,98150,BEKENU,TIADA,TIADA,YBB4407@moe.edu.my,Luar Bandar,SK,61,12,113.565296,3.660468,Primary,Subis,P.217 Bintulu,N.70 Samalaju
1224,PPD SUBIS,SK,YBA4415,SEKOLAH KEBANGSAAN RUMAH MENTALI,D/A PEJABAT PENDIDIKAN DAERAH SUBIS,98150,BEKENU,TIADA,TIADA,YBA4415@moe.edu.my,Luar Bandar,SK,72,12,113.765769,3.890605,Primary,Subis,P.218 Sibuti,N.71 Bekenu
1225,PPD SUBIS,SK,YBB4413,SEKOLAH KEBANGSAAN RUMAH RANGGONG,D/A PEJABAT PENDIDIKAN DAERAH SUBIS,98150,BEKENU,TIADA,TIADA,YBB4413@moe.edu.my,Luar Bandar,SK,64,12,113.887459,3.675824,Primary,Subis,P.217 Bintulu,N.69 Kemena
1226,PPD SUBIS,SK,YBB4405,SEKOLAH KEBANGSAAN RUMAH TINGGI,D/A PEJABAT PENDIDIKAN DAERAH SUBIS,98150,BEKENU,TIADA,TIADA,YBB4405@moe.edu.my,Luar Bandar,SK,48,10,113.936822,3.919118,Primary,Subis,P.218 Sibuti,N.71 Bekenu
1227,PPD SUBIS,SK,YBA4413,SEKOLAH KEBANGSAAN RUMAH UNDI,D/A PEJABAT PENDIDIKAN DAERAH SUBIS,98150,BEKENU,TIADA,TIADA,YBA4413@moe.edu.my,Luar Bandar,SK,53,10,113.7879,3.89656,Primary,Subis,P.218 Sibuti,N.71 Bekenu
1228,PPD SUBIS,SK,YBB4419,SEKOLAH KEBANGSAAN SG. BAKAS,D/A PEJABAT PENDIDIKAN DAERAH SUBIS,98150,BEKENU,TIADA,TIADA,YBB4419@moe.edu.my,Luar Bandar,SK,54,11,113.921126,3.972165,Primary,Subis,P.218 Sibuti,N.71 Bekenu
1229,PPD SUBIS,SK,YBB4415,SEKOLAH KEBANGSAAN SG. LAMAUS,D/A PEJABAT PENDIDIKAN DAERAH SUBIS,98150,BEKENU,TIADA,TIADA,YBB4415@moe.edu.my,Luar Bandar,SK,113,13,113.803714,3.651205,Primary,Subis,P.217 Bintulu,N.69 Kemena
1230,PPD SUBIS,SK,YBB4409,SEKOLAH KEBANGSAAN SG. MANONG,D/A PEJABAT PENDIDIKAN DAERAH SUBIS,98150,BEKENU,TIADA,TIADA,YBB4409@moe.edu.my,Luar Bandar,SK,163,16,113.770611,3.758226,Primary,Subis,P.217 Bintulu,N.69 Kemena
1231,PPD SUBIS,SK,YBB4414,SEKOLAH KEBANGSAAN SG. SAEH,D/A PEJABAT PENDIDIKAN DAERAH SUBIS,98150,BEKENU,TIADA,TIADA,YBB4414@moe.edu.my,Luar Bandar,SK,45,7,113.778629,3.885943,Primary,Subis,P.218 Sibuti,N.71 Bekenu
1232,PPD SUBIS,SK,YBB4425,SEKOLAH KEBANGSAAN SG. SEBATU,D/A PEJABAT PENDIDIKAN DAERAH SUBISÂ ,98150,BEKENU,TIADA,TIADA,YBB4425@moe.edu.my,Luar Bandar,SK,81,13,113.666723,3.76915,Primary,Subis,P.217 Bintulu,N.70 Samalaju
1233,PPD SUBIS,SK,YBB4410,SEKOLAH KEBANGSAAN SG. TANGAP,D/A PEJABAT PENDIDIKAN DAERAH SUBIS,98150,BEKENU,TIADA,TIADA,YBB4410@moe.edu.my,Luar Bandar,SK,35,10,113.78808,3.824179,Primary,Subis,P.218 Sibuti,N.71 Bekenu
1234,PPD SUBIS,SK,YBA4414,SEKOLAH KEBANGSAAN SUAI 1,D/A PEJABAT PENDIDIKAN DAERAH SUBIS,98150,BEKENU,TIADA,TIADA,YBA4414@moe.edu.my,Luar Bandar,SK,277,24,113.738648,3.598619,Primary,Subis,P.217 Bintulu,N.69 Kemena
1235,PPD SUBIS,SK,YBA4416,SEKOLAH KEBANGSAAN TANJUNG BELIPAT,D/A PEJABAT PENDIDIKANÂ Â DAERAH SUBIS,98150,BEKENU,TIADA,TIADA,YBA4416@moe.edu.my,Luar Bandar,SK,101,12,113.757975,3.848528,Primary,Subis,P.218 Sibuti,N.71 Bekenu
1236,PPD SUBIS,SK,YBA4408,SEKOLAH KEBANGSAAN TAWAKAL SATAP,D/A PEJABAT PENDIDIKAN DAERAH SUBIS,98150,BEKENU,TIADA,TIADA,YBA4408@moe.edu.my,Luar Bandar,SK,40,14,113.872049,4.085487,Primary,Subis,P.218 Sibuti,N.72 Lambir
1237,PPD SUBIS,SK,YBA4410,SEKOLAH KEBANGSAAN ULU SATAP,D/A PEJABAT PENDIDIKAN DAERAH SUBIS,98150,BEKENU,TIADA,TIADA,YBA4410@moe.edu.my,Luar Bandar,SK,48,11,113.943594,4.082692,Primary,Subis,P.218 Sibuti,N.72 Lambir
1238,PPD TATAU/ SEBAUH,SJKC,YCC9201,SEKOLAH JENIS KEBANGSAAN (CINA) CHUNG HUA TATAU,"D/A PEJABAT PENDIDIKAN DAERAH TATAU, JALAN KAMPUNG DAGANG",97200,"TATAU, BINTULU",86584101,86584101,YCC9201@moe.edu.my,Luar Bandar,SBK,346,23,112.8582,2.879616667,Primary,Tatau,P.214 Selangau,N.60 Kakus
1239,PPD TATAU/ SEBAUH,SJKC,YCC9102,SEKOLAH JENIS KEBANGSAAN (CINA) CHUNG SAN,PEKAN SEBAUH,97100,SEBAUH,86422168,86422168,YCC9102@moe.edu.my,Luar Bandar,SBK,152,17,113.2708833,3.108833333,Primary,Sebauh,P.217 Bintulu,N.69 Kemena
1240,PPD TATAU/ SEBAUH,SK,YBA9107,SEKOLAH KEBANGSAAN BUKIT MAWANG,"D/A PEJABAT PENDIDIKAN DAERAH SEBAUH, KM 1, JALAN SEBAUH/BINTULU",97100,"SEBAUH, BINTULU",TIADA,TIADA,YBA9107@moe.edu.my,Luar Bandar,SK,31,9,113.403925,2.029778,Primary,Bukit Mabong,P.216 Hulu Rajang,N.64 Baleh
1241,PPD TATAU/ SEBAUH,SK,YBB9107,SEKOLAH KEBANGSAAN HERMANUS ASSAN,"D/A PEJABAT PENDIDIKAN DAERAH SEBAUH, KM 1, JALAN SEBAUH/BINTULU",97100,"SEBAUH, BINTULU",TIADA,TIADA,YBB9107@moe.edu.my,Luar Bandar,SK,54,13,113.2248167,3.041566667,Primary,Sebauh,P.217 Bintulu,N.69 Kemena
1242,PPD TATAU/ SEBAUH,SK,YBA9204,SEKOLAH KEBANGSAAN KELAWIT,"D/A PEJABAT PENDIDIKAN DAERAH TATAU, JALAN KAMPUNG DAGANG",97200,"TATAU, BINTULU",TIADA,TIADA,YBA9204@moe.edu.my,Luar Bandar,SK,257,28,112.7923167,2.853833333,Primary,Tatau,P.214 Selangau,N.60 Kakus
1243,PPD TATAU/ SEBAUH,SK,YBB9206,SEKOLAH KEBANGSAAN KUALA ANNAU,"KUALA ANNAU, SUNGAI ANAP",97200,TATAU,TIADA,TIADA,YBB9206@moe.edu.my,Luar Bandar,SK,51,11,112.8294833,2.9349,Primary,Tatau,P.214 Selangau,N.60 Kakus
1244,PPD TATAU/ SEBAUH,SK,YBB9102,SEKOLAH KEBANGSAAN KUALA BINYO,"D/A PEJABAT PENDIDIKAN DAERAH SEBAUH, KM 1, JALAN SEBAUH/BINTULU",97100,"SEBAUH, BINTULU",TIADA,TIADA,YBB9102@moe.edu.my,Luar Bandar,SK,35,11,113.4583333,3.025983333,Primary,Sebauh,P.217 Bintulu,N.69 Kemena
1245,PPD TATAU/ SEBAUH,SK,YBB9108,SEKOLAH KEBANGSAAN KUALA KEBULU,"D/A PEJABAT PENDIDIKAN DAERAH SEBAUH, KM 1, JALAN SEBAUH/BINTULU",97100,"SEBAUH, BINTULU",TIADA,TIADA,YBB9108@moe.edu.my,Luar Bandar,SK,43,13,113.7972667,3.244083333,Primary,Sebauh,P.216 Hulu Rajang,N.66 Murum
1246,PPD TATAU/ SEBAUH,SK,YBB9207,SEKOLAH KEBANGSAAN KUALA MUPUT,"D/A PEJABAT PENDIDIKAN DAERAH TATAU, JALAN KAMPUNG DAGANG",97000,"TATAU, BINTULU",TIADA,TIADA,YBB9207@moe.edu.my,Luar Bandar,SK,92,16,112.9704,2.6208,Primary,Tatau,P.214 Selangau,N.60 Kakus
1247,PPD TATAU/ SEBAUH,SK,YBB9202,SEKOLAH KEBANGSAAN KUALA SERUPAI,"D/A PEJABAT PENDIDIKAN DAERAH TATAU, JALAN KAMPUNG DAGANG",97200,"TATAU, BINTULU",TIADA,TIADA,YBB9202@moe.edu.my,Luar Bandar,SK,78,12,112.720822,3.060666,Primary,Tatau,P.217 Bintulu,N.67 Jepak
1248,PPD TATAU/ SEBAUH,SK,YBB9114,SEKOLAH KEBANGSAAN KUALA SIGU,"D/A PEJABAT PENDIDIKAN DAERAH SEBAUH, KM 1, JALAN SEBAUH/BINTULU",97100,"SEBAUH, BINTULU",TIADA,TIADA,YBB9114@moe.edu.my,Luar Bandar,SK,29,13,113.5548167,3.008933333,Primary,Sebauh,P.217 Bintulu,N.69 Kemena
1249,PPD TATAU/ SEBAUH,SK,YBA9201,SEKOLAH KEBANGSAAN KUALA TATAU,"D/A PEJABAT PENDIDIKAN DAERAH TATAU, JALAN KAMPUNG DAGANG",97200,"TATAU, BINTULU",TIADA,TIADA,YBA9201@moe.edu.my,Luar Bandar,SK,102,16,112.8026333,3.077466667,Primary,Tatau,P.217 Bintulu,N.67 Jepak
1250,PPD TATAU/ SEBAUH,SK,YBB9101,SEKOLAH KEBANGSAAN LABANG,"D/A PEJABAT PENDIDIKAN DAERAH SEBAUH, KM 1, JALAN SEBAUH/BINTULU",97100,"SEBAUH, BINTULU",TIADA,TIADA,YBB9101@moe.edu.my,Luar Bandar,SK,84,17,113.4908333,3.258583333,Primary,Sebauh,P.217 Bintulu,N.69 Kemena
1251,PPD TATAU/ SEBAUH,SK,YBA9202,SEKOLAH KEBANGSAAN NG PENYARAI,"D/A PEJABAT PENDIDIKAN DAERAH TATAU, JALAN KAMPUNG DAGANG",97200,"TATAU, BINTULU",TIADA,TIADA,YBA9202@moe.edu.my,Luar Bandar,SK,64,14,113.1536,2.637766667,Primary,Tatau,P.214 Selangau,N.60 Kakus
1252,PPD TATAU/ SEBAUH,SK,YBB9210,SEKOLAH KEBANGSAAN NG TAU,"D/A PEJABAT PENDIDIKAN DAERAH TATAU, JALAN KAMPUNG DAGANG",97200,"TATAU, BINTULU",TIADA,TIADA,YBB9210@moe.edu.my,Luar Bandar,SK,119,14,113.0334667,2.544533333,Primary,Tatau,P.214 Selangau,N.60 Kakus
1253,PPD TATAU/ SEBAUH,SK,YBA9105,SEKOLAH KEBANGSAAN PANDAN,"D/A PEJABAT PENDIDIKAN DAERAH SEBAUH, KM 1, JALAN SEBAUH/BINTULU",97100,"SEBAUH, BINTULU",TIADA,86477324,YBA9105@moe.edu.my,Luar Bandar,SK,118,19,113.3734333,3.151183333,Primary,Sebauh,P.217 Bintulu,N.69 Kemena
1254,PPD TATAU/ SEBAUH,SK,YBB9201,SEKOLAH KEBANGSAAN RH TAYAI,"D/A PEJABAT PENDIDIKAN DAERAH TATAU, JALAN KAMPUNG DAGANG",97200,"TATAU, BINTULU",,,YBB9201@moe.edu.my,Luar Bandar,SK,79,12,112.9873667,2.848066667,Primary,Tatau,P.214 Selangau,N.60 Kakus
1255,PPD TATAU/ SEBAUH,SK,YBB9204,SEKOLAH KEBANGSAAN RUMAH BARRAU,"D/A PEJABAT PENDIDIKAN DAERAH TATAU, JALAN KAMPUNG DAGANG",97200,"TATAU, BINTULU",TIADA,TIADA,YBB9204@moe.edu.my,Luar Bandar,SK,38,10,112.9665,2.725983333,Primary,Tatau,P.214 Selangau,N.60 Kakus
1256,PPD TATAU/ SEBAUH,SK,YBB9203,SEKOLAH KEBANGSAAN RUMAH KESENG,"D/A PEJABAT PENDIDIKAN DAERAH TATAU, JALAN KAMPUNG DAGANG",97200,"TATAU, BINTULU",TIADA,TIADA,YBB9203@moe.edu.my,Luar Bandar,SK,107,16,113.084823,2.729729,Primary,Tatau,P.214 Selangau,N.60 Kakus
1257,PPD TATAU/ SEBAUH,SK,YBB9205,SEKOLAH KEBANGSAAN SANGAN IBAN,"D/A PEJABAT PENDIDIKAN DAERAH TATAU, JALAN KAMPUNG DAGANG",97200,"TATAU, BINTULU",TIADA,TIADA,YBB9205@moe.edu.my,Luar Bandar,SK,114,14,112.9762333,2.76515,Primary,Tatau,P.214 Selangau,N.60 Kakus
1258,PPD TATAU/ SEBAUH,SK,YBA9106,SEKOLAH KEBANGSAAN SEBAUH,"KM 1, JLN SEBAUH-BINTULU",97100,SEBAUH,86422523,86422523,YBA9106@moe.edu.my,Luar Bandar,SK,441,33,113.2730333,3.11275,Primary,Sebauh,P.217 Bintulu,N.69 Kemena
1259,PPD TATAU/ SEBAUH,SK,YBE9108,SEKOLAH KEBANGSAAN SG BUKIT BALAI,"D/A PEJABAT PENDIDIKAN DAERAH SEBAUH, KM 1, JALAN SEBAUH/BINTULU",97100,"SEBAUH, BINTULU",TIADA,TIADA,YBE9108@moe.edu.my,Luar Bandar,SK,303,26,113.7113167,3.1624,Primary,Sebauh,P.216 Hulu Rajang,N.66 Murum
1260,PPD TATAU/ SEBAUH,SK,YBB9105,SEKOLAH KEBANGSAAN SG GENAAN,"D/A PEJABAT PENDIDIKAN DAERAH SEBAUH, KM 1, JALAN SEBAUH/BINTULU",97100,"SEBAUH, BINTULU",TIADA,TIADA,YBB9105@moe.edu.my,Luar Bandar,SK,24,12,113.3757667,3.024483333,Primary,Sebauh,P.217 Bintulu,N.69 Kemena
1261,PPD TATAU/ SEBAUH,SK,YBB9104,SEKOLAH KEBANGSAAN SG SEBUNGAN,"D/A PEJABAT PENDIDIKAN DAERAH SEBAUH, KM 1, JALAN SEBAUH/BINTULU",97100,"SEBAUH, BINTULU",TIADA,TIADA,YBB9104@moe.edu.my,Luar Bandar,SK,62,13,113.3569333,3.200733333,Primary,Sebauh,P.217 Bintulu,N.69 Kemena
1262,PPD TATAU/ SEBAUH,SK,YBB9209,SEKOLAH KEBANGSAAN SG. BAGIAN,"D/A PEJABAT PENDIDIKAN DAERAH TATAU, JALAN KAMPUNG DAGANG",97200,"TATAU, BINTULU",TIADA,TIADA,YBB9209@moe.edu.my,Luar Bandar,SK,52,12,112.9410167,2.848116667,Primary,Tatau,P.214 Selangau,N.60 Kakus
1263,PPD TATAU/ SEBAUH,SK,YBB9106,SEKOLAH KEBANGSAAN SG. SENGIAN LABANG,"D/A PEJABAT PENDIDIKAN DAERAH SEBAUH, KM 1, JALAN SEBAUH/BINTULU",97100,"SEBAUH, BINTULU",TIADA,TIADA,YBB9106@moe.edu.my,Luar Bandar,SK,103,12,113.507554,3.377321,Primary,Sebauh,P.217 Bintulu,N.69 Kemena
1264,PPD TATAU/ SEBAUH,SK,YBE9207,SEKOLAH KEBANGSAAN TATAU,"KM60, JALAN BINTULU-SIBU",97200,TATAU,86584389,86584389,YBE9207@moe.edu.my,Luar Bandar,SK,752,51,112.8506833,2.8772,Primary,Tatau,P.214 Selangau,N.60 Kakus
1265,PPD TATAU/ SEBAUH,SK,YBA9203,SEKOLAH KEBANGSAAN ULU KAKUS,"D/A PEJABAT PENDIDIKAN DAERAH TATAU, JALAN KAMPUNG DAGANG",97200,"TATAU, BINTULU",TIADA,TIADA,YBA9203@moe.edu.my,Luar Bandar,SK,134,14,113.62335,2.65185,Primary,Tatau,P.216 Hulu Rajang,N.65 Belaga
1266,PPD BARAM,SMK,YEB4303,SEKOLAH MENENGAH KEBANGSAAN BARIO,"DATARAN TINGGI KELABIT,BARIO",98050,MARUDI,198799718,TIADA,YEB4303@moe.edu.my,Luar Bandar,SK,137,15,115.454937,3.75052,Secondary,Miri,P.220 Baram,N.78 Mulu
1267,PPD BARAM,SMK,YEB4302,SEKOLAH MENENGAH KEBANGSAAN LONG LAMA,JALAN MAWAR,98300,LONG LAMA,85771278,85771089,YEB4302@moe.edu.my,Luar Bandar,SK,648,64,114.408268,3.762219,Secondary,Telang Usan,P.220 Baram,N.77 Telang Usan
1268,PPD BARAM,SMK,YEB4301,SEKOLAH MENENGAH KEBANGSAAN MARUDI,"Jalan Limbang, Marudi",98050,BARAM,85755435,85755034,YEB4301@moe.edu.my,Luar Bandar,SK,950,90,114.333748,4.183574,Secondary,Marudi,P.220 Baram,N.78 Mulu
1269,PPD BARAM,SMK,YEA4305,SEKOLAH MENENGAH KEBANGSAAN TELANG USAN,MARUDI,98050,BARAM,85756157,85756135,YEA4305@moe.edu.my,Luar Bandar,SK,415,30,114.343488,4.191505,Secondary,Marudi,P.220 Baram,N.78 Mulu
1270,PPD BARAM,SMK,YEA4301,SEKOLAH MENENGAH KEBANGSAAN TEMENGGONG DATUK LAWAI JAU,CDT 87 PEJABAT POS MIRI,98009,MIRI,138348381,TIADA,YEA4301@moe.edu.my,Luar Bandar,SK,592,37,114.781755,3.297478,Secondary,Telang Usan,P.220 Baram,N.77 Telang Usan
1271,PPD BARAM,SMK,YEA4306,SEKOLAH MENENGAH KEBANGSAAN TINJAR,"LOT 4, BLOK 20, JALAN BELURU LONG TERU, TINJAR LAN",98050,BARAM,142927898,TIADA,YEA4306@moe.edu.my,Luar Bandar,SK,883,56,114.185391,3.707884,Secondary,Beluru,P.220 Baram,N.76 Marudi
1272,PPD BARAM,SMK,YEA4304,SEKOLAH MENENGAH KEBANGSAAN TUTOH APOH,KAMPUNG LONG PANAI,98050,BARAM,TIADA,TIADA,YEA4304@moe.edu.my,Luar Bandar,SK,196,18,114.54,3.95,Secondary,Marudi,P.220 Baram,N.78 Mulu
1273,PPD BAU,SMK,YEE1101,SEKOLAH MENENGAH KEBANGSAAN BAU,JALANÂ Â SEBUKU,94000,BAU,82763117,82763901,YEE1101@moe.edu.my,Luar Bandar,SK,1297,146,110.154644,1.42889,Secondary,Bau,P.192 Mas Gading,N.02 Tasik Biru
1274,PPD BAU,SMK,YEB1102,SEKOLAH MENENGAH KEBANGSAAN LAKE,JALAN BIDI KROKONG,94000,BAU,82763148,82764558,YEB1102@moe.edu.my,Luar Bandar,SK,1628,104,110.138583,1.408297,Secondary,Bau,P.192 Mas Gading,N.02 Tasik Biru
1275,PPD BAU,SMK,YEA1101,SEKOLAH MENENGAH KEBANGSAAN PAKU (S),KM 30 JLN KUCHING BAU,94000,BAU,82370346,82370349,YEA1101@moe.edu.my,Luar Bandar,SK,1530,93,110.194888,1.427281,Secondary,Bau,P.198 Puncak Borneo,N.18 Serembu
1276,PPD BAU,SMK,YEA1102,SEKOLAH MENENGAH KEBANGSAAN SINGAI,JALAN KPG. APAR - SINGAI,94000,BAU,82473473,TIADA,TIADA,Luar Bandar,SK,663,40,110.150921,1.474902,Secondary,Bau,P.192 Mas Gading,N.02 Tasik Biru
1277,PPD BELAGA,SMK,YEA7102,SEKOLAH MENENGAH KEBANGSAAN BAKUN,D/A PEJABAT PENDIDIKAN DAERAH BELAGA,96900,BELAGA,TIADA,TIADA,YEA7102@moe.edu.my,Luar Bandar,SK,1286,83,113.93011,3.050547,Secondary,Belaga,P.216 Hulu Rajang,N.66 Murum
1278,PPD BELAGA,SMK,YEE7201,SEKOLAH MENENGAH KEBANGSAAN BELAGA,JALAN TAMAN TIPUNG TULUI,96900,BELAGA,86461445,86461585,YEE7201@moe.edu.my,Luar Bandar,SK,654,66,113.777622,2.701083,Secondary,Belaga,P.216 Hulu Rajang,N.65 Belaga
1279,PPD BETONG,KV,YHA2401,KOLEJ VOKASIONAL BETONG,"KM 8, JALAN BETONG-SRI AMAN",95700,BETONG,83472160,83472729,YHA2401@moe.edu.my,Luar Bandar,SK,575,126,111.58,1.37,Secondary,Betong,P.203 Lubok Antu,N.33 Engkilili
1280,PPD BETONG,SMK,YEA2404,SEKOLAH MENENGAH KEBANGSAAN BELADIN,"D/A PEJABAT PENDIDIKAN DAERAH BETONG, JALAN YONG SHAU NEN",95700,BETONG,TIADA,TIADA,YEA2404@moe.edu.my,Luar Bandar,SK,824,60,111.200776,1.632906,Secondary,Pusa,P.201 Batang Lupar,N.29 Beting Maro
1281,PPD BETONG,SMK,YEE2402,SEKOLAH MENENGAH KEBANGSAAN DATUK PATINGGI KEDIT,KM 7.2 JALAN BETONG/KUCHINGÂ ,95700,BETONGÂ ,83472018,83471620,YEE2402@moe.edu.my,Luar Bandar,SK,541,54,111.572192,1.371089,Secondary,Betong,P.203 Lubok Antu,N.33 Engkilili
1282,PPD BETONG,SMK,YEA2401,SEKOLAH MENENGAH KEBANGSAAN PUSA,"KM1, JLN BESAR PUSA",94950,PUSA,83465133,83465470,YEA2401@moe.edu.my,Luar Bandar,SK,1016,82,111.293135,1.631914,Secondary,Pusa,P.201 Batang Lupar,N.29 Beting Maro
1283,PPD BETONG,SMK,YEE2401,SEKOLAH MENENGAH KEBANGSAAN SARIBAS,PEKAN DEBAK,95500,DEBAK,83464109,83464050,YEE2401@moe.edu.my,Luar Bandar,SK,923,90,111.421365,1.560641,Secondary,Betong,P.204 Betong,N.37 Bukit Saban
1284,PPD BETONG,SMK,YEA2402,SEKOLAH MENENGAH KEBANGSAAN SPAOH,JALAN KAMPUNG SPAOH,95600,SPAOH,83473399,83473454,YEA2402@moe.edu.my,Luar Bandar,SK,922,87,111.477603,1.465103,Secondary,Betong,P.204 Betong,N.37 Bukit Saban
1285,PPD BETONG,SMK,YFB2401,SEKOLAH MENENGAH KEBANGSAAN ST. AUGUSTINE,JALAN DATUK BASIL TEMENGGONG,95700,BETONG,83472122,83471653,YFB2401@moe.edu.my,Luar Bandar,SBK,981,85,111.525886,1.40613,Secondary,Betong,P.204 Betong,N.36 Layar
1286,PPD BETONG,SMK,YEA2403,SEKOLAH MENENGAH KEBANGSAAN ULU LAYAR,"P.O BOX 16,PEJABAT POS BETONG",95700,BETONG,83471598,83471593,YEA2403@moe.edu.my,Luar Bandar,SK,372,35,111.576097,1.48182,Secondary,Betong,P.204 Betong,N.36 Layar
1287,PPD BINTULU,KV,YKE9101,KOLEJ VOKASIONAL BINTULU,"KM. 12, JALAN TANJUNG KIDURONG",97000,BINTULU,86251436,86253136,YKE9101@moe.edu.my,Bandar,SK,812,128,113.09,3.24,Secondary,Bintulu,P.217 Bintulu,N.70 Samalaju
1288,PPD BINTULU,SMK,YEA9104,SEKOLAH MENENGAH KEBANGSAAN ASYAKIRIN,"D/A PEJABAT PENDIDIKAN DAERAH BINTULU, KM. 5, JALAN SULTAN ISKANDAR",97000,BINTULU,86255592,86254398,YEA9104@moe.edu.my,Bandar,SK,1379,104,113.11,3.27,Secondary,Bintulu,P.217 Bintulu,N.70 Samalaju
1289,PPD BINTULU,SMK,YEA9101,SEKOLAH MENENGAH KEBANGSAAN BANDAR BINTULU,"PETI SURAT 607, BINTULU",97008,BINTULU,86332615,86313851,YEA9101@moe.edu.my,Bandar,SK,2583,144,113.08,3.2,Secondary,Bintulu,P.217 Bintulu,N.68 Tanjong Batu
1290,PPD BINTULU,SMK,YEA9102,SEKOLAH MENENGAH KEBANGSAAN BARU BINTULU,"JALAN KEMUNTING, PETI SURAT 1547",97010,BINTULU,86334529,86334540,YEA9102@moe.edu.my,Bandar,SK,1904,151,113.06,3.165745,Secondary,Bintulu,P.217 Bintulu,N.67 Jepak
1291,PPD BINTULU,SMK,YEE9103,SEKOLAH MENENGAH KEBANGSAAN BINTULU,"KM 5 JALAN SULTAN ISKANDAR, P.O.BOX 97",97007,BINTULU,86331217,86317518,YEE9103@moe.edu.my,Bandar,SK,3351,205,113.06,3.19,Secondary,Bintulu,P.217 Bintulu,N.68 Tanjong Batu
1292,PPD BINTULU,SMK,YEA9105,SEKOLAH MENENGAH KEBANGSAAN KEMENA,"LOT 830, BLOK 37, KEMENA LAND DISTRICT",97000,BINTULU,86201013,86201016,YEA9105@moe.edu.my,Luar Bandar,SK,1562,74,113.053391,3.146927,Secondary,Bintulu,P.217 Bintulu,N.70 Samalaju
1293,PPD BINTULU,SMK,YEA9103,SEKOLAH MENENGAH KEBANGSAAN KIDURONG,PETI SURAT 2078,97011,BINTULU,86254225,86254228,YEA9103@moe.edu.my,Bandar,SK,2426,172,113.08,3.23,Secondary,Bintulu,P.217 Bintulu,N.70 Samalaju
1294,PPD DALAT,SMKA,YRA3201,SEKOLAH MENENGAH KEBANGSAAN AGAMA IGAN,D/A PEJABAT PENDIDIKAN DAERAH DALAT,96300,DALAT,1118142385,TIADA,YRA3201@moe.edu.my,Luar Bandar,SK,497,56,111.712846,2.824402,Secondary,Matu,P.207 Igan,N.44 Jemoreng
1295,PPD DALAT,SMK,YEA3202,SEKOLAH MENENGAH KEBANGSAAN BATANG IGAN,D/A PEJABAT PENDIDIKAN DAERAH DALAT,96300,DALAT,TIADA,TIADA,YEA3202@moe.edu.my,Luar Bandar,SK,209,21,111.827152,2.609852,Secondary,Matu,P.212 Sibu,N.53 Bawang Assan
1296,PPD DALAT,SMK,YEE3501,SEKOLAH MENENGAH KEBANGSAAN DALAT,"LOT 150, OYA DALAT, LAND DISTRICT",96300,DALAT,84864253,84863251,YEE3501@moe.edu.my,Luar Bandar,SK,849,72,111.94,2.74,Secondary,Dalat,P.213 Mukah,N.56 Dalat
1297,PPD DALAT,SMK,YEA3501,SEKOLAH MENENGAH KEBANGSAAN OYA,D/A PEJABAT PENDIDIKAN DAERAH DALAT,96300,DALAT,84867885,84867433,YEA3501@moe.edu.my,Luar Bandar,SK,899,86,111.885855,2.862614,Secondary,Dalat,P.213 Mukah,N.57 Tellian
1298,PPD DARO,SMK,YEA6101,SEKOLAH MENENGAH KEBANGSAAN BELAWAI,KPG. JERIJEH BARU,96150,BELAWAI,84613268,84613430,YEA6101@moe.edu.my,Luar Bandar,SK,542,52,111.225189,2.202399,Secondary,Tanjung Manis,P.206 Tanjong Manis,N.41 Kuala Rajang
1299,PPD DARO,SMK,YEE6401,SEKOLAH MENENGAH KEBANGSAAN MATU,D/A PEJABAT PENDIDIKAN DAERAH DARO,96200,DARO,84832119,84832216,YEE6401@moe.edu.my,Luar Bandar,SK,769,55,111.540359,2.669216,Secondary,Matu,P.207 Igan,N.44 Jemoreng
1300,PPD DARO,SMK,YEAB301,SEKOLAH MENENGAH KEBANGSAAN SEMOP,KAMPUNG SEMOP,96200,DARO,TIADA,TIADA,YEAB301@moe.edu.my,Luar Bandar,SK,493,37,111.396062,2.412481,Secondary,Daro,P.206 Tanjong Manis,N.42 Semop
1301,PPD DARO,SMK,YEE6402,SEKOLAH MENENGAH KEBANGSAAN TOH PUAN DATUK PATINGGI HJH NORMAH,D/A PEJABAT PENDIDIKAN DAERAH DARO,96200,DARO,84823262,84823972,YEE6402@moe.edu.my,Luar Bandar,SK,1002,89,111.41724,2.519555,Secondary,Daro,P.207 Igan,N.43 Daro
1302,PPD JULAU,SMK,YEB6201,SEKOLAH MENENGAH KEBANGSAAN JULAU,"LOT 353, BLOK D, JIKANG LAND DISTRICT",96600,JULAU,84734266,84734763,YEB6201@moe.edu.my,Luar Bandar,SK,699,65,111.906899,2.029932,Secondary,Julau,P.209 Julau,N.48 Meluan
1303,PPD JULAU,SMK,YEA6202,SEKOLAH MENENGAH KEBANGSAAN JULAU NO.2,"LOT.353, BLOK 3, JIKANG LAND DISTRICT",96600,JULAU,84734060,84734061,YEA6202@moe.edu.my,Luar Bandar,SK,694,43,111.905665,2.049457,Secondary,Julau,P.209 Julau,N.48 Meluan
1304,PPD JULAU,SMK,YEA6201,SEKOLAH MENENGAH KEBANGSAAN PAKAN,BATU 1 JALAN ENTABAI/PAKAN,96510,PAKAN,1118142027,TIADA,YEA6201@moe.edu.my,Luar Bandar,SK,843,67,111.68325,1.88775,Secondary,Pakan,P.209 Julau,N.47 Pakan
1305,PPD KANOWIT,SMK,YEB3301,SEKOLAH MENENGAH KEBANGSAAN DATUK HAJI ABDUL RAHMAN YAKUB,"KM72, JLN. NIBONG TADA",96700,KANOWIT,84755707,84755145,YEB3301@moe.edu.my,Luar Bandar,SK,736,55,112.197383,2.116869,Secondary,Kanowit,P.210 Kanowit,N.49 Ngemah
1306,PPD KANOWIT,SMK,YEA3302,SEKOLAH MENENGAH KEBANGSAAN KANOWIT,JALAN DURIN KANOWIT SIBU,96700,KANOWIT,84752152,84753700,YEA3302@moe.edu.my,Luar Bandar,SK,1248,105,112.145053,2.098244,Secondary,Kanowit,P.210 Kanowit,N.50 Machan
1307,PPD KANOWIT,SMK,YEA3303,SEKOLAH MENENGAH KEBANGSAAN NANGA DAP,D/A PEJABAT PENDIDIKAN DAERAH KANOWITÂ ,96700,KANOWIT,84755191,84755002,YEA3303@moe.edu.my,Luar Bandar,SK,326,31,112.318953,2.052116,Secondary,Kanowit,P.210 Kanowit,N.49 Ngemah
1308,PPD KAPIT,SMK,YEA7101,SEKOLAH MENENGAH KEBANGSAAN BALLEH,"NANGA GAAT, PETI SURAT 175",96807,KAPIT,TIADA,TIADA,YEA7101@moe.edu.my,Luar Bandar,SK,222,30,113.431436,1.894786,Secondary,Bukit Mabong,P.216 Hulu Rajang,N.64 Baleh
1309,PPD KAPIT,SMK,YEE7101,SEKOLAH MENENGAH KEBANGSAAN KAPIT,PETI SURAT NO.39,96807,KAPIT,84796288,84797388,YEE7101@moe.edu.my,Luar Bandar,SK,1675,132,112.9446,2.0147,Secondary,Kapit,P.215 Kapit,N.63 Bukit Goram
1310,PPD KAPIT,SMK,YEA7103,SEKOLAH MENENGAH KEBANGSAAN KAPIT NO.2,"D/A PEJABAT PENDIDIKAN DAERAH KAPIT, TINGKAT 1 & 2, WISMA PERSEKUTUAN, JALAN PENGHULU NYANGGAU",96800,KAPIT,84796071,84796072,YEA7103@moe.edu.my,Luar Bandar,SK,1300,106,112.9259,2.00715,Secondary,Kapit,P.215 Kapit,N.63 Bukit Goram
1311,PPD KAPIT,SMK,YEE7102,SEKOLAH MENENGAH KEBANGSAAN SELIRIK,JALAN SELIRIK PETI SURAT 97,96807,KAPIT,84796233,84796434,YEE7102@moe.edu.my,Luar Bandar,SK,1257,110,112.978667,2.000033,Secondary,Kapit,P.215 Kapit,N.61 Pelagus
1312,PPD KUCHING,SMK,YEB1303,KOLEJ D PATINGGI ABANG HJ ABDILLAH,"LORONG SIOL KANDIS 1, PETRA JAYA",93050,KUCHING,82440635,82449872,YEB1303@moe.edu.my,Bandar,SK,756,64,110.35405,1.57855,Secondary,Kuching,P.194 Petra Jaya,N.07 Samariang
1313,PPD KUCHING,KV,YHA1201,KOLEJ VOKASIONAL KUCHING,"JALAN KOLEJ, BATU LINTANG",93200,KUCHING,82420814,82231576,YHA1201@moe.edu.my,Bandar,SK,423,108,110.346331,1.533434,Secondary,Kuching,P.195 Bandar Kuching,N.11 Batu Lintang
1314,PPD KUCHING,SM SABK,YRA1303,SEKOLAH MENENGAH KEBANGSAAN AGAMA TUN AHMAD ZAIDI,JALAN SULTAN TENGAH,93050,KUCHING,82312578,82445397,YRA1303@moe.edu.my,Bandar,SBK,816,67,110.339867,1.619849,Secondary,Kuching,P.194 Petra Jaya,N.07 Samariang
1315,PPD KUCHING,SMK,YEA1205,SEKOLAH MENENGAH KEBANGSAAN BAKO,JALAN BAKO,93050,KUCHING,82432251,82434405,YEA1205@moe.edu.my,Luar Bandar,SK,1215,99,110.447533,1.644883,Secondary,Kuching,P.193 Santubong,N.05 Demak Laut
1316,PPD KUCHING,SMK,YEB1202,SEKOLAH MENENGAH KEBANGSAAN BANDAR KUCHING NO.1,"JLN CHONG KIUN KONG, KENYALANG PARK",93300,KUCHING,82245957,82410113,YEB1202@moe.edu.my,Bandar,SK,1114,80,110.35965,1.54075,Secondary,Kuching,P.195 Bandar Kuching,N.10 Pending
1317,PPD KUCHING,SMK,YEA1209,SEKOLAH MENENGAH KEBANGSAAN BANDAR SAMARIANG,JALAN SULTAN TENGAH PETRA JAYA,93050,KUCHING,82311072,82313270,YEA1209@moe.edu.my,Luar Bandar,SK,1073,72,110.328425,1.632518,Secondary,Kuching,P.193 Santubong,N.04 Pantai Damai
1318,PPD KUCHING,SMK,YEE1204,SEKOLAH MENENGAH KEBANGSAAN BATU LINTANG,JALAN COLLEGE,93200,KUCHING,82254579,82240116,YEE1204@moe.edu.my,Bandar,SK,1379,115,110.348,1.532383,Secondary,Kuching,P.195 Bandar Kuching,N.11 Batu Lintang
1319,PPD KUCHING,SMK,YEA1201,SEKOLAH MENENGAH KEBANGSAAN D P H ABDUL GAPOR,"LORONG STAMPIN 23, JALAN STAMPIN",93350,KUCHING,82451130,82571877,YEA1201@moe.edu.my,Bandar,SK,1831,149,110.351367,1.51725,Secondary,Kuching,P.196 Stampin,N.12 Kota Sentosa
1320,PPD KUCHING,SMK,YEA1207,SEKOLAH MENENGAH KEBANGSAAN DEMAK BARU,"JALAN DIPLOMATIK,OFF JALAN BAKO",93050,KUCHING,82311670,82312721,YEA1207@moe.edu.my,Bandar,SK,972,73,110.36921,1.586469,Secondary,Kuching,P.194 Petra Jaya,N.07 Samariang
1321,PPD KUCHING,SMK,YEB1201,SEKOLAH MENENGAH KEBANGSAAN GREEN ROAD,"LEBUH SOCKALINGAM, JALAN GREEN",93150,KUCHING,82243541,82239343,YEB1201@moe.edu.my,Bandar,SK,1596,130,110.334567,1.544317,Secondary,Kuching,P.195 Bandar Kuching,N.09 Padungan
1322,PPD KUCHING,SMK,YEE1205,SEKOLAH MENENGAH KEBANGSAAN PADUNGAN,JLN TAN SRI DATUK WILLIAM TAN,93450,KUCHING,82333526,82348402,YEE1205@moe.edu.my,Bandar,SK,532,43,110.36215,1.547783,Secondary,Kuching,P.195 Bandar Kuching,N.10 Pending
1323,PPD KUCHING,SMK,YEE1201,SEKOLAH MENENGAH KEBANGSAAN PENDING,JALAN TUN RAZAKÂ ,93450,KUCHING,82331210,82343441,YEE1201@moe.edu.my,Bandar,SK,1175,126,110.383067,1.547817,Secondary,Kuching,P.195 Bandar Kuching,N.10 Pending
1324,PPD KUCHING,SMK,YEA1301,SEKOLAH MENENGAH KEBANGSAAN PETRA JAYA,"JALAN SEMARAK, PETRA JAYA",93050,KUCHING,82254824,82242507,YEA1301@moe.edu.my,Bandar,SK,1484,102,110.31885,1.564983,Secondary,Kuching,P.194 Petra Jaya,N.06 Tupong
1325,PPD KUCHING,SMK,YEA1305,SEKOLAH MENENGAH KEBANGSAAN SANTUBONG,"JALAN PANTAI PUTERI, SANTUBONG",93050,KUCHING,82846227,82846720,YEA1305@moe.edu.my,Luar Bandar,SK,594,44,110.318044,1.724513,Secondary,Kuching,P.193 Santubong,N.04 Pantai Damai
1326,PPD KUCHING,SMK,YEA1309,SEKOLAH MENENGAH KEBANGSAAN SEMERAH PADI,"JALAN DEPO, PETRA JAYA",93050,KUCHING,82441403,82441468,YEA1309@moe.edu.my,Bandar,SK,1669,114,110.319108,1.580656,Secondary,Kuching,P.194 Petra Jaya,N.07 Samariang
1327,PPD KUCHING,SMK,YEA1202,SEKOLAH MENENGAH KEBANGSAAN SERI SETIA,JALAN SETIA RAJA,93350,KUCHING,82362325,82362670,YEA1202@moe.edu.my,Bandar,SK,1045,77,110.391767,1.536233,Secondary,Kuching,P.193 Santubong,N.05 Demak Laut
1328,PPD KUCHING,SMK,YFB1202,SEKOLAH MENENGAH KEBANGSAAN ST JOSEPH,JLN TUN ABANG HJ OPENG,93000,KUCHING,82240885,82245151,YFB1202@moe.edu.my,Bandar,SBK,1116,106,110.341117,1.5515,Secondary,Kuching,P.194 Petra Jaya,N.08 Satok
1328,PPD KUCHING,SMK,YFB1202,SEKOLAH MENENGAH KEBANGSAAN ST JOSEPH,JLN TUN ABANG HJ OPENG,93000,KUCHING,82240885,82245151,YFB1202@moe.edu.my,Bandar,SBK,1116,106,110.341117,1.5515,Secondary,Kuching,P.195 Bandar Kuching,N.09 Padungan
1329,PPD KUCHING,SMK,YFB1205,SEKOLAH MENENGAH KEBANGSAAN ST MARY,JALAN MCDOUGALL,93000,KUCHING,82242689,82245772,YFB1205@moe.edu.my,Bandar,SBK,616,41,110.3469,1.555717,Secondary,Kuching,P.195 Bandar Kuching,N.09 Padungan
1330,PPD KUCHING,SMK,YFB1203,SEKOLAH MENENGAH KEBANGSAAN ST TERESA,JLN. TUN ABG. HJ. OPENG,93000,KUCHING,82244598,82417311,YFB1203@moe.edu.my,Bandar,SBK,811,60,110.342583,1.5511,Secondary,Kuching,P.195 Bandar Kuching,N.09 Padungan
1331,PPD KUCHING,SMK,YFB1204,SEKOLAH MENENGAH KEBANGSAAN ST THOMAS,JALAN MCDOUGALL,93000,KUCHING,82242539,82250328,YFB1204@moe.edu.my,Bandar,SBK,767,93,110.345267,1.55475,Secondary,Kuching,P.195 Bandar Kuching,N.09 Padungan
1332,PPD KUCHING,SMK,YEA1204,SEKOLAH MENENGAH KEBANGSAAN TABUAN JAYA,JALAN WAN ALWI,93350,KUCHING,82364936,82362182,YEA1204@moe.edu.my,Bandar,SK,382,52,110.385133,1.513417,Secondary,Kuching,P.195 Bandar Kuching,N.11 Batu Lintang
1333,PPD KUCHING,SMK,YFB1201,SEKOLAH MENENGAH KEBANGSAAN TINGGI KUCHING,JALAN MATHIE,93100,KUCHING,82247266,82246643,YFB1201@moe.edu.my,Bandar,SBK,1562,99,110.3494,1.554517,Secondary,Kuching,P.195 Bandar Kuching,N.09 Padungan
1334,PPD KUCHING,SMK,YEE1301,SEKOLAH MENENGAH KEBANGSAAN TUN ABANG HJ OPENG,"D/A PEJABAT PENDIDIKAN DAERAH KUCHING, JALAN DIPLOMATIK OFF JALAN BAKO PETRA JAYA",93050,KUCHING,82447540,82443978,YEE1301@moe.edu.my,Bandar,SK,1308,96,110.3626,1.5719,Secondary,Kuching,P.193 Santubong,N.04 Pantai Damai
1335,PPD KUCHING,SMK,YEA1303,SEKOLAH MENENGAH KEBANGSAAN TUNKU ABDUL RAHMAN,BT. 2 1/2Â Â JALAN MATANG,93050,KUCHING,82240688,82248580,YEA1303@moe.edu.my,Bandar,SK,1090,71,110.317067,1.561483,Secondary,Kuching,P.194 Petra Jaya,N.06 Tupong
1336,PPD KUCHING,SENI,YEA1210,SEKOLAH SENI MALAYSIA SARAWAK,"JALAN SULTAN TENGAH, PETRA JAYA",93050,KUCHING,82510356,82513917,YEA1210@moe.edu.my,Bandar,SK,349,70,110.34,1.55,Secondary,Kuching,P.195 Bandar Kuching,N.09 Padungan
1337,PPD KUCHING,SMT,YKA1202,SMT SEJINGKAT,"LOT 216, FASA II, TAMAN PERINDUSTRIAN SEJINGKAT, LORONG DEMAK INDAH 5A1",93050,KUCHING,82432057,82432055,YKA1202@moe.edu.my,Luar Bandar,SK,587,46,110.428267,1.59845,Secondary,Kuching,P.193 Santubong,N.05 Demak Laut
1338,PPD LAWAS,SMK,YEE5201,SEKOLAH MENENGAH KEBANGSAAN LAWAS,"KM.1.5, JALAN TRUSAN",98850,LAWAS,85285325,85285592,YEE5201@moe.edu.my,Luar Bandar,SK,923,73,115.395183,4.85675,Secondary,Lawas,P.222 Lawas,N.82 Bukit Sari
1339,PPD LAWAS,SMK,YEA5202,SEKOLAH MENENGAH KEBANGSAAN MERAPOK,KM 30 JALAN MERAPOK,98850,LAWAS,TIADA,TIADA,YEA5202@moe.edu.my,Luar Bandar,SK,738,71,115.502167,4.938583,Secondary,Lawas,P.222 Lawas,N.82 Bukit Sari
1340,PPD LAWAS,SMK,YEA5201,SEKOLAH MENENGAH KEBANGSAAN SUNDAR,PEKAN SUNDAR,98800,LAWAS,85264254,85264885,YEA5201@moe.edu.my,Luar Bandar,SK,404,40,115.210386,4.888056,Secondary,Lawas,P.222 Lawas,N.82 Bukit Sari
1341,PPD LAWAS,SMK,YEB5202,SEKOLAH MENENGAH KEBANGSAAN TRUSAN,JALAN TRUSAN,98850,LAWAS,85262085,85262086,YEB5202@moe.edu.my,Luar Bandar,SK,609,52,115.278479,4.79484,Secondary,Lawas,P.222 Lawas,N.81 Ba`Kelalan
1342,PPD LIMBANG,SMKA,YRA5101,SEKOLAH MENENGAH KEBANGSAAN AGAMA LIMBANG,"KM 11.7, JALAN PANDARUAN, PETI SURAT 493",98700,LIMBANG,85666212,85666536,YRA5101@moe.edu.my,Luar Bandar,SK,431,47,115.012833,4.684617,Secondary,Limbang,P.221 Limbang,N.79 Bukit Kota
1343,PPD LIMBANG,SMK,YEA5102,SEKOLAH MENENGAH KEBANGSAAN KUBONG,"BUKIT EMPAS, BATU 2, JALAN KUBONG",98700,LIMBANG,85216602,85213250,YEA5102@moe.edu.my,Luar Bandar,SK,953,92,114.981417,4.727,Secondary,Limbang,P.221 Limbang,N.79 Bukit Kota
1344,PPD LIMBANG,SMK,YEE5101,SEKOLAH MENENGAH KEBANGSAAN LIMBANG,PETI SURAT 304,98700,LIMBANG,85211341,85211341,YEE5101@moe.edu.my,Luar Bandar,SK,1189,85,115.018717,4.751133,Secondary,Limbang,P.221 Limbang,N.79 Bukit Kota
1345,PPD LIMBANG,SMK,YEB5101,SEKOLAH MENENGAH KEBANGSAAN MEDAMIT,PETI SURAT 341,98708,LIMBANG,137853047,TIADA,YEB5101@moe.edu.my,Luar Bandar,SK,687,56,114.908044,4.490841,Secondary,Limbang,P.221 Limbang,N.80 Batu Danau
1346,PPD LIMBANG,SMK,YEA5101,SEKOLAH MENENGAH KEBANGSAAN SERI PATIAMBUN LIMBANG,PETI SURAT 317,98707,LIMBANG,85212630,85214122,YEA5101@moe.edu.my,Luar Bandar,SK,939,68,115.00405,4.790783,Secondary,Limbang,P.221 Limbang,N.79 Bukit Kota
1347,PPD LUBOK ANTU,SMK,YEE2301,SEKOLAH MENENGAH KEBANGSAAN ENGKILILI,"KM 3, ENGKILILI",95800,ENGKILILI,83563020,83563092,YEE2301@moe.edu.my,Luar Bandar,SK,991,97,111.640231,1.135743,Secondary,Lubok Antu,P.203 Lubok Antu,N.33 Engkilili
1348,PPD LUBOK ANTU,SMK,YEB2301,SEKOLAH MENENGAH KEBANGSAAN LUBOK ANTU,JALAN BATU KAYA,95900,LUBOK ANTU,83584135,83584643,YEB2301@moe.edu.my,Luar Bandar,SK,933,69,111.83694,1.03834,Secondary,Lubok Antu,P.203 Lubok Antu,N.34 Batang Ai
1349,PPD LUNDU,SMK,YEE1401,SEKOLAH MENENGAH KEBANGSAAN LUNDU,"KM2, JALAN LUNDU/PANDAN",94500,LUNDU,82735252,82734659,YEE1401@moe.edu.my,Luar Bandar,SK,1367,114,109.850983,1.688933,Secondary,Lundu,P.193 Santubong,N.03 Tanjong Datu
1350,PPD LUNDU,SMK,YEA1401,SEKOLAH MENENGAH KEBANGSAAN SEMATAN,D/A PEJABAT PENDIDIKAN DAERAH LUNDU,94500,SEMATAN,82711143,82711044,YEA_1401@moe.edu.my,Luar Bandar,SK,865,77,109.762677,1.801772,Secondary,Lundu,P.193 Santubong,N.03 Tanjong Datu
1351,PPD LUNDU,SMK,YEA1402,SEKOLAH MENENGAH KEBANGSAAN SENIBONG,JALAN LUNDU/BAU,94500,LUNDU,82734035,82734058,YEA1402@moe.edu.my,Luar Bandar,SK,548,38,109.894661,1.598285,Secondary,Lundu,P.193 Santubong,N.03 Tanjong Datu
1352,PPD MARADONG,SMK,YEA6301,SEKOLAH MENENGAH KEBANGSAAN BANDAR BINTANGOR,"KM 4, JALAN KELUPU",96500,BINTANGOR,84693607,84693293,YEA6301@moe.edu.my,Luar Bandar,SK,637,64,111.657819,2.152438,Secondary,Meradong,P.208 Sarikei,N.46 Meradong
1353,PPD MARADONG,SMK,YFB6301,SEKOLAH MENENGAH KEBANGSAAN KAI CHUNG,PETI SURAT 100,96507,BINTANGOR,84693252,84691311,YFB6301@moe.edu.my,Luar Bandar,SBK,978,68,111.636994,2.167266,Secondary,Meradong,P.208 Sarikei,N.46 Meradong
1354,PPD MARADONG,SMK,YEE6301,SEKOLAH MENENGAH KEBANGSAAN MERADONG,JALAN KANOWIT-JULAU-DURIN,96509,BINTANGOR,84691911,84691669,YEE6301@moe.edu.my,Luar Bandar,SK,1211,141,111.672678,2.072563,Secondary,Meradong,P.208 Sarikei,N.46 Meradong
1355,PPD MARADONG,SMK,YFB6302,SEKOLAH MENENGAH KEBANGSAAN TONG HUA,"D/A PEJABAT PENDIDIKAN DAERAH MERADONG, JALAN BERJAYA",96500,BINTANGOR,198596302,198594082,YFB6302@moe.edu.my,Luar Bandar,SBK,196,25,111.738124,2.154229,Secondary,Meradong,P.208 Sarikei,N.46 Meradong
1356,PPD MIRI,SMK,YEB4101,KOLEJ TUN DATU TUANKU HJ BUJANG,"JALAN BUNGA TANJUNG 2, TANJUNG LOBANG",98009,MIRI,85411795,85411805,YEB4101@moe.edu.my,Bandar,SK,764,95,113.964417,4.359267,Secondary,Miri,P.219 Miri,N.73 Piasau
1357,PPD MIRI,KV,YHA4101,KOLEJ VOKASIONAL MIRIÂ ,"LORONG 10, JLN JEE FOH, KROKOP",98000,MIRI,85431121,85413121,yha4101@moe.edu.my,Bandar,SK,566,106,114.00815,4.421967,Secondary,Miri,P.219 Miri,N.74 Pujut
1358,PPD MIRI,SMKA,YRA4101,SEKOLAH MENENGAH KEBANGSAAN AGAMA,"PETI SURAT 1387, MIRI",98007,MIRI,85429436,85429443,yra4101@moe.edu.my,Bandar,SK,709,68,113.955867,4.298633,Secondary,Miri,P.218 Sibuti,N.72 Lambir
1359,PPD MIRI,SMK,YEA4102,SEKOLAH MENENGAH KEBANGSAAN BARU,JALAN CAHAYA LOPENG,98000,MIRI,85431707,85428057,yea4102@moe.edu.my,Bandar,SK,835,77,113.997783,4.376683,Secondary,Miri,P.219 Miri,N.75 Senadin
1360,PPD MIRI,SMK,YFB4101,SEKOLAH MENENGAH KEBANGSAAN CHUNG HUA,"PETI SURAT 116, JLN BRIGHTON",98007,MIRI,85433517,85422872,yfb4101@moe.edu.my,Bandar,SBK,1714,121,113.977717,4.3782,Secondary,Miri,P.219 Miri,N.75 Senadin
1361,PPD MIRI,SMK,YEA4101,SEKOLAH MENENGAH KEBANGSAAN DATO PERMAISURI,"JALAN DATO PERMAISURI, PIASAU JAYA",98000,MIRI,85659066,85660812,yea4101@moe.edu.my,Bandar,SK,1300,94,114.013583,4.425383,Secondary,Miri,P.219 Miri,N.74 Pujut
1362,PPD MIRI,SMK,YEA4106,SEKOLAH MENENGAH KEBANGSAAN LOPENG TENGAH,JALAN RIAM,98000,MIRI,85423905,85426129,yea4106@moe.edu.my,Bandar,SK,736,54,113.9888,4.363117,Secondary,Miri,P.219 Miri,N.75 Senadin
1363,PPD MIRI,SMK,YEA4103,SEKOLAH MENENGAH KEBANGSAAN LUAK,"D/A PEJABAT PENDIDIKAN DAERAH MIRI, TINGKAT 2, WISMA PERSEKUTUAN, JALAN KIPAS",98000,MIRI,85427760,85430760,yea4103@moe.edu.my,Bandar,SK,504,46,113.979783,4.346067,Secondary,Miri,P.218 Sibuti,N.72 Lambir
1364,PPD MIRI,SMK,YEE4101,SEKOLAH MENENGAH KEBANGSAAN LUTONG,"JALAN PANTAI, LUTONG",98100,MIRI,85655205,85652503,yee4101@moe.edu.my,Bandar,SK,2233,144,114.002833,4.461183,Secondary,Miri,P.219 Miri,N.73 Piasau
1365,PPD MIRI,SMK,YEA4107,SEKOLAH MENENGAH KEBANGSAAN MERBAU,"LOT 6410, BLOK 10, KUALA BARAM LAND DISTRICT",98100,MIRI,85665159,85662159,yea4107@moe.edu.my,Bandar,SK,2902,146,114.048767,4.454983,Secondary,Miri,P.219 Miri,N.75 Senadin
1366,PPD MIRI,SMK,YEA4109,SEKOLAH MENENGAH KEBANGSAAN PUJUT,"LOT3119,PARADISE PARK,JLN PULASAN, DESA SENADIN",98100,MIRI,85657349,85658793,yea4109@moe.edu.my,Bandar,SK,2463,138,114.013417,4.4862,Secondary,Miri,P.219 Miri,N.75 Senadin
1367,PPD MIRI,SMK,YEA4105,SEKOLAH MENENGAH KEBANGSAAN RIAM,"JALAN SIBU, TAMAN TUNKU",98000,MIRI,85615033,85615033,yea4105@moe.edu.my,Bandar,SK,1103,70,113.99635,4.3167,Secondary,Miri,P.218 Sibuti,N.72 Lambir
1368,PPD MIRI,SMK,YFB4102,SEKOLAH MENENGAH KEBANGSAAN ST. COLUMBA,"PETI SURAT 79, JALAN DATO ABANG INDEHÂ ",98007,MIRIÂ ,85436530,85420519,yfb4102@moe.edu.my,Bandar,SBK,1112,74,113.984133,4.3846,Secondary,Miri,P.219 Miri,N.75 Senadin
1369,PPD MIRI,SMK,YFB4103,SEKOLAH MENENGAH KEBANGSAAN ST. JOSEPH,JLN DATUK TEMENGGONG LAWAI JAU,98007,MIRI,85433229,85433229,yfb4103@moe.edu.my,Bandar,SBK,989,72,113.973383,4.374567,Secondary,Miri,P.219 Miri,N.75 Senadin
1370,PPD MIRI,SMK,YEA4108,SEKOLAH MENENGAH KEBANGSAAN TAMAN TUNKU,"JALAN SIBU, TAMAN TUNKU",98000,MIRI,85616027,85616028,yea4108@moe.edu.my,Bandar,SK,1044,67,113.991017,4.303867,Secondary,Miri,P.218 Sibuti,N.72 Lambir
1371,PPD MIRI,SBP,YEA4104,SEKOLAH MENENGAH SAINS MIRI,JALAN BAKAM,98000,MIRI,85421371,85411050,yea4104@moe.edu.my,Bandar,SK,482,50,113.965333,4.31945,Secondary,Miri,P.219 Miri,N.73 Piasau
1372,PPD MUKAH,SMK,YEA3402,SEKOLAH MENENGAH KEBANGSAAN MUKAH,"JALAN BESTARI,",96400,MUKAH,84873806,84872134,YEA3402@moe.edu.my,Luar Bandar,SK,1177,90,112.079713,2.889491,Secondary,Mukah,P.213 Mukah,N.57 Tellian
1373,PPD MUKAH,SMK,YFB3401,SEKOLAH MENENGAH KEBANGSAAN ST. PATRICK,"D/A PEJABAT PENDIDIKAN DAERAH MUKAH, JALAN HAJI MOHAMAD FAUZI",96400,MUKAH,84871306,84873134,YFB3401@moe.edu.my,Luar Bandar,SBK,615,45,112.089465,2.901248,Secondary,Mukah,P.213 Mukah,N.58 Balingian
1374,PPD MUKAH,SMK,YEE3401,SEKOLAH MENENGAH KEBANGSAAN THREE RIVERS,"D/A PEJABAT PENDIDIKAN DAERAH MUKAH, JALAN HAJI MOHAMAD FAUZI",96400,MUKAH,84871240,84873931,YEE3401@moe.edu.my,Luar Bandar,SK,1410,105,112.079245,2.901988,Secondary,Mukah,P.213 Mukah,N.57 Tellian
1375,PPD PADAWAN,KV,YHA1302,KOLEJ VOKASIONAL MATANG,"KM14, JALAN MATANG",93050,KUCHING,82641582,82643558,YHA1302@moe.edu.my,Luar Bandar,SK,935,137,110.235556,1.584444,Secondary,Kuching,P.194 Petra Jaya,N.06 Tupong
1376,PPD PADAWAN,SMKA,YRA1302,SEKOLAH MENENGAH KEBANGSAAN AGAMA MATANG 2,KM 24 JALAN MATANG,93050,KUCHING,82845018,82845029,YRA1302@moe.edu.my,Luar Bandar,SK,578,49,110.194833,1.635183,Secondary,Kuching,P.193 Santubong,N.04 Pantai Damai
1377,PPD PADAWAN,SMKA,YRA1301,SEKOLAH MENENGAH KEBANGSAAN AGAMA SHEIKH HJ OTHMAN ABD WAHAB,"LOT 3606, BLOK 17, SALAK LAND DISTRICT, JALAN MATANG BARU",93050,KUCHING,82648053,82648095,YRA1301@moe.edu.my,Luar Bandar,SK,766,107,110.234367,1.58115,Secondary,Kuching,P.194 Petra Jaya,N.06 Tupong
1378,PPD PADAWAN,SMK,YEA1304,SEKOLAH MENENGAH KEBANGSAAN BATU KAWA,"JALAN BATU KAWA, OFF JALAN FIELD FORCE",93250,KUCHING,82688140,82687498,YEA1304@moe.edu.my,Bandar,SK,1973,141,110.291733,1.518967,Secondary,Kuching,P.196 Stampin,N.14 Batu Kawah
1379,PPD PADAWAN,SMK,YEA1206,SEKOLAH MENENGAH KEBANGSAAN JALAN ARANG,"LORONG 13, JALAN ARANG",93250,KUCHING,82452871,82462761,YEA1206@moe.edu.my,Bandar,SK,1658,93,110.327933,1.50325,Secondary,Kuching,P.196 Stampin,N.12 Kota Sentosa
1380,PPD PADAWAN,SMK,YEA1307,SEKOLAH MENENGAH KEBANGSAAN MATANG HILIR,JALAN MATANG,93050,KUCHING,82648972,82645920,YEA1307@moe.edu.my,Bandar,SK,1401,101,110.273867,1.57525,Secondary,Kuching,P.194 Petra Jaya,N.06 Tupong
1381,PPD PADAWAN,SMK,YEA1208,SEKOLAH MENENGAH KEBANGSAAN MATANG JAYA,"TAMAN MATANGÂ Â JAYA, JALAN MATANG",93050,KUCHING,82647560,82648259,YEA1208@moe.edu.my,Bandar,SK,1485,116,110.307183,1.581883,Secondary,Kuching,P.194 Petra Jaya,N.06 Tupong
1382,PPD PADAWAN,SMK,YEA1306,SEKOLAH MENENGAH KEBANGSAAN PADAWAN,"KM 14, JALAN PADAWAN",93250,KUCHING,82370302,82370807,YEA1306@moe.edu.my,Luar Bandar,SK,831,63,110.371828,1.219519,Secondary,Kuching,P.198 Puncak Borneo,N.20 Tarat
1383,PPD PADAWAN,SMK,YEE1303,SEKOLAH MENENGAH KEBANGSAAN PENRISSEN,"KM.20, JLN. KUCHING/SERIAN",93250,KUCHING,82611136,82618976,YEE1303@moe.edu.my,Luar Bandar,SK,2557,159,110.338558,1.395855,Secondary,Kuching,P.197 Kota Samarahan,N.17 Stakan
1384,PPD PADAWAN,SMK,YEA1203,SEKOLAH MENENGAH KEBANGSAAN SG MAONG,JALAN PISANG BARAT,93150,KUCHING,82252788,82428473,YEA1203@moe.edu.my,Bandar,SK,1218,106,110.316783,1.546967,Secondary,Kuching,P.195 Bandar Kuching,N.11 Batu Lintang
1385,PPD PADAWAN,SMK,YEE1302,SEKOLAH MENENGAH KEBANGSAAN SIBURAN,"KM 29, JLN KUCHING/SERIAN",94200,KUCHING,82864208,82864710,YEE1302@moe.edu.my,Luar Bandar,SK,2685,145,110.398114,1.366928,Secondary,Kuching,P.198 Puncak Borneo,N.19 Mambong
1386,PPD PADAWAN,SMK,YEA1310,SEKOLAH MENENGAH KEBANGSAAN SRI MATANG,KM 13 JALAN MATANG,93050,KUCHING,82643100,82642300,YEA1310@moe.edu.my,Bandar,SK,1024,62,110.234306,1.581533,Secondary,Kuching,P.194 Petra Jaya,N.06 Tupong
1387,PPD PADAWAN,SMK,YEB1301,SEKOLAH MENENGAH KEBANGSAAN TUN ABDUL RAZAK,KM 38 JALAN KUCHING-SERIAN,94200,KUCHING,82895226,82896132,YEB1301@moe.edu.my,Luar Bandar,SK,1366,111,110.421503,1.277741,Secondary,Kuching,P.198 Puncak Borneo,N.20 Tarat
1388,PPD PADAWAN,SBP,YEA1308,SEKOLAH MENENGAH SAINS KUCHING,"JALAN BATU KAWA, OFF JALAN MATANG",93050,KUCHING,82642544,82642710,YEA1308@moe.edu.my,Luar Bandar,SK,438,51,110.259383,1.567117,Secondary,Kuching,P.194 Petra Jaya,N.06 Tupong
1389,PPD PADAWAN,SBP,YEA1211,SEKOLAH MENENGAH SAINS KUCHING UTARA,"LOT 2666, LORONG 6A9, MATANG JAYA",93050,KUCHING,82646540,82646543,YEA1211@moe.edu.my,Bandar,SK,603,58,110.303131,1.583283,Secondary,Kuching,P.194 Petra Jaya,N.06 Tupong
1390,PPD SAMARAHAN,SMK,YEA8101,SEKOLAH MENENGAH KEBANGSAAN ASAJAYA,JALAN KAMPUNG ASAJAYA LAUT,94600,ASAJAYA,82824010,82827008,YEA8101@moe.edu.my,Luar Bandar,SK,1096,103,110.610019,1.567357,Secondary,Asajaya,P.197 Kota Samarahan,N.15 Asajaya
1391,PPD SAMARAHAN,SMK,YEA8103,SEKOLAH MENENGAH KEBANGSAAN ASAJAYA NO.2,JALAN ASAJAYA-KOTA SAMARAHAN,94600,ASAJAYA,82436149,82436189,YEA8103@moe.edu.my,Luar Bandar,SK,1159,81,110.523228,1.544846,Secondary,Asajaya,P.197 Kota Samarahan,N.15 Asajaya
1392,PPD SAMARAHAN,SMK,YEA8102,SEKOLAH MENENGAH KEBANGSAAN KOTA SAMARAHAN,JALAN DATO MOHD MUSA,94300,KOTA SAMARAHAN,82672353,82673657,YEA8102@moe.edu.my,Luar Bandar,SK,2050,146,110.469045,1.448478,Secondary,Samarahan,P.197 Kota Samarahan,N.16 Muara Tuang
1393,PPD SAMARAHAN,SMK,YEE8101,SEKOLAH MENENGAH KEBANGSAAN MUARA TUANG,"KM 9, JALAN DATO MOHD MUSA",94300,KOTA SAMARAHAN,82617362,82615422,YEE8101@moe.edu.my,Luar Bandar,SK,2763,173,110.399549,1.448285,Secondary,Samarahan,P.197 Kota Samarahan,N.17 Stakan
1394,PPD SAMARAHAN,SM SABK,YFA8101,SEKOLAH MENENGAH KEBANGSAAN PESANTREN ABDUL TAIB MAHMUD,"JALAN SMK PESANTREN ABDUL TAIB MAHMUD, SADONG JAYA",94600,ASAJAYA,82824008,TIADA,YFA8101@moe.edu.my,Luar Bandar,SBK,464,48,110.709229,1.508021,Secondary,Asajaya,P.200 Batang Sadong,N.24 Sadong Jaya
1395,PPD SAMARAHAN,SMK,YEA8303,SEKOLAH MENENGAH KEBANGSAAN SADONG HILIR (SEMERA),JALAN KAMPUNG SEMERA,94600,ASAJAYA,82826219,82826003,YEA8303@moe.edu.my,Luar Bandar,SK,461,40,110.676909,1.549459,Secondary,Asajaya,P.200 Batang Sadong,N.24 Sadong Jaya
1396,PPD SAMARAHAN,SMK,YEA8401,SEKOLAH MENENGAH KEBANGSAAN SADONG JAYA,"LOT 315, BLOK 19, SADONG LAND DISTRICT",94600,SADONG,82821053,82821044,YEA8401@moe.edu.my,Luar Bandar,SK,839,59,110.713788,1.51718,Secondary,Asajaya,P.200 Batang Sadong,N.24 Sadong Jaya
1397,PPD SAMARAHAN,SMK,YEB8101,SEKOLAH MENENGAH KEBANGSAAN SG TAPANG,KM 13Â Â JALAN PENRISSEN,93250,KUCHING,82612851,82612844,YEB8101@moe.edu.my,Luar Bandar,SK,1060,87,110.330367,1.46115,Secondary,Kuching,P.196 Stampin,N.12 Kota Sentosa
1398,PPD SAMARAHAN,SMK,YEA1302,SEKOLAH MENENGAH KEBANGSAAN WIRA PENRISSEN,"KM 14, JALAN KUCHING-SERIAN",94300,KOTA SAMARAHAN,82612740,82619485,YEA1302@moe.edu.my,Luar Bandar,SK,2262,163,110.325981,1.444593,Secondary,Samarahan,P.196 Stampin,N.13 Batu Kitang
1399,PPD SARATOK,KT6,YEAA201,KOLEJ TINGKATAN ENAM SARATOK,"LOT 2443 BLOK 7, AWIK-KRIAN LAND DISTRICT, SUNGAI DANAN",95400,SARATOK,83436317,83436314,yeaa201@moe.edu.my,Luar Bandar,SK,203,49,111.335843,1.768475,Form 6,Saratok,P.205 Saratok,N.39 Krian
1400,PPD SARATOK,SMK,YEA2201,SEKOLAH MENENGAH KEBANGSAAN (BM) SARATOK,PETI SURAT 51 SARATOK,95407,SARATOK,83436216,83438467,yea2201@moe.edu.my,Luar Bandar,SK,1006,89,111.337767,1.7455,Secondary,Saratok,P.205 Saratok,N.39 Krian
1401,PPD SARATOK,SMKA,YRA2201,SEKOLAH MENENGAH KEBANGSAAN AGAMA SARATOK,"PETI SURAT 183, JALAN ROBAN LAMA",95407,SARATOK,83436610,83436609,yra2201@moe.edu.my,Luar Bandar,SK,474,58,111.337767,1.763628,Secondary,Saratok,P.205 Saratok,N.39 Krian
1402,PPD SARATOK,SMK,YEA2202,SEKOLAH MENENGAH KEBANGSAAN KABONG,"JALAN BADRON, KABONG",94650,KABONG,83411664,83411863,yea2202@moe.edu.my,Luar Bandar,SK,982,85,111.1067,1.821278,Secondary,Kabong,P.205 Saratok,N.40 Kabong
1403,PPD SARATOK,SMK,YEE2202,SEKOLAH MENENGAH KEBANGSAAN KALAKA,BANDAR KECIL ROBANÂ ,95300,ROBAN,83427228,83427209,yee2202@moe.edu.my,Luar Bandar,SK,691,55,111.304624,1.883709,Secondary,Kabong,P.205 Saratok,N.40 Kabong
1404,PPD SARATOK,SMK,YEE2201,SEKOLAH MENENGAH KEBANGSAAN SARATOK,PETI SURAT 92,95407,SARATOK,83435006,83435009,yee2201@moe.edu.my,Luar Bandar,SK,884,63,111.333843,1.797426,Secondary,Saratok,P.205 Saratok,N.39 Krian
1405,PPD SARIKEI,SMK,YEB6101,SEKOLAH MENENGAH KEBANGSAAN BANDAR SARIKEI,PETI SURAT 228,96107,SARIKEI,84651210,84656445,YEB6101@moe.edu.my,Luar Bandar,SK,754,84,111.525783,2.100683,Secondary,Sarikei,P.208 Sarikei,N.45 Repok
1406,PPD SARIKEI,SMK,YEA6102,SEKOLAH MENENGAH KEBANGSAAN SARIKEI BARU,JALAN RENTAP SARIKEI,96100,SARIKEI,84644296,84644295,YEA6102@moe.edu.my,Bandar,SK,699,57,111.504911,2.12965,Secondary,Sarikei,P.206 Tanjong Manis,N.41 Kuala Rajang
1407,PPD SARIKEI,SMK,YEE6101,SEKOLAH MENENGAH KEBANGSAAN SG PAOH,PETI SURAT 160,96107,SARIKEI,84671020,84671861,YEE6101@moe.edu.my,Luar Bandar,SK,876,70,111.46735,2.021567,Secondary,Sarikei,P.208 Sarikei,N.45 Repok
1408,PPD SARIKEI,SMK,YFB6102,SEKOLAH MENENGAH KEBANGSAAN ST ANTHONY,KM 1 JALAN REPOK,96100,SARIKEI,84651363,84659006,YFB6102@moe.edu.my,Luar Bandar,SBK,1407,101,111.520317,2.127317,Secondary,Sarikei,P.208 Sarikei,N.45 Repok
1409,PPD SARIKEI,SMK,YFB6101,SEKOLAH MENENGAH KEBANGSAAN TINGGI SARIKEI,PETI SURAT 78,96107,SARIKEI,84651467,84655516,YFB6101@moe.edu.my,Luar Bandar,SBK,896,75,111.52595,2.089083,Secondary,Sarikei,P.208 Sarikei,N.45 Repok
1410,PPD SELANGAU,SMK,YEA3401,SEKOLAH MENENGAH KEBANGSAAN ULU BALINGIAN,"KM109, JLN SIBU-BINTULU, PETI SURAT 1116",96000,SIBU,,,YEA3401@moe.edu.my,Luar Bandar,SK,625,52,112.549083,2.572,Secondary,Selangau,P.214 Selangau,N.59 Tamin
1411,PPD SERIAN,SMK,YEB8204,SEKOLAH MENENGAH KEBANGSAAN BALAI RINGIN,"KM 93, JALAN KUCHING / SRI AMAN",94700,SERIAN,82877510,82895049,YEB8204@moe.edu.my,Luar Bandar,SK,1413,93,110.75032,1.049801,Secondary,Serian,P.202 Sri Aman,N.30 Balai Ringin
1412,PPD SERIAN,SMK,YEB8205,SEKOLAH MENENGAH KEBANGSAAN SERIAN,JALAN ILMU,94700,SERIAN,82874001,82874884,YEB8205@moe.edu.my,Luar Bandar,SK,2028,163,110.569518,1.172001,Secondary,Serian,P.199 Serian,N.23 Bukit Semuja
1413,PPD SERIAN,SMK,YEA8201,SEKOLAH MENENGAH KEBANGSAAN TAEE,"KM 9,Â Â JALAN RIIH-BAKI",94700,SERIAN,TIADA,TIADA,YEA8201@moe.edu.my,Luar Bandar,SK,849,74,110.465905,1.18913,Secondary,Serian,P.198 Puncak Borneo,N.19 Mambong
1414,PPD SERIAN,SMK,YEB8203,SEKOLAH MENENGAH KEBANGSAAN TARAT,KM 53 JALAN KUCHING/SERIAN,94700,SERIAN,82874128,82874129,YEB8203@moe.edu.my,Luar Bandar,SK,999,71,110.534983,1.206867,Secondary,Serian,P.198 Puncak Borneo,N.20 Tarat
1415,PPD SERIAN,SMK,YEB8202,SEKOLAH MENENGAH KEBANGSAAN TEBAKANG,"JALAN MONGKOS,TEBAKANG",94750,SERIAN,82896628,82896362,YEB8202@moe.edu.my,Luar Bandar,SK,1377,91,110.505611,1.09915,Secondary,Serian,P.199 Serian,N.21 Tebedu
1416,PPD SERIAN,SMK,YEA8202,SEKOLAH MENENGAH KEBANGSAAN TEBEDU,"LOT 343, BLOK 8, KAYAN DISTRICT TEBEDU",94700,SERIAN,82797018,82797014,YEA8202@moe.edu.my,Luar Bandar,SK,1016,69,110.375198,1.012964,Secondary,Tebedu,P.199 Serian,N.21 Tebedu
1417,PPD SIBU,KV,YHA3101,KOLEJ VOKASIONAL SIBUÂ ,JALAN DESHON,96000,SIBU,84322260,84341528,YHA3101@moe.edu.my,Bandar,SK,559,86,111.856131,2.313432,Secondary,Sibu,P.212 Sibu,N.55 Nangka
1418,PPD SIBU,SMKA,YRA3101,SEKOLAH MENENGAH KEBANGSAAN AGAMA SIBU (S),JALAN AIRPORT LAMA,96000,SIBU,84312512,84313048,YRA3101@moe.edu.my,Bandar,SK,594,55,111.840383,2.3372,Secondary,Sibu,P.212 Sibu,N.54 Pelawan
1419,PPD SIBU,SMK,YEA3106,SEKOLAH MENENGAH KEBANGSAAN BANDAR SIBU,JALAN LING KAI CHENG,96000,SIBU,84336601,84336624,YEA3106@moe.edu.my,Bandar,SK,847,88,111.852633,2.323567,Secondary,Sibu,P.212 Sibu,N.55 Nangka
1420,PPD SIBU,SMK,YEA3201,SEKOLAH MENENGAH KEBANGSAAN BAWANG ASSAN,CDT NO.81 JALAN BAWANG ASSAN,96000,SIBU,84350509,84228002,YEA3201@moe.edu.my,Luar Bandar,SK,310,34,111.685295,2.300245,Secondary,Sibu,P.212 Sibu,N.53 Bawang Assan
1421,PPD SIBU,SMK,YEA3107,SEKOLAH MENENGAH KEBANGSAAN BUKIT ASSEK,"LOT 107-109 & 122-124, JLN TUN AHMAD ZAIDI ADRUCE",96000,SIBU,6084350482,6084228391,YEA3107@moe.edu.my,Bandar,SK,851,64,111.8742,2.274767,Secondary,Sibu,P.211 Lanang,N.51 Bukit Assek
1422,PPD SIBU,SMK,YEA3101,SEKOLAH MENENGAH KEBANGSAAN BUKIT LIMA,"JALAN KENARI SELATAN, JALAN SALIM",96000,SIBU,84213748,84212749,YEA3101@moe.edu.my,Bandar,SK,454,43,111.854683,2.269917,Secondary,Sibu,P.211 Lanang,N.51 Bukit Assek
1423,PPD SIBU,SMK,YFB3201,SEKOLAH MENENGAH KEBANGSAAN CHUNG CHENG,PETI SURAT 1360,96008,SIBU,84351070,84351071,YFB3201@moe.edu.my,Luar Bandar,SBK,167,24,111.772829,2.244472,Secondary,Sibu,P.212 Sibu,N.53 Bawang Assan
1424,PPD SIBU,SMK,YFB3106,SEKOLAH MENENGAH KEBANGSAAN CHUNG HUA,JLN LANANG,96000,SIBU,84211035,84218600,YFB3106@moe.edu.my,Bandar,SBK,1154,103,111.844933,2.271183,Secondary,Sibu,P.211 Lanang,N.52 Dudong
1425,PPD SIBU,SMK,YEA3102,SEKOLAH MENENGAH KEBANGSAAN DESHON,"JALAN SENA ,JALAN PEDADA",96000,SIBU,84314568,84327678,YEA3102@moe.edu.my,Bandar,SK,843,64,111.849783,2.307933,Secondary,Sibu,P.212 Sibu,N.55 Nangka
1426,PPD SIBU,SMK,YEE3201,SEKOLAH MENENGAH KEBANGSAAN DURIN,"PETI SURAT 190, JALAN DURIN",96007,SIBU,84736386,84736396,YEE3201@moe.edu.my,Luar Bandar,SK,555,59,111.976835,2.121555,Secondary,Sibu,P.211 Lanang,N.52 Dudong
1427,PPD SIBU,SMK,YEE3202,SEKOLAH MENENGAH KEBANGSAAN JALAN OYA,JALAN KEMUYANG,96000,SIBU,84217610,84210281,YEE3202@moe.edu.my,Luar Bandar,SK,749,65,111.954383,2.3358,Secondary,Sibu,P.214 Selangau,N.59 Tamin
1428,PPD SIBU,SMK,YEE3102,SEKOLAH MENENGAH KEBANGSAAN KAMPUNG NANGKA,JALAN TUN ABANG HAJI OPENG,96000,SIBU,84334988,84318086,YEE3102@moe.edu.my,Bandar,SK,861,91,111.83515,2.318083,Secondary,Sibu,P.212 Sibu,N.54 Pelawan
1429,PPD SIBU,SMK,YFB3203,SEKOLAH MENENGAH KEBANGSAAN KWONG HUA MIDDLE,PETI SURAT 1063,96008,SIBU,84351607,84228075,YFB3203@moe.edu.my,Luar Bandar,SBK,328,32,111.803154,2.244416,Secondary,Sibu,P.212 Sibu,N.53 Bawang Assan
1430,PPD SIBU,SMK,YEA3104,SEKOLAH MENENGAH KEBANGSAAN LANANG,"P.O BOX 1369, JALAN LADA",96000,SIBU,84215540,84215541,YEA3104@moe.edu.my,Bandar,SK,1323,107,111.8557,2.25115,Secondary,Sibu,P.211 Lanang,N.52 Dudong
1431,PPD SIBU,SMK,YEB3201,SEKOLAH MENENGAH KEBANGSAAN LUAR BANDAR NO 1,"P.O.BOX 355, JALAN OYA",96007,SIBU,84894363,84894363,YEB3201@moe.edu.my,Luar Bandar,SK,1086,94,112.063751,2.30428,Secondary,Sibu,P.214 Selangau,N.59 Tamin
1432,PPD SIBU,SMK,YFB3101,SEKOLAH MENENGAH KEBANGSAAN METHODIST,JALAN TUN ABANG HAJI OPENG,96000,SIBU,84330414,84333421,YFB3101@moe.edu.my,Bandar,SBK,1890,157,111.826483,2.295067,Secondary,Sibu,P.211 Lanang,N.51 Bukit Assek
1433,PPD SIBU,SMK,YEE3101,SEKOLAH MENENGAH KEBANGSAAN ROSLI DHOBY,JALAN DESHON,96000,SIBU,84323419,84319578,YEE3101@moe.edu.my,Bandar,SK,865,91,111.856633,2.31325,Secondary,Sibu,P.212 Sibu,N.55 Nangka
1434,PPD SIBU,SMK,YFB3102,SEKOLAH MENENGAH KEBANGSAAN SACRED HEART,"KM 3, JALAN OYA, PETI SURAT 99",96000,SIBU,84322619,84340645,YFB3102@moe.edu.my,Bandar,SBK,1166,119,111.8417,2.296433,Secondary,Sibu,P.211 Lanang,N.51 Bukit Assek
1435,PPD SIBU,SMK,YEA3103,SEKOLAH MENENGAH KEBANGSAAN SIBU JAYA,"KM32, JALAN DURIN, TAMAN SIBU JAYA",96000,SIBU,84350477,84236326,YEA3103@moe.edu.my,Luar Bandar,SK,2112,134,111.96,2.244028,Secondary,Sibu,P.211 Lanang,N.52 Dudong
1436,PPD SIBU,SMK,YFB3103,SEKOLAH MENENGAH KEBANGSAAN ST ELIZABETH,KM3 JALAN ULU OYA,96000,SIBU,84322322,84316730,YFB3103@moe.edu.my,Bandar,SBK,1070,93,111.845283,2.297617,Secondary,Sibu,P.211 Lanang,N.51 Bukit Assek
1437,PPD SIBU,SMK,YEA3105,SEKOLAH MENENGAH KEBANGSAAN SUNGAI MERAH,JALAN ULU SUNGAI MERAH,96000,SIBU,84311302,84311301,YEA3105@moe.edu.my,Bandar,SK,1084,92,111.831194,2.288278,Secondary,Sibu,P.211 Lanang,N.51 Bukit Assek
1438,PPD SIBU,SMK,YFB3104,SEKOLAH MENENGAH KEBANGSAAN TIONG HIN,"JALAN IGAN, SG. MERAH",96000,SIBU,84333767,84335452,YFB3104@moe.edu.my,Bandar,SBK,696,52,111.838667,2.3289,Secondary,Sibu,P.212 Sibu,N.54 Pelawan
1439,PPD SIBU,SMK,YFB3105,SEKOLAH MENENGAH KEBANGSAAN TUNG HUA,"JALAN TUN ABANG HAJI OPENG, PETI SURAT 64",96007,SIBU,84330299,84323041,YFB3105@moe.edu.my,Bandar,SBK,1278,108,111.830267,2.30965,Secondary,Sibu,P.212 Sibu,N.54 Pelawan
1440,PPD SIMUNJAN,SMK,YEA8302,SEKOLAH MENENGAH KEBANGSAAN GEDONG,"JALAN GEDONG, SIMUNJAN, VIA SERIAN",94700,SERIAN,82781200,82781471,YEA8302@moe.edu.my,Luar Bandar,SK,757,60,110.688667,1.214783,Secondary,Simunjan,P.199 Serian,N.23 Bukit Semuja
1441,PPD SIMUNJAN,SMK,YEA8304,SEKOLAH MENENGAH KEBANGSAAN SEBUYAU,JALAN SAWMILL,94850,SEBUYAU,83467146,83467671,YEA8304@moe.edu.my,Luar Bandar,SK,852,79,110.928517,1.513633,Secondary,Simunjan,P.201 Batang Lupar,N.27 Sebuyau
1442,PPD SIMUNJAN,SMK,YEE8304,SEKOLAH MENENGAH KEBANGSAAN SIMUNJAN NO 1,KAMPUNG MELANJOK,94800,SIMUNJAN,TIADA,TIADA,YEE8304@moe.edu.my,Luar Bandar,SK,690,70,110.798184,1.358476,Secondary,Simunjan,P.200 Batang Sadong,N.25 Simunjan
1443,PPD SIMUNJAN,SMK,YEA8301,SEKOLAH MENENGAH KEBANGSAAN SRI SADONG,JALAN GUNUNG NGELI,94800,SIMUNJAN,82803764,82803361,YEA8301@moe.edu.my,Luar Bandar,SK,575,39,110.783751,1.376463,Secondary,Simunjan,P.200 Batang Sadong,N.25 Simunjan
1444,PPD SONG,SMK,YEA7301,SEKOLAH MENENGAH KEBANGSAAN KATIBAS,D/A PEJABAT PENDIDIKAN DAERAH SONG,96850,SONG,TIADA,TIADA,YEA7301@moe.edu.my,Luar Bandar,SK,254,36,112.558064,1.90627,Secondary,Song,P.215 Kapit,N.62 Katibas
1445,PPD SONG,SMK,YEE7301,SEKOLAH MENENGAH KEBANGSAAN SONG,PETI SURAT NO 3,96850,SONG,84777255,84777897,YEE7301@moe.edu.my,Luar Bandar,SK,698,71,112.55615,2.005917,Secondary,Song,P.215 Kapit,N.62 Katibas
1446,PPD SRI AMAN,SMK,YEA2102,SEKOLAH MENENGAH KEBANGSAAN LINGGA,"LOT 907, BLOK 16 SRI AMAN",95000,SRI AMAN,83323230,TIADA,--,Luar Bandar,SK,305,22,111.414881,1.261529,Secondary,Sri Aman,P.201 Batang Lupar,N.28 Lingga
1447,PPD SRI AMAN,SMK,YEE2102,SEKOLAH MENENGAH KEBANGSAAN MELUGU,PETI SURAT 228,95008,SRI AMAN,83337223,83310544,YEE2102@moe.edu.my,Luar Bandar,SK,785,72,111.424367,1.118883,Secondary,Sri Aman,P.202 Sri Aman,N.31 Bukit Begunan
1448,PPD SRI AMAN,SMK,YEE2101,SEKOLAH MENENGAH KEBANGSAAN SIMANGGANG,PETI SURAT 304,95008,SRI AMAN,83322232,83321158,YEE2101@moe.edu.my,Luar Bandar,SK,1053,105,111.453267,1.240933,Secondary,Sri Aman,P.202 Sri Aman,N.32 Simanggang
1449,PPD SRI AMAN,SMK,YEA2101,SEKOLAH MENENGAH KEBANGSAAN SRI AMAN,PETI SURAT 62,95007,SRI AMAN,83326985,83327644,YEA2101@moe.edu.my,Luar Bandar,SK,1186,105,111.4747,1.20795,Secondary,Sri Aman,P.202 Sri Aman,N.32 Simanggang
1450,PPD SRI AMAN,SMK,YFB2101,SEKOLAH MENENGAH KEBANGSAAN ST LUKE,JALAN MUNGGU SABUN,95000,SRI AMAN,83322089,83320620,smkstluke@yahoo.com.my,Luar Bandar,SBK,877,63,111.468883,1.227117,Secondary,Sri Aman,P.202 Sri Aman,N.32 Simanggang
1451,PPD SUBIS,SMK,YEE4301,SEKOLAH MENENGAH KEBANGSAAN BAKONG,PETI SURAT 1409Â Â MIRI,98008,MIRI,1118143227,1118143203,YEE4301@moe.edu.my,Luar Bandar,SK,501,40,114.094152,3.976336,Secondary,Beluru,P.220 Baram,N.76 Marudi
1452,PPD SUBIS,SMK,YEA4402,SEKOLAH MENENGAH KEBANGSAAN BEKENU,JALAN PANTAI BUNGAI,98150,BEKENU,85710843,85710844,YEA4402@moe.edu.my,Luar Bandar,SK,561,43,113.82146,4.064564,Secondary,Subis,P.218 Sibuti,N.71 Bekenu
1453,PPD SUBIS,SMK,YEE4401,SEKOLAH MENENGAH KEBANGSAAN LUAR BANDAR MIRI,KM 55Â Â JLN MIRI-BINTULUÂ Â C D T 242,98009,MIRI,85710260,85710760,YEE4401@moe.edu.my,Luar Bandar,SK,1022,75,113.959465,4.085978,Secondary,Subis,P.218 Sibuti,N.72 Lambir
1454,PPD SUBIS,SMK,YEA4401,SEKOLAH MENENGAH KEBANGSAAN SUAI,PETI SURAT 235 PEJABAT POS BATU NIAH,98200,NIAH,85738373,85736807,YEA4401@moe.edu.my,Luar Bandar,SK,1100,78,113.714063,3.861532,Secondary,Subis,P.218 Sibuti,N.71 Bekenu
1455,PPD SUBIS,SMK,YEB4401,SEKOLAH MENENGAH KEBANGSAAN SUBIS,PETI SURAT 107 PEJABAT POS BATU NIAH,98200,BATU NIAH,85737717,85736817,YEB4401@moe.edu.my,Luar Bandar,SK,1142,64,113.750274,3.802911,Secondary,Subis,P.218 Sibuti,N.71 Bekenu
1456,PPD TATAU/SEBAUH,SMK,YEB9102,SEKOLAH MENENGAH KEBANGSAAN SEBAUH,"KM1, JALAN SEBAUH - BINTULU",97100,SEBAUH,86422126,86422520,YEB9102@moe.edu.my,Luar Bandar,SK,835,75,113.273292,3.124972,Secondary,Sebauh,P.217 Bintulu,N.69 Kemena
1457,PPD TATAU/SEBAUH,SMK,YEA9201,SEKOLAH MENENGAH KEBANGSAAN TATAU,"D/A PEJABAT PENDIDIKAN DAERAH TATAU, JALAN KAMPUNG DAGANG",97200,"TATAU, BINTULU",86584616,86584251,YEA9201@moe.edu.my,Luar Bandar,SK,1742,117,112.856933,2.88565,Secondary,Tatau,P.214 Selangau,N.60 Kakus
1458,Private,Private (Chinese) High School,,"Batu Kawa Min Lit Secondary School, Kuching",,,,,,,Bandar,Swasta,,,110.266,1.5133,Secondary,Kuching,P.196 Stampin,N.14 Batu Kawah
1459,Private,Private (Chinese) High School,,Catholic High School ,,,,,,,Bandar,Swasta,,,111.833,2.286,Secondary,Sibu,P.211 Lanang,N.52 Dudong
1460,Private,Private (Chinese) High School,,Chung Hua Middle School No.1 ,,,,,,,Bandar,Swasta,,,110.375,1.55,Secondary,Kuching,P.195 Bandar Kuching,N.10 Pending
1461,Private,Private (Chinese) High School,,Chung Hua Middle School No.3 ,,,,,,,Bandar,Swasta,,,110.369922,1.540658,Secondary,Kuching,P.193 Santubong,N.05 Demak Laut
1462,Private,Private (Chinese) High School,,Chung Hua Middle School No.4,,,,,,,Bandar,Swasta,,,110.33764,1.554585,Secondary,Kuching,P.194 Petra Jaya,N.08 Satok
1463,Private,Private (Chinese) High School,,Citizen Middle School ,,,,,,,Bandar,Swasta,,,111.98574,2.151919,Secondary,Sibu,P.211 Lanang,N.52 Dudong
1464,Private,Private (Chinese) High School,,Guong Ming Middle School ,,,,,,,Bandar,Swasta,,,110.337683,1.554567,Secondary,Kuching,P.194 Petra Jaya,N.08 Satok
1465,Private,Private (Chinese) High School,,"Kai Dee Middle School, Bintulu",,,,,,,Bandar,Swasta,,,113.095761,3.169713,Secondary,Bintulu,P.217 Bintulu,N.70 Samalaju
1466,Private,Private (Chinese) High School,,Kiang Hin Middle School ,,,,,,,Bandar,Swasta,,,111.872661,2.355592,Secondary,Sibu,P.212 Sibu,N.55 Nangka
1467,Private,Private (Chinese) High School,,Ming Lik Secondary School ,,,,,,,Bandar,Swasta,,,111.51902,2.064874,Secondary,Sarikei,P.208 Sarikei,N.45 Repok
1468,Private,Private (Chinese) High School,,Pei Min Middle School ,,,,,,,Bandar,Swasta,,,114.004619,4.415298,Secondary,Miri,P.219 Miri,N.74 Pujut
1469,Private,Private (Chinese) High School,,"Riam Road Secondary School, Miri ",,,,,,,Bandar,Swasta,,,113.994653,4.35187,Secondary,Miri,P.219 Miri,N.75 Senadin
1470,Private,Private (Chinese) High School,,"Serian Public Secondary School, Samarahan ",,,,,,,Luar Bandar,Swasta,,,110.568691,1.173909,Secondary,Serian,P.199 Serian,N.23 Bukit Semuja
1471,Private,Private (Chinese) High School,,Wong Nai Siong Secondary School ,,,,,,,Bandar,Swasta,,,111.846946,2.276527,Secondary,Sibu,P.211 Lanang,N.52 Dudong
1472,Private,International School,,"Borneo International School, Kuching",,,,,,,Bandar,Swasta,,,110.356863,1.50049,Secondary,Kuching,P.196 Stampin,N.12 Kota Sentosa
1473,Private,International School,,"Lodge International Primary School, Kuching",,,,,,,Bandar,Swasta,,,110.387717,1.528198,Secondary,Kuching,P.193 Santubong,N.05 Demak Laut
1474,Private,International School,,"Tunku Putra School, Kuching",,,,,,,Bandar,Swasta,,,110.397279,1.509351,Primary,Kuching,P.193 Santubong,N.05 Demak Laut
1475,Private,International School,,Knewton Global Schools (Secondary),,,,,,,Bandar,Swasta,,,114.023011,4.502798,Secondary,Miri,P.219 Miri,N.75 Senadin
1476,Private,International School,,Knewton Global Schools (Primary),,,,,,,Bandar,Swasta,,,114.023011,4.502798,Primary,Miri,P.219 Miri,N.75 Senadin
1477,Private,International School,,"Woodlands International School, Sibu (Secondary)",,,,,,,Bandar,Swasta,,,111.841991,2.34285,Secondary,Sibu,P.212 Sibu,N.54 Pelawan
1478,Private,International School,,"Woodlands International School, Sibu (Primary)",,,,,,,Bandar,Swasta,,,111.841991,2.34285,Primary,Sibu,P.212 Sibu,N.54 Pelawan
1479,Private,Private Primary School,,"Sekolah Rendah Lodge (Lodge National Primary School), Kuching",,,,,,,Bandar,Swasta,,,110.388311,1.527734,Primary,Kuching,P.193 Santubong,N.05 Demak Laut
1480,Private,Private Primary School,,"Sekolah Rendah Sri Mawar, Miri",,,,,,,Bandar,Swasta,,,114.010988,4.42573,Primary,Miri,P.219 Miri,N.74 Pujut
1481,Private,Private Primary School,,"Sekolah Rendah Sri Mulia, Miri",,,,,,,Bandar,Swasta,,,114.003408,4.420808,Primary,Miri,P.219 Miri,N.74 Pujut
1482,Private,Private Primary School,,"St Joseph's Private Primary School, Kuching",,,,,,,Bandar,Swasta,,,110.34016,1.552192,Primary,Kuching,P.194 Petra Jaya,N.08 Satok
1483,Private,Private Primary School,,"Sunny Hill Primary School, Kuching",,,,,,,Bandar,Swasta,,,110.334497,1.521705,Primary,Kuching,P.195 Bandar Kuching,N.11 Batu Lintang
1484,Private,Private Primary School,,"Sekolah Rendah Ma'had Tahfiz Tun Abdul-Rahman Ya'kub (MATTARY), Kuching",,,,,,,Bandar,Swasta,,,110.341073,1.584545,Primary,Kuching,P.194 Petra Jaya,N.07 Samariang
1485,Private,Private Primary School,,"Sekolah Rendah Ayer Manis, Serian",,,,,,,Luar Bandar,Swasta,,,110.564912,1.189474,Primary,Serian,P.198 Puncak Borneo,N.20 Tarat
1486,Private,Private Secondary School,,"Sekolah Menengah Lodge (Lodge National Secondary School), Kuching",,,,,,,Bandar,Swasta,,,110.387717,1.528198,Secondary,Kuching,P.193 Santubong,N.05 Demak Laut
1487,Private,Private Secondary School,,"Sekolah Menengah Tunku Putra (Tunku Putra Secondary School), Kuching",,,,,,,Bandar,Swasta,,,110.397279,1.509351,Secondary,Kuching,P.193 Santubong,N.05 Demak Laut
1488,Private,Private Secondary School,,"Sekolah Menengah Swasta Sunny Hill, Kuching",,,,,,,Bandar,Swasta,,,110.334497,1.521705,Secondary,Kuching,P.195 Bandar Kuching,N.11 Batu Lintang
1489,Private,Private Secondary School,,"St. Joseph's Private Secondary School, Kuching",,,,,,,Bandar,Swasta,,,110.339349,1.551634,Secondary,Kuching,P.194 Petra Jaya,N.08 Satok
1490,MRSM,MRSM,,MRSM Betong,,,,,,,Luar Bandar,MRSM,675,39,111.578545,1.37138,Secondary,Betong,P.203 Lubok Antu,N.33 Engkilili
1491,MRSM,MRSM,,MRSM Mukah,,,,,,,Luar Bandar,MRSM,450,39,112.075814,2.884228,Secondary,Mukah,P.213 Mukah,N.57 Tellian
1492,MRSM,MRSM,,MRSM Kuching,,,,,,,Bandar,MRSM,455,39,110.3448,1.619827,Secondary,Kuching,P.194 Petra Jaya,N.07 Samariang
1493,PPD SAMARAHAN,SMK,YEA 8102,SMK KOTA SAMARAHAN,"Malaysia Jalan Dato Mohd Musa, 94300, Kota Samarahan",94300,KOTA SAMARAHAN,,,yea8102@moe.edu.my,Luar Bandar,SK,2100,157,110.469,1.448,Secondary,Samarahan,P.197 Kota Samarahan,N.16 Muara Tuang
1494,,SMK,,SMK Sindumin,,,,,,,Luar Bandar,SK,,,115.501649,4.961005,Secondary,,,
1495,,SJKC,,SJKC Sin Bun Sindumin,,,,,,,Luar Bandar,SK,,,115.508966,4.964286,Primary,,,
1496,,SJKC,,SJKC CHUNG HUA,,,,,,,Bandar,SK,,,110.266079,1.482351,Primary,Kuching,P.196 Stampin,N.14 Batu Kawah
1497,,SK,,SK Terasi,,,,,,,Luar Bandar,SK,,,110.715516,1.471588,Primary,Asajaya,P.200 Batang Sadong,N.25 Simunjan
1498,,SK,,SK Haji Bujang Rangawan Putin,,,,,,,Luar Bandar,SK,,,110.72854,1.481455,Primary,Asajaya,P.200 Batang Sadong,N.25 Simunjan
1499,,SK,,SK Barnabas Debak,,,,,,,Luar Bandar,SK,,,111.39341,1.619393,Primary,Betong,P.201 Batang Lupar,N.29 Beting Maro
1500,MRSM,MRSM,,MRSM Bintulu,,,,,,,Bandar,MRSM,,,113.061579,3.139177,Secondary,Bintulu,P.217 Bintulu,N.67 Jepak
1501,,SK,,SK Sri Simalajau,,,,,,,Luar Bandar,SK,,,113.411586,3.362952,Primary,Bintulu,P.217 Bintulu,N.69 Kemena
